predictions,targets
6.90058,5.32
6.531258,5.41
6.671228,4.83
6.6613674,5.54
7.1323047,8.05
6.7332807,7.82
6.54911,8.0
7.1031,8.15
6.7241035,5.03
6.829294,6.1
6.5248218,7.05
6.65077,6.96
6.9152417,6.57
6.846023,6.64
7.267737,7.7
6.6135974,5.82
6.4455934,6.1
6.3137956,5.38
7.057237,6.85
6.3674746,5.0
7.517844,8.15
6.891441,7.36
6.8209395,6.7
7.175217,7.92
7.308026,9.82
7.3054986,9.8
7.307928,9.8
7.285538,10.59
7.3060036,9.09
7.3626904,9.13
7.308781,7.57
7.2763944,10.39
7.311465,7.8
7.293293,7.48
7.2912636,8.2
7.352553,8.72
7.2797256,7.72
7.289842,9.96
7.29946,9.4
7.2774234,8.27
7.254147,9.29
7.252022,9.74
7.303619,9.3
7.315016,9.47
6.4834123,7.8
6.6144276,8.66
6.1396346,3.9
5.712486,8.72
5.7151313,4.55
6.056359,4.08
5.800903,4.84
4.5121427,5.05
6.4086037,5.14
6.8678913,4.54
6.239158,4.59
6.5610633,4.8
6.433888,5.24
6.4895635,4.46
6.4680023,3.74
6.3365107,4.62
6.4507647,4.72
6.1724477,5.15
6.5184283,5.28
6.073953,4.46
6.2594295,3.6
6.2432847,4.96
6.3218904,4.43
6.5141883,5.07
6.5630984,4.66
6.0939665,3.64
6.1176295,3.97
6.0596805,4.44
6.3204117,4.23
6.146612,3.98
6.189964,4.26
6.181049,4.62
6.259208,4.6
6.669879,4.65
6.4102473,4.57
6.553905,4.5
6.4220657,4.81
6.4888277,4.68
6.2655187,4.03
6.5390286,3.89
6.0156603,4.39
6.2987947,4.13
6.568051,4.18
6.320086,4.21
6.4220824,4.22
6.825333,4.77
6.4383836,4.5
5.8261576,5.06
5.852679,5.02
6.2856994,4.68
6.254681,4.84
5.9585342,5.03
6.3806725,5.09
5.5723267,5.12
6.061813,4.58
5.975602,4.66
6.0024295,4.98
5.9277987,4.64
6.086712,5.08
6.0160537,4.69
6.0611053,5.07
5.984472,4.63
5.72512,5.06
5.8949428,4.82
5.6169505,4.97
5.9985127,4.42
6.7821,3.82
6.301629,4.42
6.3696446,5.6
6.072232,6.15
5.8299026,4.02
6.3151135,3.95
6.2680583,3.85
5.791968,5.59
6.051715,5.48
5.8315115,5.96
6.2478943,6.05
6.0391045,5.12
5.8287234,5.68
6.2239385,5.92
6.1994348,5.54
6.061584,5.89
5.9562263,5.52
5.7516437,5.82
5.898087,5.85
5.8988433,5.09
5.5003715,3.1
6.059137,5.22
4.6258144,3.59
5.7516165,3.21
6.2242594,4.32
6.131372,4.82
6.10834,3.55
6.7074523,4.1
6.3900547,4.8
5.696677,4.82
6.743954,5.34
5.9150586,3.47
5.981014,4.83
6.47486,5.22
6.1650443,4.03
6.5808477,3.54
6.356028,3.7
6.763879,4.16
5.321509,4.55
6.8106246,3.25
6.3167095,4.92
6.4968557,3.17
6.3315024,3.31
6.372563,5.4
6.793055,4.37
6.55382,3.7
5.941642,5.1
6.4507613,4.29
6.8136477,3.52
6.1160436,3.41
6.423275,5.51
6.175607,3.36
6.712003,4.0
6.14356,3.53
5.955313,3.29
5.9096055,4.22
5.9556913,3.33
6.582538,5.34
5.987593,3.47
6.1786494,3.52
6.533315,4.0
5.9735694,5.1
6.6069903,4.0
6.248877,3.3
6.0400615,4.2
6.154367,3.0
6.0538597,3.56
6.224424,3.87
6.1580515,3.3
5.7400613,2.96
6.1011314,3.64
5.927303,3.52
6.1773415,3.3
6.37126,9.0
5.405758,6.0
5.9613576,6.96
6.0499463,4.62
5.7882,4.71
5.979694,4.23
6.1294885,3.67
5.609746,5.05
5.86657,5.32
5.509488,4.19
5.977013,5.08
5.4193263,3.68
5.0876145,6.89
5.186706,4.55
6.901955,4.28
7.064932,5.4
7.133972,5.1
7.2962427,4.18
6.4903607,4.43
7.01093,4.35
7.099757,5.4
7.484472,4.77
6.732507,4.35
6.732966,4.18
6.8242297,7.22
6.4450955,5.52
6.442817,5.6
7.3313613,4.77
6.637004,5.52
6.185943,4.48
5.0734496,4.95
6.827845,3.88
6.4271283,3.42
6.747621,4.03
6.6975064,3.9
6.749561,3.66
6.5755734,4.44
6.287247,5.49
6.7034383,3.29
6.797923,3.24
7.241525,3.19
6.58668,3.52
6.9871373,3.12
6.69557,5.79
6.8657603,4.49
6.7577786,6.28
6.8933706,5.89
6.9095635,6.23
6.970328,5.22
6.7693043,5.99
6.3451676,5.34
6.798363,6.51
6.8126516,6.37
6.7936835,5.21
6.863565,5.6
6.814039,6.38
7.066371,6.7
6.532955,4.06
6.1511693,5.3
7.207949,4.14
6.992889,5.2
6.845737,4.7
6.8713613,5.52
6.723718,4.4
5.6056876,5.35
5.2007184,4.34
5.6684365,3.63
6.122275,3.39
6.1845393,4.77
6.2635665,4.37
6.104525,4.46
6.1135774,4.77
6.922991,6.82
7.0434804,5.35
6.944241,5.1
6.720838,6.22
5.902227,6.49
7.3296876,7.3
6.4310184,5.1
6.7482104,7.22
6.565768,7.15
6.8296676,6.6
6.4187136,5.22
6.2745605,4.96
6.722168,6.85
6.747712,5.3
6.096969,6.07
6.2756534,6.4
6.693063,6.1
5.927452,7.3
6.6784205,5.57
5.754103,5.51
6.764113,6.0
6.9823384,6.7
6.49556,6.3
7.145245,4.0
6.6160407,4.8
6.6438046,4.29
5.7580514,4.6
7.385511,4.0
7.1188235,4.0
6.299408,4.82
5.5459886,7.0
5.991172,3.67
6.787397,4.0
5.8075233,7.85
6.563845,5.27
5.522042,5.51
6.1901464,4.61
7.4537196,5.2
5.694211,5.85
5.8609405,7.2
5.794253,4.81
7.351359,4.0
6.1528563,4.82
5.720989,6.72
5.707306,4.98
6.1604266,5.11
7.1779013,4.0
7.101027,4.35
5.5643067,5.89
5.65204,5.24
6.5788703,4.3
7.0761275,4.29
6.900991,6.1
7.2786784,6.32
6.840262,4.33
6.9469304,4.25
6.7286825,4.48
6.675117,4.19
6.8492327,4.07
6.936415,5.33
6.9514747,4.23
6.722627,5.17
5.7984548,4.76
6.5297055,4.53
5.8084745,4.59
5.9801106,4.81
5.6508126,4.5
5.3140216,3.67
6.042465,4.11
6.1771255,5.92
6.542026,7.19
5.6676774,5.59
5.5929,5.92
5.608473,4.75
5.9577985,4.11
6.3058915,4.28
6.159603,5.05
5.821486,4.53
5.5995183,5.29
6.6582723,5.06
6.5522575,6.39
6.3591695,5.42
6.473257,4.2
5.7622824,4.86
5.573808,3.68
5.841315,4.74
5.8411818,4.47
6.273174,6.03
5.4225726,4.47
5.8401017,4.56
5.9050975,5.2
5.5357594,4.03
5.679787,5.33
6.802946,6.85
6.332658,4.09
5.4679685,4.81
5.340563,7.14
5.7856317,4.2
5.739988,5.47
5.589623,4.0
5.4518256,6.4
5.656959,4.69
6.1621747,4.88
5.9634666,5.46
5.3329716,4.5
5.6570587,5.31
5.5452704,4.2
5.1579742,4.07
5.5571585,6.85
6.0117,7.52
7.0844197,4.7
7.0733905,5.49
6.893466,4.96
7.088,4.97
7.114238,5.97
6.6426654,4.49
6.7309546,5.52
6.6991735,5.49
6.4397645,4.52
5.898379,8.39
6.1380515,4.92
6.0302453,4.89
5.381718,6.24
5.63136,6.29
5.6924186,5.58
5.862902,6.37
5.7201905,6.09
5.729936,6.33
6.043515,6.3
5.9800415,6.28
5.27309,6.24
5.576717,4.02
5.545254,4.4
5.646422,6.6
5.6832304,7.24
6.095984,6.16
5.9101195,5.8
5.6402173,5.15
5.4967465,5.07
5.8400197,4.88
5.9703016,4.99
5.8523173,4.8
6.076526,4.83
5.9530377,4.79
6.1548877,4.89
5.6494265,4.78
6.3493376,4.8
6.44451,7.0
6.574245,4.94
6.460791,6.15
6.3723598,5.55
5.48027,5.41
6.285704,3.91
5.7467837,4.19
5.981645,5.09
6.7005424,5.09
6.8841243,4.45
6.626823,4.93
6.6731534,4.66
5.409063,4.87
6.729116,4.7
6.7057376,4.46
6.8579745,4.79
6.280731,4.47
6.4808397,4.88
6.600602,4.99
6.375769,4.84
6.1031404,4.32
5.9793444,4.82
6.0072665,4.86
5.8087955,5.02
5.908645,5.26
5.7622895,6.0
5.1528926,5.22
4.7626495,5.1
5.1956916,4.78
5.077515,4.97
4.8517385,5.01
5.4635873,4.88
6.2806535,7.3
5.934822,5.24
5.606684,4.98
5.8350005,4.92
6.20175,4.77
6.288076,4.95
5.803908,5.22
5.594848,6.0
6.007464,7.21
5.6172156,8.4
6.358209,5.04
5.852724,4.88
5.765978,4.85
6.3385687,4.9
6.3580556,4.51
6.2172465,4.98
6.251056,4.91
6.15062,4.97
6.008428,4.84
6.1591635,4.88
5.9963584,4.91
5.6673045,4.1
5.364157,4.07
6.109482,3.75
5.444985,4.05
5.9401746,3.97
5.877006,3.82
5.2840166,3.84
5.297957,3.64
5.547181,4.57
5.5239577,4.12
5.389012,3.82
5.5612736,4.82
5.404274,5.21
5.487514,2.43
5.4176984,2.09
5.907745,3.38
6.491883,4.11
6.1440153,5.96
6.152573,4.84
5.651418,5.42
5.886746,4.77
5.997213,4.8
6.113951,4.85
6.1570177,4.83
6.1287227,4.83
6.002964,4.48
6.0958533,4.44
5.916874,4.1
6.0368786,6.3
5.505927,8.0
6.8017526,5.18
6.176412,5.74
5.9370217,4.2
6.2564273,4.07
6.4567366,4.38
6.3313355,4.41
6.0246115,4.02
6.0753565,4.74
6.288247,5.52
6.338049,5.42
5.776337,8.0
6.675229,3.77
6.730412,4.44
6.6439614,4.37
6.4728904,4.4
6.5492935,4.21
6.6874576,4.25
6.356043,4.25
6.44509,4.95
6.591028,4.98
6.4671755,4.98
6.575021,4.99
6.723927,4.95
6.355411,5.0
6.2233806,4.74
6.14787,4.74
6.383925,4.72
5.963258,4.7
6.5217686,4.68
5.8068066,4.82
6.1169944,6.31
5.3823752,3.0
5.580583,5.79
5.7317634,5.63
5.5312867,5.95
5.275647,5.85
6.0449643,5.89
5.6693645,5.95
6.628752,6.68
6.2633286,4.3
6.395634,4.29
6.173284,4.4
6.1373987,4.28
6.0012817,4.26
5.6252885,5.37
5.3833547,5.96
5.6306415,4.52
5.521469,4.66
5.4533577,4.57
6.3825994,4.34
6.647243,4.4
6.214493,3.9
6.271874,3.41
6.258002,4.33
6.2870603,4.33
6.0033603,4.35
6.586246,3.1
5.3623366,4.21
5.304212,4.25
6.3476405,4.15
6.3986297,5.65
5.258662,6.96
6.476913,5.52
6.6896963,5.36
6.298057,4.8
5.752199,5.36
6.0747237,5.34
6.3451734,6.0
6.539163,5.06
5.821588,5.76
6.322667,5.01
6.5242763,6.33
6.452392,6.52
6.0806894,7.05
5.9668756,6.92
6.103294,6.32
6.172973,6.44
6.099276,6.02
5.707164,5.22
5.1684117,5.23
5.452505,5.47
5.4805026,8.1
5.499582,5.52
5.317121,4.82
5.718757,4.89
6.405333,4.21
5.6580043,5.31
6.113376,5.01
5.925763,4.94
5.999833,5.18
6.111407,5.27
6.598161,5.01
6.482349,5.08
6.529344,5.15
6.5807,5.19
6.6751194,4.91
5.1103425,6.74
6.422741,4.8
6.136539,5.02
6.019029,4.84
6.31794,4.91
6.0443897,4.79
6.224707,4.99
6.487313,5.17
6.32102,4.93
6.5774555,5.33
6.2509294,5.06
6.522941,5.67
6.4516797,5.24
6.6784163,5.13
6.551151,4.87
5.661864,5.01
5.3397927,5.18
5.6017375,5.27
5.3520617,5.53
6.7608314,5.1
6.682791,5.36
6.5955815,6.14
6.5399404,5.27
6.832936,6.22
6.8935094,6.82
6.4758716,5.41
6.6980834,5.09
6.2624474,6.57
6.4570355,5.89
6.5347514,5.2
6.724729,6.24
6.3453965,5.68
6.4258323,5.78
6.562656,6.59
6.6843333,7.7
6.747616,7.92
6.774243,6.43
6.9407516,6.0
6.8848367,7.85
6.6740403,7.52
7.216868,5.96
6.789177,8.05
6.787653,7.96
7.0917163,8.0
6.643633,7.27
6.7556825,6.89
6.6718144,6.66
6.7160625,5.4
6.8120275,9.54
6.326343,5.01
6.296495,4.99
6.04164,5.2
5.8931775,5.32
5.8339505,6.27
5.317201,6.17
6.6568303,5.51
6.279529,5.38
6.7023215,5.13
6.2042108,5.07
6.552091,5.29
6.10416,5.2
5.77949,6.49
5.286847,6.38
6.5331464,5.57
6.0832715,5.52
6.729288,5.22
6.3412547,5.1
6.479416,5.4
5.9051337,5.24
6.8642325,5.45
7.1464686,4.64
7.4106364,4.68
6.1846285,5.04
6.4218264,5.17
5.456152,5.07
5.7754145,5.04
5.9344707,4.28
6.601624,5.25
6.1996655,5.23
5.7929606,5.28
6.2463775,6.41
5.276118,5.21
6.0559,5.87
5.7369184,5.15
5.151937,5.56
5.9804425,5.18
6.3427386,5.0
6.446634,5.1
5.287518,5.16
5.7797685,4.94
5.8609285,7.12
5.9539986,5.52
5.6296363,4.64
5.5969534,5.12
5.7684817,4.92
5.6448827,7.0
6.2836432,6.46
6.0422463,6.92
6.063533,7.38
5.8036504,5.08
6.0240865,4.89
5.848208,4.92
5.1376424,4.0
5.339056,4.0
5.3665395,5.71
5.8552327,4.68
5.746066,4.0
5.529107,5.05
7.0519795,4.97
6.8704295,5.03
6.905749,4.99
6.8673253,5.0
6.8202634,5.47
6.465121,6.02
6.3869977,4.62
6.7043457,7.12
6.5868044,5.8
7.163197,5.72
6.2889166,5.5
5.6568804,5.07
6.2367177,5.8
6.0686145,5.47
6.1869373,5.92
6.1946955,5.59
5.6804776,6.72
6.817843,5.08
6.6148896,5.19
6.014427,5.17
6.6278067,4.18
6.7099466,4.29
6.7643933,3.73
6.55975,4.2
6.542452,4.18
5.156556,5.1
5.384231,5.14
6.1627235,4.74
6.984552,6.12
7.150961,6.85
6.8758807,7.64
7.14622,6.73
6.953194,7.02
7.083753,6.54
7.5890107,7.23
7.145617,6.76
7.077553,6.74
6.9958377,7.12
7.168171,7.22
7.6142335,7.3
6.98499,7.1
7.045009,7.12
7.087531,7.54
6.9657226,7.31
6.13469,5.55
7.5955796,7.21
7.2867866,7.42
7.3653655,6.39
6.8884983,7.4
7.5274196,6.91
7.142547,6.55
7.173713,7.74
7.1000056,6.89
7.189075,6.51
6.942656,5.92
5.3282733,3.26
5.3839097,3.51
5.4737372,4.74
5.1490912,4.7
4.9112153,3.7
5.312801,4.0
6.598772,8.8
6.9936757,6.53
6.486036,6.2
6.745562,6.78
5.9321637,6.55
5.8432355,7.85
6.7765265,5.86
6.4241614,7.22
6.265535,6.0
6.019881,5.87
6.3805323,5.96
6.9379187,8.46
6.3241386,6.34
6.7263966,6.11
6.327331,6.79
6.705889,7.0
5.9155726,5.4
6.945664,6.04
6.487511,6.1
5.799606,8.68
6.8315196,6.43
6.5360246,6.58
6.324919,8.28
6.8101935,6.37
6.4267144,6.14
6.7664413,6.5
6.180889,6.62
6.28793,6.33
6.0031505,5.58
6.707998,7.35
6.4949136,6.33
6.7036405,6.6
6.362123,7.22
6.4975104,8.06
6.8203998,8.66
6.352058,7.05
6.5295706,6.27
6.5883117,6.84
6.3146977,5.45
6.355618,7.1
6.662273,6.59
5.8417554,8.22
6.5256205,8.01
5.6347594,8.74
5.952962,4.08
5.242324,6.73
5.395987,6.89
5.692901,6.78
6.160127,7.75
5.6443315,5.92
5.523188,6.57
5.6467338,6.97
5.618654,5.84
5.455916,6.9
6.449237,7.96
6.5187507,8.96
6.0381923,7.05
5.4132404,6.85
5.2985196,7.99
5.7226176,6.77
6.132746,8.92
5.8190894,7.31
5.6471744,6.73
5.8602443,6.48
5.916759,7.61
5.927384,6.9
5.524849,7.93
5.465589,6.69
5.3643107,6.72
5.485268,5.81
5.5373025,6.69
5.8875217,7.6
6.9840994,6.75
6.2826076,8.05
5.9304485,6.43
5.7895513,7.56
6.5511947,6.38
5.7304654,8.77
5.9756403,7.5
6.0953584,8.96
5.6343946,6.98
6.3127675,7.82
6.472009,8.54
5.93154,7.97
6.506707,7.18
6.4117737,8.77
6.9772067,7.63
5.8372126,7.41
5.6296287,8.06
5.818755,7.46
6.157003,5.94
5.438538,7.44
6.2861447,9.15
5.6159177,7.09
6.023722,7.5
6.3266196,8.66
5.641441,8.19
5.7668247,8.26
6.4876494,7.68
6.4640727,7.21
6.361953,8.6
6.363149,8.82
5.911557,7.48
6.0096393,8.57
6.5586324,7.07
6.8052363,8.74
6.010312,8.49
5.9115124,8.49
6.4003377,7.92
5.497606,7.74
5.931827,5.44
6.418122,7.63
6.366858,6.67
6.3392973,5.34
6.4085193,9.05
5.95864,6.66
5.743777,6.92
5.9357667,7.54
6.4550557,8.92
6.5483756,8.46
6.549108,9.0
6.7070174,8.57
6.1905026,8.47
6.4675994,7.38
6.417381,7.53
6.7818327,8.96
6.104624,6.74
6.7809396,9.24
5.93313,8.82
6.702851,6.64
6.1284714,8.34
6.7533317,9.41
6.4373918,7.08
7.1134977,7.09
7.034984,7.21
7.0315638,7.49
6.9608293,7.4
7.132288,6.93
7.221709,7.3
7.111792,6.74
7.0869637,7.67
7.0663304,7.25
6.961153,6.97
6.905133,7.08
7.187941,7.17
6.912938,7.15
7.3034234,6.65
7.873685,6.54
6.679376,4.19
6.871538,10.33
7.6087565,9.66
7.7526526,9.96
6.7646136,9.36
7.1722655,10.15
6.879339,8.26
7.3358274,10.49
6.886165,11.1
7.4240546,10.39
5.9667664,4.06
6.340751,5.4
6.211118,6.64
6.37962,5.74
6.2078776,5.17
7.3267655,8.07
7.4462624,8.25
7.3928,9.11
7.2946143,10.59
7.3219705,10.31
7.4771304,10.52
7.5387425,10.24
7.5864797,9.38
7.3578963,10.52
7.4310107,10.8
7.3612437,8.49
7.2848363,10.92
6.858991,8.49
6.9027095,7.55
6.873318,7.8
6.6341085,6.32
7.0918026,10.68
7.1954,10.8
7.4634013,10.57
7.037635,10.0
7.139493,9.51
7.2887864,8.22
7.360514,9.35
7.0738664,7.36
6.3442326,6.28
7.306639,10.96
7.1891828,10.17
7.305496,9.37
6.1633043,4.66
5.948604,5.15
6.8604927,7.16
5.9886017,4.91
6.09107,4.99
6.056521,4.72
6.416569,4.86
5.2790456,4.8
5.8670807,5.41
6.442854,6.03
6.224876,6.29
6.2617903,5.56
6.569936,5.7
6.2616954,5.71
6.1362834,6.28
6.8300214,6.03
6.4403777,5.09
6.7437434,5.44
6.3780637,4.91
6.4817786,5.56
6.8581176,5.92
6.5088935,6.6
5.4047756,7.6
6.0400486,6.48
6.785296,4.19
6.1749716,4.62
6.9125495,6.7
6.5686374,7.05
6.6189675,7.12
5.59581,4.77
5.815193,4.31
6.8572574,4.89
6.3781257,6.74
5.8581824,7.7
5.697715,4.95
5.6379995,4.28
5.8510976,7.22
5.916219,7.0
7.113972,8.4
6.8489146,7.82
7.000069,7.46
6.686171,6.87
7.182505,7.15
6.7434955,6.99
5.4126687,5.99
5.8139653,5.88
6.986184,6.39
6.8426213,6.22
6.2595673,5.89
5.940867,6.16
7.0868526,5.92
6.162398,6.28
6.622376,6.95
6.1708035,5.85
6.731453,6.86
6.8732696,7.01
6.6448765,5.48
6.5551105,6.66
6.797689,5.48
6.082133,7.32
6.54738,7.03
6.152675,7.14
6.442919,7.28
6.915267,7.26
6.435074,7.14
6.9466877,7.23
6.500787,7.1
7.2138906,6.7
7.0810866,6.99
7.12271,6.1
6.659267,5.6
5.4308457,5.95
6.195083,6.26
6.8636656,6.97
6.658047,5.09
6.5180182,6.92
7.187348,6.96
6.611625,6.23
7.1875196,6.23
6.430287,5.69
6.757976,5.06
6.4075823,5.72
7.033119,5.99
7.081086,6.99
6.889307,6.59
7.1023083,6.47
7.163798,6.99
7.186253,5.83
7.293385,7.64
6.3729615,5.5
6.129581,5.7
6.249733,5.81
4.663854,6.24
4.9546123,6.69
4.792294,7.05
5.394851,6.5
5.1284204,6.62
5.6445,6.26
5.5108247,6.53
5.878491,5.93
7.2061143,6.15
6.969708,5.51
7.083121,5.7
7.1522317,6.03
7.184053,6.52
7.904655,6.52
5.838595,6.4
7.1857543,5.46
7.4111724,5.02
6.37933,6.61
6.3368154,6.08
7.388784,6.33
6.026298,5.55
6.3335843,6.82
6.27974,6.68
6.996703,6.37
7.2901025,6.38
6.2032104,5.74
6.664945,5.4
6.320669,5.72
7.1027207,7.13
6.929753,7.1
6.6672564,6.82
7.1936984,6.21
6.6186852,5.91
6.910277,9.39
7.4660497,7.36
7.030916,7.57
7.7775598,6.78
5.998671,5.8
6.5069537,5.33
6.617228,5.38
6.872269,5.71
6.6811614,7.28
6.0176797,5.19
6.788856,4.55
5.905603,5.24
6.9078774,5.31
6.5686374,6.68
6.7448683,5.69
6.1808944,5.94
6.307633,5.37
6.4555135,4.67
5.482647,3.39
6.483916,5.6
6.5770383,5.9
6.9170837,5.06
6.8494887,7.0
6.986594,6.63
6.7680073,6.75
6.9336696,7.62
6.9798684,7.34
6.85364,5.96
7.5401525,5.4
6.6049495,7.88
6.741628,7.13
6.380318,6.79
6.774907,6.21
6.592118,8.03
7.293385,8.04
7.5036635,7.8
6.839693,6.26
6.768532,5.5
5.560949,5.4
7.255239,6.25
7.3521934,5.38
7.1644588,6.08
7.0631366,6.15
6.6229253,5.01
6.46715,5.42
6.922384,5.36
7.239449,5.55
7.0640903,5.82
6.7642255,5.57
7.1936393,6.1
7.2478414,4.96
6.673972,4.53
7.02935,4.55
5.824378,6.64
7.1112857,5.06
7.680181,7.52
6.630945,7.19
6.729809,6.68
6.2375684,5.46
7.012206,6.38
6.6720977,6.33
6.397635,6.04
6.246643,7.64
7.2178974,6.48
7.364627,7.3
5.114825,6.54
6.103334,5.14
5.6179357,5.13
6.8617973,5.1
6.140179,5.06
6.31511,4.58
6.8100305,4.56
6.114182,4.49
5.5707345,4.96
7.1351347,7.35
6.886084,8.52
7.26887,7.72
5.7074676,6.04
6.362572,6.89
5.9116063,6.88
5.98713,5.96
5.7936435,6.65
6.1961684,6.25
5.722607,6.8
5.8191466,6.43
6.2874937,6.03
5.060533,3.55
5.259153,3.73
5.824735,4.43
5.9191084,4.48
6.236485,4.39
6.4766803,4.98
6.186934,4.65
6.06497,6.82
6.571055,5.08
6.5038576,6.35
6.3106728,7.66
6.768547,7.85
6.269563,5.82
6.313761,6.89
5.890504,6.58
6.4213934,7.21
6.5119243,7.41
6.3623986,6.43
6.5352864,7.85
5.6339574,7.49
6.5290546,6.1
6.4584045,4.61
6.34141,5.61
5.8131585,5.84
6.600408,5.43
6.5323524,4.87
6.431215,7.82
6.102748,5.65
6.4032598,4.7
6.4508605,5.54
6.3472247,5.0
6.764425,4.18
6.643103,5.39
5.3497195,6.84
6.4988303,7.05
5.683017,6.0
5.86511,6.62
6.251099,7.64
5.7910266,6.88
5.2948103,6.25
6.598692,7.26
6.1011004,7.07
6.0589123,7.36
6.10945,7.41
6.8929496,7.05
5.639557,5.8
6.6167216,11.1
7.130422,6.91
5.8215833,5.89
5.7160063,6.46
5.947449,5.19
6.884742,7.51
6.5013094,7.14
6.5063252,7.15
6.1311336,5.6
6.027838,5.57
5.781655,5.6
6.244248,5.54
6.5424643,5.47
5.2583127,5.31
6.5978165,4.35
6.549242,5.09
6.5922265,6.4
6.7187123,7.05
6.747522,7.3
6.8954797,7.0
6.7746425,6.4
6.981858,7.0
7.0312953,7.05
6.256604,6.7
6.3011465,6.1
6.7984257,6.7
6.8283877,7.3
6.850412,7.3
6.2818046,7.22
6.24101,5.94
7.3959928,7.7
6.658584,6.22
6.1433434,5.94
6.419625,6.3
5.8393373,5.52
6.729819,7.52
7.3660192,7.1
6.2688565,5.82
5.7920294,4.82
6.127128,6.85
5.706136,6.4
6.0585027,7.52
6.376381,6.04
6.4833717,8.15
6.139878,5.04
5.740393,6.22
5.9705663,6.92
6.316529,6.28
5.598231,4.8
6.710492,6.4
5.2040234,4.8
5.9767475,5.28
6.6153817,6.3
6.3569293,4.89
5.881764,5.24
5.9523983,5.35
6.1443467,5.96
5.8946977,4.92
5.4000382,5.06
5.686889,4.92
5.733173,4.88
5.8459086,6.7
5.8593345,5.14
5.7827854,6.02
5.589972,5.57
6.1908813,5.2
6.3052344,5.0
6.3756733,8.52
5.9859786,6.0
5.930435,6.7
6.0339775,5.15
6.4021993,5.96
6.29162,7.4
5.447543,5.16
5.871492,5.14
6.2403765,5.22
5.8072643,5.82
6.108035,5.46
6.235554,8.3
6.0325875,5.0
5.9516625,5.32
6.244745,8.0
6.241876,5.74
6.2047,5.77
5.8673716,4.72
5.785007,5.85
5.7871127,4.92
6.6974044,6.11
6.4435554,7.7
5.754639,6.82
5.7889557,6.33
6.76592,5.92
6.013704,6.15
6.6488147,5.77
6.3907256,6.1
6.178441,6.11
6.1583266,5.89
6.626618,6.07
7.280934,7.14
5.6064916,6.15
6.2115455,6.82
6.154881,7.46
6.6105103,6.4
6.368174,5.24
6.687983,5.59
6.424668,6.7
6.67862,6.1
6.792422,7.72
6.895581,7.7
5.9419355,5.64
6.547921,7.7
6.716472,4.92
6.1756973,6.41
5.7005267,6.54
5.9073863,4.59
6.088968,5.44
5.8145895,5.58
5.8753295,5.66
6.222408,5.98
6.199625,6.07
5.9270725,6.0
5.8667006,5.0
5.8221564,5.18
5.786839,5.35
6.441569,5.74
5.849154,4.55
5.8670526,5.34
5.9693074,6.01
5.767801,5.46
6.251776,5.96
5.924994,4.82
5.920652,5.4
5.888536,5.34
6.1557784,5.78
6.041981,6.14
5.8253593,6.72
5.8536444,4.9
5.7976584,4.77
6.248812,6.23
5.9742637,6.11
5.630347,5.87
5.9485316,5.2
6.8165183,6.05
5.7658095,4.29
6.107757,4.12
5.849604,7.05
6.7253156,7.8
6.287644,5.35
5.9452415,5.39
6.0902023,7.46
5.6178403,6.55
5.9409614,5.4
5.9248276,6.85
6.1729016,6.01
6.692681,7.08
6.4603944,5.4
6.1528115,5.1
6.2276673,6.82
6.4584756,5.68
5.949535,4.62
5.5808244,5.46
5.632046,5.23
5.52947,4.64
6.579086,8.57
5.806849,7.92
5.1217856,5.68
6.1586556,7.0
6.2101665,7.02
5.1477304,5.66
6.2539315,6.59
6.1138234,5.72
6.430442,7.89
6.4666047,5.54
6.152758,6.37
5.886087,6.34
5.586392,6.72
6.43977,6.4
6.2422123,7.0
6.471821,6.49
6.553894,5.02
6.6879516,5.6
6.5158896,7.82
6.0177097,5.43
5.7512927,4.0
7.0798345,7.89
7.2455764,7.97
5.9268537,5.33
5.749954,5.16
6.415228,6.38
5.591172,6.7
5.959595,7.42
6.4547048,7.89
6.2104764,8.13
6.123115,7.28
6.4245677,7.3
5.75515,5.96
5.7714787,6.85
6.747062,8.36
6.0673795,7.85
5.472531,4.09
5.9153504,7.59
6.347438,6.47
5.815305,6.4
6.0105095,7.44
6.742111,6.54
6.0133786,6.0
5.794583,6.77
5.9044633,5.0
5.809109,6.46
5.436139,6.46
6.1795573,6.64
5.939088,6.62
5.8078527,5.12
6.019785,6.07
6.333499,6.24
5.738149,6.64
5.8600163,6.19
6.102436,6.62
6.0157056,6.72
5.5028415,5.35
7.0690427,8.8
5.587622,5.37
5.6563773,6.42
5.678558,5.54
5.9135385,4.35
6.14649,7.4
6.1423936,7.21
5.7771544,6.77
5.779472,7.39
6.082335,5.1
5.2454786,6.92
5.6830673,6.3
6.0886793,7.02
7.075416,8.57
7.1443,9.22
6.3276515,7.37
7.0269256,7.89
6.708858,8.11
6.126579,7.85
6.6233306,6.64
7.117053,6.82
5.376765,4.73
6.9133716,5.32
6.0892224,7.85
6.7031636,5.6
7.020859,5.79
6.364533,6.15
6.183457,4.22
6.232892,4.7
6.058329,5.12
6.1755185,4.79
5.758122,4.9
6.097398,4.3
7.016554,5.11
6.710215,5.55
6.292618,5.01
6.778144,5.3
7.171645,6.51
7.308529,5.7
7.3309383,4.7
6.9966264,5.48
7.2888827,5.3
7.23846,6.7
7.1197476,5.05
6.919768,6.3
7.316529,6.3
7.394005,9.0
7.4363685,8.4
7.150207,7.89
6.9793615,8.3
7.5523086,7.9
7.59996,6.2
7.468449,7.8
7.4217234,5.4
7.6387,8.7
7.4382186,7.8
7.5661187,8.0
7.700217,8.0
7.1858153,6.4
6.856797,5.1
7.5893426,7.3
7.6095843,6.1
7.6371865,7.3
7.420034,8.3
6.374354,6.42
6.263988,7.34
6.1214156,4.9
5.9160957,4.33
6.4328685,5.46
6.907812,6.95
6.7259955,5.78
6.95139,6.84
7.048467,7.49
7.0142093,5.9
7.2749047,6.1
7.343479,8.22
6.8569484,8.4
7.22147,7.77
6.857652,7.96
6.7603917,7.89
7.3095717,8.7
7.039696,8.05
6.4807506,7.77
6.743663,6.85
6.319184,6.7
6.4448175,5.89
6.2573714,7.0
7.0186267,6.59
6.992781,6.68
6.9588256,7.17
7.256415,5.75
7.115814,5.57
6.905498,7.7
7.0632057,6.54
7.0142303,6.67
7.219875,5.36
7.216192,5.74
7.1328325,4.98
7.1828394,6.89
7.060617,5.94
7.323384,5.16
7.3167825,4.82
7.148046,6.82
7.1175957,6.79
7.1762204,4.93
7.407595,6.76
7.3407836,4.78
6.7196755,5.78
6.7286096,6.01
6.9476924,5.64
6.989351,5.85
6.9834237,7.1
7.0894084,6.66
7.08124,5.66
7.231581,5.71
6.479881,4.77
6.660188,6.61
7.1411686,5.62
7.054208,6.62
6.6798925,4.32
6.7605777,5.31
7.0775876,5.29
7.1702065,5.72
7.0711884,4.9
6.542028,3.87
6.6597314,6.74
7.2953444,4.64
7.1580124,5.19
7.1553817,4.79
7.474743,6.92
7.334472,5.59
7.013826,4.74
7.0824103,3.61
7.1290574,3.75
7.2809544,5.7
7.1312957,6.61
7.0880723,5.71
7.196216,5.82
7.317632,5.26
7.196976,3.85
7.191973,3.83
7.2289295,5.01
7.2376494,5.64
7.3377194,5.72
7.3792443,5.77
6.233342,4.32
7.045221,8.52
5.907745,6.44
5.7912316,7.15
5.652189,4.83
5.697587,3.22
5.942859,3.7
6.4986615,7.0
6.2470503,6.86
7.1519012,6.68
6.8067327,6.22
5.854386,4.37
6.909217,7.24
7.4316564,7.38
5.4126105,6.94
6.5299535,6.96
6.4099116,4.93
6.6511016,8.52
5.6288447,5.74
6.841916,6.68
6.96253,7.41
7.0965376,8.25
7.208502,8.11
6.3738275,5.7
6.3738275,5.68
6.817587,5.28
6.444529,6.8
7.1041856,8.52
6.9402294,8.22
6.7682815,8.1
6.5254126,7.89
6.7782493,8.0
6.7536426,7.96
6.5078397,7.39
7.2592435,9.0
7.2334485,8.1
7.0461254,8.15
6.853019,7.72
6.9165854,7.66
6.9126935,8.22
7.361252,7.92
7.098381,8.15
6.822418,8.1
5.317491,5.4
5.9356923,5.07
6.2164183,4.72
6.267912,3.75
6.0435762,4.06
6.261123,3.97
5.874691,4.12
6.1033387,4.2
5.9135995,5.12
5.9854016,4.74
6.0837255,4.54
5.7424097,5.15
5.7115874,7.0
7.287702,7.3
6.8546696,6.04
7.2297435,6.59
6.9929137,6.8
7.285008,6.77
6.2177353,4.71
5.2180047,7.92
5.256532,7.85
5.873838,7.96
6.498827,7.89
5.688551,8.15
5.3215585,7.89
5.8376245,6.97
5.9916425,6.95
5.7854156,7.44
6.9660187,7.47
6.223909,7.3
6.6385255,7.2
5.678949,5.64
5.976946,4.88
6.0378537,5.87
6.6750827,6.78
6.4988356,6.1
6.067299,5.18
6.3744435,5.31
6.3295836,6.08
6.243216,4.79
5.94817,4.25
5.815785,4.13
7.136877,7.12
6.796724,6.33
6.8845234,5.18
7.4058614,4.26
5.396908,5.27
5.511665,5.27
5.12642,5.27
6.12966,8.15
6.849057,6.62
5.7792788,6.74
6.803599,7.17
5.725254,6.68
6.658915,6.85
7.660858,7.11
7.438384,7.1
7.8223596,5.89
7.978132,7.92
7.5238404,7.8
7.4813695,6.54
7.6497726,6.62
6.6786933,6.64
6.9356456,6.22
6.3035893,6.6
6.5262046,4.1
6.9876876,7.0
6.7095413,7.4
5.9912977,7.5
7.555176,6.9
6.665794,5.26
7.0865817,9.0
6.799697,6.84
6.215222,5.13
5.787064,10.2
7.2831693,5.65
7.315323,7.24
7.2215505,7.28
5.5334105,3.91
4.491765,3.07
5.630421,6.0
5.2157226,5.66
5.056767,5.8
5.3360467,5.35
5.3581033,5.85
5.4823937,6.27
5.5338645,6.35
5.3899155,6.32
5.788572,6.38
5.882969,6.41
5.835693,6.32
5.62962,6.14
5.7430954,6.38
5.5636635,6.6
5.545707,6.41
5.6449795,6.47
5.4376035,6.38
5.6360145,5.62
5.755178,5.46
6.1346498,6.0
5.601275,6.2
5.623772,6.23
5.365597,5.36
5.43527,5.39
5.3681483,5.96
5.7370753,5.64
5.5108857,6.34
5.480571,5.85
5.883378,6.55
5.5393662,5.68
6.207506,5.34
5.360911,5.74
5.099115,5.41
5.414351,5.85
5.6404877,5.7
5.430989,5.96
5.478626,6.06
5.4619308,6.38
5.593885,6.57
6.5767784,8.77
6.983914,9.08
6.897714,11.7
6.732382,9.35
7.1953,6.9
6.8029027,10.14
6.94906,10.15
7.1141963,9.68
6.519097,8.0
6.609559,8.8
6.803253,8.66
6.978825,10.19
7.0927424,9.48
6.944095,7.21
7.1645894,7.02
7.0246134,6.96
7.097358,6.85
7.099194,6.55
6.422361,6.96
6.586515,7.37
6.90805,6.44
6.0892525,6.12
6.27287,7.0
6.3143716,7.82
6.418326,7.82
6.4291186,7.89
6.5781283,7.35
6.273834,6.0
6.3298025,5.92
6.435594,8.27
6.3592887,5.8
6.406592,7.64
6.5739393,7.49
5.8434043,7.31
6.221069,7.4
6.185171,7.66
6.154748,7.29
5.5852914,7.12
5.6263623,7.37
5.868689,7.77
6.201919,7.1
6.1828513,7.19
6.278382,7.48
6.35311,7.74
6.5345674,7.85
6.5539756,7.57
6.6241035,7.43
6.4497385,8.05
6.67131,8.07
6.4532,7.82
6.025125,7.82
6.414782,7.77
6.8910556,8.31
6.9053264,8.21
6.8303533,8.23
6.942308,8.29
6.910318,8.12
6.9604144,8.06
6.9289217,7.64
6.9456906,7.44
6.8627405,7.48
6.7228184,8.09
6.5092406,7.7
7.130461,8.59
4.6380687,2.89
7.2155147,5.84
6.8806014,5.93
6.727509,5.86
7.210957,5.85
6.8461165,5.34
6.344948,3.64
6.4268174,7.95
7.210178,9.05
7.2320914,9.0
7.114713,8.52
6.9929194,6.74
7.2644386,7.15
7.4079504,6.44
7.09592,8.21
6.970295,9.05
6.7922997,9.05
6.32755,8.96
6.7426963,10.52
7.2099423,4.05
6.610637,3.7
6.899532,4.15
6.513094,3.83
6.519137,3.74
6.798466,6.32
6.492494,6.21
6.7801013,5.8
6.219421,6.18
6.431507,5.5
6.7942514,7.0
7.1678305,7.5
6.6981897,5.6
6.8498845,7.3
6.645828,7.23
6.514852,5.42
6.5638447,6.3
6.4711003,6.21
6.2844567,6.07
6.561724,4.94
6.711261,5.48
6.675076,5.66
7.003217,5.6
6.2178855,6.57
6.732091,5.51
6.455034,4.85
6.5818667,5.82
6.7189517,5.04
6.685574,5.68
6.60508,6.22
6.747303,5.18
6.612643,5.85
6.7322,6.1
6.959645,9.0
7.34341,5.7
6.2690244,6.49
6.616732,6.24
7.0877767,4.68
7.443027,6.88
6.1669173,7.05
6.403386,6.41
6.6229653,5.74
6.1641755,6.87
6.2325473,6.6
6.289106,6.73
6.448198,6.33
6.3931384,6.93
6.4038243,6.29
6.685577,6.0
6.497389,6.49
6.6535916,7.09
7.5124516,6.4
6.8672824,6.1
6.422901,6.45
6.555556,6.86
6.7322125,4.31
7.2424283,6.82
6.9479923,5.68
6.769523,6.96
7.014708,5.89
7.1498723,7.52
7.078008,7.55
7.19223,7.21
6.789081,6.43
6.942165,8.14
6.826118,7.04
7.1989865,7.17
7.1114373,7.48
7.0648246,6.19
6.940271,6.55
6.999391,7.41
6.702101,6.11
6.853471,5.36
6.685304,5.07
6.7889934,6.52
6.862639,7.25
7.1865153,7.54
7.0752273,8.12
7.0554037,7.89
7.449415,8.49
7.0795054,7.64
7.29102,8.4
7.0642333,7.62
7.292592,8.31
6.661263,4.53
6.2338657,5.57
6.4592185,6.16
7.0717587,6.68
7.0397468,5.97
7.1134853,5.63
6.935556,4.79
6.8824906,5.27
6.833261,5.14
6.5934763,6.72
6.23354,7.04
5.645581,6.57
6.032259,6.31
6.2407756,5.81
6.281983,5.83
6.051558,5.91
6.044323,6.52
6.388222,6.54
6.4013104,6.92
6.1328197,6.16
6.037297,6.84
5.7365623,6.97
6.1681256,7.12
6.2703247,7.02
6.1281486,6.66
6.0295205,6.57
5.8717666,6.89
6.018018,6.86
6.2702193,6.82
5.830663,7.17
6.0730386,6.75
5.694117,6.72
5.707903,6.93
5.5968976,6.33
6.609951,6.22
6.405324,5.03
5.968875,5.8
6.82081,5.44
5.6973295,5.97
6.0058637,6.4
6.2051635,6.63
6.504417,6.01
6.5514145,6.4
6.390412,6.42
6.0043006,6.83
5.730786,6.74
7.6432104,5.36
6.0426993,5.72
6.130895,5.5
6.2186666,5.83
6.0960665,7.09
7.3805223,7.55
6.732488,7.01
6.552132,6.12
6.001499,6.74
7.058172,6.55
6.408715,6.4
6.253764,7.0
6.6237926,7.0
6.9670606,6.49
6.2063155,6.21
6.362167,6.35
6.515712,6.28
6.525414,6.14
6.331077,6.14
6.035069,5.68
6.306108,7.0
6.9508295,6.96
5.9945617,6.24
6.4554048,6.48
6.467297,6.57
7.1257815,6.7
6.9635053,6.49
6.8547406,6.35
6.275765,6.51
6.346148,6.48
6.214271,6.48
6.4934034,6.8
6.6488304,6.82
6.6397557,6.48
6.639194,6.54
6.7479596,6.85
6.636329,6.74
6.8924947,6.68
5.664179,6.77
6.038956,6.37
6.562303,6.74
6.743312,6.66
6.533348,4.57
6.0107026,6.52
5.230182,7.15
6.306426,4.66
5.6024795,6.7
6.7223897,4.67
4.840916,3.85
5.1537814,3.89
5.2367835,5.0
4.973818,4.8
6.058483,6.64
5.668433,6.66
5.740413,7.6
5.748853,4.32
6.408795,5.96
6.3778205,6.66
6.4974084,7.23
6.842008,6.96
6.980925,6.92
6.737743,7.24
6.6400094,6.8
6.861254,6.13
6.6235557,6.33
6.7484274,6.0
6.777165,6.37
7.0131507,5.84
6.6566844,7.44
7.169455,7.17
6.5380025,6.3
5.6045456,5.82
6.238316,6.17
6.3788114,6.16
6.9109874,7.38
6.933084,6.57
6.6929345,6.96
6.602526,10.26
5.972911,6.64
5.7038274,6.09
5.3640537,7.14
5.4037676,7.17
6.350354,7.18
5.8517566,7.15
5.3120728,6.79
5.1718707,8.35
5.5912623,8.09
6.1445937,8.09
7.459313,7.07
7.3411074,6.02
7.2722445,6.55
7.3585525,6.71
7.311442,6.83
7.2882943,6.94
7.4850235,7.09
7.4644914,3.96
7.4232807,5.85
7.4034524,7.05
7.431807,6.65
7.302835,6.62
7.378775,6.52
7.4704456,6.65
7.7317257,6.36
7.506814,6.71
6.9049845,4.11
7.3653264,5.77
7.2795906,6.41
7.2458305,5.4
7.4059224,5.39
7.2745757,4.95
7.2160773,4.82
6.9703946,3.53
6.5629835,3.63
7.1570883,3.69
7.120052,4.97
7.1161036,4.89
6.996632,7.19
7.0761914,6.59
6.8292327,5.92
6.614858,7.09
6.717649,5.78
6.682216,6.11
6.5874496,7.04
6.860797,6.72
7.4873757,7.63
7.6160436,8.0
7.003646,5.72
6.4212213,4.07
6.0535154,3.77
6.4676394,4.22
6.6139107,3.6
6.9612985,3.6
6.6069527,4.31
6.8245645,3.9
6.5196834,5.42
6.2219033,4.53
6.5953517,4.52
6.4396095,4.7
6.4138937,5.0
6.6537814,5.96
6.904917,6.19
6.812781,5.62
6.435452,4.8
6.9271207,6.8
6.963107,5.32
6.319578,4.7
7.0252724,4.49
6.857845,5.2
6.329613,5.06
6.674094,4.92
6.5989447,5.89
7.003156,4.4
7.038345,5.36
6.5714326,4.57
7.402775,8.0
7.5469975,8.0
7.292578,8.0
7.3071394,8.0
7.3696303,8.0
7.257461,8.0
7.2663903,8.4
7.4798336,7.7
7.448823,7.7
6.6905413,7.66
7.581887,8.0
7.553557,8.0
7.4132323,7.62
7.59182,7.82
7.568826,7.85
7.611502,7.66
7.6610713,7.55
7.634866,8.12
7.632467,7.89
7.648998,7.41
7.4204054,7.89
7.5350437,7.74
7.5553727,7.08
7.479948,8.0
7.4705806,7.36
7.3744693,7.12
7.6588874,7.24
7.7063575,7.38
7.782288,7.68
7.590367,7.89
7.5511494,7.26
7.5633044,7.15
7.581668,7.59
7.239755,7.49
7.5799356,7.2
7.609685,6.89
7.6400876,7.4
7.673054,7.42
7.6442714,8.0
7.5622,6.91
7.8226857,8.7
7.57842,8.3
7.705269,8.52
7.6985793,8.7
7.8088994,8.7
7.8382697,8.7
7.8072352,8.48
7.523998,7.66
7.532019,5.89
7.5350604,6.68
7.5176587,5.67
7.5709133,7.57
7.507453,7.96
7.533486,7.35
7.3561587,8.0
7.3949623,7.68
7.5442157,8.15
7.611631,7.96
7.6104026,8.34
7.6131034,8.62
7.627458,8.25
7.6767626,8.34
7.713035,8.77
7.7495837,8.7
7.709866,9.0
7.7177296,8.85
7.7232285,8.7
7.8043094,8.85
7.835659,8.15
7.8887467,6.44
7.8422246,8.57
7.5405445,6.02
7.5567784,5.31
7.5098643,5.21
7.5249677,5.77
7.5149913,7.92
7.5003667,5.96
7.466784,6.46
7.723465,8.57
7.7687864,7.49
7.7940755,8.07
7.8864207,5.85
7.6872873,8.49
7.6681323,8.54
7.606625,8.46
7.659948,8.77
7.6885076,8.55
7.5966597,8.46
7.7263293,8.47
7.543377,8.4
7.755898,8.16
7.6991024,8.44
7.573495,8.6
7.510408,7.37
7.703627,8.42
7.6909432,8.52
7.731546,8.43
6.8229146,6.94
6.7398047,5.6
7.046846,6.74
7.042978,4.11
6.8386726,4.46
6.951817,5.61
6.949728,4.89
6.5734205,4.74
6.4218044,4.1
6.663495,6.39
7.040911,7.2
6.206068,4.17
6.442139,4.28
5.6568713,4.24
6.232247,4.22
6.9799237,6.19
6.8215537,6.8
6.223435,4.25
5.9484653,4.12
6.5901427,5.03
6.4524302,5.15
6.338221,5.22
6.7825637,4.89
6.814924,5.89
6.97969,6.12
6.926378,4.39
6.7953887,5.68
6.9234138,5.51
6.745148,5.72
6.567903,6.0
6.72181,6.83
6.1329226,5.51
5.9017615,5.55
5.6965504,4.05
5.736824,5.26
6.112458,4.85
6.296639,5.17
6.467172,5.22
6.68041,5.26
6.2363667,5.31
6.323688,5.8
6.6711287,5.12
6.4589963,5.38
6.739614,4.55
6.3567157,5.33
6.2938266,5.97
6.0516295,4.31
6.479099,3.75
5.7666802,6.82
6.5156674,5.17
6.545313,5.24
6.637436,4.17
6.5041156,4.64
6.6017494,4.99
6.808696,4.89
6.826503,4.96
6.6775618,4.95
6.6983576,5.06
6.747538,3.92
6.517332,4.28
6.514217,5.27
6.6571035,4.59
6.491173,4.66
6.560166,4.24
6.848022,6.55
6.7768927,5.2
6.712614,5.06
6.8217072,6.66
6.7436075,6.7
6.7232704,4.59
6.2983,4.29
6.747568,5.59
6.377579,5.17
6.671716,6.13
6.554644,7.21
7.433021,7.26
7.3753386,6.8
7.155942,6.2
7.0353627,6.1
7.3720613,6.0
7.334727,5.3
6.779452,5.3
6.9594464,6.3
7.2122345,6.39
7.4649243,8.4
7.4567976,8.4
7.531589,8.4
6.310958,4.8
6.76101,5.1
6.792668,5.04
7.4970546,8.5
7.556609,8.0
7.4916186,7.9
7.582988,7.8
7.301445,7.2
7.3502893,6.5
6.9773545,7.1
7.1799717,7.1
7.225954,6.9
7.100049,7.0
7.2801733,6.8
7.2809644,7.2
7.2986803,7.2
7.3133187,5.5
7.5138545,6.2
7.6174445,6.3
7.4953923,6.6
7.622973,6.0
7.5859895,5.8
7.596125,6.2
7.4117293,6.3
7.488273,6.4
7.5143666,6.1
7.5573306,6.3
7.578528,5.7
7.538779,6.4
7.5811067,6.4
7.3173404,7.0
7.484587,7.0
7.583266,5.4
7.617,6.5
7.5655475,6.3
7.422264,6.8
7.4232535,5.8
7.4927883,5.1
7.7199035,5.7
7.58009,5.1
7.7183485,6.1
7.681168,5.7
7.550882,5.2
7.779275,5.9
7.822629,5.9
7.4271502,6.2
7.5992227,6.1
7.4667315,6.0
7.624458,6.3
7.358086,6.2
7.474908,6.5
7.488091,6.4
7.4661226,6.5
7.567371,6.0
7.548247,6.2
7.404099,6.4
7.30868,6.0
7.641098,6.1
7.421878,6.9
7.416608,6.9
7.4661794,6.4
7.5092397,6.5
7.554548,6.6
7.6162577,6.7
7.613019,6.9
7.6823545,6.4
7.373077,7.1
7.542272,7.0
7.450077,7.0
7.5899243,6.5
7.5941525,7.36
7.4337764,7.18
7.446464,6.98
7.2951145,6.19
7.4222083,7.41
7.0736346,6.59
7.4860635,7.12
7.5203004,7.01
7.6809225,6.11
7.5483446,7.04
7.508597,6.77
6.0891423,6.07
4.578698,3.55
4.5646477,3.55
4.328526,3.51
4.463431,2.93
4.565313,3.15
4.3285737,3.43
4.489682,3.48
4.671744,3.32
6.590161,5.3
6.5723023,5.2
7.5531096,5.8
5.6386294,5.3
7.6574354,6.71
7.7234454,7.44
6.7699733,7.01
6.146318,8.0
6.9053235,8.22
6.171236,6.05
7.1870666,7.23
7.241782,5.46
7.154859,7.6
7.3206005,5.94
7.700319,7.49
5.796888,4.84
4.684004,6.1
5.5579453,5.34
5.268954,5.68
4.9535623,5.62
4.54682,5.14
4.566291,5.72
4.490419,5.86
6.5557384,5.3
6.922995,5.17
5.5394845,6.29
5.4480224,5.01
5.570495,4.99
7.695661,4.96
6.0184236,5.36
5.6445804,5.82
5.0844045,5.74
6.4667616,5.55
6.4283166,6.27
4.8033204,6.41
6.115454,7.7
6.2082586,7.3
4.7853227,6.72
4.6959043,5.69
5.964098,5.86
5.2648015,5.97
6.039531,5.95
5.257476,4.67
6.4874167,5.58
5.049285,6.09
5.0685315,6.01
6.7868094,5.63
6.0089593,5.31
6.771565,6.11
5.656443,6.68
7.094624,7.84
7.403403,7.28
7.3942657,7.4
7.504562,7.19
7.146863,7.38
6.9472985,7.51
7.481271,8.3
7.1444097,6.98
7.461492,5.38
6.7044935,4.97
7.267895,5.5
7.358242,5.41
7.701302,4.94
5.834349,5.17
6.1553006,5.1
6.066242,4.97
7.0072155,5.01
6.278291,5.15
7.0373526,5.34
6.1905727,5.33
6.4250712,4.68
5.8801827,5.27
7.651448,5.38
7.1474357,7.22
7.1465993,6.35
7.3484,7.28
7.831759,5.24
6.9637,5.07
6.217587,5.62
6.203194,4.63
7.7099915,8.51
7.0605273,6.4
7.6925898,8.0
6.602385,5.38
7.2413764,9.36
6.8439603,9.1
6.8976846,9.21
6.921167,8.53
7.195275,9.46
7.130999,9.4
6.7010427,9.23
6.7524104,9.32
7.476946,7.74
6.809223,7.3
6.76693,6.17
6.297802,4.97
6.6745124,6.0
6.786905,6.23
7.106107,6.09
7.1157374,6.15
7.153788,6.19
7.0798025,6.48
7.15797,6.21
7.1213756,6.12
6.7179856,6.01
6.7895064,6.09
7.275016,6.77
6.977938,6.43
7.2146215,6.19
7.2389274,6.68
7.2090764,6.37
7.065575,6.95
7.1116705,6.6
7.0449233,5.62
7.110828,4.25
6.8232794,6.22
6.90654,6.15
6.8410096,6.1
6.582566,5.19
6.3078876,5.29
6.9087434,4.77
6.2635307,4.36
6.2309704,5.12
6.5636163,5.0
6.3482604,5.0
6.249318,5.12
6.0052056,4.82
6.0704656,4.38
6.5587187,5.18
6.774719,6.18
6.543399,6.17
6.736256,6.06
6.610393,6.05
6.760267,6.1
6.4747367,6.24
6.606542,6.17
7.0114484,5.58
7.295398,5.75
7.0717998,5.43
7.3482394,6.17
7.330443,6.17
7.3574347,8.02
7.6166487,6.65
7.455163,7.81
7.587237,6.33
7.4086304,6.48
5.399212,4.62
5.2843137,4.21
6.118835,4.45
5.961126,4.49
5.6462235,4.83
5.987735,4.28
5.9676003,4.53
5.3177543,4.28
5.4354997,4.45
7.2652736,7.48
7.2468333,7.22
7.1434817,7.33
7.4656825,6.82
7.191587,7.22
7.577907,7.44
7.6773453,7.89
7.368998,6.19
7.3798738,6.28
7.5304027,6.8
7.5862174,7.18
7.4992466,7.72
7.1335154,7.96
7.1505165,8.32
7.2800136,8.28
7.6219344,7.8
8.171328,7.11
7.564255,7.31
7.1442895,8.08
7.5703073,7.28
7.3406525,8.07
7.2370214,7.82
7.6833744,8.03
7.6330853,7.4
7.703648,6.44
7.7166514,6.21
7.659764,7.12
7.6608224,6.43
7.5858865,6.14
7.7690177,6.92
7.531887,7.64
7.5462303,7.77
7.5407557,7.59
7.5364156,6.74
7.52329,6.82
7.4777966,7.66
7.6196666,7.35
7.625667,7.23
7.311463,7.01
7.666838,6.92
7.74728,6.14
7.924564,7.72
7.98835,7.85
8.090959,8.05
7.857116,8.3
7.967966,8.0
7.8272643,8.3
8.030918,8.0
7.432904,6.11
7.715892,8.22
8.0398445,8.4
7.8543963,7.85
7.8145046,8.05
8.05241,6.44
7.805793,7.0
7.7569647,6.85
7.7798743,6.59
7.4914484,7.89
7.395022,7.4
7.2284102,7.22
7.437697,7.71
7.7160835,7.31
7.754682,7.86
7.5201545,7.62
7.8646483,7.85
7.5366216,8.04
7.371456,5.34
6.437363,5.82
6.710623,7.47
6.0633793,6.27
6.8314953,7.06
6.8174148,7.77
6.4493003,7.77
6.7773194,8.15
7.1226974,8.4
7.145913,8.52
6.9047275,8.7
5.1088214,6.73
4.7707458,6.53
5.2704353,6.32
4.7141986,7.48
4.7495008,6.11
5.76158,6.54
5.7761407,7.84
4.971421,7.69
6.232418,6.21
5.952955,6.5
5.3465586,5.68
7.402923,6.15
7.0762587,7.28
6.596455,5.18
6.954944,6.09
6.3850646,4.96
4.708958,5.42
4.1041827,5.18
6.421223,7.03
6.764777,7.01
6.521713,5.27
6.9662647,5.1
7.1636333,6.43
7.0950437,6.56
7.4993887,6.68
7.3163533,6.49
7.1502233,6.53
7.1700864,5.16
7.5032525,5.46
6.9064837,5.87
6.9150653,5.48
7.5904417,6.53
7.574242,6.66
7.32972,6.7
7.1135526,5.85
7.596584,6.71
7.219959,6.55
5.8844075,5.06
7.7276735,7.82
7.5307717,5.6
7.652696,8.0
7.5664268,8.1
7.588869,7.36
7.763711,7.72
7.579282,7.57
7.700461,7.57
6.2238274,6.42
6.0907454,6.72
6.0865083,6.85
6.5486155,6.51
6.587613,6.6
5.0510235,5.8
6.0950203,6.6
6.407752,6.27
5.643224,6.78
5.9552474,6.93
5.8563027,6.54
5.850084,6.48
6.4612355,6.65
5.594976,6.35
5.6227107,5.02
5.6925693,5.57
5.4838657,7.21
5.7431626,6.36
5.798225,6.56
7.2340055,7.0
7.6269565,7.0
7.333606,7.0
8.148807,7.0
7.518687,8.1
7.301271,7.15
6.6285987,7.03
7.3378944,5.03
7.237478,6.55
7.713988,6.29
7.4485574,6.25
7.335107,6.18
7.2203465,6.17
7.637237,6.09
7.2255855,6.03
7.319301,6.02
7.437186,5.98
7.0618353,5.83
7.434959,5.74
8.02083,5.67
7.3626523,5.62
7.181724,5.61
7.367981,5.6
7.2193813,5.6
7.585466,5.57
7.227569,5.41
7.4130187,5.39
7.1807656,5.31
7.395553,5.3
7.122951,5.27
7.5559883,5.26
7.420683,5.24
7.696202,5.24
7.4537525,5.14
7.2961593,5.13
7.344115,5.11
7.3215446,5.09
7.4180603,4.92
7.123746,4.88
7.3002334,4.66
7.306075,4.45
7.534284,7.19
7.5399156,7.66
8.08375,7.7
7.310735,7.9
7.8652315,7.06
7.538343,7.2
7.66592,8.19
7.7950554,9.0
7.4729843,6.9
7.588736,8.4
7.6501136,7.48
7.543058,7.72
7.619081,7.85
7.6225405,7.66
7.533783,7.15
7.100524,5.82
7.6283927,7.77
4.7257457,5.07
7.534273,7.02
5.8162227,4.85
6.058928,5.29
6.2635064,5.46
6.0276055,5.68
5.535627,5.45
6.100494,5.54
6.085258,6.47
6.1291366,6.61
6.0042396,6.29
6.336659,7.1
6.366112,7.42
6.168409,7.36
6.1140904,5.28
6.3599215,6.05
6.210039,6.29
6.323401,6.02
6.5076356,7.72
5.342629,4.89
5.8133683,6.32
5.5241275,6.46
5.8726315,6.35
5.999482,7.25
6.6062083,7.1
7.476498,6.39
7.624502,6.49
7.311173,5.31
7.4411798,5.39
7.3464513,6.74
7.0869136,6.54
7.2883162,6.51
7.5433116,6.55
7.313907,6.59
7.5175824,6.55
7.2861733,6.85
7.3800244,6.57
7.354943,6.52
7.311153,6.51
7.5097747,6.74
7.414597,6.54
7.476904,6.57
7.163278,6.13
6.646872,7.13
6.5396585,7.3
6.3377376,5.41
6.601895,5.73
6.5654573,6.08
6.5409636,8.0
6.2776666,6.11
6.448069,6.34
6.4895225,6.34
6.548949,8.1
6.488028,7.6
6.2057796,7.89
6.54672,7.41
6.2189403,4.1
6.388614,5.02
6.205081,5.6
6.388203,4.74
6.0525894,6.62
5.763362,5.25
5.9960093,4.62
6.0178013,4.55
6.002292,5.89
5.719102,4.32
5.893924,4.59
5.719769,6.26
5.3690386,4.52
6.0606537,6.17
6.484793,4.62
6.2254033,6.24
6.1583495,4.21
6.0314245,7.47
5.8131804,4.26
5.944188,4.59
6.1299787,5.74
6.5600543,6.55
6.1062484,5.86
6.6681457,5.89
6.2475543,6.57
6.7036943,7.08
7.0760746,7.15
6.813399,7.05
6.9110055,6.7
6.9199862,6.66
7.0384183,6.85
6.769935,7.28
6.8737235,6.8
6.906065,7.17
6.8331814,7.47
6.452906,6.85
6.354115,6.85
6.2370877,7.24
6.619971,8.6
6.5614057,8.96
6.550659,8.82
6.5675316,8.66
7.144776,8.85
6.636865,8.92
6.454424,5.82
6.3216133,6.82
6.3332677,6.82
6.3735113,6.4
6.5635595,10.82
6.698671,7.38
6.706333,8.3
6.6090674,6.05
6.5534463,7.57
6.7106113,8.22
6.4470572,7.85
7.033801,7.43
6.6347165,8.22
6.622219,8.52
6.2073674,7.85
6.3280506,8.55
6.3929057,7.66
6.533755,9.72
6.57489,10.0
6.6758113,10.57
6.593529,10.21
6.154536,9.93
6.503789,9.85
6.3493705,9.76
6.5675416,9.62
6.389776,9.43
6.8712473,9.42
7.093382,9.41
6.4063563,9.1
6.4028325,8.73
6.55006,8.38
6.132329,8.75
6.5010734,8.7
6.6222463,8.46
6.4161215,10.05
6.3112273,8.13
6.613506,9.68
6.7261367,10.28
7.1232476,9.92
6.984691,6.55
6.853942,10.49
6.5841484,8.53
6.5067506,7.88
6.4476867,7.19
6.5915613,7.44
6.91201,9.27
7.5109887,8.83
6.5530066,8.96
6.566177,8.77
7.240841,8.02
6.4581394,7.06
7.067329,7.15
6.9983335,8.58
6.7789617,9.49
6.2869153,9.17
6.408166,8.0
6.35085,5.84
6.381311,6.1
6.249538,6.12
5.698665,5.23
6.2109284,5.8
6.2039003,5.57
6.531212,5.53
6.075661,6.16
6.5598207,5.6
6.368831,6.06
5.989384,5.82
6.4032187,7.28
6.033971,6.94
6.8238187,6.34
6.795974,6.07
6.351388,5.75
6.56562,5.31
6.4776416,5.94
6.7595706,6.54
5.560331,5.22
5.389666,4.87
6.7421203,5.4
6.0306444,6.09
6.064853,6.13
6.308122,5.29
6.363747,7.06
6.7748747,8.16
6.1853647,6.24
5.2049327,6.69
5.14582,6.82
5.2760024,6.84
4.87553,6.41
4.974367,6.49
5.937694,7.51
5.4814544,6.98
5.5383067,6.91
5.6545534,7.24
5.5711985,6.95
5.452378,6.74
6.2379684,7.32
5.9960504,6.94
5.8885407,7.36
6.0146456,7.74
5.8395433,7.92
5.202164,8.32
6.1156006,7.55
5.8152337,7.8
5.547507,7.6
5.758815,8.15
5.5646462,7.96
6.104783,6.67
5.636361,7.32
5.63812,6.85
5.7794714,7.14
5.472697,6.32
5.782508,6.55
6.6799135,7.7
6.6030374,7.49
6.537214,8.21
6.6635013,7.57
6.4087043,6.77
5.1466813,9.3
5.5160418,6.0
6.6590705,6.03
5.8048935,6.37
5.85717,6.38
6.198115,8.3
5.2835593,7.32
6.67783,7.12
6.0935855,6.73
5.4561954,6.71
4.7945848,6.61
5.3812833,6.43
5.300239,6.3
5.205986,6.2
5.0433507,6.11
6.939401,6.15
7.1680884,6.61
7.3893967,7.89
7.4609017,7.47
6.692226,6.48
7.487182,6.36
7.6301074,6.84
7.521075,6.96
7.639938,7.15
7.2781973,7.3
7.3829875,7.4
7.5370564,7.4
7.5217633,7.57
7.303382,7.7
7.1305146,7.72
7.1777306,7.77
7.3348293,7.89
7.427527,8.66
7.273254,8.19
7.589388,8.47
7.825808,8.85
6.2065864,5.96
6.3410125,5.54
7.8150682,5.85
7.102362,6.85
7.0077806,5.91
6.908485,6.65
7.022527,6.46
6.7375207,5.58
7.1942034,7.39
7.9293275,4.76
7.4881377,5.16
6.797444,6.62
6.8603773,6.44
6.378074,5.94
6.3211207,8.22
6.696836,8.54
5.941246,5.55
6.5374866,6.29
6.857347,5.43
6.5146556,5.22
6.583546,5.18
6.601995,5.51
6.181702,6.1
6.7741737,5.43
6.396752,6.44
6.486145,6.52
5.9583964,5.86
6.468791,7.47
6.1545386,6.16
6.192194,5.78
5.221073,6.11
6.2463565,7.55
6.7150426,7.27
5.535692,5.77
6.584596,7.82
6.926646,8.35
6.0500617,5.13
7.522667,6.96
7.393739,5.75
7.7712183,5.24
5.441319,6.6
6.9567556,6.76
6.9326224,7.51
6.9363985,8.1
7.469359,6.81
7.04235,6.37
6.7265477,7.92
6.5204177,6.13
6.90877,5.86
7.8362994,5.4
7.63714,5.01
7.506781,5.63
7.476972,6.01
7.4193726,5.95
7.6012797,5.92
7.4236946,4.46
7.102903,6.35
7.454085,5.92
7.095283,6.69
5.29251,9.3
6.3711615,5.24
6.7641683,7.24
6.8804865,9.0
6.9807286,6.21
6.5507245,7.49
6.0036273,6.19
5.7522535,5.47
6.1641555,5.44
5.9881716,6.82
6.7023864,7.2
6.7223907,6.51
6.677616,6.14
7.3718204,6.7
7.723704,6.92
6.9165454,6.52
7.8179307,7.01
7.240135,6.35
7.1972194,5.85
6.529162,7.15
6.144596,6.16
6.2203956,6.12
6.0580945,7.38
6.1688237,6.44
6.5009065,7.15
6.4775634,7.15
6.360436,6.52
6.003673,5.22
6.955009,8.15
7.2693334,5.85
6.4086246,7.18
6.6587057,5.88
6.8042626,5.7
6.4808717,5.29
6.270324,6.03
6.50386,6.05
6.783794,6.69
6.9719405,6.68
7.0072436,6.58
6.9955716,5.83
7.3261905,5.39
7.0778594,6.1
5.864468,7.5
6.372549,6.3
6.607164,7.8
6.3946853,6.8
6.290758,7.1
5.642463,6.7
5.742401,6.7
6.7640204,5.7
6.4878383,5.99
5.8568473,5.9
6.7637334,7.0
7.450541,5.73
6.9813066,6.1
5.8186226,6.2
6.1789737,6.8
6.9663005,5.9
5.486728,7.5
6.0952363,7.6
7.4914627,8.2
6.081036,5.9
7.0613394,6.5
6.965778,7.1
6.9543786,7.3
6.913822,8.5
5.5176797,7.3
6.6737623,8.2
6.456451,7.3
6.6717305,5.82
6.3420777,6.82
6.540359,5.23
6.300331,6.02
6.4424644,6.17
6.75968,6.36
7.088799,6.2
6.659429,7.14
6.7296977,7.48
6.874235,7.49
7.09366,6.51
6.96866,8.38
6.9133744,5.46
6.894933,6.8
6.6923995,8.33
6.6135383,6.6
6.485762,7.15
6.482872,7.05
6.411416,6.27
6.5867953,7.07
7.2251153,6.94
7.3686795,5.17
7.136853,6.85
6.627943,7.24
6.820642,6.74
7.0096993,7.08
7.0106664,7.1
6.3656726,6.33
7.0644183,7.15
6.857084,6.85
6.7136426,6.96
6.888352,6.8
6.793348,6.72
6.830813,6.85
6.747076,6.8
6.501425,6.77
6.5202284,6.68
6.3679023,6.92
6.394173,6.82
6.07488,7.15
6.181597,5.28
6.971653,6.46
7.715013,7.8
6.725571,7.22
7.124564,6.52
6.940819,7.3
7.2646117,8.6
7.6106973,8.8
7.3782697,8.8
7.3821115,8.85
7.3532968,8.47
6.888374,8.74
7.2411876,8.48
7.174821,8.36
6.834117,8.51
6.737806,8.52
6.7121196,9.0
6.688396,8.32
7.1081843,7.82
6.8750544,8.89
6.497737,8.49
7.124326,7.95
7.3373375,8.04
7.153266,7.84
7.208669,8.07
7.212401,8.29
7.3063045,7.65
7.3249116,7.94
7.3490243,8.15
7.070784,7.96
6.958098,8.02
6.8684316,7.52
7.084619,8.11
7.3813987,7.45
7.342978,7.22
6.9916997,7.99
7.1858068,7.66
7.233189,8.12
7.0561814,8.27
6.775697,8.11
6.9739,7.87
7.353352,7.7
7.283722,8.47
6.82785,7.51
6.845323,6.63
7.201444,7.1
6.8843913,7.7
5.6097608,5.49
5.372747,5.55
5.5188904,5.55
5.435468,5.62
6.2214746,5.7
5.7371745,5.72
6.6401434,5.82
6.3908725,5.82
6.162599,5.92
6.5512853,5.92
5.6866426,5.92
5.6842823,5.96
5.465257,5.96
6.300621,6.03
5.909989,6.05
6.397385,6.08
5.6740365,6.1
6.1369257,6.27
5.5981345,6.42
6.320126,6.6
6.848307,6.62
6.1426606,6.62
5.926419,6.64
5.884629,6.64
6.566688,6.77
6.2962356,6.85
6.434917,7.0
6.141631,7.02
6.696673,7.03
6.7715836,7.13
6.232843,7.19
6.5652156,7.54
6.642637,7.72
6.663603,7.74
6.842032,7.85
6.5903506,8.0
6.8006005,8.31
7.057528,7.96
7.0560575,7.28
7.276221,7.8
7.095119,8.1
7.192956,6.89
6.63177,6.82
7.038012,7.1
7.0028973,7.66
7.5730047,6.68
7.5333457,8.15
7.252223,6.55
7.2082167,7.05
6.981364,6.96
6.9746737,6.96
7.905569,7.28
7.92573,7.01
6.8579354,6.82
6.773835,6.72
7.0249543,6.41
7.3353133,8.22
7.2585998,7.52
7.5058966,8.7
7.612159,6.4
7.4524474,6.96
6.06969,6.28
7.0500817,7.8
6.9194036,8.3
6.916932,7.8
6.951143,7.4
7.5727983,6.22
7.1812673,6.85
7.1409583,6.39
6.1874914,5.25
6.249682,7.15
6.4301505,6.16
6.645136,5.77
6.8550544,6.54
7.437713,8.32
5.898882,5.57
5.8072057,5.38
7.217193,6.06
6.6351943,5.62
7.033832,6.35
6.764424,6.26
7.1318984,5.48
6.899152,5.69
7.148092,5.28
6.9304557,5.18
7.1120086,7.29
6.5481124,7.2
6.886169,6.62
7.195395,5.57
7.042772,5.92
7.131607,5.95
7.3641696,6.9
7.1271644,6.47
6.5078816,5.9
7.0373683,6.45
7.1487856,6.15
6.908593,6.38
6.6770597,5.44
7.10241,6.02
7.134295,6.08
7.137122,6.24
6.9483647,6.59
7.04478,6.11
6.705828,6.26
6.5894933,5.69
6.495586,5.99
7.0196686,5.31
6.9876847,6.82
7.1068864,6.49
7.095947,5.96
6.7740273,5.75
7.194734,5.61
6.718839,5.73
7.3043275,5.13
6.6720567,6.32
7.109671,6.48
6.873892,5.84
7.484348,5.71
7.1168284,5.1
7.14362,4.94
7.398972,6.64
7.6128793,6.96
7.300033,6.7
7.023154,6.82
7.2483993,7.32
7.2536516,7.27
6.3189387,5.96
6.3060746,6.19
7.0177164,6.51
6.382425,7.52
5.9846377,6.11
6.1536946,8.17
6.4069495,8.0
5.978331,6.43
5.746035,6.55
6.204161,6.19
6.8573003,8.82
6.4628506,8.05
6.47357,7.22
6.4223924,5.37
7.2362475,5.0
6.945283,9.3
6.5752263,8.85
6.638928,7.64
7.148175,8.85
6.9746165,9.52
7.12993,9.0
7.100631,8.21
7.5187383,7.06
6.597799,8.07
7.111937,8.8
7.3775897,8.39
7.2391105,8.82
7.3424487,9.4
7.248697,9.1
6.3056006,7.46
6.509196,7.6
5.9425,7.37
6.7295284,6.4
6.844771,6.52
7.1368175,6.4
6.803547,6.23
6.8984704,7.23
6.918116,6.64
6.178648,6.89
6.5907865,7.34
6.5208077,7.25
6.408561,7.44
6.238482,7.11
6.7704644,7.42
6.893728,5.39
6.9239774,6.04
6.6165924,5.66
6.7999306,5.59
6.7217627,6.24
7.1065054,6.38
7.377702,6.15
7.1636977,6.06
6.6448445,6.8
6.598028,6.0
7.030914,6.77
7.112599,7.0
6.9987874,6.92
6.562882,6.68
6.9645395,6.41
7.0467973,5.38
6.5920568,6.36
6.5684457,6.7
7.0437417,6.51
6.902517,7.6
6.6664314,7.57
6.4453874,6.39
6.7802606,7.39
6.777143,7.55
6.387194,7.49
6.869002,7.96
6.4285603,8.59
6.534659,8.92
6.7435155,8.01
6.4404893,7.36
6.4322457,7.26
6.7829256,7.37
6.68881,6.26
6.6459346,7.02
6.589885,6.3
7.0094466,6.82
7.292473,6.21
7.2174153,7.36
6.9189262,6.49
7.168937,8.23
7.4437156,6.6
7.4731317,6.37
6.987907,8.59
7.057615,6.33
7.381619,6.33
7.388802,6.43
7.022939,8.44
7.2309766,6.24
7.555934,7.14
7.202393,7.55
7.25155,6.72
7.1532717,6.89
6.9936748,6.92
7.081812,6.85
6.847689,6.26
7.2665486,6.74
7.292739,6.96
6.9706054,6.43
7.243278,7.25
6.946522,6.74
6.9126143,6.35
6.4336557,6.51
7.073175,7.06
6.558845,6.77
6.810153,6.68
6.541579,7.01
6.8935905,6.96
6.477762,6.52
7.050259,6.59
6.9938245,7.0
7.152098,8.55
7.104205,7.28
7.476868,7.66
7.327661,6.31
7.0233274,7.8
6.9987946,7.06
6.9658017,6.89
7.036245,7.36
7.2607303,6.44
7.29102,6.42
7.0143332,7.0
6.6926603,8.26
6.879903,6.48
6.677095,6.96
7.241554,6.51
6.7815185,6.92
7.0790052,6.96
6.884605,7.19
6.688541,6.36
7.029021,6.59
6.870549,6.48
7.0122995,6.46
6.9635825,6.12
6.989353,6.01
6.4834623,7.0
6.5326853,6.96
6.7949653,6.19
6.973006,6.85
7.2914844,6.07
7.080794,7.36
7.0253844,6.8
7.1380205,6.85
7.013224,6.57
7.2215486,6.13
7.07253,7.43
7.1452456,6.01
7.3045964,6.19
7.017008,6.46
6.9703264,7.72
6.636575,7.0
7.124266,8.32
7.115044,6.37
6.8563285,7.03
7.2819915,6.7
7.223717,7.49
6.8738475,6.7
7.0967774,7.0
7.2110734,6.32
7.2653685,7.1
7.053969,6.64
7.1208444,6.49
7.207605,7.17
6.936663,6.64
7.0540338,6.48
7.0735965,6.43
7.061953,6.8
7.172464,6.57
7.045468,6.85
7.386968,6.57
7.0078435,6.47
7.5247064,6.48
6.8702407,6.72
6.9410105,6.49
7.2457356,6.44
7.262527,6.21
7.4696436,6.03
7.175613,6.43
7.1311517,6.29
6.581557,6.12
7.147819,6.28
6.626542,6.23
6.940503,6.21
7.2471113,6.21
7.3946843,6.07
7.69906,6.37
7.6641674,6.11
7.7356377,6.12
7.6130114,6.26
7.445116,6.05
6.8425117,6.68
6.8601317,6.85
7.041821,6.38
7.713819,6.31
6.8850875,6.57
7.0629163,6.29
7.3493114,6.49
6.6359925,6.46
7.0679746,6.36
7.111344,6.41
6.5548325,6.54
6.97338,6.6
7.366819,6.27
7.16611,6.34
7.1735077,6.8
7.258922,6.8
7.0894604,6.06
7.2277136,6.25
6.934446,6.48
6.9184794,6.68
6.759847,6.59
6.3417983,8.14
6.6804314,7.52
6.6334863,6.74
7.096415,6.28
7.2812953,6.7
7.2630954,6.54
7.5582848,7.55
7.0907855,6.62
6.5673366,6.12
6.4131455,7.89
6.928965,6.77
7.2657433,6.24
7.0269036,6.48
7.018495,6.42
6.8091397,6.82
6.8839283,6.15
7.0556517,6.1
6.7792296,6.12
6.9610205,6.7
6.929233,6.08
6.7806544,6.82
6.3716235,7.0
6.9144874,6.09
7.0912433,6.11
7.0171843,6.03
7.215752,6.51
6.6431537,6.08
7.1145196,6.44
7.3436255,6.49
7.385838,6.96
6.5033007,6.17
6.684674,6.38
6.6514077,6.77
6.813454,6.57
7.31351,6.43
6.5760446,6.28
6.885264,6.39
7.3816853,6.62
7.1707664,7.17
6.578674,6.92
6.6943116,7.47
6.936343,6.77
6.9006686,8.54
7.1119456,6.35
6.4768844,6.24
7.1331344,7.6
7.0607376,6.85
6.9332175,7.62
7.2862267,6.06
7.0726223,6.27
7.423127,7.35
7.107478,7.28
7.0737643,8.15
7.2070637,9.0
7.122453,8.4
7.4022284,7.74
6.7850585,7.59
6.898195,7.43
6.7329063,7.34
6.953587,7.66
7.0948067,7.32
7.0653443,7.28
7.055323,6.96
7.265016,6.82
6.3039856,6.8
7.33408,7.21
7.192707,7.36
7.276831,7.42
7.595621,7.72
7.3972573,7.08
7.18562,6.62
7.0999084,6.96
6.784375,7.22
7.361711,6.64
7.1624465,7.13
7.128144,6.82
7.5491567,6.54
7.540648,7.0
7.221306,6.7
7.429168,6.72
7.414641,6.59
7.4800878,7.1
7.3697643,6.37
7.2032948,6.59
7.1541915,6.43
7.336802,6.04
7.116353,7.59
6.943537,7.49
7.11868,7.03
7.0929036,6.7
7.3926916,7.28
7.3288865,7.14
7.6188703,7.24
7.104934,7.04
7.328199,6.7
7.164634,6.77
7.14549,6.43
7.5418615,7.31
6.917246,6.77
7.569128,6.36
6.2784734,7.21
7.553088,6.48
7.118973,7.62
7.6754813,7.19
7.591087,7.47
7.4691634,6.54
7.4936376,6.48
6.562903,6.64
7.641029,7.27
7.330517,6.32
7.3166704,6.15
7.3097415,6.89
7.4609356,6.96
6.9948797,7.21
7.4138436,7.54
7.4986963,6.46
7.2308507,6.4
6.2275996,5.62
7.143273,5.79
6.647836,6.02
6.121678,7.26
6.083213,6.1
6.528472,7.24
5.167633,6.73
7.3868337,7.89
6.858257,8.54
6.995388,8.7
7.145374,8.74
7.1835766,9.15
7.5935426,7.4
7.0487638,7.77
7.2002735,5.46
6.961786,8.77
6.5466485,7.89
6.751716,7.72
6.8225894,7.51
6.75839,8.89
6.855442,9.22
6.8652873,9.4
6.876639,9.52
7.159492,9.3
7.0885887,9.15
6.867161,9.15
7.213799,9.22
7.279672,9.3
7.273518,9.22
7.497118,8.92
6.9535565,8.29
7.097588,8.49
6.9176784,8.0
7.0943084,9.15
7.070042,9.22
6.1745486,6.11
6.3175178,3.88
7.956936,7.7
8.583352,7.22
7.9539204,7.42
7.569884,7.11
7.6144094,7.36
7.1335497,6.86
7.3158517,7.6
7.86549,4.93
7.8357487,7.85
7.5066442,4.62
6.799589,6.38
6.532923,6.96
7.0269074,5.93
6.916324,5.49
7.426158,8.32
7.3585224,6.15
6.4956174,5.96
7.5488915,5.09
7.254766,5.85
7.213201,7.3
7.1656213,6.22
7.4289083,5.39
7.469994,5.32
7.2519083,5.43
7.4733105,7.02
7.4110656,6.48
7.0391693,8.0
7.0463634,6.92
7.6254334,7.52
7.706975,6.52
6.817637,6.39
6.730949,6.7
7.5903897,5.96
7.6147366,6.49
7.5952888,6.11
6.6741786,6.01
7.4295278,6.6
7.1203403,6.6
7.3270164,7.6
7.227698,8.36
7.293594,5.54
7.2957616,5.74
7.288171,5.5
7.2865663,5.02
7.1482224,5.6
7.125194,5.53
7.1581235,5.74
7.263113,5.7
7.231687,5.34
7.1678424,6.62
7.1728654,6.75
7.2521033,5.47
7.165158,5.37
7.3308663,7.1
7.2812734,5.33
7.3777204,8.3
6.504808,9.22
7.207153,10.7
6.5857677,6.82
6.5579314,7.2
6.8922906,6.8
6.96524,7.15
7.426158,8.3
7.268433,8.52
7.251913,7.17
7.3698688,7.03
7.230581,7.22
7.240375,7.92
7.4842415,6.24
7.3361373,6.92
7.385708,6.64
7.33569,6.41
7.424882,6.28
7.5756783,7.21
7.6206956,6.85
7.7303658,6.55
7.7245526,6.12
7.8409886,6.06
7.684516,6.57
7.8447213,6.8
7.766025,6.74
7.8516164,6.77
7.7507997,7.0
7.80701,7.1
7.783771,6.52
7.8530903,7.64
8.049433,7.4
7.95924,6.82
7.9750066,7.06
8.100602,7.92
7.970549,7.82
7.7470503,7.16
7.8612475,7.72
7.686624,7.8
7.6165166,7.89
7.68284,7.77
7.0168424,6.21
7.275292,6.88
7.6035657,7.05
7.553038,6.95
7.385212,7.03
7.6379247,6.85
7.4075923,6.83
7.50629,7.15
7.647183,7.0
7.642798,7.21
7.8234863,6.63
7.3783984,6.83
7.765603,6.87
7.3658724,6.82
7.4758005,7.22
7.5150943,7.08
8.056136,7.59
7.815934,7.6
7.8724065,7.92
8.169234,7.66
7.8235183,7.39
6.799772,6.11
6.904,5.57
6.691124,6.43
6.784209,5.76
6.91487,6.83
6.8242087,6.7
6.307243,7.64
6.3020973,7.12
6.311416,6.15
7.0098763,10.22
7.171513,6.28
7.2935295,7.89
7.4287305,7.48
7.2595553,7.06
6.5315104,7.48
6.7765326,8.8
7.0164747,8.23
6.797991,7.22
7.0123124,7.96
7.188818,5.48
7.596866,5.62
7.2823915,6.74
7.1691327,5.36
7.2337165,5.51
7.151071,7.48
7.2845807,6.8
6.853431,6.6
6.973782,6.51
6.924153,6.7
6.4727387,10.15
6.5029054,9.1
7.1925073,6.72
7.267095,7.24
6.876345,6.2
7.1338463,6.28
6.625626,5.6
6.5194736,5.28
7.2860627,6.8
7.1110673,6.2
7.1881,6.0
6.946774,5.2
6.2543855,5.6
6.464893,6.6
6.2510066,6.6
6.404931,6.1
6.048892,6.5
6.3518443,6.1
5.931615,6.4
7.415922,5.59
7.3944726,5.66
7.259867,5.64
7.306861,5.64
7.3286853,5.81
7.4232388,5.76
5.484439,5.41
6.204928,6.17
6.184275,6.08
6.102263,5.96
6.485604,6.15
6.487469,6.82
6.514258,6.37
6.638169,6.66
6.2954936,4.62
6.48548,5.8
6.2096767,6.19
6.3120847,5.47
6.8250585,4.96
6.6956754,6.89
6.653473,5.55
6.7514563,4.85
6.9172406,5.17
6.9411626,5.57
6.2425666,4.8
6.254821,5.38
6.9774103,6.74
6.993609,7.7
7.0089736,6.66
7.183819,6.48
6.8249,7.26
6.831327,6.68
7.5040174,6.86
7.5113506,5.28
7.67932,7.24
7.7176223,7.54
7.7220902,7.17
7.859837,7.43
7.844151,7.49
7.8319488,7.49
7.8158855,7.31
7.6051264,7.54
7.602744,7.25
7.6698537,6.59
7.6698537,6.36
7.7550306,6.68
7.7347836,5.89
7.6600013,6.68
7.5843124,8.96
7.0834365,7.24
7.520244,7.17
7.504276,8.0
7.4654326,7.59
7.438089,8.05
7.5771184,7.36
7.555408,8.1
7.743672,6.54
7.7267632,6.32
7.675811,8.0
7.524528,7.34
7.660728,7.4
7.393989,6.17
7.5279512,6.72
7.6290607,8.15
7.4933295,7.8
7.46285,7.66
7.6796985,8.1
7.722384,7.62
7.6647563,8.22
6.8799396,5.61
6.8507686,5.56
7.354752,5.65
6.8096304,5.58
7.32022,5.73
6.977159,5.6
6.9280443,6.96
6.924359,6.23
6.942658,5.38
7.1741786,5.92
7.4167995,6.15
7.2136397,7.31
7.2146025,6.7
7.0863943,6.22
7.0720367,6.18
7.3409877,6.53
7.2321053,6.87
7.244962,7.05
7.2675014,7.1
7.4965987,7.02
6.9592633,6.56
7.236078,7.22
7.1666055,7.31
7.0935826,7.37
7.1585655,7.29
7.424004,6.92
7.0241513,6.56
7.2399516,7.21
7.163162,6.82
7.1564264,6.81
7.153307,6.3
7.2333817,7.31
7.1662955,6.03
7.2583947,7.1
7.1263175,6.79
7.373553,8.17
7.239157,7.32
7.2432313,6.8
7.606572,6.51
7.6831264,6.16
7.6035075,6.94
7.1476054,8.09
7.3643255,7.06
7.4426866,7.25
6.9323087,7.39
6.961609,7.16
7.1353674,7.7
7.135674,7.54
6.97874,7.77
7.280262,7.89
7.329017,7.49
7.213132,7.89
6.905511,7.17
6.9487414,7.3
7.4509435,8.05
7.3690004,8.12
7.8142285,8.07
7.502581,8.07
7.8223357,7.74
7.671621,8.0
7.3092055,7.85
7.4497104,8.21
7.324816,7.92
7.243483,7.85
7.0799513,7.8
7.127234,7.96
7.241404,8.19
7.5279675,7.54
7.535459,7.52
7.573502,10.7
7.5297966,7.77
6.832754,7.41
6.6632686,7.66
7.2876945,6.89
7.309522,8.79
7.4637713,8.57
7.230642,8.74
7.372565,8.42
7.7020345,8.24
7.7260594,8.2
7.312571,8.02
7.344957,8.3
7.2889085,7.96
7.27788,8.7
7.440472,8.15
7.494777,9.17
7.524031,8.4
7.4894166,8.7
7.4943395,8.22
7.0920806,7.74
7.2957487,8.05
7.427006,7.88
7.138326,7.63
6.8327303,7.19
6.9737105,7.47
6.5261335,6.95
7.113412,7.68
7.0743217,7.04
6.9767976,7.05
6.989304,7.92
6.808125,8.1
7.0768538,7.03
7.231048,6.99
7.406888,7.1
7.2402425,7.77
7.02296,8.05
6.9940476,6.85
7.076512,6.34
7.345883,8.15
7.481972,8.22
7.14072,8.0
7.0623,7.89
7.2800317,7.89
7.0953894,8.22
7.1007066,7.51
7.2023387,7.0
7.1231475,8.05
7.1380296,6.14
6.6836057,6.6
6.656734,6.5
6.070036,6.2
6.671351,7.0
6.8462415,7.1
6.821487,7.2
6.8960834,7.0
7.066077,6.8
4.7709985,6.0
6.372032,8.48
6.4515433,8.15
7.0859814,8.74
7.0541625,8.29
7.544537,9.01
7.296965,8.11
7.2571588,8.47
7.2988915,8.96
7.3564534,8.41
7.0378194,8.07
7.6247115,8.89
7.656229,9.82
7.4940386,9.08
7.5121856,9.72
7.4985595,9.44
7.2916694,9.47
7.557612,9.68
7.9797826,10.09
7.2597857,9.46
7.5634475,8.96
7.56211,9.64
7.457416,10.29
7.3031583,9.29
7.279254,9.43
6.8889294,7.92
6.9175754,7.49
7.1975865,6.89
6.889462,7.24
7.037576,7.74
7.0175953,8.02
7.2595897,9.01
7.1766543,8.96
7.412792,7.82
7.1490645,8.8
7.235086,8.96
7.387084,8.89
7.129136,8.64
7.2811556,8.54
7.4472837,9.07
7.3283515,7.54
7.3923225,8.51
7.164038,9.0
7.4610243,8.96
7.50946,7.74
7.4692335,7.41
7.4207244,7.17
7.5314345,7.8
7.345265,7.85
7.3696,8.23
7.2208667,8.3
7.2066035,10.77
7.1888967,8.42
7.591753,8.85
6.648128,6.47
7.428153,6.62
6.9053526,6.78
7.2465434,6.73
7.205742,5.05
7.398051,5.54
7.6779666,7.14
7.0896306,6.3
6.8791327,6.75
7.370602,8.0
7.7524967,6.9
7.2467403,6.08
7.6407723,7.11
7.647143,6.03
7.671435,7.15
7.4056735,7.62
7.1300707,7.59
7.302857,6.81
7.173595,5.82
6.948324,7.57
7.241625,6.51
7.0910735,7.74
7.174113,6.87
7.071758,6.97
7.0616317,6.24
6.991962,4.6
7.8880987,6.34
6.049306,7.1
5.772306,6.59
5.937591,6.1
6.02543,7.0
6.1639414,6.4
5.910076,7.0
5.578108,5.6
6.0616574,6.6
5.276641,5.15
5.9882956,6.0
5.857778,7.15
6.3647685,6.92
5.554971,6.89
5.7939487,6.49
6.341883,7.0
5.555657,6.35
4.9672837,4.47
5.604251,7.3
5.205814,5.46
5.348168,5.68
5.2150736,5.68
5.3923945,5.77
6.6149507,7.2
6.379728,6.99
6.8120723,6.67
6.154994,7.64
6.296352,5.95
6.951886,6.33
6.471149,6.32
6.3996186,5.68
6.7099566,6.05
6.4905934,6.42
6.6931643,6.52
6.5565286,7.6
6.469845,4.95
5.2518573,5.19
5.8456655,5.14
6.4980693,6.47
6.4026732,7.06
6.6404395,7.72
6.918039,5.96
6.10039,6.33
6.109488,6.82
6.7133856,7.17
6.678338,7.17
6.4557633,6.82
6.4267144,6.44
5.8320794,5.37
6.2954297,4.36
6.7313,6.3
6.3482013,7.11
6.6567245,6.3
6.3767457,7.05
6.921667,6.66
6.530237,6.6
6.4929533,7.42
6.586619,5.78
6.729056,5.5
6.4617057,7.05
6.548362,6.89
7.1466475,6.72
6.291909,7.46
7.173899,7.37
5.964111,6.3
7.3952503,5.92
6.572182,6.85
6.9768844,7.0
6.7864394,6.89
6.736691,5.61
6.467235,6.29
7.2873282,6.0
6.5732145,6.21
6.983575,6.21
7.3627505,5.34
7.0335073,6.0
6.482788,6.13
6.6016746,5.67
6.8607497,7.22
7.082991,6.2
6.637791,6.27
6.719041,6.28
6.6776624,5.84
6.3677998,5.77
6.937405,6.17
6.96392,5.92
6.691236,7.46
7.115851,7.7
6.6631517,6.96
6.6742473,6.72
6.7192335,6.85
6.9077,7.66
6.7472167,7.55
5.247403,5.7
6.6510634,7.02
6.783834,6.1
6.5772057,6.04
6.396256,5.47
6.6426044,5.24
6.6455483,6.62
6.6524024,5.08
6.36734,5.68
6.57932,6.62
6.1388993,6.64
4.836705,6.28
6.2125545,6.47
6.3747005,6.66
5.306749,5.92
5.281566,5.16
6.752964,6.77
5.9915223,5.55
6.836988,5.17
6.6619344,6.25
6.0178046,7.1
6.9055076,6.38
6.1326046,6.18
6.020892,6.35
6.137201,6.42
6.7165723,6.89
6.753052,6.57
6.120773,6.6
6.2304606,5.39
6.272583,6.96
5.953461,6.01
6.3699927,5.09
6.286106,5.62
6.380696,6.05
6.4717336,5.85
6.1066413,5.39
6.4261947,5.41
6.412169,3.77
6.3151956,6.62
6.317873,5.66
6.0047636,6.11
6.2717605,6.14
6.5144267,6.24
6.5142145,6.57
6.4553504,6.0
6.353655,6.82
5.901058,6.89
5.7081223,7.15
5.8225636,5.85
6.4948115,5.72
6.116324,6.82
6.417274,6.42
5.7660956,5.62
6.0765176,6.0
6.565388,6.69
6.5318007,6.1
5.757978,6.62
6.215551,6.86
6.522681,7.03
6.148469,6.35
5.9318824,6.89
5.89022,6.35
6.1665907,6.35
6.2056975,6.45
6.148145,6.22
6.3556266,6.44
6.484317,7.0
6.3166213,6.96
6.5441117,7.03
6.676876,6.61
6.429031,6.34
6.4648137,5.82
7.044951,6.04
4.7821107,6.06
6.768397,6.68
5.8946843,4.57
5.978275,4.34
6.2062488,4.64
5.598244,6.27
6.3452926,5.19
6.5123067,4.67
6.3509746,4.03
6.4273696,5.46
6.245956,5.08
6.279243,4.94
5.767512,4.95
6.1764007,5.28
6.158796,5.28
6.02577,4.75
6.0060067,4.09
6.41981,5.22
6.2859373,5.06
6.018702,6.92
6.704811,5.14
6.5541043,5.37
6.2152205,6.3
5.6984034,7.14
5.6809783,5.79
6.203155,5.86
6.3722043,6.16
6.4175134,6.62
6.05343,7.02
6.528933,7.0
6.3287306,6.6
7.809316,9.4
7.931472,9.74
7.915972,9.46
8.114049,9.51
7.7635665,10.19
7.9852433,10.05
8.049675,10.14
7.9483447,6.4
7.834122,6.52
8.084596,6.15
8.05725,6.18
7.9956,6.41
7.9833045,5.66
8.045349,6.68
7.9716115,8.2
7.958259,8.11
7.9540763,7.99
7.958791,8.09
7.9846644,8.22
8.01621,8.07
7.902798,8.04
7.9442105,7.99
7.990631,8.09
7.952439,8.22
8.016777,8.07
7.936844,7.96
7.9210114,8.22
7.9144216,8.22
7.9792433,8.22
7.975063,8.03
7.843987,8.09
7.9729714,8.22
7.907808,8.07
7.9741735,8.11
7.9516025,8.02
8.007564,8.09
7.9652505,8.22
7.941788,8.07
7.9184766,7.98
7.888722,8.17
7.938481,8.2
7.8631954,8.17
7.9635334,8.09
7.9214044,7.96
7.902679,8.17
7.9427714,8.2
7.914725,8.17
7.8724313,8.09
7.9506507,7.96
7.9157853,8.17
7.952937,8.2
7.9861674,8.17
7.879458,8.17
7.872087,8.2
7.9416976,8.17
7.9612613,8.17
7.8776484,8.03
7.9091806,8.06
7.8339305,8.2
7.8287945,8.08
7.944532,8.21
7.8359156,8.03
7.8659763,8.06
7.893301,8.2
7.8799562,8.08
7.9296155,8.21
7.919183,8.03
7.9402633,8.06
7.8612533,8.2
7.918587,8.08
7.977491,8.21
7.9058223,8.03
7.9424357,8.06
7.8262386,8.2
7.9077945,8.08
7.937369,8.21
7.922944,8.03
7.901017,8.06
7.9238114,8.2
7.9517064,8.08
7.9431987,8.21
7.9629517,8.03
7.924816,8.06
7.957067,8.2
7.9092064,8.08
7.923401,8.21
7.902282,8.03
7.8838134,8.06
7.8572974,8.2
7.958221,8.08
7.942284,8.21
7.924807,8.03
7.907312,8.06
7.920811,8.2
7.976109,8.08
7.8866467,8.21
8.008864,8.17
7.9218206,7.98
7.8767323,7.71
7.86814,7.3
7.793568,7.52
7.800344,9.7
7.816445,11.7
7.862618,11.52
7.760464,9.3
7.736105,8.96
7.724974,8.66
7.6871877,10.15
7.842736,7.33
7.915935,7.2
8.056686,6.52
7.85792,6.7
7.8352036,7.07
7.3901896,6.13
7.4155383,6.49
7.4269075,7.96
7.3689685,7.92
7.819612,6.0
7.8193355,6.52
7.8311696,7.0
7.9938197,8.52
7.9750595,10.7
7.9116974,7.52
7.5972586,9.17
7.6981797,9.16
8.065584,6.15
8.093913,6.41
8.034372,5.66
8.021032,6.71
8.070952,5.48
8.161901,7.06
7.910459,6.61
7.8226457,6.28
7.7596436,6.61
7.8456607,7.44
7.804601,6.67
7.781287,6.49
7.8716054,7.85
7.7730217,7.54
7.8626075,7.82
7.832921,6.55
7.800644,6.71
7.5420127,7.05
7.5714297,4.68
7.5387063,4.64
7.507191,4.96
7.614053,5.15
7.5971103,5.44
7.630731,4.66
8.136438,6.97
7.4322596,7.71
7.4341884,8.95
7.3930182,9.04
7.382023,8.9
7.381964,10.22
7.3974824,8.89
7.6857576,10.54
7.6646714,9.42
7.6515794,9.39
7.089152,8.3
7.241161,8.55
7.2506824,7.31
7.9396114,8.52
7.719998,7.8
7.7296424,7.56
7.705816,7.68
7.573739,6.23
7.3261814,7.4
7.847388,9.17
7.9089885,9.68
7.791204,10.36
7.895238,9.82
7.7351804,9.54
7.9183593,11.0
7.8873086,7.42
7.7840343,8.15
7.1645265,8.39
7.1188273,4.48
7.044652,5.8
7.035744,5.31
7.331349,6.39
7.2829113,5.58
7.3442616,6.96
7.261655,5.37
7.1977177,5.25
7.336828,6.7
7.230695,6.24
7.205655,6.82
7.32332,5.74
7.2210293,6.1
7.2103353,7.64
7.727701,9.59
7.723018,8.54
7.7624636,9.92
7.7814956,8.81
7.880737,9.05
7.769218,8.15
7.7545567,9.54
7.7613206,8.62
7.6781793,8.75
7.673674,8.81
7.8827004,7.92
7.892713,7.92
7.934901,7.89
7.92584,9.3
7.7469926,7.06
7.871772,7.39
7.828112,6.57
7.787845,7.17
7.7410855,9.68
7.511827,5.82
8.0324545,7.9
7.9858584,8.3
7.412842,6.06
7.4855056,5.45
7.3253627,6.71
7.103532,5.28
7.3163486,5.92
7.3240094,6.25
7.237405,6.41
7.3868117,6.23
7.3903832,7.11
7.4181657,5.66
7.2631297,6.89
7.2798195,5.72
7.372831,5.01
7.2424483,4.67
7.216784,4.73
7.51614,6.06
7.283853,6.68
7.3291664,4.54
7.311648,7.59
7.032904,6.68
7.3478312,7.85
7.258998,6.62
7.1658287,6.89
7.3238378,5.71
7.141894,5.4
7.1727204,5.19
7.4419746,7.01
7.1954093,6.7
7.164213,5.99
7.100851,5.86
6.9630246,6.13
7.4814525,4.34
7.3294787,5.29
7.442782,5.02
7.453501,5.64
7.8219914,6.69
7.860281,6.93
7.8126993,6.25
7.557772,7.14
7.7405634,7.25
7.7652125,7.29
7.791422,8.95
7.452834,7.75
7.3452716,6.53
7.652177,6.54
7.747777,6.85
7.582439,7.9
7.616367,7.9
7.660915,7.17
8.001244,6.1
7.8594494,7.7
7.9402146,7.08
7.814611,7.64
7.880858,6.99
7.8435545,7.77
7.8835473,7.44
7.7549267,5.43
7.382717,8.3
7.3823767,6.53
7.2385936,7.09
7.3328805,6.57
7.360687,6.08
7.3714395,6.39
7.127959,5.58
7.3677998,5.23
7.0673294,6.28
7.2375045,7.59
7.313609,6.35
7.242468,7.02
7.3497114,6.64
7.9665856,8.96
7.935807,8.74
8.008836,8.72
8.057016,8.64
7.991318,9.62
7.9356275,8.5
7.6660366,8.35
7.6837792,8.25
7.6483855,8.0
7.505219,6.19
7.3956842,7.11
7.3542705,7.38
7.3206587,7.76
7.427869,8.03
7.3886166,7.12
7.35217,7.74
7.3848634,6.79
7.297396,7.03
7.469783,7.24
7.3569083,7.09
8.0467825,8.73
8.219214,7.06
7.259414,8.11
7.3007326,7.54
7.5287066,8.59
6.9351926,8.36
7.239253,8.39
7.280331,7.07
7.1974254,8.52
7.3271246,9.0
7.3361974,9.1
7.3044596,8.64
7.2799067,8.52
7.185203,8.2
6.891462,9.4
7.3385315,7.67
7.2539325,7.59
7.0942664,8.52
7.2197633,9.1
7.1472664,8.21
6.744124,5.96
7.075434,5.55
6.7899776,5.57
6.524717,7.85
6.514382,5.55
6.547446,7.28
6.781859,5.82
6.60164,5.0
6.5295606,7.89
7.19446,6.48
6.7016215,7.68
6.805185,6.52
6.763927,7.47
6.7421055,5.52
7.0170445,6.7
6.802585,6.42
6.8689046,5.51
7.197457,7.44
6.9018264,6.33
6.929549,7.07
6.941418,6.82
6.893195,6.77
6.746731,5.54
6.9458313,5.6
6.815004,7.13
6.8064795,5.66
6.8192744,5.92
6.9082723,6.2
6.7359824,5.6
6.9984703,6.71
6.9097767,7.26
7.2263923,6.23
7.2600474,6.67
7.0849814,6.95
6.511523,8.15
7.2521796,7.3
7.073219,8.42
7.027292,5.94
7.0526457,6.19
7.7137866,6.75
7.154403,7.3
6.812591,6.28
7.265247,7.97
6.929487,6.34
7.293407,8.09
6.962141,5.62
6.929444,7.94
7.285188,8.32
6.95032,6.17
7.029062,6.96
6.504562,7.59
7.3021383,7.66
7.0544887,7.34
5.9325824,6.92
6.3578663,7.8
6.191462,7.48
6.938494,8.4
6.838894,8.7
7.090593,8.1
6.842401,5.68
6.8267484,5.38
7.180306,5.26
6.3925366,5.29
6.9585996,8.22
7.1515427,7.36
7.4021773,8.52
7.5502996,7.33
6.969435,8.15
7.4765296,8.52
7.3936205,7.92
7.0183864,7.85
7.4822984,6.79
6.88384,5.42
7.241444,6.49
7.0318933,5.72
7.06201,6.05
6.546865,5.57
7.3209596,8.4
7.725824,7.23
7.4143243,7.05
6.4644055,5.55
6.7893023,5.59
6.423346,5.55
6.7946897,6.65
6.9369235,8.82
7.1717067,6.66
7.0584273,7.15
6.490435,6.11
6.738581,6.55
6.6767364,5.55
6.9676657,5.64
6.645284,7.27
6.7081094,9.0
6.8850064,7.53
6.9863124,8.4
6.9204097,8.52
7.442058,8.8
7.295998,7.64
7.2579317,9.0
6.8566704,9.0
7.1993575,8.7
7.338117,7.54
7.2794023,8.7
6.8411202,8.7
7.065119,5.4
7.2740808,8.7
7.365577,8.57
7.1378684,8.8
7.278819,8.52
7.2604117,7.57
6.946754,7.85
7.040462,8.22
6.9297724,7.8
7.3374734,6.86
6.9763756,8.4
6.957312,6.89
7.138684,6.95
6.920226,6.15
7.081268,6.71
7.146097,6.57
7.3344665,7.26
6.8216243,5.69
7.036388,5.6
6.785806,8.52
6.990397,6.98
6.963334,6.31
6.8031745,6.09
7.118768,7.57
7.261421,7.51
6.804116,8.7
7.030215,7.02
6.84066,7.39
7.0588827,7.16
6.9224443,7.04
7.113459,7.55
7.189199,6.32
7.0289063,6.4
7.0611024,7.92
6.7635245,6.6
7.1452312,8.15
7.0358033,8.05
7.2145586,6.75
7.250892,7.68
7.0407996,6.46
6.939808,6.15
7.092317,6.21
7.187318,8.22
6.799291,5.37
7.2577147,7.96
7.0598626,8.22
7.049891,7.22
7.036656,7.59
7.198398,7.05
7.400684,7.0
7.181541,6.86
6.6279855,5.13
7.095085,7.4
7.0175576,6.8
7.0050488,6.7
7.1305923,7.1
6.9718432,8.3
7.0576954,7.18
7.003285,7.42
6.7669396,7.7
7.5702825,8.52
6.967532,8.52
7.332177,8.4
7.311255,8.4
6.968758,7.82
7.2690063,6.3
7.1472926,6.92
7.2802253,6.57
7.3255377,8.22
7.3472414,8.0
7.1645694,7.68
6.918075,7.33
6.995547,7.38
6.7754517,6.99
7.1598034,6.6
7.012881,6.92
6.83024,7.51
6.768948,7.43
6.6641364,6.28
6.7622094,7.68
6.960768,6.59
7.075093,7.74
6.7037063,6.99
7.151009,5.52
7.511434,6.11
7.4007354,5.68
7.3540616,6.32
7.5168614,5.48
7.461238,5.77
7.2801948,6.01
7.278156,5.96
7.123223,4.96
7.388223,5.72
7.2556653,6.39
7.123545,5.89
7.2794394,6.04
7.4878497,5.26
7.287582,5.8
7.4840064,6.0
7.2855053,5.8
7.336327,5.47
7.7073693,5.39
7.4911313,5.66
7.4539104,5.59
7.3851995,5.6
7.3532095,6.38
7.2243705,5.77
7.1130657,5.85
7.229497,5.28
7.380785,6.07
7.346116,6.49
7.396971,6.24
7.2857676,6.04
7.289433,5.68
7.137118,5.31
7.367822,5.55
7.6277823,5.47
7.470206,5.21
7.60379,5.13
7.2854834,4.82
7.592233,5.92
7.578797,5.89
7.290282,5.7
7.616281,5.14
7.3558135,5.41
7.583278,5.15
6.948807,5.92
7.376818,7.17
7.1736665,8.74
7.0387416,7.02
7.0251493,6.76
7.32871,8.74
7.32505,7.79
7.276706,8.68
7.1132092,7.61
7.4970136,7.74
7.443196,7.42
7.3726077,6.12
7.4108863,6.28
7.3685317,8.14
7.5256615,7.72
7.315311,7.55
7.187989,7.41
7.301233,6.44
7.6088033,7.44
7.559892,7.15
7.546245,8.85
7.4446626,8.47
7.362937,7.34
7.55831,6.7
7.575722,8.0
7.5357146,6.44
7.5483274,8.64
7.58629,6.84
7.458292,6.68
7.5773497,8.3
7.6344447,6.94
7.139635,5.57
7.413896,5.49
7.1518993,5.39
7.162106,5.28
7.088794,7.92
7.048363,6.79
7.1524034,7.09
6.6976485,4.93
6.9758973,8.28
7.166492,6.69
6.9945493,6.0
7.056363,6.0
7.335299,6.0
6.6334825,7.18
6.823139,6.74
6.7997937,6.54
6.698317,6.96
6.756732,6.8
6.944405,6.8
6.691833,6.35
6.7157245,6.74
6.8357472,6.8
6.90533,6.55
6.6850886,6.8
6.7248416,6.48
6.903039,6.09
7.4707108,6.59
5.9452457,4.08
6.2937007,5.62
5.7660737,4.97
6.4982734,5.2
6.580091,5.24
6.5159826,5.33
7.130715,5.5
6.3513784,5.51
6.914516,7.08
7.4620333,7.71
6.2924094,7.89
6.3157268,7.6
6.2737336,5.81
6.140207,7.48
6.391278,5.76
6.332168,5.73
6.312862,5.65
6.607798,5.63
7.354,6.35
6.9416146,6.77
7.2456927,7.92
6.7789893,5.92
7.015692,6.33
6.614614,6.9
6.655414,7.85
6.795991,7.46
6.4580297,7.47
6.917503,6.08
7.2111063,5.82
7.330702,5.52
7.061301,5.57
7.2402353,5.19
7.4998255,5.52
7.241386,5.72
7.230437,5.34
6.5131655,5.52
7.1402974,7.7
7.111318,7.6
7.0939584,6.0
7.1341724,6.9
7.293555,7.3
7.1331487,7.3
7.104892,7.6
6.4411836,6.01
6.817853,4.62
5.7645926,5.37
6.7287188,4.93
5.505098,4.81
6.942595,5.46
6.584184,6.68
6.7121053,5.04
6.246374,7.1
6.8731675,5.43
6.774694,5.82
6.7878337,6.33
6.138986,5.51
5.1334414,4.6
6.380326,5.1
6.1659985,5.47
5.716244,5.02
5.5830655,4.97
5.340325,4.65
6.0589223,4.74
5.7248273,4.84
6.053031,4.85
6.2832866,5.17
6.093491,4.89
6.1595616,5.38
5.964039,5.22
5.1325555,4.57
6.063808,6.8
5.5434794,5.96
5.1036115,4.54
5.8069735,5.96
5.327313,5.3
5.2290545,5.0
5.131081,4.77
5.8422055,4.8
5.6177115,4.55
5.585658,4.62
5.4407263,4.4
6.3072386,5.0
6.0490146,5.11
6.014835,5.17
6.529217,8.4
5.560911,4.7
5.9768014,5.0
5.3776937,5.17
5.5399985,4.44
5.9908795,5.82
5.7988772,5.21
6.0039296,5.68
5.7068677,5.55
6.7721415,6.06
7.1583724,6.63
6.361601,5.12
6.541187,5.2
6.6502957,5.69
6.654642,5.8
6.9740653,5.95
6.9791675,6.56
6.956678,5.0
5.9456415,4.79
7.2623525,6.37
5.2486835,4.79
5.483552,5.1
5.682728,5.08
5.56197,4.77
5.5148993,6.3
5.4955764,5.4
5.6140075,4.77
5.653727,6.3
5.5090976,6.0
5.5006485,4.44
5.512209,5.72
5.466312,5.89
5.6128783,5.19
5.576014,5.44
5.572129,5.0
5.5714755,5.85
6.0518146,7.15
6.108827,5.92
5.897671,6.29
5.762505,7.22
5.7264733,5.24
5.892198,6.21
5.7400823,6.89
6.2086353,5.99
5.9306617,6.74
5.9861517,6.32
6.045159,6.17
6.1683135,6.52
6.889358,6.52
6.3980203,7.3
5.8114624,6.15
6.084403,5.51
6.084524,6.52
6.1876845,6.37
6.4054785,5.11
6.013518,5.8
6.051271,5.6
6.5140333,6.36
6.2703013,5.89
6.0128417,6.6
6.9881225,6.15
7.2116933,6.14
6.6800933,5.7
6.746285,5.51
6.8969903,5.46
6.858874,5.52
6.528855,7.74
7.035387,5.0
6.5652447,6.26
6.749807,5.57
6.499436,5.96
6.7157035,7.72
6.5282855,7.52
6.4023166,7.33
6.949268,5.89
6.529012,6.83
6.402002,5.82
6.7002997,5.7
6.6382256,7.46
6.9628253,6.68
6.543353,7.15
7.10535,6.89
6.983498,5.98
7.128712,6.76
7.15728,6.27
6.472873,6.7
6.70202,7.68
6.8361,7.44
7.178967,6.83
6.896847,7.59
6.7727637,6.72
6.94424,7.72
6.8592,7.49
6.5230317,8.22
7.069879,6.43
6.992154,6.19
6.982031,7.04
7.0743575,6.6
6.950685,7.11
6.8528996,8.85
7.3038254,7.47
6.892522,5.38
7.001342,7.7
7.007755,8.7
7.1587176,7.11
6.6039395,6.07
6.8027644,6.92
6.326586,7.89
6.2946596,7.07
6.6472335,7.57
6.7831807,6.36
7.2649884,7.14
7.196797,6.41
7.275041,6.82
6.496617,6.37
6.824611,6.8
7.0351048,7.28
6.65149,7.54
7.328659,6.82
6.993874,7.02
6.9583526,7.68
6.6962085,5.7
6.966624,8.34
6.6922626,5.15
7.0159483,6.59
6.754029,6.63
6.9493194,6.7
7.268938,7.64
6.620771,5.62
6.9067726,6.51
7.11534,7.77
6.746905,7.14
6.889716,7.28
7.162606,7.57
6.973794,8.44
6.884951,7.77
6.970873,8.7
7.039132,6.82
7.1405416,6.57
7.134257,5.49
6.4037166,6.34
6.697801,7.08
6.6251583,6.48
6.9085,7.82
6.453714,6.4
6.534305,7.92
6.7491045,7.52
6.4487033,6.7
7.114645,6.01
6.975128,7.47
6.8566966,5.42
6.4715753,7.41
6.748498,8.1
6.469791,6.64
6.7962584,6.91
7.3901186,5.83
7.170707,8.89
7.07719,8.12
7.5427074,6.98
7.058437,6.09
6.9776154,7.19
7.098914,6.4
7.039265,8.52
7.214974,5.36
6.9814563,7.12
7.1359663,7.02
7.2106805,6.55
6.9275827,4.8
7.522663,7.24
7.7647667,7.03
7.620401,7.46
6.535334,6.47
7.503286,5.25
7.3711495,5.25
7.10657,6.0
6.7940516,5.0
7.2780814,5.0
7.242186,5.0
6.9147677,5.0
7.2390585,5.6
6.923836,6.05
6.965965,6.41
6.923468,6.84
6.863333,5.99
6.969988,5.75
6.8136125,6.4
7.097962,6.82
7.0626187,5.84
6.842909,6.26
6.9781213,6.4
6.754555,5.69
7.0053067,5.79
7.6314507,8.15
7.5634537,7.96
6.958643,6.45
6.734232,5.94
7.475768,6.68
6.9238358,5.89
7.38181,5.75
6.4968786,8.0
6.916865,9.22
7.128505,7.04
6.607458,6.2
6.7042804,6.8
7.1062074,7.4
6.8886876,7.4
6.810778,6.23
6.6670322,4.66
6.9350467,4.72
5.8432426,5.36
5.7278724,5.85
5.756814,5.17
6.235994,5.46
6.0628285,5.96
6.25989,6.1
6.377996,5.85
5.838607,5.17
5.8077016,5.42
5.891028,5.72
7.2415996,8.7
7.2571797,9.3
7.1387477,9.6
7.188269,9.92
7.03819,8.7
6.977079,9.3
7.299159,7.52
7.1616845,8.7
7.1057086,8.7
7.2513685,9.3
7.2264276,8.1
7.2676606,7.52
7.3919473,6.92
7.2122188,9.6
7.273908,7.22
7.1073155,9.6
6.7292233,7.96
6.945907,7.34
7.127585,7.29
7.105837,7.22
7.3325534,6.55
7.26267,7.33
7.377682,6.92
7.277542,6.37
7.3226604,7.82
7.3399863,7.07
7.128584,7.17
6.3489137,6.42
7.2005944,6.07
7.071982,7.0
6.684634,5.44
6.2880774,5.1
7.5733147,6.06
7.631573,6.8
6.7727075,4.52
7.5304604,6.72
6.562806,7.12
6.1645474,5.6
6.7520027,8.34
7.1541047,7.64
7.4904203,6.04
6.7991643,7.43
6.5990725,7.59
6.510241,8.43
6.665931,8.7
6.4157176,8.3
7.343387,6.77
7.2812896,6.13
7.0024686,5.42
6.8222423,5.62
7.154101,8.0
6.982533,7.4
6.8494616,8.4
6.92643,7.7
7.0416327,7.7
6.393808,6.47
6.382241,7.05
6.876429,7.22
6.618893,8.52
6.5515456,7.52
6.6310983,7.05
6.37958,5.26
6.611374,7.52
6.9403744,9.4
6.7417793,9.0
6.6599455,6.0
7.1279845,5.64
7.2672267,6.0
6.8759937,6.9
6.289615,6.38
6.7456517,5.58
7.109497,6.3
6.807816,5.12
6.2125573,6.01
7.373238,7.15
7.354196,6.25
7.320931,7.52
6.8718166,6.96
7.0992155,6.31
7.2665906,7.52
6.990719,6.27
6.9581084,5.85
7.111507,7.62
6.6810393,7.06
6.702365,6.51
6.7348323,8.1
6.8987126,8.4
7.4126725,8.4
7.2622366,6.59
6.6083875,6.51
7.096167,5.59
7.031927,7.52
6.913596,8.0
6.8616176,7.1
6.7731166,5.44
6.7684565,7.52
7.160211,6.59
6.9875484,6.05
7.091175,7.82
7.1232886,7.8
6.912624,7.01
6.215915,5.0
6.143336,5.98
6.576816,6.34
6.5527606,8.4
6.9031215,7.22
6.95073,7.3
6.7376466,7.05
6.926825,5.97
6.806504,6.01
6.7551227,7.15
6.9737277,6.7
6.668183,6.14
6.856706,7.7
6.7904315,8.4
7.168177,0.2
6.707216,0.38
6.676579,7.37
7.071956,0.62
6.83086,0.36
6.9713435,0.18
6.8627577,3.35
7.145509,0.2
7.022943,0.3
7.2627826,7.17
6.9831195,8.68
6.5840564,7.77
6.8935905,5.7
7.1917295,8.07
7.176542,8.77
6.997207,6.96
7.138934,7.35
7.083323,8.32
7.212733,9.14
6.623436,7.1
6.931437,7.1
6.6453404,7.15
6.913142,7.82
6.8989882,8.16
6.8609076,10.22
6.8266864,8.13
6.916927,8.34
7.0920587,7.21
6.8857236,6.9
6.622869,8.68
6.5765963,8.2
6.7288446,8.41
6.8809776,8.15
6.896951,8.37
6.787976,7.6
6.769467,8.7
6.7538133,8.47
6.5877795,7.73
6.631166,8.0
6.9497843,7.92
6.7158833,8.52
6.846078,7.24
6.7102947,7.59
6.9119835,7.03
6.6636863,7.74
6.718488,8.52
6.7385383,8.22
6.791863,8.77
6.9707723,6.45
6.543594,6.72
6.8562636,7.72
6.9004803,8.51
6.691347,7.51
6.6860423,6.43
6.845134,7.64
6.994882,7.24
7.0073037,6.62
6.4887657,7.09
6.854895,7.85
6.5633903,6.8
7.116012,5.92
6.6019373,6.66
7.1283445,5.7
6.727485,6.49
7.216411,8.22
6.7574973,8.52
6.282934,5.55
6.8162007,6.41
6.6551037,5.59
7.082044,6.03
6.818785,5.0
6.8124976,5.92
6.6907034,5.79
6.97071,5.89
6.949902,5.19
7.071061,6.08
7.0531983,6.96
6.8439927,6.92
6.7659235,5.85
6.8139133,5.77
6.8507657,5.77
6.8427553,5.8
6.723593,6.85
6.8966165,5.96
6.7636523,5.3
7.2469916,6.8
6.7252755,5.1
6.8003154,5.72
6.707268,5.85
6.4848766,5.64
6.6497884,5.7
6.497911,5.57
6.94474,5.85
7.4987874,7.3
7.5151215,6.89
7.3341064,5.68
7.4216237,6.92
7.3646655,6.09
7.3732486,6.66
7.3289843,5.85
6.8326125,8.7
6.602294,7.7
6.8854456,6.83
7.0171604,6.27
6.901695,6.94
6.8693805,7.89
7.074576,8.52
6.8459783,8.05
6.8966007,8.7
6.8357615,6.64
6.686186,6.63
6.8258305,7.6
6.9062457,7.03
6.8103666,6.99
6.897569,8.1
6.8640447,8.52
6.960854,8.3
6.6846795,8.7
6.623904,7.7
6.954717,8.3
7.4228835,5.66
7.4548583,6.26
6.3370185,6.9
6.5426564,7.89
6.5220885,8.1
6.6345096,8.1
6.7023706,7.6
6.876474,8.3
6.5047536,8.3
6.623654,7.89
6.741851,7.7
6.8605967,8.4
6.791096,8.0
6.7435956,8.0
6.871162,7.8
6.763285,7.6
6.925924,7.8
6.418362,8.22
6.3471837,8.0
6.235209,8.0
6.4091926,8.0
6.2594743,7.7
6.30775,6.8
6.380959,8.0
6.368457,7.2
6.276687,7.49
6.4192247,8.4
6.4523454,7.8
6.2483172,7.3
6.43245,7.7
6.036423,8.2
6.2231374,7.89
6.189857,7.89
6.3829484,7.8
6.3130093,7.28
6.522514,6.93
6.4816775,5.57
7.366184,5.0
7.225075,5.31
7.2930093,5.54
7.404756,5.57
7.1538067,5.94
7.436767,5.79
7.1289515,7.46
7.125897,5.97
5.879679,6.15
6.043551,7.18
6.537855,7.3
6.749765,7.77
6.0874753,6.67
6.32824,6.62
6.217583,6.86
6.7194057,7.27
6.7991567,7.57
6.658225,7.33
6.9149528,7.63
6.781857,7.34
6.908107,6.83
6.822848,7.45
6.7749834,7.16
6.77429,6.92
6.85405,6.82
7.269535,7.96
7.0519767,7.55
6.976086,8.1
6.9721727,8.4
6.8863773,7.96
7.0584054,7.8
7.014813,7.46
7.2205586,7.44
7.0622673,7.33
7.086151,7.15
7.1908293,6.57
7.1840873,8.15
7.2378354,8.22
7.171927,8.3
7.265759,7.66
7.2617397,9.22
7.281537,8.22
7.1359715,8.05
7.1666694,7.46
7.112948,6.92
6.9033847,7.44
6.965952,8.15
5.6607833,5.85
6.6450553,7.0
6.7279296,6.72
6.4290614,6.49
6.5025544,5.86
6.3521276,5.39
6.252577,5.33
6.9271107,6.96
7.209004,6.14
7.389375,8.52
7.242458,7.47
6.9553905,6.64
6.9168687,6.03
7.050142,8.52
6.82382,7.15
6.5136733,6.0
6.8866134,8.0
6.1274314,6.1
6.3621783,6.52
6.7743483,7.6
6.9924855,5.9
6.707705,7.9
6.8305426,7.2
6.8924747,6.8
7.0653834,6.8
6.7521257,7.6
7.1227417,7.8
7.282682,7.1
6.9981327,6.8
7.217483,6.6
6.920127,6.3
7.091643,6.2
6.6517954,6.9
6.8543067,6.0
6.761394,6.1
7.117863,5.9
6.916149,8.1
6.820379,7.6
7.3013906,7.2
7.0460515,6.4
7.1890807,5.5
6.812509,6.2
7.0802083,6.9
6.863905,5.8
7.1028323,7.8
7.0277896,7.1
6.785815,7.1
6.8908415,7.0
7.2985883,7.8
7.262212,8.2
7.1044207,5.27
7.3507504,5.92
7.4038825,6.15
7.2001033,7.0
7.307067,7.96
6.702646,7.26
6.824258,6.54
7.025533,6.24
7.3996835,6.77
7.371117,5.41
7.0557485,9.0
7.1076207,8.96
7.1368794,8.96
7.1132293,8.92
7.230101,8.92
6.9892125,7.89
7.2756715,8.68
7.1375356,8.64
7.1761646,8.59
7.1726284,8.55
7.245953,8.36
7.366361,8.34
7.1654286,8.32
7.164681,8.21
7.5553727,8.17
7.0930905,8.03
7.3352284,7.94
7.363259,7.78
7.197946,7.41
7.3999233,7.24
7.0275836,7.22
7.4570165,6.88
7.199232,6.31
7.180065,6.28
7.5659018,7.54
7.195397,7.52
7.08508,6.48
7.324849,6.91
7.2347484,7.62
7.4824667,6.88
7.104643,7.8
7.1327233,6.82
7.1034045,7.27
6.9059052,9.0
6.7259526,7.24
7.171828,6.57
6.822661,6.25
7.008245,6.0
6.9075627,7.65
6.9672213,7.4
6.764839,8.13
6.8786945,7.82
6.597441,7.54
7.0376425,9.0
6.923697,6.07
6.492484,8.15
6.6262565,5.17
6.797977,8.22
6.142733,5.91
7.09223,5.79
6.9595356,6.38
6.797097,6.19
6.82735,7.71
6.561792,6.16
6.8435903,5.73
6.6769214,7.1
7.357978,6.29
5.9809184,4.95
6.0573916,4.96
6.0621476,5.85
5.9013643,5.74
5.7616262,5.59
5.7336545,5.34
5.673088,5.06
6.0133176,5.96
6.9961505,9.15
7.2749743,7.42
7.332024,7.19
7.184281,8.28
7.187981,8.24
7.360039,8.04
7.6423182,7.92
7.7019296,7.25
7.021466,8.59
6.1052413,5.76
6.2995524,5.68
6.2215877,5.71
7.29052,8.3
7.1815534,7.62
6.6940975,6.6
6.738994,6.66
6.55787,6.04
6.9711924,6.76
6.929484,6.99
6.431481,6.06
6.717018,6.42
6.506698,6.28
6.1513734,6.01
5.899246,5.58
6.3581243,6.25
6.491126,6.14
6.671757,6.36
6.567946,6.5
5.9012914,5.88
6.2123084,5.78
6.9259167,7.53
7.4008813,8.7
6.71706,7.95
7.025478,8.41
7.198343,8.34
7.3199463,8.59
7.275188,8.54
7.175548,8.57
7.144604,8.82
7.399178,8.09
7.348294,8.1
7.479023,9.15
6.847745,8.21
7.136687,7.41
7.15352,7.87
7.019567,7.7
7.043019,8.26
7.2448997,9.1
7.269511,9.4
7.06116,9.52
7.259991,8.43
7.584453,8.35
7.0576305,9.15
6.66711,8.82
6.8167667,8.02
6.810879,8.89
6.8518524,8.92
6.560999,8.08
6.7406287,7.23
6.771497,9.0
7.34168,5.7
7.317411,5.76
7.352322,5.65
7.3865523,5.64
6.841291,6.04
6.8953624,6.43
7.019905,6.27
7.1557555,6.38
7.163848,6.19
7.2414975,6.47
6.8743186,5.57
6.652032,5.82
6.460214,5.91
6.682357,6.7
6.8093925,6.47
6.7003098,5.52
6.825648,6.85
6.923484,8.85
6.993707,8.77
7.118202,8.25
7.0960135,8.08
6.92651,7.83
6.9888663,7.67
6.9533124,7.55
7.154199,7.42
7.084375,7.41
7.2016163,7.38
7.295817,7.38
6.8962226,7.33
6.9174542,7.25
6.721931,7.09
6.760319,7.06
6.8787594,7.04
6.8362675,6.91
6.957911,6.88
7.052052,6.87
7.3436923,6.76
6.925718,6.74
7.225473,6.67
6.8627305,6.65
6.679567,6.64
6.912853,6.56
6.792668,6.56
6.794337,6.49
7.038303,6.41
7.1865087,6.32
6.965697,6.23
6.9525104,6.21
6.7494617,6.19
6.719503,6.18
7.0525393,5.86
6.6385393,5.82
6.7628365,5.78
6.5922527,4.97
7.1373405,5.32
7.099542,5.35
7.0567822,5.44
7.210445,5.33
6.3455286,5.75
6.735976,5.71
6.3366885,6.44
6.7249246,6.41
6.5160704,6.35
6.490112,6.06
7.0548744,7.12
6.741926,7.33
6.8265204,6.74
7.002313,6.85
6.795505,7.48
6.8705235,6.3
6.561106,7.82
6.7696586,5.72
7.2002597,7.68
6.9341626,6.8
6.9418855,6.01
6.9872246,6.7
6.51885,7.27
6.931097,5.8
6.8489866,6.74
7.0035415,6.0
7.030582,6.72
6.9013724,7.92
6.873981,8.7
7.0176196,5.93
7.155168,7.3
7.1030574,7.3
6.9638677,6.19
6.91291,6.4
7.1689773,7.64
7.2001595,6.74
7.737982,6.74
7.306971,6.89
6.849125,8.44
7.060482,7.25
6.500699,5.8
6.6348777,6.52
6.697358,5.59
6.93899,5.89
6.631617,7.24
6.694362,5.52
6.919911,8.4
7.0115957,5.7
6.8039384,8.15
6.858125,6.91
7.028556,6.42
7.0437946,8.22
7.121155,7.82
6.9695363,8.1
7.129109,6.55
7.27979,7.04
7.092169,7.21
6.947802,5.86
6.8140836,5.47
7.2334814,7.85
7.0534325,8.3
7.038625,6.92
7.061231,7.24
6.8254113,7.14
6.9343376,6.82
6.7899327,6.73
6.8286734,7.06
6.6968846,6.73
6.948351,6.14
7.050349,6.79
7.302949,6.12
7.107092,6.06
7.1085033,5.52
7.046193,5.41
7.0623336,5.62
7.036594,6.11
5.57806,4.87
5.3016925,4.52
6.2110615,5.17
6.2808337,5.0
6.2738323,5.28
5.1772146,4.55
5.841659,4.8
5.4977813,4.32
6.0332108,4.68
6.3771133,5.0
6.139055,5.05
6.077275,5.06
7.3317847,7.51
7.287186,7.55
7.3157086,7.4
7.2138762,5.09
7.799518,8.72
7.0032535,6.44
7.3078465,8.68
7.583271,6.65
7.3496475,7.55
7.357866,7.8
7.134819,5.08
7.228704,7.42
7.255769,6.51
7.2642035,6.98
7.0780997,6.79
7.3294425,7.47
7.083574,8.35
7.063453,6.42
6.2234435,7.19
6.84676,7.57
7.0524497,8.49
6.9335494,6.44
5.971132,7.46
7.02466,7.57
6.5801706,9.3
7.034741,5.36
6.8345675,6.79
7.1222596,8.1
7.141834,7.77
6.2922482,5.33
7.15173,7.62
6.4443746,5.13
6.023957,7.8
7.178742,7.33
7.2707186,6.27
7.2204146,6.92
7.161712,7.14
5.9874396,6.76
6.3710856,6.59
6.24694,9.2
6.257772,6.28
5.956757,5.74
5.748836,6.78
5.9959116,8.64
6.1703033,7.49
7.1737514,7.96
5.7213063,7.62
5.9229865,6.13
7.1460185,6.17
5.580049,7.25
7.0343647,5.95
7.6089616,7.2
7.1815596,6.1
7.246513,7.68
6.8289447,5.9
7.8249273,7.23
7.6689687,8.86
6.8245673,5.98
7.1292653,6.48
7.506144,8.05
7.2087827,6.0
7.039012,5.96
7.1755733,6.18
7.083574,6.59
7.3312316,6.94
6.8016114,5.76
7.0141463,7.26
7.406614,7.46
7.1130996,7.0
7.0478315,7.82
7.3413405,7.4
7.3573794,7.4
7.629417,6.68
7.265613,7.52
7.220415,7.3
6.8207088,7.82
6.920522,6.7
7.131357,7.82
7.1490607,8.1
5.9628534,8.77
5.8469872,9.57
6.800448,6.96
6.7772193,9.85
6.6368985,7.68
6.3019905,6.8
6.3073645,9.43
6.1105075,7.46
6.341615,7.82
5.756388,6.66
6.290634,8.77
6.774932,9.38
6.322349,7.52
5.8481317,6.85
5.3468175,8.31
5.7393823,8.85
6.258029,8.7
6.0206337,8.48
6.479807,8.1
5.889343,8.68
6.2934012,8.43
6.8230047,9.82
7.0914845,8.51
7.538188,5.43
7.037625,7.7
6.977976,7.07
6.875279,6.62
5.6877255,6.52
6.8304124,5.82
6.4889326,6.16
7.334452,7.15
6.3654847,7.55
6.8134675,8.32
7.4612694,7.67
6.766792,8.06
7.4901443,8.92
6.671885,7.38
6.6862426,6.53
6.1887345,7.18
6.7724943,7.0
6.522721,7.66
6.3690343,7.94
7.2032495,7.73
6.1170096,7.56
7.4040456,6.88
6.0868516,7.31
6.2242007,7.2
6.9399667,6.78
6.191985,6.74
7.0252156,7.37
6.77047,7.03
6.8405333,6.53
5.569632,5.55
6.981705,6.89
5.420133,6.7
6.111714,5.85
5.6783795,5.25
7.3726854,6.88
6.304498,7.05
5.6505094,6.51
7.0385256,6.52
5.7641697,6.92
7.0729985,6.28
7.3365006,7.74
7.15735,8.05
6.7485557,5.77
6.2823405,5.59
6.911985,6.46
5.1638103,5.54
6.232638,5.96
6.097199,7.05
6.5200567,6.38
7.0050993,5.56
7.1595025,5.84
7.1727834,6.69
7.226558,6.46
5.6654263,6.49
7.29608,5.52
7.0486093,6.64
7.185653,6.57
7.0511985,6.5
5.323122,6.48
7.2284636,5.81
5.963188,7.49
6.3905253,6.9
6.083427,5.53
6.5334535,5.87
6.40607,5.76
6.037887,6.12
6.8633904,8.23
6.2478375,6.89
6.6732745,6.07
7.2632523,6.37
6.1261897,6.72
7.2564206,7.68
6.3478312,8.77
6.392303,6.46
6.056249,7.38
6.1385736,6.07
6.6461806,7.12
7.4809365,6.2
6.176828,8.36
6.150322,7.36
6.0151834,5.49
7.1871285,6.26
6.2616487,6.22
7.2422805,6.82
7.1220245,5.9
6.9436193,6.29
6.450022,7.73
7.351928,6.74
7.505201,7.6
7.092484,8.22
6.9975467,8.85
6.9540772,8.14
6.695711,7.1
6.824868,6.56
6.835089,5.5
6.679638,7.29
6.810635,8.21
6.7792745,7.4
6.801332,8.0
6.994416,6.38
6.9452243,8.04
6.654839,6.52
6.9949665,5.55
6.848983,6.71
6.9574394,6.31
7.611836,7.64
7.135711,7.74
6.9075427,7.18
6.937655,7.53
6.9734693,8.26
6.8181934,7.6
7.11157,7.7
6.92741,8.31
7.015655,8.43
6.7536397,8.04
6.9499335,8.1
6.9997334,7.75
7.0173306,7.9
7.396521,7.74
7.36657,7.96
6.9267745,7.03
6.8338027,7.85
7.1712093,7.47
7.441849,7.54
7.6465893,7.59
7.5334764,7.72
6.835023,6.5
7.055796,6.96
7.0927196,8.44
7.0399337,8.68
7.6276145,7.14
7.664575,7.43
7.7719445,7.66
7.0982356,7.09
7.2732177,6.79
7.215961,7.15
7.247953,7.28
7.414368,8.28
7.0388837,7.3
7.173816,7.35
7.2639356,7.06
7.1015725,7.68
7.201713,7.32
7.122129,7.62
7.360947,7.05
7.221741,7.72
7.4365067,7.89
7.4462433,7.89
7.2352567,7.35
7.8269916,7.23
7.36583,7.35
7.2471704,5.51
7.2337728,7.6
7.1815963,7.42
7.3795934,7.34
7.431254,7.82
7.918347,7.36
7.0695496,6.75
7.554173,7.16
7.1717954,6.44
7.3174596,7.01
7.2513375,6.94
7.442308,8.04
5.9062223,8.22
6.275945,8.7
6.6834655,9.46
6.029593,8.0
6.5518336,8.0
6.4948316,9.3
6.7392707,8.48
7.1720467,7.25
7.4376507,7.48
7.303519,6.57
7.3445306,6.48
7.191488,6.36
7.189145,5.95
7.3739543,6.44
7.5661683,7.23
7.1292334,6.87
7.1228647,7.09
7.087097,6.61
7.013099,6.81
6.5993247,7.28
6.823861,7.19
6.522287,8.6
6.589662,7.49
6.084062,8.8
6.133322,8.25
6.5772743,8.4
6.495213,7.85
6.8654866,8.0
6.9566226,8.7
6.828382,8.1
6.4482303,8.22
6.593409,8.49
5.9860425,8.18
6.290939,8.66
6.728776,8.96
6.2931085,6.27
5.9174905,8.52
5.7317023,7.3
6.06093,6.74
6.071737,6.98
6.1290216,7.41
6.1719966,6.15
5.981841,6.8
6.1977763,5.8
5.73226,7.31
6.106857,7.18
6.1479306,6.62
6.240651,7.23
5.945002,7.6
6.067248,7.8
6.349158,7.19
6.464619,7.38
6.0729527,6.02
5.9981637,7.23
6.1589046,8.7
6.5144887,8.52
6.247825,6.78
6.4721932,8.85
6.165609,8.85
6.0361004,8.22
6.533609,7.59
6.5169744,8.62
5.517116,7.4
6.1506114,5.98
5.828607,5.87
5.773291,7.23
5.7375455,6.45
5.912817,6.72
6.1871123,7.02
5.9069686,7.89
6.014364,7.96
5.9665804,7.09
6.2402954,7.1
6.2834554,7.82
6.0673847,7.89
6.523108,7.85
6.509423,8.52
6.355724,8.46
6.820493,8.3
6.55947,8.49
6.230679,8.85
6.239104,7.35
6.6987853,7.8
6.7205596,7.64
6.782622,8.72
7.043314,8.43
6.9422693,8.66
7.1143885,7.18
7.155701,6.7
6.641603,7.57
6.175247,6.63
6.326271,6.87
6.7540565,6.5
6.23553,7.01
6.1493998,6.44
6.427666,6.99
6.901773,7.6
5.932556,8.46
5.7152743,6.14
5.65063,6.6
5.5797563,7.27
5.965694,6.86
5.715974,7.34
5.907368,8.0
6.1351,7.92
6.058625,7.92
6.174462,8.1
5.72513,7.51
5.837442,7.43
6.2368817,7.7
6.1680226,7.6
5.9115334,7.48
6.3422284,7.02
6.0996194,8.74
6.031498,8.7
5.758988,8.3
6.7501907,8.51
6.2416167,8.85
6.3088284,7.7
6.427073,7.06
6.173101,6.95
6.266344,7.77
6.3627,8.82
6.3216376,6.06
6.325869,8.3
6.227005,8.52
6.34652,5.82
6.051791,5.98
6.2645383,6.87
6.475144,7.34
6.2491665,7.82
6.40045,8.22
6.356092,6.28
6.1944065,7.7
5.7098827,7.96
5.922334,8.52
6.083368,8.1
6.117514,8.05
6.519949,6.82
5.7840524,5.58
5.9675827,5.86
5.7937045,5.94
5.8222814,5.57
6.412079,6.57
6.1308784,8.7
6.2992463,6.82
6.379815,7.36
6.130134,8.77
6.230079,6.7
5.828552,8.7
5.8263774,8.89
6.034449,6.82
6.1338863,8.0
5.8010106,8.62
6.168797,8.52
5.792352,6.17
5.9790597,4.37
6.5242786,5.35
6.575981,8.92
6.7060356,8.55
6.908866,8.07
6.7127705,8.64
6.90354,8.47
6.2496686,8.85
6.588548,8.48
6.296868,7.57
6.0065885,8.0
6.3833823,7.89
6.287286,8.3
6.5999527,8.4
6.2500124,7.96
6.5300317,7.49
6.634503,8.08
6.8935475,7.97
6.290678,8.8
6.778609,8.82
6.5433474,8.96
6.967528,8.6
6.2003984,8.64
6.6375985,8.05
6.1779675,8.64
6.69544,8.57
6.6736455,7.92
6.5962563,8.22
6.944162,7.96
7.032128,8.25
6.297597,8.47
6.920151,8.36
6.5407834,8.62
6.9238963,8.2
7.1177793,8.0
6.6890693,9.3
7.047787,8.16
6.989156,8.66
6.992411,7.24
6.208849,8.7
6.6529565,8.68
6.945258,8.35
7.1383862,7.55
6.8741937,8.22
6.504797,8.52
6.864787,8.59
6.9262424,8.92
7.026732,8.26
6.2135167,8.96
6.9425855,8.14
6.5963006,8.6
5.854243,7.79
6.0425043,6.69
5.9849744,8.24
6.045137,5.7
5.9293246,7.52
5.634566,6.43
6.064324,7.36
5.9350486,6.25
5.6497364,6.28
5.670858,6.61
6.2207003,8.6
6.1480346,7.89
6.226812,8.15
6.3228765,7.09
6.4582906,6.13
5.9193892,7.77
6.2860065,6.94
5.9819455,6.7
6.25424,8.7
6.846005,6.6
6.7822723,6.4
6.7018576,5.35
6.656812,6.37
7.0453973,6.62
7.1285024,6.06
6.793902,5.78
7.0007424,6.03
6.8125143,5.71
7.075741,5.86
7.080458,5.95
7.0459323,5.89
6.9165597,7.6
6.3615456,5.8
5.7073894,8.0
7.1019416,7.51
7.119419,7.6
7.2241435,7.79
7.0344195,7.27
6.5275207,9.52
6.380535,9.52
5.9424644,7.28
7.256823,6.29
6.4292116,7.27
6.5558496,8.89
7.254789,9.72
6.8267875,8.55
6.6517825,9.31
6.700702,8.89
7.0227714,9.04
6.5249095,8.66
6.4853344,6.38
6.5661435,7.82
6.5932107,9.34
6.8846855,8.42
6.464047,7.43
6.34327,7.52
6.2879243,7.06
6.181296,8.34
6.577597,8.28
6.24167,8.37
6.5895104,8.47
6.8985467,7.44
6.2219825,7.22
6.7522655,7.36
6.0995574,7.28
6.462499,7.1
6.3369703,7.12
6.829136,7.57
7.01812,6.12
6.082393,7.55
6.5852647,7.64
6.0985985,6.66
6.594149,7.03
6.745344,6.68
6.153693,5.92
7.103733,8.51
7.3003173,8.59
7.1522794,8.64
7.2574387,9.05
6.047793,6.45
6.1909833,8.95
6.3798947,7.92
6.0584087,6.77
5.54162,7.82
5.525256,8.62
5.8113093,7.84
5.825744,7.55
6.0733232,7.3
5.912229,6.86
7.3334637,5.76
7.310965,8.0
7.4187155,7.77
7.3224077,6.88
7.2746696,7.8
7.388245,6.89
7.2205496,5.79
7.3734117,6.44
7.4231677,7.02
7.416704,7.8
7.3827915,6.52
7.4328704,6.67
7.458203,7.08
7.401128,7.66
7.400702,6.11
7.392524,7.85
7.4202857,7.6
7.1165395,6.64
7.114353,7.92
6.9171443,7.89
6.4390135,7.35
6.4607816,8.05
6.2288575,8.1
6.5360637,7.62
6.6411796,7.72
6.886872,6.74
6.6210723,8.24
6.7454095,8.17
6.3164415,7.27
6.4056053,7.04
6.5721755,7.17
6.594879,8.11
6.1232677,7.09
6.6784987,7.74
6.4936986,7.17
6.2352033,7.57
6.7123213,8.94
6.5947347,7.24
6.466535,7.16
6.875747,5.89
6.8085556,7.46
6.437655,7.36
6.4823365,7.7
6.953506,7.59
6.366975,7.11
6.4228015,6.67
6.424065,6.02
6.3479695,7.1
6.3528714,6.55
6.4244246,6.68
6.336165,6.51
6.0708346,6.51
5.2495513,6.75
5.698035,7.33
5.7629905,6.19
5.5717626,5.14
5.603225,6.37
5.3032923,5.02
5.7360387,5.03
5.5996547,4.87
5.8196964,5.16
5.941763,4.14
6.014439,4.32
6.204161,6.6
6.073131,5.49
5.9481444,5.24
5.8527427,4.94
5.2139945,4.73
5.3804893,5.42
5.3811207,5.07
6.085547,5.14
6.0667377,5.4
5.507154,5.89
6.5615096,4.91
5.7598777,5.39
5.6776533,4.29
5.6436324,5.45
5.577615,5.13
5.600802,6.58
5.8466043,6.59
5.300622,5.08
5.347606,4.35
6.280785,3.36
5.419132,6.5
6.0043683,5.64
5.505856,7.62
5.8807487,4.51
5.382478,5.02
5.8918595,4.77
5.5908523,6.58
5.9794517,4.92
5.83362,4.13
5.4850974,5.07
6.038346,5.87
5.9903307,6.29
6.081242,6.81
5.940841,7.1
6.138949,6.18
6.2203374,6.99
7.180314,7.69
7.4200478,7.75
6.974093,8.28
7.25251,8.82
7.180947,7.7
7.02383,8.82
6.999974,8.74
6.7422957,8.89
7.017904,7.42
7.1904025,8.7
7.146319,8.05
7.332278,8.51
7.0593977,7.72
7.2005644,7.4
7.224232,8.82
6.5918255,7.49
6.919152,8.36
6.7636685,8.35
6.717959,7.87
6.984937,7.96
6.861026,7.55
6.537017,7.2
7.2046003,5.37
7.332025,6.02
7.0836644,6.43
6.9867797,6.03
6.394957,5.82
7.1236644,8.31
6.9934497,8.14
6.975645,5.35
7.1192408,8.4
6.977705,8.11
6.9322886,8.66
7.247926,8.8
7.240335,8.11
7.069946,8.85
6.830772,6.68
7.0895123,8.1
7.320439,8.82
7.415759,9.52
7.17283,6.21
7.371431,6.55
6.8920274,7.16
7.132608,7.9
7.2198997,7.92
7.3389196,8.96
6.8700485,7.59
7.0351095,8.27
7.1338153,8.4
7.033958,8.1
7.3610725,9.1
7.386638,8.15
7.222736,8.28
7.0951104,7.5
7.0481877,8.39
7.508662,9.05
7.147635,7.37
7.191786,6.99
7.144692,8.96
7.534678,9.52
7.5943165,9.0
6.9579835,7.85
6.7565284,7.92
7.5481286,9.0
6.8612094,7.96
7.5195975,8.3
7.5139403,7.35
7.5958285,8.3
7.576196,6.85
6.805205,7.55
7.0898304,5.92
7.3504357,5.8
7.3145895,6.25
7.0610204,5.24
6.988834,6.29
7.192209,6.51
7.200144,5.52
7.0492854,8.74
7.384973,8.13
7.3048434,8.49
7.049219,8.24
7.264609,8.29
6.9645896,7.37
7.2029996,7.64
7.1825747,7.74
7.055678,7.96
6.828558,7.22
7.1475244,7.96
7.092563,7.96
7.0688043,8.24
7.0727587,5.82
7.0824256,7.74
6.9004045,7.62
6.759369,9.72
6.8097873,8.81
6.718246,6.85
6.400545,7.43
6.6231275,7.16
6.419355,7.01
6.1193542,7.54
5.7522883,6.06
5.6723104,4.87
6.4085493,5.82
6.7306237,6.75
6.919506,7.15
6.1198936,7.32
6.798225,6.81
6.9703135,6.72
6.003444,6.91
6.062552,6.86
6.252546,6.97
7.3243985,5.63
7.2783465,7.31
7.3664618,7.87
7.19924,7.79
7.4423957,7.18
7.333451,7.55
7.320011,8.02
7.3748965,6.62
7.591998,8.57
7.3303256,8.39
7.44056,9.8
7.2477984,9.32
7.206453,8.38
7.344062,8.88
7.2606134,9.2
7.2115273,7.8
7.572013,6.57
6.3536496,5.79
6.585725,6.47
6.378885,5.55
6.3433957,7.04
6.5837674,6.25
6.52704,5.55
6.1823764,5.7
5.8634267,8.3
6.6820927,8.05
6.278975,8.09
5.8043027,7.92
5.253489,6.69
5.8904033,6.34
6.0293193,8.0
5.9812107,8.4
6.0987716,8.4
6.3233504,8.4
6.903309,7.66
6.881333,7.73
6.958712,9.2
6.061003,7.68
7.036719,9.06
6.8458056,7.72
6.1087055,5.31
6.4389896,5.53
6.686582,6.64
6.5158844,6.85
6.203672,6.66
6.097037,4.43
6.062572,5.01
6.9188056,9.51
7.019909,9.15
7.053444,9.39
7.167829,9.36
6.8002133,8.16
7.053647,8.22
6.898204,9.59
7.3889613,9.28
7.43859,6.93
7.372747,7.96
7.274243,6.49
7.5007687,6.8
7.529375,5.52
7.416786,6.11
7.391375,7.8
7.25812,7.8
7.239003,6.36
7.3855214,7.47
7.425631,6.92
7.249721,7.14
7.2704253,7.28
7.2963033,7.19
7.363355,5.75
7.345307,6.94
7.2806983,8.05
7.3919516,5.6
7.3619747,6.59
5.8800197,7.92
5.4426446,5.51
5.9681163,5.96
5.516294,5.0
5.47777,5.54
5.4556746,5.68
5.6319466,5.74
5.687756,5.92
5.264845,5.4
6.3315864,6.06
6.819058,6.5
6.6419587,7.8
6.1732316,7.35
6.196959,6.85
6.4768023,8.49
5.4856763,5.3
6.274428,8.85
6.8103375,6.78
5.8650336,7.49
6.5113654,7.34
6.6157784,8.23
6.643592,8.34
6.775622,8.54
6.9634485,7.51
7.058311,9.15
7.00921,8.22
7.0645943,6.58
6.991138,8.06
7.0845613,7.76
6.5018783,9.29
7.1660886,7.72
6.3955345,8.15
5.336122,8.0
7.2672153,6.24
5.920462,7.22
6.217417,7.77
5.9658036,6.77
7.0349402,8.96
7.1891165,7.59
7.171864,9.21
5.840604,8.92
5.687697,8.03
6.7277875,8.08
5.321264,8.44
6.5816455,8.49
6.2894874,8.64
5.6058993,8.66
6.577165,8.96
7.230768,8.15
7.0915985,8.06
7.1121716,7.96
6.7831345,7.96
7.363442,7.96
7.1870103,7.85
7.257836,7.72
7.178534,7.68
7.2760243,7.66
6.951562,7.64
7.149566,7.62
7.2782397,7.57
7.087177,7.55
7.2934804,7.51
7.4276757,7.51
6.9740252,7.46
6.9992495,7.36
7.0443425,7.2
7.2908382,7.2
6.926359,6.97
7.1021895,6.7
7.105949,6.7
6.6085787,6.6
7.123734,6.41
6.861968,7.39
7.222284,7.51
7.7613225,7.27
7.716234,5.96
7.8137536,7.12
7.851021,6.6
7.897513,6.3
7.7366214,6.5
5.8810096,7.3
6.497846,7.15
6.556306,7.17
5.5328016,6.05
5.7233906,5.24
5.683907,5.57
6.408059,5.39
5.9608407,5.82
6.7668304,5.27
5.9198728,4.46
5.807859,5.41
6.1374946,4.83
6.0854554,5.74
7.534941,5.54
5.889138,5.34
6.9787087,10.15
7.1025667,6.89
6.6136494,7.28
7.1901884,5.62
7.1507754,5.29
5.7835474,5.2
6.2016654,4.82
5.440171,4.97
6.416557,4.94
6.1550884,4.04
5.9068637,5.26
5.498295,5.41
5.7033625,5.42
6.0427194,5.45
6.1334014,3.97
6.652491,5.77
6.7854958,4.9
7.0812945,4.67
6.915977,5.58
5.860295,4.06
6.4620748,4.62
5.960186,5.67
5.931997,4.42
6.491249,5.11
5.9389014,5.49
5.49432,4.73
7.127148,5.09
6.169828,5.21
5.7582955,4.76
6.5052657,5.06
6.207708,6.23
6.6079473,3.99
6.578053,5.27
6.5206695,7.59
6.549056,7.07
5.8894114,3.99
5.668102,4.75
6.1820865,5.53
5.8246675,6.79
5.8299623,4.97
6.84691,5.3
6.412026,4.84
6.736116,4.58
6.1516037,5.18
6.13297,4.31
6.653494,5.47
6.224499,4.46
6.4985547,6.22
6.358662,5.96
6.607365,4.52
6.1675687,4.7
5.7711234,5.49
5.9067907,5.8
5.8855653,5.42
6.0361695,3.64
6.0143886,9.42
6.480995,9.24
6.347291,9.3
6.126434,7.37
6.2058816,5.96
6.9641485,6.38
6.053201,8.42
6.074304,8.47
7.1591067,8.51
7.259582,8.59
5.895826,5.36
5.811896,5.55
5.3405633,4.72
5.337584,5.07
5.5632234,5.5
5.292252,6.91
5.1092095,4.87
5.8089976,5.31
5.6637964,5.7
5.3927026,5.84
5.946386,6.0
6.069125,6.08
5.7360177,6.31
5.7231083,6.64
5.688773,5.45
5.818516,7.03
5.8589606,5.31
6.7960124,4.76
6.52858,5.65
6.590799,6.53
6.6297474,4.97
6.8521657,5.61
5.9689264,5.91
6.478054,5.24
6.6400647,6.18
6.778085,5.87
6.146898,5.9
6.3297925,5.72
6.3170652,6.21
6.7287993,5.71
6.521875,5.18
6.061875,5.81
5.7838736,6.3
4.62695,5.73
4.3263783,5.31
6.0332804,6.51
6.34248,7.56
6.2729683,7.11
6.276483,7.45
6.8408303,5.66
6.3802524,6.57
7.6222544,5.48
5.874104,7.29
6.2120137,6.86
7.3465986,7.06
7.3549266,6.56
7.387806,8.17
7.311934,8.01
7.0469785,7.7
7.0481124,6.9
7.05985,6.6
7.0671945,9.4
7.2373466,7.96
5.8279357,6.52
5.9597077,7.8
5.648117,7.89
5.7918077,8.22
5.9666305,7.39
5.9332347,8.05
6.1511884,7.62
6.1731772,8.15
6.230809,8.22
6.073692,7.29
6.125862,7.55
5.7345386,4.25
6.088121,6.01
6.163198,5.32
5.7875557,5.92
6.538996,5.96
5.966454,7.9
6.6132455,7.46
6.446073,8.02
6.5665655,7.31
6.2831273,6.69
6.278159,6.74
6.414661,7.3
5.9001,7.71
6.2254205,7.56
6.159701,7.28
6.36812,7.44
6.412574,6.32
6.445986,6.28
6.517056,7.32
6.5262694,7.24
6.6888175,5.87
6.4505067,7.67
6.4257994,7.88
6.5435367,6.53
6.7052913,8.06
6.4667583,6.6
5.936774,7.44
7.027718,6.19
6.278576,7.82
5.8920894,7.24
7.2034974,7.72
5.8190904,7.14
5.9608626,8.19
6.3050437,7.09
6.0957656,7.72
7.4361796,10.6
5.998304,7.11
6.0944963,7.6
6.648064,7.4
6.5264163,6.59
5.9923778,6.31
6.2220244,7.15
6.0626225,6.07
6.200057,5.9
6.5761375,6.46
7.27893,7.0
7.3765464,7.1
7.1244235,7.68
5.7767396,6.27
6.2499146,6.68
6.4163136,7.96
6.3889165,6.05
6.4800835,6.46
6.345781,5.77
6.6189036,5.7
6.48394,6.51
6.6199307,5.6
7.3887844,9.05
6.14271,6.57
6.9724584,7.6
7.2784524,6.23
7.036944,8.62
7.0664835,7.37
6.7683215,9.26
6.839127,6.35
6.8411345,4.84
6.7834496,6.76
6.2473817,6.92
6.1335306,7.34
6.99995,6.45
6.2407684,5.99
6.5853133,6.37
5.7075844,8.17
6.2017856,8.3
6.0048084,6.44
6.338625,6.86
6.197252,7.18
6.2169967,7.32
6.138149,7.3
6.1645064,7.28
5.9405413,6.36
6.368612,6.29
6.231419,6.22
7.0506797,6.7
6.2042184,5.82
6.893625,5.52
6.2297845,5.85
6.995516,6.74
6.4623795,8.3
6.0853333,4.72
5.885436,5.12
6.0322375,5.8
5.9206586,7.0
6.06118,7.4
5.857093,4.68
5.9736667,5.57
6.0837226,6.72
6.3777475,6.6
6.57123,7.19
6.003041,5.85
6.0642266,6.17
6.2363544,7.12
5.9328938,5.6
6.638358,4.89
6.602696,5.7
6.9295197,6.46
6.8988433,5.18
6.673387,6.66
6.544592,8.77
6.9932704,8.37
6.370701,6.53
6.611337,7.25
6.29028,7.39
6.89294,8.5
6.830053,9.11
7.045794,8.52
7.025069,7.97
7.048011,7.94
7.0989947,9.04
7.1115003,9.32
6.994247,10.3
7.0296445,9.82
6.8429055,8.78
6.956779,8.18
6.804157,9.44
6.676168,9.37
6.5507956,9.82
6.4495864,7.59
6.0874267,9.64
7.3879657,8.22
7.513125,7.82
7.5226355,6.44
7.4694133,9.09
7.500397,7.68
7.377507,7.3
7.429492,7.11
7.49718,7.29
7.4256864,9.57
7.4701858,5.36
7.29095,7.9
7.1891975,8.17
7.162499,7.57
7.098099,7.94
7.3269978,8.05
7.2006383,7.69
7.3043737,7.73
7.194546,7.8
7.2087016,7.33
7.231381,7.79
6.544599,8.77
6.703427,8.44
6.972239,7.08
6.58691,5.65
6.524835,7.7
6.034035,7.6
5.7540083,7.44
6.076917,5.25
7.3846145,7.64
7.0858474,7.11
7.2196145,7.06
6.5894866,8.44
7.8288,8.07
6.785763,10.0
7.2955303,6.31
7.583316,8.28
7.450341,7.03
7.340608,6.48
6.4535875,8.74
7.318227,6.7
6.705779,6.37
6.76779,5.85
6.8024983,9.62
6.6453547,8.85
6.7010703,10.39
6.243173,6.89
6.4101434,8.01
6.496098,8.14
6.59049,9.85
6.6452966,10.0
6.59003,9.12
6.888463,9.85
6.5116706,8.62
6.911994,8.69
6.7999897,9.16
6.7260623,8.07
6.9293795,5.8
5.64037,3.8
6.268254,4.7
6.4955587,4.89
6.4632792,5.28
6.4703054,5.57
6.5153766,6.28
5.74818,5.44
6.0713634,6.96
6.1263194,5.81
6.4581285,7.0
6.3656816,7.72
6.4769044,7.89
6.411714,8.27
6.639211,8.37
6.665788,7.21
6.8281784,7.32
7.1804395,6.9
6.769295,7.85
6.670693,5.48
7.139137,5.92
7.069982,6.21
7.108351,5.89
6.9143615,6.62
6.8234296,6.2
6.7927966,6.7
6.6816745,6.21
6.5945964,5.46
7.065105,6.6
6.89677,7.42
6.9363804,8.85
7.0345902,8.6
7.1732216,7.44
7.410407,5.82
7.417646,6.17
7.358261,7.06
7.131471,6.77
7.1075597,6.34
7.0614686,8.26
6.978746,8.12
7.286253,8.01
7.266135,8.37
7.015683,7.08
6.980318,8.0
6.9831653,7.59
6.7243514,4.34
6.193972,4.78
6.001936,6.17
6.734654,6.32
6.4036016,7.11
6.106813,5.59
6.256987,7.0
6.285818,6.3
6.717668,6.43
6.274668,6.22
6.3653493,6.44
6.2613273,5.89
6.5553994,6.57
7.1643977,6.47
6.369408,5.93
6.824969,7.52
6.8531637,7.74
6.157063,6.89
6.822302,7.42
6.3125424,6.34
6.233318,5.57
6.5109897,6.26
6.27677,5.82
7.0663843,7.74
6.4364243,5.83
6.9040074,7.02
6.439033,6.62
6.429267,6.53
7.02978,7.03
6.979096,6.55
6.8738465,6.91
6.843874,5.94
7.0207543,7.3
6.7608333,7.89
6.893439,6.61
6.819423,7.4
6.3168263,6.91
6.4770703,6.9
6.7886577,7.82
6.3562384,6.09
6.367195,5.98
6.291184,6.25
6.819726,6.3
7.3188524,7.37
7.3702774,7.62
7.088827,5.77
7.375655,7.82
7.2968316,7.38
7.2606225,7.77
7.366917,8.92
7.0228467,7.45
7.767347,4.9
6.4287033,9.29
7.3366866,5.85
6.890804,6.55
6.873983,6.05
6.902141,5.93
7.2186384,7.52
6.6561217,5.48
7.0943694,6.23
7.3644414,6.42
7.012775,7.55
7.0834584,5.75
6.9224105,6.52
7.0512395,6.63
7.1376257,7.38
7.196589,8.74
7.1333146,7.8
7.0448375,7.73
7.1767488,8.43
7.1515217,6.74
6.7040024,6.73
6.9299703,7.99
7.1262884,6.84
6.9346757,5.98
6.8974085,6.65
6.3451905,9.15
6.714671,8.68
7.061475,8.1
7.2972054,8.52
6.5520277,8.02
6.6040635,6.83
7.0766234,7.61
6.5086083,6.71
6.79156,6.76
6.7882853,7.16
6.917212,6.52
6.706865,8.61
6.8601985,6.9
6.5154986,5.9
6.9038806,6.81
7.68391,4.9
6.9433103,5.78
6.9748726,5.86
7.2241797,6.73
7.207033,6.7
6.8892794,5.31
6.8226094,5.17
7.065582,6.64
6.8423314,5.79
7.193524,6.37
7.0623074,6.3
6.946205,5.84
6.64468,6.15
6.759542,7.0
6.6235633,5.47
6.5679407,5.89
6.5055323,6.35
6.8653913,5.09
6.632521,5.28
6.656342,5.28
6.285353,5.92
6.472796,6.72
6.500441,6.64
6.5153337,6.64
6.2195077,6.68
6.9470086,6.48
6.9327807,6.41
6.5240135,6.39
6.547649,6.15
6.8037076,6.12
6.493697,6.11
6.2850914,6.09
7.0353675,5.9
6.7235885,5.56
6.799499,5.48
6.965085,5.43
6.576818,5.37
6.7368217,5.15
6.813952,5.05
6.805878,4.92
6.8151417,4.84
6.904903,4.81
6.7085066,8.56
6.4808116,9.42
6.6531925,8.69
6.3554792,9.46
6.4922605,8.96
6.4770103,8.11
6.366005,7.79
6.2750683,7.87
6.541211,9.29
6.5704064,8.0
6.568864,7.44
6.6327653,7.49
6.8185906,7.33
6.72074,6.7
6.9386525,6.85
7.03667,7.72
6.8008666,7.52
6.8663573,7.7
5.6865945,7.27
7.2000194,5.25
6.6183763,7.89
6.978995,5.0
6.6139846,5.96
6.522758,6.6
6.7315373,7.6
6.81986,8.3
6.5290093,7.82
6.793818,8.3
6.4382234,5.82
6.6024156,8.3
6.905179,7.7
7.184531,7.47
6.9539623,7.05
7.2940845,7.46
7.2075315,7.15
7.026421,7.57
6.7544956,8.22
6.8700376,8.4
6.822366,7.7
7.5174627,8.15
7.483216,7.06
7.003567,7.44
6.9920254,7.89
6.855759,7.89
6.813913,6.03
7.098579,7.68
6.9890323,5.93
7.112513,7.25
6.968821,5.97
6.954286,7.68
7.0632405,7.12
6.9107075,7.68
6.76045,9.4
6.8559523,9.4
7.346087,6.8
7.029198,7.15
7.0538087,8.52
7.2036643,5.61
6.637448,6.68
6.8451495,6.18
6.2428894,7.92
6.3034415,6.98
6.6774764,7.05
7.3640976,7.68
7.234227,6.81
7.289647,6.54
6.5306306,7.44
6.8201594,7.59
6.504513,5.45
7.067534,5.9
6.6444535,7.77
7.017677,6.98
7.170946,6.54
6.9646673,7.0
7.0445538,7.41
6.977075,6.55
6.7012835,6.68
6.882509,6.0
7.2203546,7.74
6.595447,6.15
6.9022303,6.64
7.163991,7.77
6.8019457,4.68
6.768716,7.22
6.8799663,7.74
7.174546,8.6
6.9610662,7.68
6.8949018,7.44
7.017148,8.35
6.841576,6.85
6.878415,7.52
7.1358953,6.82
6.3773656,6.49
6.7108955,6.96
6.651653,6.85
6.90426,7.54
7.338347,5.52
6.591706,6.37
6.514207,7.37
6.700361,7.74
7.238893,6.66
6.4888997,6.72
7.121431,5.7
7.009051,7.34
6.84388,5.85
6.51036,7.14
6.74577,5.92
7.394016,6.0
7.371467,6.72
7.2513766,8.96
7.076913,8.77
7.464353,7.7
7.000505,5.39
7.008758,6.17
7.065432,7.3
7.000338,6.6
7.0773263,8.92
7.0723267,6.27
7.058862,7.37
6.9272847,4.69
6.8847475,5.21
7.6103854,8.0
7.4951425,7.14
7.5468917,7.8
7.5371637,7.54
7.6603093,7.68
7.626779,7.96
7.4122834,7.48
7.5451846,7.54
7.570032,7.28
7.9546905,6.56
7.5135016,6.79
7.6590314,7.85
6.510886,6.24
7.4031167,5.83
7.124547,6.42
6.880805,6.4
6.9601536,6.09
6.7927203,6.54
7.1796594,6.0
6.7871222,6.33
6.7760158,5.86
7.011287,5.68
6.723008,6.59
6.9638357,7.39
7.068751,7.89
7.6886992,8.4
7.5897717,8.22
6.993723,6.25
6.746323,6.47
6.8743687,6.2
5.9837003,7.2
6.0984883,7.8
6.2399745,7.3
6.445307,7.6
6.4961596,5.7
6.483486,6.5
6.4625106,8.0
6.9786196,9.52
7.1318393,7.59
7.2189326,9.1
6.492333,6.0
6.360514,7.2
6.2712946,7.7
6.0453496,7.2
6.3380136,6.6
6.6385493,7.2
6.1829743,7.5
6.624864,7.0
6.6850057,7.0
6.683791,6.2
6.725562,6.4
6.6685176,6.9
6.4153824,6.0
6.205153,5.9
5.9886646,6.9
6.911037,7.4
6.751545,6.87
7.2148004,8.1
7.1222663,8.1
7.1719384,8.4
7.0733914,8.4
6.9338546,8.4
7.207339,8.7
6.862656,8.6
7.1092076,5.78
7.0450425,8.07
7.1230483,8.3
7.188348,7.4
7.3668537,7.89
7.217321,7.59
7.249825,7.4
7.171218,7.92
7.0111356,7.96
6.4429526,8.69
6.2900376,5.3
6.456343,5.52
6.4781814,7.46
6.410649,7.46
7.2049866,5.32
7.2040057,4.98
5.356835,4.16
6.290679,6.07
6.1004024,3.66
5.5234375,3.61
5.673267,4.85
5.8674874,6.39
5.1850147,4.41
5.638061,7.19
6.403957,7.03
6.8740897,6.72
6.5630326,7.57
6.7392497,7.34
5.3027873,5.57
6.131217,5.22
6.212795,8.77
6.0495763,8.96
6.365103,6.59
5.8868756,9.3
5.610497,6.68
6.0418167,8.85
5.3524423,5.92
5.846588,8.28
5.3998766,5.57
6.5478425,8.42
6.4222775,6.06
6.1883397,7.15
5.5758905,6.08
6.2118754,6.38
6.0902796,6.74
5.9539022,6.57
5.3848376,6.06
6.4125476,6.48
6.3698525,6.96
5.7667184,6.54
5.6272235,5.34
5.9685063,7.02
7.203692,7.32
6.8820496,6.08
7.087257,6.68
7.0790553,6.44
6.6737266,7.55
7.6296935,7.26
6.985395,6.6
6.6926107,6.89
7.178073,7.57
7.1459937,7.15
6.923369,7.25
6.5416393,7.25
5.419413,4.38
5.6051507,5.82
6.4628677,7.33
6.3528914,6.89
6.3326135,5.46
6.250158,6.74
5.1583962,3.5
5.95192,4.7
5.7509127,5.85
5.6482787,5.6
6.076341,4.4
6.117998,3.77
5.6864457,6.0
5.75886,4.85
6.386681,9.7
6.176433,7.0
6.286482,10.0
5.9074817,5.0
6.1804695,7.28
6.7664614,8.52
5.8934894,4.51
6.4256225,9.7
5.860986,4.85
6.237243,6.62
6.172129,6.47
5.7607617,4.29
5.8071184,4.33
5.922717,5.96
6.1494813,5.76
6.2399726,9.05
5.6218886,4.1
5.274363,3.6
6.1508107,6.46
6.0951,7.05
5.28159,3.3
5.951037,8.0
5.703053,3.61
5.5645623,5.82
6.0400853,4.74
6.057178,6.79
7.137393,4.62
6.0054374,6.54
6.5604835,6.47
6.0814233,5.02
6.381946,6.88
7.078036,6.62
6.5052457,6.64
6.431695,7.82
6.938974,3.32
7.161403,6.98
6.139087,7.28
5.979074,7.1
5.9859242,7.2
6.9438252,8.46
6.443869,6.4
7.1532774,7.8
6.785002,7.08
6.0316653,7.19
5.922504,7.96
7.3222394,6.91
6.1416707,6.36
5.8041697,5.13
6.1438165,3.88
6.018109,3.71
5.4827065,3.6
5.5910616,3.29
6.1812234,3.75
6.6835537,4.15
5.9429936,3.9
5.932061,3.83
5.6567016,3.38
5.6065617,3.82
6.298056,3.69
5.704087,3.61
5.898057,3.3
5.5722814,3.38
5.806957,3.73
7.721712,4.92
7.568048,6.46
6.8469567,5.43
6.5314674,6.34
7.270118,6.64
7.358461,6.89
7.3746185,7.57
7.6083446,7.74
6.902888,7.17
7.674498,7.15
7.3878994,6.99
6.2914405,6.86
6.515137,5.51
6.2897096,4.82
5.865331,4.51
5.778718,5.52
5.974609,4.35
6.03015,4.29
6.374453,4.48
6.4804244,5.98
5.934173,5.43
6.18571,5.8
6.49674,6.04
6.56144,6.21
6.3742104,6.84
6.539307,6.81
6.7298245,6.78
6.686112,7.29
7.041941,7.72
6.992782,10.0
6.6210465,5.72
6.081864,6.03
6.1007957,6.01
6.268379,5.6
6.077726,5.65
6.0221734,5.69
6.105224,5.05
6.2924013,5.44
6.06154,5.48
6.145154,5.52
6.3596325,4.97
6.536765,5.11
6.2296762,4.83
6.53041,5.77
6.4047165,5.03
6.4896827,6.23
6.412664,6.57
6.4967403,5.07
6.7615614,6.92
6.6489954,6.39
6.475003,6.94
6.4076743,6.65
6.353105,6.97
6.468901,5.72
6.031358,5.44
6.8482065,5.79
6.3755,8.4
6.187194,8.3
6.4457135,6.6
7.1596565,7.19
7.0353103,6.41
7.138267,5.8
7.144217,5.46
6.427894,8.18
6.637719,6.66
7.273564,6.96
6.789597,6.72
7.4284005,6.96
7.3705277,7.96
7.039498,7.7
7.125259,8.04
6.5420327,7.0
6.999046,7.77
6.8759866,7.54
6.613871,8.12
6.58966,8.04
6.80431,8.48
6.5852265,6.26
6.507929,6.28
7.2421384,7.89
7.2829213,7.68
7.18709,7.25
7.1192517,7.37
6.9073195,8.66
6.905558,7.68
7.079819,7.72
7.1479526,7.7
6.476905,7.2
6.721229,7.35
6.9308763,7.33
6.353278,7.06
6.6919093,7.24
6.7455864,7.6
6.4974155,7.92
6.549844,8.41
6.5740504,8.85
6.6735516,8.0
6.533542,8.0
6.704724,8.15
6.7086225,7.51
6.6265864,8.26
6.6168795,7.68
6.532022,7.38
6.4871945,8.13
6.489829,8.1
6.5095696,6.84
6.9065804,9.05
6.884198,7.8
6.81856,8.68
7.4244633,8.74
6.8844123,6.52
5.9813333,9.55
5.625279,6.01
6.832855,5.96
7.1239514,5.43
6.925762,5.55
6.8416047,6.6
6.432501,6.44
6.6159205,6.22
6.460766,6.11
6.7527294,6.92
6.8397813,5.1
6.8726573,5.82
6.962153,6.62
6.911832,6.96
6.9810133,6.96
7.056585,7.0
6.9362073,6.89
7.239351,6.82
7.005325,6.82
6.355373,8.52
6.097976,9.28
6.0841107,8.34
5.985435,8.72
6.3918114,8.26
7.3769817,6.96
7.359732,6.85
7.0094285,8.52
6.995236,6.89
7.077929,6.41
6.9473042,6.15
7.219722,6.82
7.301575,7.22
7.1810403,7.43
7.0449595,7.16
6.80103,6.6
6.79458,6.96
6.8612113,6.89
6.8031893,6.82
6.857368,6.74
6.7791367,6.82
6.984879,6.46
6.95801,6.8
6.861729,6.66
6.956638,6.52
7.135352,6.57
6.9527826,6.11
6.9382615,6.82
6.518945,6.89
6.7890005,7.41
7.014828,7.14
6.8361797,6.89
7.1694484,6.8
6.569488,7.07
7.0517697,6.23
6.9728575,6.32
6.877846,6.51
7.382466,6.44
7.334429,6.59
7.068257,6.42
7.11857,6.89
6.9845285,6.54
6.903136,4.02
7.2797112,7.59
7.2258363,7.89
6.9452252,6.74
6.5416565,6.3
6.441403,5.9
6.5190735,7.21
6.435971,7.09
5.4387345,5.47
6.449742,6.93
6.0979886,7.6
6.5436482,7.02
6.201321,6.77
6.3924494,6.8
5.877725,6.78
5.9971976,6.51
5.949208,5.94
5.835257,6.44
6.6309524,7.44
6.8848095,8.66
6.6169434,8.28
6.679958,8.51
6.4366546,7.59
6.653027,7.7
6.397255,7.89
6.478949,7.47
7.3930917,6.49
7.661552,6.94
7.2304974,7.35
6.852165,7.2
7.5559,6.95
6.9589076,7.54
7.1356974,7.74
6.897568,7.92
6.9531646,7.48
7.580958,5.89
7.6408477,7.28
7.595406,7.12
7.5501666,6.55
7.661301,7.82
6.219252,6.25
6.2616963,6.35
6.01399,6.34
6.6935067,6.17
6.6538663,6.19
6.6181383,5.48
7.031512,7.6
6.9640565,5.96
6.891145,7.51
6.2580075,7.59
6.3229523,7.32
7.0821314,7.43
7.0742908,7.28
6.970065,7.16
7.184182,6.24
7.028257,6.49
7.344972,6.64
6.715849,7.04
6.6843915,7.05
7.189213,6.93
6.8825083,7.47
5.595181,4.4
5.76357,4.48
6.495685,7.05
6.8087463,7.64
6.759135,7.64
6.856321,8.52
6.766598,7.74
6.91727,6.73
6.978227,7.43
6.854424,6.17
6.82876,7.57
6.896392,7.13
7.0549216,6.4
7.2220774,6.02
7.5786595,6.34
7.628304,6.91
7.584754,7.04
7.4345546,6.16
7.606041,6.97
7.598141,7.13
7.022526,9.18
6.5272593,9.14
6.7892375,9.2
6.27062,8.82
6.643062,9.22
6.2957635,9.17
6.2375965,9.06
6.29192,9.32
6.0459127,9.23
6.2474527,9.0
6.032479,9.21
6.1627603,9.09
6.554053,8.42
6.4470954,8.51
5.902576,8.64
5.965075,8.85
6.4530473,8.05
6.754312,5.54
6.3814893,8.6
6.145475,8.57
6.393274,9.14
5.8965354,8.0
6.4274364,8.8
6.6106577,9.22
6.724693,7.12
6.2238812,9.07
6.40993,8.46
6.570105,8.36
6.1056576,7.96
6.28606,8.14
5.8693256,7.52
6.394455,8.34
6.023316,8.17
6.413618,7.31
6.6085258,8.05
6.266746,7.92
6.2827744,7.36
6.5176783,8.17
6.5249386,7.82
6.2033668,7.7
7.0927534,7.26
6.7201047,7.2
7.405889,6.19
6.89993,7.21
7.0877934,6.65
7.20213,6.75
7.0792537,7.28
6.9193573,7.46
7.1458535,8.37
7.061729,7.8
7.185037,6.88
6.928686,7.1
6.3287907,6.96
6.638208,8.77
7.0393405,6.89
7.034797,6.64
7.040767,6.61
6.130552,7.08
6.1795583,5.59
5.947505,5.71
7.126905,6.84
6.4933124,7.14
6.87123,7.14
6.5416417,7.3
6.706143,7.14
6.0599265,8.1
6.1777472,7.02
6.2688584,7.1
7.7227983,8.52
7.313685,8.89
7.3648696,9.0
5.779446,6.09
6.164903,7.35
7.255436,7.92
7.4716344,8.33
7.3669767,8.44
7.3874626,8.22
6.6476607,8.4
6.0889993,8.7
6.632205,8.7
6.4643903,8.3
6.3138394,8.05
6.7170825,8.0
6.6655107,7.66
6.39373,5.92
6.816615,7.96
6.840732,7.54
7.1987176,7.6
6.339374,7.24
5.811732,6.52
6.4100213,6.59
6.555038,6.35
6.421578,7.96
7.6083446,7.9
7.3746185,7.57
7.4122014,8.14
6.63297,6.8
6.9192348,7.05
6.87293,7.85
7.374892,8.18
7.248334,6.82
7.3301697,5.64
7.26351,4.17
7.1402545,6.85
7.243126,7.8
7.3164034,9.04
7.3842926,9.31
7.45577,9.54
7.435616,8.59
7.915712,6.71
7.5286064,6.94
7.6787734,6.61
6.8256593,7.08
6.6034856,6.55
7.191517,7.41
6.7093277,5.42
6.736522,6.09
6.8413763,4.68
6.636988,6.96
7.6748757,8.3
5.593233,4.71
5.8205667,6.91
6.1757946,6.72
6.2874217,6.48
6.4225044,5.79
6.4200635,5.74
5.8613553,5.42
6.4305573,4.81
6.0370564,6.0
6.344148,5.32
6.1387653,5.32
6.5481257,5.74
6.2702413,7.37
6.1589394,7.77
6.435101,6.08
6.3039546,6.8
6.3155475,6.69
6.554424,5.34
6.109242,5.13
5.686585,6.28
6.9492173,7.72
6.787012,7.72
6.7803173,7.72
6.497587,5.52
6.275619,5.92
6.9719253,7.51
6.864787,7.28
6.851183,7.15
7.1039577,7.89
7.1597266,7.89
5.7875104,5.8
7.599838,8.52
7.372608,8.64
7.7340674,8.8
7.3824987,7.64
7.3740587,7.96
7.3059096,8.64
7.407249,7.89
7.4242406,8.4
6.881824,6.85
7.214076,8.42
7.0106235,8.4
6.9283395,7.92
6.977753,6.98
7.045791,8.49
7.045791,8.15
6.960069,7.62
6.9088616,6.23
6.971809,7.08
6.930529,6.57
6.862828,7.77
6.7738748,6.36
6.447347,6.03
7.228116,8.21
5.4788756,6.83
6.0523515,8.19
5.83348,7.34
5.90098,8.15
6.552352,8.24
5.636972,8.32
5.998916,6.95
6.3100953,7.58
6.403269,7.87
6.8434095,8.04
7.2518907,8.15
6.5787854,7.07
5.849394,6.81
6.469012,7.43
5.9884143,7.47
5.318644,6.74
6.1159425,7.6
6.3266683,7.6
6.3471484,7.89
7.066801,7.74
6.450979,7.52
6.496513,7.72
6.5258574,8.1
6.590477,8.3
6.710458,7.89
6.530728,7.54
6.5395603,7.82
6.5002775,8.3
6.7271686,8.4
6.5634017,8.3
6.9669094,7.94
7.6156354,6.9
7.457109,7.53
7.517917,6.86
7.4272065,7.96
7.6074233,8.56
7.476827,8.83
7.5150843,7.46
7.281972,6.4
7.2614694,7.82
7.4839725,6.85
7.502049,6.84
7.4893365,7.61
7.4229307,7.22
7.3273354,7.43
7.2930098,7.48
7.3276124,8.01
7.1561055,5.98
7.3761716,8.02
7.4273252,8.1
7.523948,7.72
7.3114753,7.98
7.315,7.82
7.420448,7.94
7.225067,8.05
6.759275,7.16
6.754557,7.94
7.1255555,7.68
7.368581,8.18
7.045583,5.84
7.673119,5.7
6.479587,5.66
6.7320504,5.85
6.484798,5.88
6.339543,5.9
7.1357265,6.0
6.6423054,6.06
7.5625324,6.11
6.910369,6.14
6.3056645,6.27
6.5367937,6.28
7.1983976,7.68
6.768764,6.68
7.3897157,7.8
7.408097,8.05
7.1168942,8.22
7.074324,8.22
7.089522,7.51
7.2766924,8.3
7.4484563,8.1
7.4402347,8.92
7.3411803,8.15
7.600063,8.1
7.4634585,8.7
7.158166,7.59
7.372648,8.3
7.116303,7.66
6.9692926,7.89
7.5893197,7.37
7.4621882,6.89
7.36179,7.92
7.416964,8.15
7.4175544,5.43
7.087798,7.27
6.795684,7.2
7.132709,7.09
6.970452,7.05
7.1365743,7.43
7.308209,7.85
6.877116,6.19
7.2645745,6.33
7.2182255,7.17
7.0133634,6.95
6.8351426,6.9
6.8458896,6.84
6.8921494,7.24
6.645033,8.28
6.432257,8.15
6.4328284,8.31
6.6854997,8.05
6.438354,7.64
6.5791574,8.08
6.653852,8.48
6.386011,8.21
5.985183,8.46
7.233069,8.11
6.610365,8.54
6.3783298,8.24
6.282413,8.47
6.21891,8.46
6.395296,7.7
6.474756,7.89
6.3907514,8.19
6.4160466,8.32
6.2350893,8.37
6.4403744,7.96
6.3515205,8.08
6.2657175,8.31
6.264165,8.25
6.2433047,8.4
6.5789256,8.22
6.3806815,8.31
7.0514736,7.01
7.7509084,6.63
7.5334616,6.66
7.640859,7.54
7.653526,7.52
7.534516,7.43
7.0779166,7.16
7.289395,6.72
7.465487,7.19
7.6792035,7.52
7.5470395,7.22
7.4531574,7.08
7.5109563,7.12
7.0121074,6.74
6.8625035,7.64
6.8624926,6.58
6.8635583,7.23
6.7124534,6.84
6.7574434,6.29
6.8315945,6.44
6.535564,6.31
7.780468,5.99
7.544219,7.06
7.4829664,6.82
7.5752463,6.09
7.357655,7.09
7.358461,6.89
7.064118,6.57
7.0424857,6.87
7.982926,6.85
7.748688,7.68
6.6810255,7.89
6.220799,6.15
6.5800557,8.4
6.5250964,7.3
6.7041636,8.4
6.7174244,7.49
6.50652,6.19
6.500469,5.29
6.7141733,5.43
6.5812745,6.43
6.6298385,4.98
6.378485,5.82
6.371018,6.0
6.2962294,6.66
6.3073554,6.7
6.3486285,6.57
5.7157607,5.05
5.8822875,4.59
6.090528,6.22
6.2132134,4.5
6.051146,4.83
5.4010878,4.74
5.215883,4.59
5.3372,5.31
6.1930737,5.08
7.392573,9.17
7.616526,8.28
7.155117,8.18
7.977472,7.68
7.432085,7.11
7.8091936,7.6
7.6602373,7.66
7.5649176,7.33
7.5246835,6.59
7.5479426,8.0
7.7789493,7.77
7.5818753,7.25
7.573795,7.7
7.8588943,6.17
7.8654714,7.28
7.625562,6.65
7.766402,6.68
7.5609326,7.02
7.6206436,7.2
7.555541,6.65
6.668199,6.0
6.4674325,6.1
6.678552,5.54
6.657592,5.64
6.80127,5.85
7.2928033,7.68
7.5646305,7.43
7.4511724,7.51
7.419726,7.15
7.418453,6.92
7.697967,7.85
7.195646,8.3
7.5475755,7.49
7.7000966,5.89
7.6227303,7.15
7.43501,6.92
7.524568,7.29
7.5501757,6.8
7.6071563,6.89
7.4298496,6.33
7.508246,7.33
7.540069,7.29
7.643091,7.72
7.6003537,7.43
7.4641447,6.72
7.4333434,6.74
7.5166917,7.24
7.6083765,6.64
7.569075,7.03
7.445218,6.59
7.0742316,7.92
7.1018653,7.8
7.109648,8.37
7.088475,7.19
7.102963,7.55
7.2709703,6.82
7.413019,6.41
7.040692,8.32
7.1096663,6.17
7.050271,8.64
7.0584226,6.09
7.4102025,6.92
7.408549,6.35
7.326877,6.89
7.109107,6.54
7.196777,5.82
7.0232644,5.57
6.7186847,6.22
6.7643566,8.54
6.8312535,6.57
6.9869514,5.85
6.5184,7.55
6.878033,5.48
6.565015,7.31
6.7749944,5.71
6.607458,7.85
6.7360244,8.0
6.479936,6.82
7.0040193,6.95
6.4570594,6.45
6.0101175,6.14
5.960142,6.28
5.8869605,5.97
6.5013614,6.0
5.630048,5.49
5.873902,5.52
6.009946,6.06
5.626367,5.44
6.3747544,4.05
5.801248,4.8
6.4659214,8.28
5.0303607,5.41
6.27142,8.52
6.472763,9.0
6.2017255,8.1
6.275314,8.05
5.989714,8.4
6.557406,8.7
6.521076,8.4
6.199513,8.96
6.0729127,7.25
6.095028,6.55
5.992583,7.06
6.1217246,7.46
5.7747626,7.73
5.8008585,6.7
5.7586513,6.24
5.3928947,5.55
7.7418027,8.05
7.5414267,8.15
7.2290483,7.07
7.19845,8.74
7.4926333,8.22
7.289909,7.7
7.4926333,7.77
7.3634133,7.46
7.0869327,7.47
6.882749,7.82
6.5887666,6.7
6.801167,7.12
6.4330583,6.85
6.641786,6.37
6.0356236,6.68
6.220074,6.1
5.7127037,5.55
6.355284,6.62
5.867512,6.31
6.9261994,6.72
6.6672654,6.55
6.3118553,4.89
5.7832265,5.57
7.4338593,8.68
7.537961,8.46
7.6443024,8.49
6.518356,8.92
6.710847,8.8
6.286216,8.82
6.8256,8.8
6.0402427,8.6
5.4525084,8.51
5.8562202,8.57
6.4120955,8.64
6.2320027,8.25
6.9456515,8.89
6.778048,8.52
6.606609,8.17
6.464496,8.37
5.7900853,8.8
5.7851777,8.09
5.711072,7.97
5.7526817,8.39
5.7505264,8.06
5.672564,7.91
6.25137,7.87
6.261911,7.68
6.3524857,7.52
5.437945,7.96
5.820896,7.24
5.8551297,7.86
5.758513,6.9
6.8264937,5.41
7.0487313,6.15
7.102093,6.46
7.149983,6.3
7.2392435,6.0
7.6442266,7.66
7.1895967,7.33
6.980346,7.4
6.905386,6.72
7.1340594,7.01
7.395547,6.68
7.306583,7.04
7.1797585,6.7
7.3784857,5.83
7.2960644,6.29
6.714184,6.68
7.0334477,6.37
7.403315,7.23
7.626859,8.7
7.8154507,8.3
7.5886407,8.4
7.7734547,8.7
7.833862,7.74
7.7210536,7.85
7.8126063,7.92
7.59373,8.15
7.6926713,8.4
7.735443,8.4
7.4769964,7.6
7.499352,6.56
7.360379,7.17
7.5000367,7.15
7.2985907,7.0
7.0470853,6.85
7.9120345,6.11
7.8425655,6.24
7.6740403,6.2
7.674499,6.6
7.732555,6.31
7.8062806,6.47
7.637768,6.42
7.732945,6.24
7.7473907,6.21
7.7134438,7.35
7.455454,6.72
7.640373,6.55
7.208616,6.89
7.6599927,6.6
7.757937,6.59
7.503258,6.66
7.6664777,6.64
7.527684,6.74
7.383062,6.89
7.3736863,6.82
5.940315,7.52
6.3430505,7.07
6.5121007,7.19
6.176952,7.1
6.238055,7.21
6.2286325,7.31
6.424115,7.33
6.184934,7.38
6.3624234,7.4
6.3630705,7.42
6.42026,7.04
6.321725,7.09
6.5155773,7.1
6.206962,7.16
5.841739,7.3
6.364032,7.57
6.7923474,8.62
6.721676,8.0
6.6648536,8.17
7.1854725,8.26
7.408662,8.47
7.5818424,8.33
7.472536,8.96
7.264196,8.89
7.712527,6.88
8.025038,6.23
7.9278064,7.05
7.859136,9.74
7.879877,6.94
7.896185,6.88
7.76475,6.36
7.9574847,6.49
7.7226796,6.85
7.7318892,6.42
7.6935716,7.49
7.561276,6.91
7.657396,6.95
7.6875978,7.0
7.6811366,7.92
7.78727,6.68
7.6909995,6.76
7.6567802,7.04
7.6385083,8.37
7.657576,7.06
7.7932487,7.38
7.635601,7.04
7.295875,7.85
7.263539,7.64
6.797775,7.11
5.829421,7.4
6.2619166,7.04
6.052279,5.96
6.44851,6.01
5.8194785,6.17
6.3086524,7.38
6.9501967,7.92
6.9856086,9.68
6.7774186,7.03
6.7024527,8.49
6.6238217,7.3
6.4154267,7.05
5.000536,4.52
6.179276,7.49
6.1200633,8.1
5.8502126,7.3
5.4399257,7.28
5.7784266,7.21
6.699985,7.96
5.8855443,7.18
5.757808,7.01
5.8555627,6.8
5.6052732,6.99
5.4904675,7.02
6.0251327,6.2
6.127508,6.1
6.0583878,6.49
5.6064057,7.21
5.4556704,5.8
5.5168514,5.4
5.4992614,7.2
5.4331765,6.4
5.375569,4.4
5.126357,6.0
5.5458474,4.92
6.538358,8.25
6.3855624,7.15
6.83975,9.0
6.7382298,8.7
6.6550584,9.0
6.659203,8.52
6.5433407,8.3
6.6640706,8.4
7.0048165,8.4
6.28047,7.59
6.61649,8.52
6.6438193,7.6
6.7336164,7.85
6.6599617,9.0
6.706327,7.62
6.907879,6.25
6.88919,6.24
6.2049747,5.51
6.546149,7.0
6.246945,6.97
6.498264,7.72
6.801389,7.68
6.5745945,7.05
6.9051948,8.15
6.645162,8.3
6.5608754,7.89
6.2604604,8.7
6.0654836,7.82
7.302301,8.28
7.3650346,8.51
7.613884,8.39
6.5973363,8.51
6.851784,7.57
7.7696104,8.14
7.7880692,7.41
7.7174845,7.89
7.768776,8.24
8.037706,8.82
7.9679875,8.24
7.9577084,8.54
7.887197,8.27
7.8467,8.35
8.057858,8.09
7.0743747,5.85
7.4398837,5.7
7.3946033,5.68
7.3614764,5.89
7.301392,5.13
7.3628063,5.8
7.354861,5.8
7.1577973,5.25
7.3683257,5.72
7.4351115,5.8
7.3496175,5.66
7.371345,5.57
7.225779,6.15
6.200846,6.43
5.9242682,6.6
6.5417485,6.77
6.490672,6.96
6.6431174,7.37
5.99047,7.34
5.75757,8.05
6.596132,4.3
6.888048,7.68
6.483393,6.06
7.4912066,7.89
7.6269,8.57
7.62639,8.48
6.5471683,8.0
7.2302814,7.51
7.0681543,7.51
7.1248784,7.92
6.72914,7.85
6.8338103,7.89
6.462788,8.7
6.572626,8.7
6.533971,8.3
6.95658,5.71
6.964983,5.45
7.385614,4.59
6.586098,5.49
6.595627,5.85
6.5474524,5.71
6.780968,6.57
6.995759,6.57
7.42873,7.46
7.48097,7.59
7.254772,7.72
7.3227835,7.74
7.1048083,7.66
7.480615,7.57
7.4076204,8.4
6.5883036,5.3
6.651636,3.61
5.8187118,3.79
6.6200833,4.1
6.2508073,3.94
6.45664,6.54
5.841847,4.29
4.9237304,4.64
6.340333,5.46
5.8869977,4.28
5.6632895,4.82
5.96462,4.81
5.598436,4.41
5.4059024,4.68
5.9049964,3.54
5.84344,5.41
6.3900733,5.01
7.232034,7.0
6.888085,7.49
7.2075047,7.15
6.8370547,6.97
6.9655256,6.96
6.5969234,6.6
6.7211213,6.61
6.157471,5.89
7.0155888,6.92
6.8804173,7.07
6.888466,6.92
6.5371795,7.4
6.780583,7.4
7.336401,6.22
6.9743075,6.21
6.7785063,7.26
6.4044595,6.7
6.406906,5.04
7.0487313,7.15
6.8740916,5.84
7.1138296,6.29
7.0069947,5.47
7.19365,6.31
7.247528,6.39
7.113399,6.31
7.4180217,5.86
7.085444,5.82
7.273253,6.46
7.0691266,5.51
7.0341954,6.41
7.030109,5.19
7.199841,6.22
7.363496,6.37
7.1655197,6.65
7.4063015,6.74
7.2330365,6.54
7.3099284,6.82
7.2052264,7.3
7.275486,7.17
7.385323,6.59
6.835648,7.89
6.795494,8.06
6.4992433,8.09
6.5294485,8.24
6.6384254,8.13
6.9107475,8.25
7.0412507,8.32
6.6028914,8.28
6.6612687,8.28
6.7736325,7.29
5.936187,7.51
6.8004727,7.51
6.832583,7.89
6.7326646,6.51
6.663359,7.6
5.9657636,6.51
6.769899,7.39
6.926204,6.87
6.7617784,6.47
7.674498,7.15
6.902888,7.17
7.6908817,5.77
7.527303,7.02
7.021334,8.44
7.3554235,8.37
6.2868633,8.0
6.397371,8.64
8.082749,7.27
8.2810135,7.12
6.33238,7.57
6.9272504,7.31
6.931581,7.04
6.892176,7.04
6.619061,7.33
6.7559657,7.06
6.6583877,7.18
6.5251813,7.11
6.6596427,7.57
6.8429713,7.85
6.466822,9.42
6.5816083,7.92
7.2221303,8.05
6.334436,7.47
6.2587104,8.1
6.7512126,7.28
6.5784225,7.03
6.633637,7.57
6.6458116,7.62
6.5786843,7.52
7.1393466,8.1
7.049004,7.05
7.193822,7.62
7.4359126,7.49
7.4070134,7.64
7.3012166,7.82
7.43778,7.64
7.2196264,7.77
7.274895,7.8
7.276004,7.29
7.313126,6.48
7.447775,8.07
7.2372813,8.15
7.3437667,7.28
6.994843,7.89
7.1692166,8.1
7.2166295,7.96
7.414126,7.33
7.4524655,7.85
7.3423486,7.74
7.4943213,7.28
7.1492715,7.55
7.708446,7.66
7.4833517,7.33
7.3404174,7.77
7.3506627,7.11
7.3041816,7.52
7.080562,7.17
7.2460303,8.57
7.120956,8.82
6.974355,8.25
7.024096,7.92
6.7618937,7.57
7.3296547,8.11
6.991119,8.17
7.130968,8.96
7.3538785,8.46
7.6611543,8.23
7.916907,8.2
7.144966,8.43
7.2177906,8.32
7.2694526,8.66
7.5001774,8.89
7.635347,8.57
7.0238566,8.0
7.175841,8.21
7.3832335,8.64
7.3026104,8.7
7.259336,8.41
7.5446467,8.15
7.0577044,8.27
7.294202,7.82
7.5341315,8.49
7.5601954,8.4
7.509004,8.46
6.270698,7.55
6.5678616,7.05
7.20997,8.15
7.1804767,8.7
7.2486234,8.52
7.053695,8.4
7.1454196,8.4
7.198484,9.0
7.2525096,8.3
7.0864153,8.0
7.216741,8.7
6.935513,8.4
7.417853,8.52
7.153732,7.77
7.444416,7.96
7.1128,7.77
7.313461,7.66
7.7388005,7.8
7.2671943,7.55
7.077871,7.49
6.5142455,6.29
6.1462154,7.52
6.450611,7.66
6.471746,5.11
6.354975,6.37
6.9027805,5.88
6.8678575,6.85
5.8431125,5.94
6.245404,6.85
6.5892367,7.72
6.5762215,8.43
6.6289277,8.03
6.512458,7.89
6.489289,5.0
6.307447,5.66
6.572881,7.89
6.6445303,8.59
7.3287616,8.17
7.306332,8.44
6.6906877,7.21
6.883259,7.42
6.7730103,5.26
7.2817054,9.3
6.74873,8.77
7.116257,8.92
6.5257444,7.96
6.5262847,7.72
6.758163,7.1
7.3996043,7.18
7.3568015,6.8
7.4418607,7.62
7.486995,7.41
6.7483315,8.05
6.759496,6.92
6.920694,7.41
6.7795587,7.16
6.7287364,7.3
6.686738,7.08
7.414796,7.89
7.4752154,7.89
5.9313407,7.55
6.2516866,7.85
6.3285055,7.66
6.364321,7.14
6.4837923,7.3
6.5719123,7.7
6.5670805,7.37
6.5913734,7.48
6.5215526,7.52
6.485069,7.55
6.57,7.12
6.5595984,6.79
5.931048,7.19
6.277841,7.17
6.0012145,6.86
6.4205317,7.03
6.2612576,7.14
6.195164,7.3
6.1510906,7.74
6.151152,7.3
6.0379367,7.51
6.2003837,7.54
6.5945907,6.35
6.028171,6.97
6.259498,8.22
6.6060915,7.74
6.586556,7.62
6.5492015,8.05
6.5816374,7.66
6.5606747,7.42
6.5941663,8.25
6.505779,7.82
6.1563888,9.15
6.6203895,8.62
6.608743,8.54
6.5633054,8.66
6.967111,8.51
7.499187,8.3
7.046636,8.06
6.7693524,9.0
6.6741214,8.51
6.8505325,9.7
6.9104753,9.3
6.5090294,9.52
7.215491,9.05
6.672609,8.18
6.8332415,8.7
6.5808797,9.22
6.839632,8.74
6.9092,8.59
6.6890635,8.96
6.65966,8.7
6.8395576,8.49
6.714784,9.15
6.742046,8.59
6.736651,8.4
6.551558,9.05
7.221088,8.3
6.871035,8.33
6.678162,8.27
7.0145392,8.82
6.690417,8.85
6.8673897,8.89
6.140957,6.62
6.283994,6.95
7.0883737,6.21
6.7766633,6.31
6.7001348,6.36
6.834479,6.95
6.948068,7.57
6.4569097,7.72
6.767841,5.64
6.952397,5.91
7.311626,5.91
6.976464,5.97
6.8888106,6.34
7.1397634,6.44
6.9618406,6.52
7.235213,6.91
7.2988334,6.94
6.957685,7.0
7.015499,8.43
6.6750164,7.72
6.801217,8.09
7.0133834,8.74
6.789902,7.72
6.8086033,7.64
6.883891,7.52
6.934507,8.55
6.74463,8.09
6.577246,7.96
6.6988883,7.28
6.6217113,8.96
6.398969,8.54
6.655154,8.96
6.6199727,7.64
6.420408,8.11
6.7983294,7.92
6.6987386,7.16
6.3494887,7.77
6.3599067,7.14
6.1844306,7.66
6.5048156,9.06
6.8490634,8.88
6.7376885,7.05
6.3997808,9.48
6.642017,8.76
7.5993066,8.0
6.307588,5.42
6.4732013,6.23
6.1758766,4.77
6.760136,6.08
6.11274,7.57
6.679795,8.29
6.2394004,6.05
6.195269,7.85
6.340632,8.1
6.13055,7.92
5.7509675,7.44
6.4302993,7.17
6.352368,7.24
6.0596895,8.4
6.9819417,8.22
6.953434,8.1
6.985627,8.1
6.9608846,6.37
6.577588,8.52
7.0662646,8.22
7.1565804,7.68
6.909093,7.66
6.934796,8.1
7.1175084,6.24
7.021482,7.7
7.0212345,8.3
6.7955675,8.3
6.9323535,6.7
6.930946,8.3
6.8397193,7.11
7.0236354,7.92
6.933306,6.0
7.1701035,6.62
6.6502986,6.27
6.858148,7.64
6.7025857,7.89
6.647083,7.64
6.36834,8.4
6.665969,7.77
6.426665,8.0
6.6775093,8.22
6.86331,5.13
6.5855184,8.1
6.573197,8.3
6.49912,8.15
6.2196174,7.85
6.611037,8.22
6.394278,7.64
6.4647756,8.06
6.55134,8.02
6.711533,8.18
6.936418,8.89
6.1844306,7.74
6.097198,7.7
6.0989366,7.41
5.987935,7.18
5.879567,7.24
6.0626655,7.24
6.513513,7.74
6.661698,8.24
6.731383,8.36
6.719149,7.72
6.781797,8.34
6.6987596,8.6
6.3850665,8.0
6.5960784,6.22
6.692576,6.69
6.8443995,6.67
6.9958715,7.0
6.89321,5.77
6.9866776,6.09
7.0096116,6.17
7.524539,7.06
7.2287602,7.11
7.278362,6.45
7.3130918,6.48
7.019231,6.64
7.016049,7.39
7.170865,7.02
7.089932,6.99
7.1591716,7.19
7.086492,8.22
7.3435044,6.76
7.0891886,7.89
7.053518,6.85
7.198142,6.96
7.371132,7.07
7.4006295,6.74
7.1241794,6.85
7.3379664,6.4
7.3417697,7.0
7.227405,7.08
7.442508,6.82
7.6309237,6.89
7.251715,6.55
7.399804,6.3
7.234273,6.77
7.1692586,6.96
7.1820526,7.26
7.1114926,7.42
7.4293656,6.17
7.4907193,6.24
7.0035415,6.59
7.112737,5.89
7.162291,5.62
6.844963,6.92
6.8788342,6.0
6.8040185,6.89
6.8176455,6.96
6.884744,6.14
6.682704,6.85
7.1721377,6.85
7.0059943,6.92
7.124067,6.92
7.210002,6.96
7.325231,6.85
7.155144,6.85
6.875264,6.59
7.152904,6.96
7.224095,7.0
7.2160635,6.0
7.2464986,6.07
7.6967883,6.55
7.8380046,6.48
6.856499,5.74
6.781645,6.48
7.0369754,5.89
7.043044,7.24
7.0774975,6.7
7.1644306,7.15
7.074035,6.51
6.885241,6.57
7.012097,6.04
7.3082175,6.54
7.3668375,6.66
7.000549,6.15
7.1958733,6.16
6.521401,6.35
6.5738006,6.89
6.816857,6.35
6.742972,6.96
6.697272,6.37
7.054563,7.11
6.928944,7.15
6.9865756,6.96
6.925996,7.09
6.9497313,7.74
6.78102,6.17
6.91213,7.12
7.131536,7.11
7.1464095,7.14
6.5832667,7.27
6.499554,7.29
7.0394506,7.68
7.367612,7.89
7.204951,6.31
7.340503,7.33
7.011477,8.8
7.0574517,6.82
7.083918,7.92
6.8357143,7.72
6.7958946,5.85
6.736325,7.13
6.8282533,7.41
6.237258,7.23
7.3692145,7.59
7.284734,7.43
7.3788214,8.08
7.2501187,7.84
7.183376,7.89
7.410986,7.75
7.315662,7.33
7.17384,7.64
7.336768,7.58
7.1212745,7.8
7.2788796,7.48
7.2842298,7.54
7.22427,7.47
7.506036,7.57
7.5441833,7.44
7.4617434,7.33
7.5114055,7.52
7.376961,7.12
7.2668414,7.33
7.424338,7.34
7.2567205,7.43
7.166282,7.28
7.115689,7.52
7.0580263,7.82
7.117039,7.3
7.182727,7.65
7.0401254,7.11
7.103959,7.05
6.4741745,7.1
6.1071196,6.16
6.2465696,6.03
6.9260135,6.17
5.934137,7.8
6.0877194,7.96
6.05977,7.36
6.458513,8.0
5.9132295,5.66
7.0718265,7.03
7.1248274,6.51
7.329191,7.35
7.1826844,7.37
7.337914,6.94
7.1814203,7.27
7.303144,7.41
7.4191356,7.86
7.44097,7.31
7.497968,7.29
7.3240404,7.41
7.219547,7.47
7.3971815,7.47
7.380108,7.51
7.363911,7.57
7.306952,7.54
7.0970597,7.92
6.9329953,8.13
7.170648,8.37
7.19624,8.77
7.125118,8.66
7.198892,9.05
7.4334264,7.77
7.3917985,7.96
7.22872,8.28
7.5355983,8.89
6.457132,6.57
6.7784305,7.31
6.6782775,7.24
6.847842,7.59
6.654369,8.38
6.196875,7.08
6.77459,7.28
6.8838058,8.12
6.8749804,8.74
6.6139083,7.26
6.5222206,7.0
6.792242,8.04
6.843844,7.96
6.9430614,8.66
7.0426993,8.57
6.3725147,6.62
6.855558,4.75
5.5261626,4.8
5.661398,5.08
5.840709,5.62
6.0244694,5.62
6.1144314,5.8
6.3697634,5.42
6.5745883,5.72
6.083258,6.01
6.2924733,6.44
6.565051,5.96
6.373981,5.62
6.3979306,5.72
6.44745,5.4
6.015109,6.1
6.0678635,6.06
6.294804,5.96
6.5341916,6.55
6.5981755,5.82
6.792926,8.52
6.0913153,8.52
6.469813,9.59
6.298237,9.4
6.352697,9.51
6.393105,9.52
6.509397,9.17
6.587129,9.34
6.498676,9.26
6.4908853,9.54
6.512567,9.37
6.4312067,9.57
6.1036944,9.43
5.9043074,8.82
6.0652633,8.4
6.185483,8.05
5.8500915,8.4
5.842923,8.52
6.192759,7.54
6.242861,7.85
6.1733136,7.92
6.6242046,8.4
6.4220777,8.05
6.281086,7.74
6.272133,8.05
6.3626156,7.92
6.3534274,7.8
6.245569,7.96
6.236673,8.1
6.2413983,7.29
6.6295047,7.54
6.179336,7.52
6.6023245,8.15
8.134717,8.42
7.923695,7.89
7.9372106,7.49
8.217648,8.74
7.881781,7.82
8.036438,7.96
7.7807364,7.1
7.9571686,7.55
7.861075,6.96
6.5458827,6.4
6.471785,7.64
6.56426,8.0
6.161896,7.7
6.7631574,7.6
6.8669133,7.77
6.7059984,7.22
6.7320247,7.82
6.802136,8.0
6.7357345,8.3
6.748393,8.4
6.805369,9.0
6.8880305,8.4
6.965922,9.3
6.916781,8.52
6.964048,8.1
6.673286,7.22
6.8706822,8.15
6.7863507,8.22
6.8025784,8.05
6.724712,7.35
6.6858053,8.82
6.8292813,8.4
6.187462,8.0
7.082711,8.7
7.009491,8.05
7.131608,7.6
7.059607,8.4
6.942341,7.7
6.931534,6.6
6.758186,8.7
6.927894,8.52
6.9096074,8.7
7.0930448,9.0
7.3907986,8.26
6.7492447,8.3
6.7950344,8.12
7.0418973,9.0
7.306125,8.7
7.269698,5.78
7.6111503,5.96
7.6697373,6.46
7.3562627,8.22
6.62935,7.36
6.882845,8.63
6.587339,7.86
6.539874,8.58
6.262094,9.21
6.5604978,9.14
6.900328,9.29
6.322774,8.66
6.455649,9.02
6.3573365,9.25
6.313599,9.43
6.51832,9.21
6.9384136,8.8
6.522733,9.1
6.697659,9.23
6.791397,9.41
5.8053374,8.92
6.49002,9.3
6.193433,9.26
6.7792583,9.38
7.2002816,7.07
7.328304,6.54
7.121615,6.58
7.1904144,7.0
7.3494925,6.24
7.2092237,7.3
7.3332925,7.0
7.2546334,6.99
7.5418167,6.67
7.1048303,7.28
7.27586,7.34
7.0893245,7.41
7.3502755,7.19
7.2547703,7.25
7.255336,7.34
7.2923408,7.32
7.1430874,7.17
7.3183484,7.6
7.478688,7.18
7.2124467,7.24
7.3117537,7.13
7.3899007,7.04
7.58813,7.51
7.2305284,7.3
7.0087237,7.47
7.3796964,7.12
7.49541,7.44
7.3239427,7.37
7.544331,7.52
7.2328725,6.94
7.4753394,7.24
5.004847,6.05
6.1940207,8.35
6.1032543,9.59
5.5573506,9.7
6.4667735,8.4
6.3340907,8.37
5.8864536,9.03
5.984631,9.49
6.6791754,8.25
6.4982295,8.54
6.4861474,9.52
6.6454372,9.07
6.317069,8.47
6.7260537,7.92
6.199736,8.3
6.3296213,9.21
6.3853855,9.2
7.0862594,7.82
6.1094933,8.2
6.0892816,7.92
6.718337,9.32
6.112845,6.38
6.0479546,6.99
6.3250823,6.4
6.383005,5.47
6.050596,6.18
6.366239,6.57
6.218563,7.14
6.516076,6.47
6.1756105,7.18
6.343757,7.77
6.498239,7.66
6.274742,7.8
6.442078,7.92
6.5683627,8.0
6.214052,8.8
6.271848,8.42
6.2111015,7.05
6.409604,7.03
6.5089073,7.25
6.6582203,7.22
6.2287593,7.68
6.313394,7.85
6.590886,7.89
6.259916,8.24
6.170078,8.46
6.0675063,7.77
6.234524,7.96
6.058607,7.42
6.4775977,5.05
6.4780226,7.6
6.723206,8.32
6.647199,9.26
5.7343435,6.59
6.154746,5.97
6.0611057,6.89
5.818549,5.55
5.8034053,7.24
6.353402,7.16
6.0879498,7.48
6.002608,7.77
6.5952806,6.43
6.2504177,7.62
6.361306,7.54
6.38051,7.7
6.558934,8.12
6.483693,8.32
6.467181,6.59
6.55116,8.55
6.558496,8.16
6.895357,8.55
6.6121316,8.34
6.664883,8.0
7.688544,6.8
7.5188828,7.03
7.2986207,7.08
7.7280126,7.23
7.746124,7.26
7.6590953,7.3
7.728289,7.92
5.944582,8.17
5.727073,9.09
6.17988,8.42
7.580629,8.4
7.0913763,7.8
5.7438693,8.47
7.517963,8.28
7.257856,7.66
6.292677,7.19
6.982699,7.92
6.9511724,7.72
6.839538,7.64
7.1655197,6.65
7.2196264,7.17
7.221549,7.38
7.226009,9.3
6.169527,5.92
5.720949,6.16
6.253304,6.96
6.363996,7.59
6.786177,8.0
6.994719,7.82
6.9033585,7.46
6.8459334,8.7
6.6602707,8.4
6.785855,8.3
6.6521463,8.1
6.788152,7.52
6.6944366,7.89
6.6155214,7.74
6.7253737,7.96
6.364363,7.74
6.5589414,7.85
7.2725873,7.74
6.7764716,8.4
6.968122,8.4
6.5080676,7.74
6.2625766,7.85
6.7948003,7.74
6.729452,7.64
6.6482587,7.6
7.0573983,7.12
5.99373,7.01
6.762922,8.81
6.833303,8.33
6.5566845,7.94
6.7690873,7.28
6.505321,7.22
6.5655084,6.86
6.1814423,8.15
6.5481124,7.32
6.3005967,7.56
6.448877,7.36
5.846614,6.34
6.416184,6.07
6.183553,7.96
7.4860816,5.6
6.1335707,6.04
6.213335,6.15
6.2576203,6.19
6.863404,7.8
7.2302685,8.0
6.7398715,8.36
6.7969103,8.12
6.785991,8.22
6.794868,7.82
6.828255,8.42
6.8905616,8.12
6.7750735,7.71
6.590228,8.08
6.8189135,7.75
6.8197,7.59
6.6455626,8.03
6.3682475,6.58
6.0767465,5.66
5.790274,6.7
6.1037545,7.66
6.4738574,7.97
6.2354865,8.18
6.283181,8.47
6.080935,8.51
6.516955,8.7
6.2311387,8.72
6.4235797,8.92
7.0943437,4.88
8.079488,4.9
7.141806,5.55
6.7860794,6.14
7.63933,6.85
6.868976,6.9
6.188886,7.19
7.0975738,7.25
7.214336,7.32
6.6836147,7.43
7.5119085,7.43
6.946368,7.57
7.9669027,7.57
6.434298,7.96
6.704511,8.8
7.078478,8.85
7.6846805,8.89
7.340246,9.0
7.644029,9.18
7.582203,9.3
6.5134597,9.1
6.376709,9.4
6.601747,9.4
6.3398647,7.89
6.1401343,8.68
6.1096425,8.38
6.689572,8.6
6.558315,8.18
6.5071206,9.52
5.7794633,9.0
5.7595353,7.96
6.2606564,7.52
6.1834693,7.85
7.2188783,9.4
6.4267015,8.12
6.396504,9.0
6.401313,8.57
6.276422,7.51
6.058558,8.08
6.369066,8.64
6.322934,8.59
6.6384664,8.47
6.211601,7.54
6.346659,7.96
6.366834,8.41
6.332105,7.7
6.137243,7.68
6.442,7.2
6.570192,7.34
6.0509205,7.38
6.3054557,8.4
6.198152,8.4
6.636129,7.51
6.455788,7.68
6.0461574,7.12
6.078636,7.54
6.1759515,7.77
6.3076596,7.96
6.302545,6.61
6.2507586,7.74
7.4469724,7.77
6.626301,7.7
7.1367087,7.03
7.1009545,6.9
6.803555,8.22
7.1033425,8.3
7.0378757,6.53
6.843039,7.82
6.921043,8.4
6.995333,8.52
5.4619994,4.22
5.8242764,4.7
6.513018,4.8
5.9206653,4.92
5.635106,5.38
6.3099766,6.6
5.942658,6.7
6.529242,7.4
7.267168,7.4
6.2597485,7.7
6.784408,8.05
7.4862895,8.15
6.5751486,8.52
7.0125127,8.7
7.0237885,5.36
6.9987235,7.3
6.9266534,7.3
7.109199,7.3
6.806276,7.4
6.2317624,7.52
6.9996185,8.05
5.7796965,4.65
7.0555196,5.84
7.2592225,6.42
7.147657,6.42
7.1347594,6.47
6.931113,6.66
7.042072,6.71
7.0918374,5.86
7.0970826,6.34
7.3238826,6.35
7.2164817,6.04
7.1209393,5.99
7.55576,7.11
7.146436,6.91
7.201649,7.13
7.2940116,6.8
7.4122887,6.9
7.3762736,6.95
7.3168435,7.72
6.8676887,6.71
6.894504,6.87
7.02467,6.86
7.0661044,8.56
7.5364947,6.21
7.474478,6.37
7.4202766,6.48
7.495409,6.27
7.3395534,6.54
7.156445,6.29
7.2843184,6.49
7.2079773,6.74
7.2759595,7.15
7.1534324,7.1
7.006948,7.15
7.05528,5.44
7.1830826,7.15
7.538483,6.12
7.4882007,6.42
7.454416,6.47
7.494427,5.24
6.3929415,5.28
7.0883946,5.47
6.3395514,7.35
6.3683853,7.89
6.5198474,6.32
6.670069,4.26
6.660092,5.96
6.176056,7.35
6.3886657,4.06
5.992515,6.96
6.5423555,4.8
6.386474,6.28
6.1672997,4.64
6.7715063,6.19
7.113112,6.37
6.947845,6.49
6.9032283,6.66
6.8665996,6.8
6.7015886,6.66
6.6959896,6.35
7.317553,8.0
7.2750125,5.02
7.1123576,4.32
6.8712316,7.15
6.9113746,5.7
7.022234,5.06
6.912639,6.57
6.954911,6.89
6.836332,6.44
6.784905,7.15
6.631987,6.36
6.5437045,5.71
7.4185634,7.3
7.231572,5.8
6.8688483,6.28
6.8663096,7.4
6.782973,6.11
6.7062616,8.22
6.866351,8.85
6.4893527,6.3
5.9985347,6.64
6.446197,6.19
6.1335626,7.44
7.1642394,6.16
7.7911296,7.55
7.7714486,6.84
7.710741,7.07
7.6394424,6.97
7.6113505,7.0
7.801716,7.03
7.7418885,7.72
7.573175,7.7
7.520145,8.42
7.2758083,6.83
7.5070844,7.81
7.302131,8.31
7.7311764,7.97
7.759824,7.73
7.662982,7.7
7.2064734,6.52
7.3625684,6.46
7.5834575,5.64
7.3796587,8.19
7.2868333,8.47
6.8369083,8.05
6.2922277,7.71
6.638495,4.86
6.83357,4.91
6.442201,4.74
6.278523,8.24
6.2295594,7.6
5.85547,7.54
6.1442776,6.74
6.0698533,6.19
5.75736,5.91
6.122866,6.47
6.614834,5.74
6.1842027,6.74
6.0917125,5.84
6.4742856,6.66
5.725843,6.01
6.6612763,5.88
6.9564795,8.22
6.6251187,7.85
6.650003,8.3
6.511278,7.44
6.857349,6.71
6.991395,7.77
6.5582967,6.8
6.846603,6.8
7.102473,7.03
6.7866573,8.0
6.925239,6.71
6.767729,7.7
6.9853,7.09
6.9253497,5.6
7.3807435,8.8
7.402016,8.37
7.338206,8.43
7.054644,8.49
6.719049,8.96
6.9926314,8.89
7.2406325,8.74
6.855985,8.74
7.2525473,9.52
6.6535177,8.77
6.7870255,8.77
6.7192044,9.4
7.2043867,8.64
6.8490477,8.74
6.966554,8.24
7.2536616,9.15
7.362302,8.8
7.309876,8.8
7.5050178,8.59
7.310784,8.8
7.5136733,8.31
7.4667354,8.72
7.1187453,8.64
7.221024,8.72
7.117538,8.85
5.879379,4.79
6.4810653,5.4
7.024611,8.07
7.2724795,6.54
7.125258,7.36
7.2497606,6.16
6.9731917,5.93
7.0584407,9.92
7.32309,8.46
7.1543922,9.22
7.091596,9.3
7.5044336,8.72
7.153439,8.85
7.34602,8.96
6.8755336,8.54
7.145967,9.22
7.282741,7.27
7.2372894,8.82
7.436856,8.96
6.7020073,8.82
6.994035,9.3
7.2800193,6.81
7.025417,9.15
7.2250633,8.43
6.954945,8.14
7.678267,8.77
7.7366753,9.62
7.5863986,9.64
7.4966383,9.25
7.5352473,9.15
7.4897695,9.85
7.3059454,7.8
7.29717,9.15
7.3804703,9.22
7.307589,7.59
7.331179,8.96
6.819985,6.2
7.130242,7.95
7.055694,7.87
6.679648,6.81
7.03686,7.56
6.9467635,8.77
6.539203,7.97
5.5586634,6.91
7.0902534,7.22
7.1722674,7.41
6.8651814,7.75
7.330503,7.15
7.2401357,7.96
7.2688417,7.97
6.7661033,7.11
6.3641863,6.25
6.7899117,7.49
6.521676,6.92
5.9371543,6.47
7.0184507,5.53
7.179886,7.71
7.2907386,8.29
7.12567,8.62
7.3480754,8.21
7.2215066,7.96
7.3677287,4.67
7.377591,6.78
6.6414585,6.66
6.319919,6.59
6.3812056,6.44
6.389206,6.05
6.1927934,6.21
6.1505585,6.3
6.0557284,6.85
5.828985,6.6
6.362902,6.4
6.3615866,6.85
6.1056013,6.12
6.470573,6.6
6.66641,7.14
6.620051,6.02
6.409722,5.3
5.7259774,9.0
7.049413,8.6
7.3560214,8.66
7.5454097,8.72
7.3798585,8.8
7.2827835,9.0
7.5771537,8.89
7.360467,8.8
7.0914574,9.38
6.965288,8.0
7.6411185,7.36
7.3886285,8.89
6.8049154,6.27
7.1544747,8.79
7.4357486,7.71
7.15729,7.49
7.097174,8.09
6.9324193,7.41
6.4848638,5.21
7.0657725,7.35
7.357438,7.96
7.326717,8.03
7.335873,7.54
7.762806,7.85
7.2995005,7.53
7.4692802,7.09
7.2512283,9.0
7.2519946,8.22
7.21169,8.22
6.929253,8.05
7.1868167,8.7
7.132127,8.7
6.8414865,8.7
7.178784,8.7
7.229643,8.17
7.6836314,9.15
7.4199014,8.37
7.4824643,9.0
7.3828063,9.05
7.051475,7.84
7.214867,8.77
7.470432,8.8
7.536465,9.4
7.586633,8.15
7.6854963,8.52
7.118427,7.27
7.4580207,8.41
7.6999297,7.61
6.8182635,8.64
7.2780886,8.47
7.448831,7.31
7.546872,6.92
7.1659923,8.59
7.241533,9.3
7.8135715,8.8
7.114696,9.22
7.0185447,9.77
7.2526574,9.34
6.9254866,8.96
7.3264956,9.15
7.145189,9.15
7.247321,8.77
7.1509786,8.82
6.7902427,8.09
7.220139,8.24
6.8390756,7.47
6.994625,5.87
6.6642466,5.8
7.137506,8.25
6.669287,6.97
7.431944,7.85
7.1539354,8.64
7.1517196,8.66
6.902413,8.52
7.3230906,8.07
7.3125844,8.59
7.2729487,8.24
7.0836105,9.3
7.7818885,7.9
7.249865,8.39
7.0815434,7.84
7.0192156,7.68
7.443029,8.23
7.530706,8.09
7.4864593,7.87
5.8274837,5.7
7.3461003,7.73
7.6133394,7.46
7.558861,7.43
7.497434,8.06
6.295772,10.1
6.0841813,9.82
6.4957385,9.7
7.664659,8.59
7.2240424,8.05
7.224441,8.27
6.273724,5.67
6.235502,6.58
6.3011804,7.8
6.264379,7.49
6.1416526,7.92
6.769256,8.4
6.348381,8.05
6.5287366,8.3
6.5852003,8.22
6.3402553,8.22
6.319744,8.05
6.0719666,6.6
6.1484575,7.66
6.4970183,9.0
6.7336297,8.7
6.2281575,8.7
5.9580646,8.52
6.2560935,8.52
6.486011,9.0
6.5724483,8.52
6.3740706,7.89
6.1576014,8.1
6.129889,8.4
6.6523576,9.0
6.4839416,8.52
6.393345,8.4
6.6134577,8.52
6.6056795,8.4
7.0424123,8.7
6.335708,7.92
7.3928328,8.1
6.490237,7.89
6.61511,8.22
6.497339,8.22
6.5703654,8.3
6.0377526,8.52
6.3854294,7.96
6.6020722,7.54
6.6454415,7.1
6.237599,6.33
6.882831,8.59
6.841806,8.26
6.660601,6.66
7.020977,9.42
6.946445,7.55
6.5194464,8.17
6.502036,8.34
6.467037,7.77
6.274256,7.54
6.198766,6.85
6.346619,6.14
6.871571,6.6
6.459012,6.27
6.2621665,6.21
6.139561,6.29
6.5286975,6.77
6.4278264,6.2
6.39387,6.33
6.258716,5.92
6.2924733,6.44
6.1840324,5.92
6.8861785,8.07
6.807376,8.68
7.0745473,7.89
6.4070354,8.14
6.7000904,7.77
6.5649953,7.06
6.7881875,8.06
7.7987247,7.15
7.8435826,6.27
7.6452365,7.55
7.6925044,7.49
7.714789,6.91
7.807656,7.36
7.9562287,7.22
7.872079,7.3
7.7211356,6.82
7.3606496,7.18
7.5866017,6.72
6.958353,7.19
6.8201537,8.54
6.766204,8.62
6.842504,8.17
6.9036765,7.82
6.9691696,9.1
7.200367,8.78
7.026638,9.11
7.2126327,8.9
6.875971,7.74
7.421274,9.12
7.224034,9.27
7.345191,9.14
7.34191,8.8
7.3556256,9.21
7.775906,8.77
7.435044,8.79
7.571775,8.84
7.555816,9.11
6.4929476,4.98
5.9204154,4.33
6.2762103,7.1
6.0395036,5.92
6.1329017,4.67
6.4565816,5.89
5.7245307,6.77
7.097177,7.85
6.5632696,7.71
6.3824115,6.63
5.8094707,8.2
7.1075096,5.88
7.6691875,5.9
7.7114887,5.75
7.63858,5.12
8.081182,6.65
8.025863,6.65
8.026717,6.68
7.8335814,6.66
8.096532,7.22
8.065025,6.77
8.031684,6.71
7.904,6.72
5.9579425,8.7
6.3522773,7.99
6.464,8.63
5.995193,8.41
6.291489,9.74
6.2360954,10.0
6.123016,8.98
6.217211,9.14
6.226216,9.66
5.7434793,8.22
6.221478,9.36
6.5242896,8.61
5.9866467,8.54
6.4756913,8.3
5.893252,7.29
6.253284,8.25
6.267485,7.69
6.41497,7.13
6.1250668,7.66
6.3403373,7.07
7.1278543,5.36
6.912003,6.1
6.906731,6.32
7.022968,6.38
7.2369246,6.27
7.3819203,8.36
7.327291,7.54
7.185082,7.95
7.121855,8.0
4.8467674,6.09
7.433788,9.75
6.92304,7.31
7.1153207,7.74
7.4986596,7.69
7.555638,8.15
7.4660535,8.41
7.387217,7.58
7.3512206,7.93
7.255717,7.22
7.2279,8.38
7.469768,7.66
6.5123973,8.24
6.635094,8.68
6.664238,6.61
7.2105184,7.92
6.6957393,6.44
7.123092,6.18
6.8592453,6.21
6.836657,6.37
6.7357125,6.46
7.078083,6.84
7.206423,7.55
6.887612,6.6
6.7369847,6.88
7.045667,6.92
6.7481203,6.37
7.0118375,6.58
7.040875,6.11
7.0785117,8.06
7.204931,7.74
6.4852166,5.8
6.1650367,8.7
6.453282,7.74
6.692,7.82
6.5803356,7.69
6.2404494,8.96
8.134717,8.48
7.6087446,7.73
7.350566,4.82
7.6874585,5.24
7.3155503,5.24
7.1847377,7.4
7.202821,7.92
7.258697,7.19
7.111501,6.1
6.816481,6.28
7.3143706,6.34
4.9236054,5.55
4.6274495,5.54
4.660645,6.02
5.306809,5.99
6.0018167,5.82
6.168793,6.11
5.4934793,5.97
5.293656,5.9
5.301794,6.44
5.1154795,6.35
7.426909,9.4
6.9307313,5.54
6.4786844,4.17
6.535216,4.77
6.7236056,5.77
6.9858074,6.17
6.866543,6.07
7.190933,5.52
7.335974,6.22
7.293285,6.02
6.7174935,5.82
6.7994747,6.29
6.7791324,6.28
6.784364,6.31
6.7370095,5.57
7.1052713,5.8
6.9466176,6.47
6.972644,6.01
7.0262694,6.12
6.824833,6.28
7.38195,9.1
7.4362035,8.7
7.339614,9.0
7.1569104,8.52
6.467932,4.61
6.967674,8.22
6.4191394,8.52
7.028729,8.7
5.960443,7.72
6.192369,4.92
6.4514728,7.77
5.9257045,5.66
6.971114,6.46
6.9795094,5.9
6.7815337,6.3
7.2594886,7.62
7.494374,8.15
6.950173,7.6
7.314242,6.35
7.9822726,5.4
7.527263,7.52
7.079957,5.68
7.82462,7.49
7.1880274,8.05
7.115049,6.6
7.8926787,6.22
7.268252,8.15
8.008018,4.95
7.1211686,6.86
7.5119843,7.26
7.2234764,5.96
7.769667,7.03
7.897869,5.39
7.8799458,6.09
7.765844,8.0
7.928526,5.95
7.797529,7.51
7.899325,6.72
6.6702733,5.73
6.870169,5.77
6.852036,5.17
5.9756656,5.08
6.094771,5.6
6.7244425,6.23
6.543598,5.57
6.793385,4.92
6.7935033,5.47
6.8065767,4.62
6.619875,7.05
6.608101,5.55
6.5998917,5.49
7.1014752,4.66
6.9652047,5.2
6.91129,5.98
6.8347583,4.95
7.1729674,5.49
6.8512053,5.55
6.6468825,5.11
6.481439,5.59
6.663873,4.65
7.0369763,4.64
6.5488987,5.05
6.3835692,5.12
6.550161,6.05
6.496387,4.67
6.6475854,5.07
7.0197897,6.4
6.790201,5.76
6.7289577,5.73
7.0297475,6.9
6.99135,5.71
6.5866923,5.87
6.5782714,6.46
6.565021,5.19
6.8850055,6.1
7.1032357,5.15
7.2206597,7.07
6.899241,4.94
6.575209,4.65
6.639256,4.88
6.474985,7.19
6.7328057,4.65
6.6934175,4.82
6.777539,5.98
6.9811106,5.59
6.839023,5.54
6.6229587,5.15
6.5769687,6.49
6.8459363,5.44
6.731586,4.9
6.7273536,4.81
6.6304984,4.84
6.8943915,4.98
7.2255836,5.22
7.094768,4.83
6.3190713,5.32
6.636497,5.65
6.3001084,5.22
6.292396,4.95
6.507646,4.84
6.411339,5.33
6.4303937,5.17
6.8370504,5.11
7.0381265,5.94
6.105045,5.53
6.5159745,5.06
6.05616,5.4
6.1478496,4.96
6.614883,5.87
6.3628182,5.09
6.228375,6.05
5.9994817,5.73
6.513361,4.63
6.659327,4.76
6.5778966,4.82
6.518994,6.25
6.731878,6.26
7.111257,5.83
6.695067,6.1
7.173082,6.15
7.0111127,7.12
7.0225816,7.26
7.105401,5.57
7.2834473,7.7
7.201325,7.22
6.4103928,6.26
6.941548,5.94
7.253197,6.3
7.0237765,5.81
7.54246,5.94
6.833449,4.93
6.1720347,4.76
6.609402,5.32
7.1641006,5.49
7.0298686,6.82
6.9111714,5.53
7.1839137,5.29
7.056437,7.0
6.7222,5.7
7.1792407,8.4
7.2428575,7.27
6.7552304,5.34
7.9727616,7.74
6.7604504,8.22
6.920294,6.3
7.0961175,7.23
7.133304,4.75
6.9508243,6.52
7.3030815,8.05
6.8333306,5.82
7.017056,6.19
6.8826623,7.72
6.966122,6.46
7.3398986,7.82
6.739915,6.52
6.6510305,8.05
7.2838774,6.92
6.599051,7.35
7.3796716,4.97
7.1105523,7.6
6.584748,5.03
7.0340495,5.36
7.00767,7.26
7.961326,5.86
6.8133407,7.7
7.011811,6.82
7.0247645,6.07
6.6537647,7.1
6.915418,7.26
6.392601,5.85
6.781226,6.01
7.091413,8.3
7.0643635,7.0
6.9463663,6.4
7.2934313,6.85
7.0039306,8.52
6.815676,6.97
7.0064645,6.6
6.854605,6.57
6.867296,7.52
6.7628474,6.7
6.813335,5.98
6.740748,6.95
6.258779,7.46
7.2071414,8.0
6.83545,7.52
6.46289,7.07
6.6755114,8.22
6.8431525,6.4
7.0280857,6.19
7.843406,7.7
6.9944577,7.2
6.806872,7.7
7.4088655,8.05
6.83656,6.26
6.6992517,7.7
6.9411674,4.65
7.3187976,5.97
7.72209,6.03
7.3886905,7.7
7.129629,7.3
6.6762323,4.75
7.1578674,6.8
7.254949,7.03
7.162721,7.85
6.880589,6.15
6.771499,7.0
6.436497,6.45
6.4919033,5.06
6.613997,7.6
7.0738463,7.7
6.9282594,6.35
7.0903807,8.22
7.3990273,8.15
7.806479,7.85
7.5015926,6.73
7.236684,6.49
7.406421,7.54
7.0391283,7.66
7.565668,5.88
7.1841817,8.0
6.7738686,7.92
7.453552,5.8
7.613811,6.41
6.9804845,7.19
6.92606,7.39
7.042397,7.62
6.0340304,5.73
6.949259,6.63
7.974645,7.64
7.139603,6.86
7.1831303,7.92
7.1239734,6.15
6.902251,6.46
6.8050847,6.38
6.992411,6.1
7.018242,7.0
7.924874,7.54
7.4758716,5.59
7.229481,6.99
7.488071,6.0
6.5779996,6.07
6.891355,6.82
7.089809,7.1
7.0901713,8.1
7.533788,7.15
6.490282,6.19
7.876557,7.28
7.775259,6.85
7.6598268,6.6
6.850276,6.7
7.924538,6.7
7.4947963,7.77
7.1638856,5.98
6.685448,5.7
6.6921086,6.4
7.720819,6.92
6.7084475,5.85
7.626529,6.26
6.558563,6.49
7.848367,6.94
6.9142466,5.97
6.476209,6.82
7.585427,6.36
7.1335325,5.4
6.516686,5.4
6.413261,7.11
6.518683,7.6
7.143026,6.7
7.17767,7.12
6.9424515,6.7
6.4062886,6.4
6.992617,8.0
7.189996,7.08
6.799671,5.79
6.489483,7.08
7.273523,8.1
6.972072,5.8
7.300752,7.27
7.008874,6.2
6.576932,6.57
6.9180446,5.65
7.336742,7.85
7.4936547,7.52
6.5463724,5.88
7.6380115,6.2
6.936851,6.46
6.6765823,5.54
7.5873485,6.6
7.417209,7.74
7.026506,5.43
6.579354,6.05
7.516021,6.54
6.7198315,7.26
6.967964,5.58
7.2567773,6.95
7.05664,5.96
7.3938613,6.26
6.8360395,4.8
6.8588634,5.49
7.6449747,8.52
6.3557487,7.46
7.2621393,8.3
6.7491746,6.82
7.0193334,6.66
7.161618,6.46
7.5014725,8.15
6.7476535,5.74
7.0625033,8.4
7.445055,7.02
6.9541597,7.12
7.57519,8.1
7.3945794,6.19
7.2865825,5.87
6.937137,8.4
7.132335,4.88
7.583073,6.9
7.0166993,6.26
6.415276,6.32
7.16007,7.15
6.9775443,6.94
6.962073,5.89
7.290834,7.7
6.9763293,7.89
6.771063,5.51
7.1592073,5.55
7.605024,8.52
6.979011,6.26
6.9158998,8.15
6.4252176,7.07
7.673202,6.46
7.2997108,6.04
6.236792,5.37
6.219628,5.65
7.678727,5.15
7.2732983,5.77
8.057712,6.99
7.9130177,6.74
6.8907046,6.6
6.767624,7.46
7.120153,6.35
7.5601335,7.33
6.9972663,7.28
7.05024,6.26
6.8775144,6.12
6.8472447,6.6
6.960029,4.72
6.847057,7.19
6.4913015,7.54
6.0903544,7.02
6.606192,7.26
7.161952,7.52
7.039159,7.17
7.427883,6.1
7.8015194,7.16
7.968439,6.17
7.32373,6.7
7.249211,6.82
6.939709,7.07
6.9551387,6.22
6.899414,6.6
6.784199,5.78
6.7961545,6.98
7.826816,6.32
7.397439,6.41
7.4064627,8.1
7.30414,6.6
6.8366094,6.0
6.855718,7.6
7.1424327,8.3
7.111613,5.03
6.9425645,6.05
6.8683896,7.35
7.096023,5.49
7.287369,5.1
7.609464,7.18
6.799145,6.07
6.9569373,7.02
7.1167192,8.52
7.0183845,7.35
6.5812435,8.52
6.5053782,6.61
6.799479,7.7
6.775862,7.62
7.133306,8.3
6.9948506,7.77
7.1156793,7.24
7.2922344,6.74
7.9350243,8.4
7.1914763,7.49
7.21077,8.15
7.263678,8.1
7.4882693,7.24
7.3722706,7.55
7.4213233,7.52
6.9051976,7.42
6.5185046,7.52
6.999943,8.15
7.4610806,8.15
6.685133,7.15
7.093026,7.6
6.818749,6.18
6.780419,5.5
7.0338483,5.52
6.621997,5.8
6.9855413,5.4
7.3644304,5.98
6.910914,6.52
6.9996834,6.0
7.0586104,6.0
7.019044,6.53
7.185516,6.82
7.007524,5.98
7.910746,5.85
7.89759,7.6
7.89545,7.82
8.0421505,7.59
7.932105,7.85
7.885901,7.0
7.689923,6.51
7.4804783,7.32
6.750067,6.5
6.817589,7.4
6.9666867,6.77
7.3415594,6.32
6.922724,5.94
6.6647468,5.03
6.6745925,6.05
6.8632264,6.11
7.968043,7.17
6.9678164,5.91
6.966969,6.36
7.2378163,6.18
6.7545695,6.32
6.6381545,5.98
7.5276265,7.24
6.8245444,8.15
6.823747,5.75
6.5225987,7.46
6.7774806,6.6
7.26941,6.82
7.2156224,6.97
7.8003807,6.03
6.332705,5.9
6.52249,5.98
6.3416295,5.25
6.9269056,6.07
6.7652097,5.35
6.367132,6.61
7.60659,6.24
6.5364256,7.8
7.537006,6.13
6.9410305,7.59
6.72076,7.29
6.3175306,7.6
7.3692327,7.05
6.646147,7.82
6.7773757,7.89
6.709872,6.99
6.8131003,6.12
6.172797,7.07
6.799348,6.97
6.883633,6.77
7.614081,6.68
7.244843,7.7
6.8927197,5.2
6.5417576,7.12
6.8538003,5.51
6.548464,6.6
6.759518,5.8
6.8628993,7.37
6.748686,7.33
6.093366,5.47
7.4748497,6.6
7.6317897,7.05
7.066816,6.59
6.6403937,6.33
6.890047,7.02
6.504064,6.46
6.9493613,7.48
6.923636,6.2
6.689675,6.59
7.332834,7.05
6.83238,7.48
6.868178,7.66
7.6384163,6.73
6.8785353,7.22
6.6473517,6.45
7.217321,7.82
6.761833,5.61
7.1982603,7.89
7.022583,6.6
6.9990506,6.91
6.9344068,6.67
7.0357375,7.55
7.479814,6.63
7.2128825,6.97
6.9725184,7.3
7.0994925,7.72
7.3311234,6.75
7.104824,6.89
7.3602986,6.16
7.030357,7.44
7.2640433,7.44
6.8475776,6.33
7.557254,6.35
7.194344,6.94
6.8924394,7.24
7.097728,7.85
6.995588,6.48
7.1014433,7.8
7.3683214,7.92
7.3523955,7.24
6.761283,7.8
7.508864,7.15
6.7162023,6.71
6.9294987,7.02
6.7230916,6.57
7.154101,8.1
6.7666535,5.84
7.1541886,7.39
6.9657807,6.14
7.160477,7.66
7.4036584,7.43
7.034726,6.38
7.331989,7.29
6.8636937,7.19
7.0908136,7.44
6.962209,7.27
7.046181,6.32
7.1693907,7.12
7.1764708,6.73
7.6303935,7.14
7.274323,7.96
7.1924577,6.65
6.8754444,7.47
7.352747,7.29
6.922586,7.21
6.9417224,6.92
7.0051365,6.22
6.94896,6.04
7.3650393,7.51
7.0603137,6.63
7.020311,7.04
7.367225,7.72
7.486569,6.61
6.981811,5.95
6.9475985,6.95
7.058087,8.0
7.231198,7.42
7.2384396,7.16
6.9065967,7.48
7.0329385,6.05
7.2629733,7.4
7.039453,5.28
7.366456,7.36
7.319738,5.64
6.744802,7.6
7.0248685,6.87
6.84359,5.7
6.282025,4.8
6.8922663,6.85
6.99072,7.85
7.041837,6.09
7.0895247,7.38
7.170579,7.89
7.132926,6.43
7.282652,6.36
6.3031545,6.53
6.7408056,6.92
7.182414,7.89
7.002647,7.57
7.11746,7.0
7.0083556,6.55
7.0333033,6.06
6.900299,6.66
7.1757116,6.07
7.1328316,6.4
7.0095677,7.15
7.1964316,7.3
7.213882,7.41
7.544946,6.6
6.8283634,7.22
7.5958533,6.87
6.903771,7.42
7.164302,7.77
7.402869,6.88
6.9523544,7.1
7.2122903,7.51
7.3860135,6.63
7.3883758,8.0
7.00398,6.96
7.0052648,6.94
6.8452435,7.25
7.017605,7.07
7.233153,7.39
6.851993,7.02
7.247954,7.85
6.8918905,7.85
7.5112042,7.34
7.240265,7.85
6.984716,6.96
7.424759,6.64
6.9258456,5.79
7.3147326,7.43
7.2364674,7.27
6.878306,7.85
7.5352416,7.55
6.675237,5.74
6.726587,5.81
6.9868946,7.35
6.8433557,6.85
6.836694,5.46
6.899753,6.67
7.697085,6.61
7.0916924,7.38
7.1166644,6.91
7.2888427,7.55
6.9515433,7.41
7.043901,7.77
6.910337,7.72
6.8053207,5.25
7.222103,7.59
7.0074944,7.72
7.284002,7.44
6.827323,7.8
7.0482044,7.42
7.0472255,7.77
7.2878203,7.44
7.3949194,7.96
6.9134164,7.74
7.0280557,7.26
7.3473353,7.28
7.4278316,7.74
7.2489896,7.89
7.3293834,8.05
7.4535093,8.3
6.823361,7.21
7.2061477,8.1
6.962379,7.49
7.0765247,7.82
7.1232333,7.6
6.909429,7.1
7.0050216,6.88
7.0205665,7.92
6.851196,7.8
7.440495,7.77
7.0592504,6.36
6.697473,7.66
6.6813645,7.68
6.6628165,7.72
6.8041444,7.33
6.590801,7.74
6.737796,7.04
6.5905232,6.45
6.5484257,7.11
7.313906,7.62
7.3734417,7.6
7.381969,7.8
7.2056446,8.0
7.1149898,7.89
7.1869626,7.44
7.306193,7.62
7.26924,7.24
7.1130466,8.22
7.4531236,7.8
6.676854,7.72
6.5853543,8.0
6.7195992,7.05
6.8250346,7.11
6.52275,6.75
6.8062706,6.8
6.986665,7.12
6.905392,7.64
6.9117002,7.96
6.815958,8.0
6.884866,7.4
7.27853,6.87
7.1478925,7.8
7.1719203,7.72
7.2871833,7.92
7.148042,7.57
7.0754337,8.3
7.0988717,7.52
7.1421103,7.01
6.975826,8.0
7.097603,6.81
7.323444,7.47
7.3318424,7.17
6.6056385,8.52
6.8511076,8.22
6.7567525,7.77
6.705404,7.82
6.8205924,7.0
7.23429,8.52
6.8750772,7.15
7.3135533,6.93
6.947478,8.22
7.094997,7.82
6.806516,7.52
6.6669745,8.0
6.983169,7.64
6.5088296,7.68
6.6940513,7.35
6.911325,7.06
7.082752,7.27
7.104112,6.84
7.2327104,7.28
6.9903255,7.15
7.0040045,7.42
7.037804,6.59
6.8817377,6.52
7.2912917,7.57
6.930506,7.34
6.932398,7.51
7.1583524,7.62
7.2887573,7.89
6.937247,6.85
7.300775,7.01
7.0011816,7.7
6.95394,7.05
6.944052,7.21
7.120272,7.74
6.889501,6.77
6.188132,8.05
6.5235095,8.1
6.9162745,7.21
6.8522763,6.84
6.499619,7.28
6.770758,7.36
7.036754,7.6
6.3851924,8.4
6.5190754,8.52
6.4517703,7.74
7.048183,7.44
7.035885,7.03
6.739619,7.64
6.59474,7.89
6.5067706,8.3
6.078299,7.43
6.250058,8.3
6.4028344,8.4
6.5856576,8.3
6.4606533,8.15
6.3286586,7.89
6.844316,8.4
6.383613,8.4
6.6593676,7.47
6.614591,7.09
6.6072993,7.02
6.222401,7.18
6.7277217,8.3
7.0505567,7.77
6.9235992,8.15
7.003425,7.19
6.840096,8.05
6.4202957,7.92
7.024444,7.15
6.6357536,8.22
6.702304,7.85
7.083881,8.4
7.038315,6.68
6.940888,6.67
7.07387,6.46
6.9200206,6.42
7.0610127,8.05
7.463475,8.1
7.3554673,8.15
7.1134534,7.55
6.924415,7.21
6.3667607,6.22
6.863865,6.99
6.939813,6.79
7.0951676,7.06
7.016564,6.77
7.238835,7.17
7.4829993,8.05
6.72396,5.25
6.788579,4.83
5.8545747,5.14
6.4907107,6.3
6.8299656,6.9
6.66774,7.68
7.1293015,7.24
6.5663795,6.37
6.350845,5.76
6.854867,6.04
6.769766,5.86
6.560863,5.71
7.1972766,6.64
6.8221154,6.49
6.8485866,5.94
6.551479,6.06
6.8936663,6.57
7.1548753,6.72
7.151348,6.23
7.18289,6.95
7.038933,6.35
7.188624,5.98
6.770943,5.27
6.8217273,4.97
6.5488596,5.87
7.1659756,5.27
7.490661,6.42
6.950254,7.48
6.702065,7.3
6.8247514,6.59
6.95306,6.35
6.7460246,6.6
6.7565055,7.0
6.846351,7.25
6.644357,7.23
6.74581,6.45
6.7908263,7.11
6.851521,7.72
6.8168283,7.13
6.9629683,7.43
6.817279,7.2
7.0080714,7.37
7.221907,8.15
6.628328,6.89
7.040889,8.15
6.492335,7.05
7.00985,5.74
7.04494,8.22
7.202401,7.62
6.445601,5.32
8.03226,5.73
6.9741244,5.87
7.0467963,6.02
6.838362,5.28
6.846968,7.15
6.747948,6.59
6.9006495,6.3
6.833957,6.33
7.494971,5.85
7.170129,6.79
7.5765824,5.85
7.8357344,6.02
7.302263,6.48
7.113554,6.45
7.269036,6.76
7.0154333,6.18
7.1129184,6.41
7.626243,5.79
7.556255,6.63
7.6494727,6.93
7.5795197,5.92
7.2785583,5.79
7.1397047,6.12
6.8698306,6.59
6.9833074,6.52
7.7460284,7.72
6.9570646,7.11
6.9630218,7.34
7.596342,7.82
7.0881343,7.49
7.5411434,8.22
7.5614944,6.52
7.504762,6.29
7.5867743,6.49
7.3030257,7.6
7.2947035,7.96
7.3330903,7.4
7.4253774,7.57
7.364567,8.15
7.105019,7.29
6.948918,6.95
7.5306754,7.15
7.3300233,7.39
7.253,7.37
7.346523,7.92
7.361258,7.46
7.110938,7.57
7.3211093,8.4
7.1471086,5.14
7.16212,6.61
7.035686,7.25
7.6076164,8.4
6.5771317,7.19
6.6748466,6.8
7.5486784,8.1
7.2838845,7.77
7.29326,7.41
7.0646224,7.85
7.381412,6.91
7.41859,8.52
7.378537,6.79
7.5562124,8.22
7.5034833,8.52
6.9736886,7.7
7.7006116,8.4
6.8888507,6.37
7.139649,6.75
7.1562,7.28
7.034929,7.05
7.1493783,6.87
7.1715865,7.44
7.0561447,7.0
7.0476575,7.21
7.4407525,7.57
7.4568667,7.31
7.1688895,6.64
7.1333323,7.01
7.1717067,6.48
7.2004466,6.83
7.0827203,5.85
7.0453453,6.21
7.1146436,6.34
7.121535,6.11
6.6274657,7.13
6.554768,7.28
6.581861,7.34
7.289095,7.62
7.409206,7.72
7.399106,7.8
7.229609,6.32
7.6051393,6.51
7.2291975,6.66
7.4538093,6.61
7.6070733,7.49
7.607645,6.8
7.7606044,6.53
7.7034497,6.93
7.899174,7.15
7.914293,7.8
7.4545875,7.85
7.5408683,8.3
7.647532,7.28
7.357747,7.39
7.068525,6.7
7.225353,6.73
7.2960105,7.13
7.22054,7.4
6.820106,6.06
6.779322,6.35
6.6446056,6.51
6.633532,6.8
6.875811,6.73
6.899381,7.15
7.2620854,7.24
7.4177814,5.91
5.1236973,3.3
6.471975,3.3
6.7903256,4.77
6.818361,4.85
7.03721,6.19
6.9590096,6.68
6.9101863,6.82
6.5588474,6.49
6.47485,6.82
6.612643,7.35
7.150725,6.6
6.988627,6.23
6.705064,7.66
6.8080516,6.43
6.357057,7.46
6.4253182,5.24
6.7168584,4.7
6.2273126,4.46
6.143688,3.77
7.081968,4.1
7.1995707,4.7
6.380183,4.1
6.2195363,3.8
6.158282,3.92
5.449178,3.17
5.976045,4.3
5.765233,3.0
7.4668202,4.96
7.58712,9.0
7.0761094,7.64
6.352978,8.3
5.992338,6.92
6.108806,4.87
6.653482,4.19
6.564939,5.09
6.0868077,7.52
5.7675085,5.62
5.7877984,8.1
5.785793,5.6
6.0660353,5.89
6.0248933,6.59
6.2427487,6.15
6.281304,6.8
6.3431206,7.7
6.5660224,7.15
6.321252,6.1
6.1380258,6.47
6.763121,7.4
7.0678344,7.4
6.6941376,6.49
6.9456935,6.49
6.8141046,6.64
6.891426,7.3
6.9740343,4.82
6.9044957,7.22
7.011212,5.88
7.105788,4.76
7.223031,5.36
7.0297747,4.57
7.2266946,4.13
7.270246,5.05
6.8172526,7.15
6.4723616,4.46
5.7292924,4.4
6.603678,5.47
5.930918,3.53
6.0342755,3.97
5.504853,4.26
6.105519,4.64
6.114217,4.59
5.870531,7.17
6.3737197,6.22
6.2867055,4.89
6.4427204,5.28
5.7273946,5.72
6.2908173,5.96
6.4860015,6.8
6.7074456,6.06
6.5583444,7.0
6.428802,6.39
6.267978,5.52
7.431092,6.16
7.1653023,7.0
6.4736485,6.05
7.019233,6.92
7.519491,5.02
6.77926,6.89
6.9108167,7.0
7.0674567,6.92
7.014927,5.82
7.045958,5.38
7.2738037,6.19
7.0459275,6.28
7.007773,7.05
6.95639,4.07
6.9155,7.57
6.9616895,7.11
6.9534497,7.05
6.956265,7.27
6.8610168,6.64
7.742945,6.8
7.756837,7.47
7.3225694,7.06
7.320418,7.08
7.6347785,6.72
7.451258,7.47
7.355822,7.55
7.48893,7.52
7.333423,7.05
7.4205933,7.73
6.7747273,4.77
6.3423862,5.22
6.8578095,6.9
6.8591285,7.04
6.383159,7.26
6.551829,7.42
5.9643927,7.27
6.5626526,4.27
6.3591084,6.87
6.0346637,7.52
6.3878694,5.01
7.6674657,5.92
6.1023703,7.3
6.364063,4.68
5.5791707,7.55
5.9233313,6.96
5.5552883,7.33
6.05862,7.57
5.974266,5.08
5.957545,7.27
6.218241,7.23
6.6469493,7.68
5.760802,7.35
6.5466757,5.19
7.0301285,6.79
6.70692,7.64
6.625492,6.73
6.007872,4.6
6.2928057,6.79
6.173492,5.3
6.371157,4.6
6.1926146,4.34
5.8739653,7.62
6.5312843,6.6
5.6650424,6.3
5.927073,6.38
5.8929415,6.35
5.757826,6.37
6.3232617,6.76
5.8090606,6.36
6.2291694,6.52
7.223182,7.68
6.645202,7.46
6.278231,6.38
7.198664,7.4
6.264875,6.32
6.140245,4.11
6.1870456,4.68
7.1807904,5.08
7.6730337,5.21
6.7894063,7.15
6.8079357,7.02
7.0139437,7.3
6.209659,6.79
6.726314,5.92
6.3260784,6.03
6.372603,6.12
6.2046223,5.42
6.6089196,5.15
7.164549,8.96
6.6890445,5.38
7.1544313,4.85
7.02669,5.47
7.319544,8.89
6.809586,6.0
6.5441785,6.08
7.002089,4.9
6.647328,5.48
6.8581157,9.0
6.312552,5.2
6.315252,6.29
6.4822345,6.08
6.9441514,5.12
7.19378,8.8
6.308062,6.17
6.900173,8.72
7.239294,5.4
7.5208287,5.92
7.279882,3.7
6.669491,4.9
6.6434646,4.22
6.9689403,5.1
7.144901,7.15
7.6974745,5.73
7.1033864,3.74
6.2525287,4.74
6.5457854,4.89
7.7229276,6.52
7.8062,6.01
6.7132187,3.81
6.8677945,4.09
7.5884776,5.59
7.6952353,6.1
7.6533103,6.12
7.2643046,6.26
6.4141517,4.82
7.000883,5.7
6.501201,3.87
6.453191,3.78
5.6787305,5.94
6.6971693,3.72
6.649117,4.0
7.7422614,6.12
6.7548985,3.68
5.691953,5.85
6.6580157,4.61
6.9150195,4.1
6.5799594,4.68
7.336178,7.26
7.348623,5.4
7.0228534,5.52
7.52778,3.52
6.8005633,3.55
5.8682666,4.84
6.9489384,5.7
7.714664,4.96
7.0272737,5.4
6.2795568,6.99
6.6178164,7.16
6.8087354,7.4
7.49233,5.7
7.3476977,3.89
6.9487147,7.51
7.357349,7.18
7.370554,5.22
5.94376,4.67
6.5618615,4.69
7.1988387,5.7
6.936525,6.79
7.084744,6.37
6.2907305,4.63
7.637111,5.0
7.4064574,5.22
7.3575215,5.15
7.312168,3.95
6.194681,6.76
7.5057387,5.52
7.0656843,7.16
7.3250875,3.55
6.2562356,7.09
6.2509995,4.71
6.617158,4.85
6.7026653,7.13
7.4490695,5.22
7.1463475,7.92
6.497495,4.71
5.9334364,6.07
7.419958,3.54
7.2167745,6.02
6.5466323,5.3
7.017052,5.15
6.1858463,6.0
7.072988,6.73
7.238024,6.0
6.3225408,4.75
6.487614,6.54
6.572574,3.38
6.2954826,4.68
6.143516,8.15
7.2882466,6.22
7.1131377,6.02
6.447285,8.3
7.201491,4.72
7.323255,5.46
6.526098,5.89
6.7940607,6.96
7.160896,6.0
6.7191405,7.15
5.1545186,4.64
7.4073033,6.26
6.989244,4.65
8.114777,6.01
6.6349497,5.82
7.545076,4.45
6.632475,4.3
7.057936,6.28
7.763745,7.28
7.2227693,6.27
7.512893,6.01
7.884123,6.12
7.738466,6.12
7.3913608,6.17
6.7986426,5.77
7.449114,6.09
6.9187465,6.22
7.5206723,6.1
7.8927646,6.21
7.176371,5.97
7.3237305,6.09
6.474294,7.36
7.5352454,6.15
7.682075,5.73
7.3634343,4.89
7.22502,4.8
7.4106164,6.14
7.554209,6.01
7.633318,4.82
7.582102,6.22
7.370613,5.82
7.5456166,6.22
7.572201,5.97
6.89772,4.82
7.306129,6.02
6.6629305,7.44
7.371038,6.12
6.737886,5.74
7.6068597,6.12
7.6014376,6.05
7.5272937,8.52
6.310597,6.94
5.966084,7.43
6.2827554,6.32
7.007516,8.43
6.65304,4.23
6.9390097,6.28
6.3126693,5.45
7.0783997,5.52
7.876601,6.03
7.2277646,5.62
7.102718,6.44
7.221537,6.1
6.9428616,6.21
6.9208875,5.0
6.961552,6.12
7.3335624,6.2
6.975019,4.62
6.838198,5.05
7.4741826,5.89
7.927752,6.3
6.8150225,4.82
7.757073,6.22
6.6142354,4.67
7.1932597,6.21
6.8362656,6.24
7.133268,7.41
7.1959305,6.27
6.5490503,6.26
6.8092127,5.98
6.6274123,6.07
7.141877,6.22
6.746652,6.22
6.6445684,5.69
6.5505857,6.22
6.8554554,4.81
6.864401,5.7
7.4547243,7.92
6.4636116,6.29
6.2401967,4.57
7.2586894,4.52
7.809567,8.15
7.744436,8.15
6.2812047,4.14
6.9766965,8.0
6.7921576,7.34
6.906506,6.51
6.919202,8.0
6.304956,7.19
8.195887,6.28
6.5139146,6.0
7.1333804,6.11
7.0226455,4.68
6.7940702,6.24
6.775517,6.09
6.6198564,6.55
7.0557156,6.22
6.681046,6.44
7.0537677,6.44
6.518563,7.3
6.3633695,5.92
7.0969586,7.27
6.2237267,5.9
6.340492,6.72
6.519313,6.29
6.373239,4.66
6.2676234,6.0
5.681826,4.82
5.971623,4.78
6.562144,6.29
6.9962406,5.85
7.026713,6.02
8.220175,6.28
6.175335,4.84
6.6528106,6.27
8.465096,6.3
4.1643796,6.52
6.7857165,4.82
6.4644,5.96
6.4745016,8.0
8.016119,6.28
7.142533,7.21
6.828541,7.77
6.9950747,7.3
6.565309,5.46
6.98768,6.91
6.8349476,6.07
5.60302,5.81
6.7482276,4.59
6.884628,6.27
6.0083585,6.01
5.932509,7.25
3.401482,6.46
6.7739563,7.21
5.94419,4.82
6.795294,6.26
6.5092063,5.48
7.0837297,4.66
5.7750983,4.74
6.344432,6.27
6.4709525,6.21
5.943003,4.49
7.13958,7.22
5.6169434,5.82
6.0065465,5.89
6.051887,4.79
5.6629367,4.92
6.1742206,6.15
6.858172,6.1
6.270494,6.26
6.4978595,5.53
7.1355157,5.94
6.743007,5.84
6.2476034,5.92
6.459187,6.12
6.9162946,6.06
6.9684105,5.94
6.956994,5.84
6.8328214,5.89
7.620837,5.62
7.0023084,5.9
6.5226555,5.48
6.5190816,5.55
6.8213253,4.32
6.0345235,4.11
6.642964,7.02
7.697788,7.1
7.073476,7.4
6.5883517,7.62
6.9732795,7.27
7.2145147,7.62
6.348088,7.13
7.441458,7.2
6.780947,7.27
7.2140565,7.11
7.6580677,7.14
7.0322022,7.3
7.151394,6.19
6.983604,8.03
6.817549,6.26
7.128659,6.42
6.991861,6.12
6.3986416,8.02
7.0675855,6.09
6.7400174,6.43
6.7205667,8.1
6.4388924,4.55
6.939936,6.92
6.925593,7.02
7.3148904,7.08
7.39296,7.05
7.2806697,7.06
7.1261005,7.07
6.996018,6.94
7.13166,6.98
7.262595,7.11
7.305801,7.09
6.690804,7.82
7.169189,6.67
7.191038,7.48
7.199369,4.25
7.3105016,5.6
7.4501886,7.44
7.638757,8.8
7.6909003,8.46
7.868113,8.14
6.9071307,7.05
5.6183515,7.27
5.9767127,7.57
6.566795,7.66
6.653665,7.68
6.0127816,7.57
6.033252,7.52
6.1580505,6.96
6.5356913,7.64
7.7096105,7.2
7.364072,7.12
7.4295588,7.12
7.698137,6.75
6.4688916,7.46
7.175983,7.02
7.0961537,7.03
7.36474,6.95
7.3195596,6.95
7.5011487,6.63
7.4590325,6.61
7.6841273,6.62
7.451451,6.43
7.150714,5.15
7.5070243,6.98
6.9833503,6.63
4.569838,5.35
6.4393373,7.0
6.5073085,7.54
6.504399,7.46
6.7145348,7.21
6.907002,7.36
6.9222083,7.52
6.3352647,6.9
6.6205974,6.61
6.5900297,6.58
6.5788317,5.82
6.5565133,6.54
6.4802246,7.07
6.936595,7.14
6.986893,6.98
7.182278,6.86
6.8276987,7.12
6.87365,4.92
6.9226813,4.92
6.942009,4.89
6.885252,5.02
6.9518104,4.9
7.223244,4.88
7.3285446,5.27
7.381692,6.06
7.3844924,6.08
7.110432,5.46
7.707038,5.45
7.518663,5.38
7.682559,6.06
7.487463,6.09
6.2732844,7.13
6.3320193,7.74
6.2450175,8.0
7.0647264,6.56
6.1280246,8.02
6.8098464,7.07
6.696738,5.19
5.4650474,5.4
6.591524,5.21
6.4721513,5.46
5.805174,5.21
6.106646,5.36
6.357961,8.07
6.170469,5.33
6.126667,5.41
6.763717,6.74
6.5676656,6.21
6.659736,6.7
6.3883348,5.96
7.2335663,8.52
7.364481,8.15
6.988067,8.6
6.6955404,5.37
6.496683,5.97
7.3081536,6.89
7.4296913,6.75
6.684898,7.29
7.6428275,4.92
7.1351256,5.37
7.872992,5.09
6.616544,6.06
7.186977,3.61
5.7834783,5.17
7.051584,6.43
6.8138003,6.46
6.225959,5.72
6.889184,5.46
6.717978,5.26
7.008759,5.24
7.017121,5.19
6.8064456,5.34
6.738134,7.0
7.03593,5.66
6.5463576,5.52
6.86117,5.4
6.463042,5.68
6.405304,6.41
7.4790807,5.63
6.9752116,6.59
6.442022,7.46
7.111814,7.41
6.0929327,7.19
6.050493,7.41
6.3096576,7.21
6.71475,6.79
6.7223897,7.11
7.046452,7.08
7.048959,7.17
6.335092,6.97
6.712011,7.22
6.6759543,7.17
6.346447,7.21
6.8973413,6.58
6.0406537,7.12
6.536432,7.15
7.175387,7.14
6.2117524,4.3
6.477987,5.92
6.3937573,6.0
6.43772,6.03
6.5370507,6.12
6.4708467,6.29
6.2157283,6.17
6.6529565,7.06
6.23356,7.01
7.0820336,7.64
7.518975,7.66
7.060334,5.82
6.473902,5.1
6.902625,5.05
6.819283,5.02
7.0752482,5.08
6.8130345,4.93
6.986466,5.04
6.3847594,5.21
6.6548147,5.13
6.66817,7.14
7.4554944,5.93
6.516658,5.39
6.2635903,5.46
6.522473,5.94
5.2463527,6.48
7.081601,6.59
6.8753057,4.7
7.1234727,7.0
7.143874,6.48
6.44454,5.55
6.5382366,7.08
7.5720716,6.96
7.2674227,6.55
6.875767,6.77
7.249825,5.15
7.3915925,5.0
7.5269427,5.0
7.398585,5.35
7.1884155,5.0
7.5393624,5.77
7.2791724,5.67
7.6134996,6.11
7.688208,5.76
7.725715,5.66
7.7208095,5.17
6.513703,6.29
8.262427,5.91
8.172513,5.5
8.244607,6.04
8.347527,5.26
8.262851,5.01
8.249138,7.09
6.6832523,7.04
6.9176164,5.29
6.8667126,5.67
6.453528,7.04
6.5773973,6.41
6.845818,8.05
6.687556,5.36
6.414721,7.05
7.4193726,5.77
7.248367,6.33
7.359028,8.01
7.4321876,6.15
6.611359,4.13
5.2158737,5.4
6.2928214,6.72
6.681116,7.39
6.6811147,5.38
7.7967725,5.61
6.630529,5.77
7.7982354,5.73
7.7158628,7.0
7.9776683,5.37
7.259956,6.13
6.6759067,8.03
7.120447,8.01
6.5731826,5.64
8.311664,5.44
8.410119,5.52
7.087788,5.68
6.931828,5.81
7.8778787,5.6
8.346057,5.42
6.924607,6.47
7.297136,6.39
7.2122693,5.96
6.5723453,8.15
6.8382397,5.25
6.8817053,5.25
6.9861326,7.06
7.045208,7.21
7.076901,5.96
6.519602,4.84
6.4717097,5.26
6.5713916,5.11
6.5583572,8.05
7.1769204,5.39
7.1376963,4.41
6.4973426,7.0
6.8405776,6.08
6.4290185,7.18
7.1537824,7.38
7.026939,7.48
7.0881686,7.52
6.729184,7.65
6.5571027,7.77
7.1410213,8.72
6.8622065,7.76
6.9943113,7.48
6.6821914,7.17
6.8282323,5.55
6.747941,5.54
7.020038,5.27
6.889089,5.36
6.9642234,5.19
6.707187,5.91
6.6634564,5.36
7.190147,5.25
6.601551,5.61
6.70099,5.06
7.2572327,5.86
7.1288276,5.49
7.132319,5.48
6.5135183,5.36
7.125997,5.61
6.6706524,5.07
6.743727,5.05
6.9105554,4.98
6.9106817,5.34
6.8782034,5.18
6.6679125,5.35
7.0435166,5.12
6.752148,5.18
6.7394514,4.9
6.8666177,5.51
7.0744762,5.6
6.681828,5.34
6.7840743,5.42
6.765099,5.51
6.648648,5.52
7.3052,6.04
7.6280713,5.81
6.3067155,6.17
6.609967,5.98
6.713049,7.08
6.004069,8.29
7.461186,8.04
7.205153,6.18
7.2830696,7.14
7.144819,7.61
7.7350163,5.38
7.8053565,8.17
7.539163,8.17
7.016269,7.12
6.54146,6.02
6.600342,7.06
6.391976,5.76
6.144467,5.78
6.377662,5.01
7.0741982,6.71
7.262025,7.19
7.0856833,5.51
6.6862254,5.8
6.3388095,5.61
6.914783,5.8
7.2532153,5.49
6.282643,5.09
6.903539,5.16
5.8616443,4.04
6.1240945,5.26
6.5885386,5.14
6.2029967,6.62
7.023139,8.14
7.2261457,7.58
7.3533707,7.45
7.325544,7.31
7.0781894,7.51
7.032224,6.66
6.6009836,5.76
6.520255,6.87
6.859258,7.11
6.990417,5.49
7.0046315,5.23
6.8754396,5.93
6.936954,5.77
6.6369047,5.75
7.092731,5.58
6.9630446,4.72
6.8835034,5.82
6.931479,7.06
6.6426034,6.45
6.8037825,5.4
6.5123386,5.44
6.1489525,6.1
7.231516,7.74
6.310791,8.3
6.2775383,8.35
7.725926,8.96
7.6369953,8.6
7.7900724,10.17
7.4141374,9.89
7.3689713,9.6
7.4622912,9.7
7.5109625,9.77
7.4104924,9.7
7.4078493,9.6
7.4357786,10.0
7.5100703,10.3
7.4618425,9.89
7.1375055,10.0
7.00982,9.4
6.828215,9.7
7.436291,10.48
7.475779,9.7
7.4195247,9.96
7.4994774,8.4
7.2950425,8.08
7.4330564,8.66
6.5009327,5.81
7.185542,4.99
7.3988137,6.94
7.179897,7.17
6.7278347,7.47
7.251881,7.61
6.995006,8.28
7.102,8.21
7.2517104,7.73
7.2032714,7.33
7.095944,7.23
7.12298,7.48
7.374591,7.59
7.126136,7.37
7.486441,7.4
7.4144673,7.15
7.4282875,7.33
7.1544228,7.38
5.3386884,6.27
7.2303176,6.76
6.5569687,6.72
6.4589233,5.68
6.267776,7.21
6.607489,6.92
6.92357,7.44
7.052944,6.59
6.7694583,6.9
7.073041,8.51
6.867122,7.08
7.261729,8.43
7.156586,8.09
7.292821,8.01
7.341093,7.0
7.128797,8.06
7.227732,8.19
7.2418056,6.78
7.171332,6.61
6.793219,8.07
6.9372787,8.39
6.92672,8.01
6.96422,6.6
6.9345975,6.97
7.1569986,8.07
7.0235877,6.63
7.064751,6.98
6.617904,6.94
6.529242,8.32
6.5875735,6.46
7.0085626,6.99
6.7450566,5.95
6.9517465,5.9
6.9029593,6.03
6.6133285,6.13
6.835736,6.08
6.452329,6.13
6.8668265,5.91
6.866434,5.78
6.857141,5.98
6.58712,6.95
7.158665,6.15
6.8844876,6.54
6.9109273,5.62
7.1629977,6.13
6.6837234,5.84
6.633443,6.3
8.422439,6.43
7.929787,6.25
8.724358,6.48
7.318511,5.89
7.8612547,6.11
7.6372924,5.29
7.863911,6.36
6.837218,8.0
7.531132,8.2
7.1951003,6.43
7.5712013,8.28
7.4178276,8.18
7.1768947,8.3
7.3237147,7.84
7.322762,9.3
7.410674,8.0
6.4961495,6.08
6.935845,8.4
6.506573,6.6
6.62921,7.09
7.6387215,7.05
7.2050714,6.62
7.0864997,6.69
7.027472,7.06
6.9918504,7.1
6.585741,6.98
7.3081503,7.1
6.738957,5.49
6.3341255,6.07
6.997513,8.07
6.602363,6.53
6.3632364,4.61
7.48037,4.48
7.2651386,4.56
7.2743864,4.79
6.7843547,6.31
6.8565736,6.06
6.8931227,6.39
6.9168158,6.5
7.0340047,6.33
7.436213,7.05
7.3580313,6.06
7.455258,6.29
7.4192696,7.08
7.3170934,6.66
7.1159344,6.88
6.8383527,7.07
7.2293105,6.77
7.232562,6.57
6.915092,6.78
6.902925,6.54
6.765261,7.06
6.5728583,6.38
7.17213,7.05
7.2183404,7.06
7.340998,6.45
7.3433013,5.97
7.151728,5.86
6.819536,7.44
6.6347256,8.41
6.6242266,7.04
6.3595886,8.1
6.3741255,7.92
6.2563443,8.02
6.3715754,6.75
5.9976707,8.08
6.2230945,7.55
5.9418874,7.67
6.160542,7.41
6.782735,7.27
6.597949,7.48
6.68767,7.49
6.5368237,6.59
6.469312,7.17
6.134725,7.11
7.3702674,6.52
7.5676475,6.39
7.4552207,6.4
7.754063,6.47
7.7094455,6.36
7.820922,6.34
7.2883444,6.3
7.2101216,6.23
6.781014,6.24
7.1926484,6.3
6.7343125,6.28
7.1154633,6.3
7.2023807,6.39
5.8174987,7.25
5.9522834,6.51
6.1835933,6.93
6.9496455,7.07
6.816846,7.73
6.229273,7.1
6.262114,7.28
6.9221883,7.63
6.9777226,7.14
7.0796084,7.59
6.3758354,7.12
6.152943,7.04
6.861247,7.28
6.4801807,6.17
6.7137065,7.2
6.7596745,6.18
7.0566335,7.3
7.035373,7.04
6.253403,7.15
7.1755457,7.25
6.2090106,6.77
7.179122,5.93
7.008683,6.03
7.836181,5.19
7.2249475,7.07
7.5678725,7.67
7.5150905,7.49
6.687359,5.15
6.5396676,4.54
6.7759714,4.92
6.7579913,5.01
6.612889,5.58
6.6797395,4.99
6.611798,5.13
6.5254855,5.06
7.507334,6.6
6.8504767,5.64
7.1676135,6.29
6.8613553,5.67
7.161675,6.2
7.3462777,6.54
7.107551,6.82
7.1151214,7.33
6.6425457,7.28
6.154665,7.31
6.621775,7.32
7.130913,7.31
7.1795444,7.08
6.84414,7.39
6.3151145,8.0
6.3003387,8.07
6.6924963,6.21
6.7333527,6.18
6.76417,6.25
6.530504,6.23
6.5943894,6.67
6.885222,6.3
6.8566575,6.61
6.989779,6.58
6.566831,6.41
6.699945,6.45
6.8013406,6.47
6.404016,6.64
6.617958,7.0
6.5873466,6.97
6.9492974,8.02
7.12021,6.99
7.0466495,6.48
7.3561635,7.35
7.0925446,6.59
7.12958,7.3
7.4138846,6.08
7.119431,6.19
6.8580775,6.38
7.4927697,5.84
7.3990912,7.37
7.1725326,7.38
7.2759223,7.38
5.625995,6.12
7.0349784,6.38
5.797106,5.82
6.5352116,5.87
6.1185575,5.93
5.561498,5.9
7.2342944,5.49
6.6035905,6.45
7.1869936,7.66
6.725611,7.55
6.8085732,7.51
7.0355916,7.51
6.957988,7.47
6.2648673,7.45
6.5031314,6.75
7.053493,7.61
7.0932074,7.65
7.447346,7.56
7.146206,6.31
7.4597898,6.58
7.14918,6.39
6.577071,7.14
6.640906,6.69
7.0311513,7.06
7.0449057,7.09
7.136333,7.24
6.9331985,7.67
7.137793,7.17
7.118388,7.19
7.281724,7.24
7.2034125,7.28
6.889095,8.28
7.101296,8.18
7.0685534,7.39
6.9921694,8.1
7.144804,8.21
6.256395,6.19
6.3215337,6.34
6.3986897,6.54
6.570049,7.28
6.7592688,7.2
7.8725524,6.15
6.7264514,6.92
6.3695254,5.36
6.3218637,5.51
6.4096427,6.3
6.5228887,6.61
6.780477,5.82
6.5980372,5.15
6.8615494,5.27
6.9091516,5.36
6.622649,5.37
6.4597173,6.67
6.7988667,5.87
6.3370233,5.53
6.9320717,5.66
6.601163,5.76
7.430845,5.58
6.592256,7.01
7.0324244,5.19
6.258123,7.46
6.7632575,7.32
6.650129,6.34
6.628743,5.25
6.992945,5.46
6.442405,6.68
6.6721163,6.84
7.0206537,6.61
7.526342,6.64
6.8898854,6.5
6.653065,6.12
6.687727,5.63
6.528285,6.11
6.3633156,6.1
6.3629413,6.11
6.5134497,6.02
7.44344,5.1
6.7509565,6.35
6.712935,6.35
6.4553895,6.36
6.930285,6.38
6.449587,6.41
6.5185633,6.45
6.737539,6.51
6.309197,6.42
6.992102,5.77
6.799192,6.34
7.041622,6.34
7.283345,7.35
7.179971,7.08
7.0435934,8.28
7.4248137,6.39
6.6758265,8.14
6.7221756,7.08
7.3349376,7.91
6.781789,8.35
7.134643,7.77
7.1888394,7.81
7.1870666,8.12
7.231277,7.31
7.442065,7.58
6.8565054,7.57
7.1632304,6.83
7.176783,5.96
6.982727,7.07
7.6018643,5.65
7.599185,8.74
7.719179,6.76
7.526184,5.8
7.760144,6.08
7.4983745,5.66
7.8283095,5.82
7.6714406,5.8
6.8784347,7.02
7.131206,8.32
7.201056,7.26
7.514238,11.0
7.406978,11.0
6.8856883,6.85
7.324631,6.89
7.2210226,7.43
7.405213,7.38
7.3707614,7.66
7.558428,8.05
7.3537827,7.1
7.2771287,10.05
7.332453,6.67
7.2574577,7.11
6.944685,6.09
7.3175983,5.71
7.236662,6.07
7.6996274,5.02
7.1162553,6.82
7.199244,7.47
7.5098643,6.43
7.06461,6.03
7.328473,7.58
6.748261,7.29
7.303888,6.29
7.3173103,8.12
7.104676,7.36
6.62332,7.1
6.882875,7.24
6.7936215,7.73
6.8174806,7.12
7.007534,6.73
6.998607,7.54
7.1441746,8.07
7.0553527,7.4
6.1974034,6.76
5.448833,3.92
6.0298133,7.11
6.615619,7.1
6.826062,7.17
7.1709976,7.33
6.194843,7.21
6.80034,5.79
6.755394,7.28
6.5944295,7.12
6.8501534,6.91
6.6799836,6.58
6.748535,6.63
6.803863,7.1
6.8117976,8.05
6.9789968,7.15
7.0991654,7.21
6.751985,6.23
7.0129786,7.27
7.2839427,6.99
7.319223,7.28
7.0148005,7.42
7.0121894,8.17
6.82987,7.21
6.729717,7.65
7.229091,7.38
6.047771,6.37
6.4291096,6.33
6.345254,6.34
6.248262,6.35
6.5434756,7.31
7.3108816,7.37
6.8775115,7.61
6.6865005,7.66
6.9645696,7.37
6.584804,7.75
6.6344337,7.42
7.176023,7.68
7.134418,7.67
7.6969876,8.29
7.1606855,8.07
7.2569137,8.95
7.791062,8.56
7.76389,8.44
6.9507565,8.63
7.3579416,8.51
7.2943454,8.46
7.2655425,8.26
7.504658,8.44
6.909682,5.31
6.376776,7.38
6.4524302,5.46
6.679662,6.84
6.786138,6.0
5.9804845,5.93
6.0235267,5.16
6.6058044,5.87
6.6219172,5.16
6.8934875,5.02
6.6265264,5.62
6.922669,7.45
6.79149,7.61
6.7203937,6.18
6.8502946,5.58
6.8112006,6.73
6.9846888,6.43
6.9309535,7.9
6.8815694,5.51
7.057471,6.7
7.0628195,6.82
6.7516165,7.47
6.5934467,6.86
7.0676665,6.66
7.0946207,6.55
6.9108243,6.55
7.116735,6.5
7.144758,6.54
6.8483806,6.79
7.009716,6.62
6.956499,6.76
6.7293468,7.09
6.4292884,6.6
6.3896384,6.43
6.643435,6.27
6.556243,6.38
6.4568605,6.23
6.075608,6.37
6.4038224,7.43
6.627787,7.66
6.4853864,4.36
7.3516355,7.6
7.7324834,6.48
7.552029,10.54
7.131843,6.66
7.3441143,6.61
7.2188077,5.72
7.0094886,6.53
7.226594,9.08
7.3008614,8.49
6.83343,8.1
6.693937,6.61
5.530452,6.6
6.969374,7.5
6.975922,7.4
6.8502736,6.82
6.817578,7.38
7.064709,6.98
6.9107165,7.46
6.898698,6.53
6.9133644,5.53
6.712447,7.55
6.801826,7.37
6.5839615,6.17
5.931871,6.46
6.3456693,6.39
6.256393,6.45
6.1304946,6.29
6.247539,6.91
5.817882,6.71
5.904244,8.1
5.9674,6.25
6.076237,6.56
6.4795947,6.02
6.347862,7.03
6.6502466,7.72
6.778355,6.06
7.157354,6.01
6.6912565,5.61
7.0602837,6.15
6.928862,6.01
6.5511518,6.13
6.9458947,6.08
6.6270733,6.17
6.831281,5.89
6.683966,5.44
6.7241974,6.02
6.8013687,5.37
7.0574946,8.12
7.001918,7.3
6.8787723,7.07
7.0462823,7.39
6.9846253,7.17
7.203154,7.62
6.991345,8.14
7.10788,8.09
7.0312843,7.22
7.12559,7.34
7.0341067,7.66
7.131908,5.01
7.0409684,6.18
6.6686463,7.19
6.6393056,5.03
7.0242686,7.08
6.8023505,7.1
6.6697526,7.75
6.9726076,6.56
7.015967,6.2
7.006084,6.3
6.8001103,6.07
6.7335944,6.61
6.7438912,6.5
6.806395,6.4
6.9172616,6.54
6.597917,5.32
6.351418,6.32
6.825311,6.11
6.9376307,6.39
6.914194,6.53
6.9487686,7.3
6.7574544,5.35
7.3103743,6.27
6.705296,7.04
6.8205433,6.25
7.289701,5.08
7.4106965,7.14
7.0797324,5.07
6.9284873,7.19
6.8397055,6.18
6.6256356,7.38
7.0544024,6.59
6.556396,6.69
6.6978126,6.5
6.869958,7.09
6.6470075,7.19
6.8400617,7.03
6.9665456,7.03
7.0231266,6.21
7.1098566,7.87
7.105292,5.44
6.4798765,6.1
7.135157,6.1
6.9046826,7.18
6.6037183,7.02
6.7691336,6.06
6.986283,8.43
6.6764417,4.62
7.1961718,6.41
6.719416,6.75
7.313267,6.36
7.0672054,7.02
6.917748,6.37
6.9762683,6.31
7.1104336,6.36
7.2278414,7.31
6.7085166,6.21
6.638472,6.35
7.1295485,7.09
7.1686835,6.36
7.5883045,6.04
7.506061,6.61
6.9755073,6.86
7.544542,7.08
6.9219675,7.02
6.6322837,6.66
7.098614,6.28
7.268736,5.48
7.045298,7.19
7.1958857,7.41
7.389317,6.07
7.317308,7.79
7.574235,8.16
7.1981277,7.96
7.6236258,7.41
7.5869174,8.66
7.3533435,8.03
6.8512015,5.81
6.8322616,5.32
6.29598,5.59
6.977227,5.49
7.0253444,5.77
6.9063525,6.72
6.8956885,6.13
6.634084,6.26
6.992791,6.4
6.7896843,6.44
7.412747,6.24
6.9834604,6.36
6.608788,6.13
6.7190557,6.05
6.864284,7.12
7.086488,6.16
7.3158803,5.84
6.905828,6.84
7.1840167,6.11
6.4913135,6.43
6.947498,5.72
6.958998,6.2
6.550888,6.2
6.488358,5.32
6.3111415,6.68
6.891991,6.42
6.3516126,5.17
5.660894,6.33
5.9366283,6.34
6.0878453,6.37
5.8580174,6.5
5.80761,7.15
6.004708,6.66
5.801311,6.07
5.9515033,6.5
6.159929,6.56
6.0293074,5.63
5.8351107,6.02
6.062879,6.19
6.8770204,6.18
6.204718,6.59
6.689257,6.09
6.1994905,6.26
7.0514235,6.63
6.585896,6.12
8.024261,8.18
8.516435,7.23
7.3206077,7.34
7.282906,8.05
7.445146,7.69
7.30984,7.13
6.4961486,6.13
7.096223,6.57
7.024327,6.53
6.916344,7.19
7.403229,6.2
7.1489487,8.21
7.422802,6.61
7.449094,8.1
6.8553348,6.27
6.8863416,7.27
6.9160013,7.51
6.810796,7.25
6.8695025,8.06
6.677366,8.41
6.723602,6.25
7.135434,6.42
7.06527,7.66
6.6971264,7.31
6.7044287,7.22
7.096681,8.44
6.5519147,6.48
6.9111347,7.54
6.8176265,7.66
6.965105,8.02
6.492563,7.42
6.636418,6.37
7.0269346,6.24
6.5622034,7.37
6.553359,7.19
6.619292,7.43
6.778315,7.37
6.7727094,7.47
6.8137074,7.29
6.6197605,7.37
6.533587,7.52
6.6987247,7.18
6.6034827,7.24
6.8178887,7.41
6.6765933,7.08
6.5648494,7.17
6.959623,5.95
6.4237742,4.74
7.528786,4.64
7.5213685,4.0
7.695927,4.84
7.87878,4.48
7.550319,4.48
7.8801036,3.7
7.6860356,3.7
7.6808763,4.7
7.1706414,3.7
7.956657,4.15
7.7021947,3.7
7.0116124,3.95
7.2865763,4.58
7.3958488,4.3
7.410108,5.57
7.2891593,3.7
7.6673207,4.7
7.574946,7.39
7.3036904,8.1
7.075953,7.23
7.1255984,7.79
7.2199817,7.17
7.5274873,7.1
7.5413113,7.72
7.3454385,7.23
7.126738,5.54
6.78234,5.4
6.153975,7.04
6.789283,7.46
6.434098,7.12
6.6957917,6.56
6.7951837,7.04
6.874705,7.14
6.6437783,6.71
6.926966,7.04
6.556836,6.32
6.953381,6.69
6.9027076,7.02
6.6180234,6.4
6.78766,7.15
6.3427334,7.05
6.6405807,6.18
6.701278,6.26
6.8166876,6.49
6.404192,6.04
6.263903,6.05
6.5960736,5.33
6.4927597,6.42
6.471204,6.21
6.457866,5.12
6.5822854,7.1
6.358534,6.63
6.7841268,6.76
6.6786647,7.17
6.6838245,7.06
6.6261563,7.27
7.221982,6.45
6.6161838,6.39
6.407155,6.42
6.6004024,6.56
6.3746734,6.08
6.5152173,6.51
6.555758,5.84
6.7559457,6.42
6.909739,6.49
6.192366,5.6
6.4869246,5.68
7.1272764,5.61
6.9352083,6.51
6.954289,6.46
7.0380807,6.13
6.6687856,6.59
6.440936,6.18
6.86785,5.65
6.9868407,6.46
5.6050506,6.04
6.178621,5.21
6.9781694,5.09
7.6798253,5.22
6.86857,5.83
6.9226213,6.05
6.7174573,6.14
6.502683,5.74
6.6296763,6.05
6.7780204,5.73
6.561343,6.07
6.7104793,5.48
6.746912,5.59
7.0261674,6.2
6.5582757,5.48
6.329758,6.0
6.1097617,5.38
7.102309,5.48
7.169665,6.51
6.971482,6.68
6.832939,6.59
7.516602,5.21
7.494415,5.15
7.2332015,4.24
6.9029174,4.96
6.732805,4.42
7.2265844,6.36
7.227056,5.6
7.0879893,6.08
7.3737917,5.0
7.4604034,5.54
7.471604,6.6
7.3405895,5.82
7.433204,6.25
7.4274344,6.25
7.3461623,5.66
7.1731596,5.6
6.8218436,6.17
7.2359643,5.82
6.7727823,8.3
6.865745,8.52
6.763211,6.64
6.2687345,7.05
6.7264037,7.01
6.1720943,6.42
6.6686974,6.33
6.608867,5.74
6.7877936,5.43
6.824951,6.18
7.0465765,6.19
6.8597364,5.65
7.0556407,5.07
7.1581855,5.23
6.848963,6.28
6.8843365,6.11
7.1263585,6.31
6.937288,6.15
6.8333783,5.81
6.847977,6.48
7.183108,6.08
7.1063437,6.01
6.8087583,6.32
6.749389,6.2
7.2244344,6.53
7.3461566,7.03
7.205676,6.16
6.957557,6.23
7.511603,5.43
8.171977,6.3
7.2190614,5.8
7.4818215,5.66
7.447347,5.0
8.085577,6.0
7.3375382,5.68
8.122625,5.89
7.5540714,5.96
7.5993867,5.74
7.7462363,5.82
7.9852157,6.17
7.1605077,5.08
7.6127496,5.7
7.248041,3.7
8.083108,6.25
7.688773,5.72
7.487723,5.54
7.773009,6.44
7.4427733,5.89
7.3103833,5.0
7.141284,6.3
8.02855,5.85
7.587118,5.85
8.071925,6.0
7.688375,5.48
7.9392605,5.6
7.46057,5.7
8.076268,5.7
7.318071,7.04
7.9495482,5.77
7.492425,6.2
7.8007402,5.89
7.436485,4.85
7.493652,5.48
6.9849296,4.62
6.610733,8.36
6.640255,8.11
7.014877,7.12
6.458061,7.07
6.7161646,8.77
6.773334,8.03
6.8907504,8.18
6.876737,8.2
7.159613,8.19
7.2802906,8.11
6.863538,8.17
7.1150904,9.16
6.8951006,7.3
6.4244075,7.04
7.3509192,8.19
7.6128,6.23
7.3863187,7.23
7.4449983,8.08
7.1088023,6.21
7.302216,6.09
7.210888,7.09
7.476967,7.14
6.718105,7.51
7.1631985,6.72
6.7522492,7.82
7.253622,8.55
7.4899163,6.76
7.6784987,6.13
6.892121,6.85
6.8923573,8.12
7.025005,6.62
7.1680565,7.1
7.35067,5.2
7.391829,6.2
6.998333,6.19
7.5139832,6.31
7.575988,6.51
6.9740896,7.02
6.8420663,7.06
6.67219,7.11
6.8950596,6.82
6.893163,6.89
7.429999,7.02
7.623239,6.96
7.428469,6.83
6.599752,7.52
6.625046,6.07
6.9612355,5.4
7.0351815,6.36
7.050866,6.3
7.0973096,6.1
7.029277,6.12
6.7681546,6.14
7.4732394,6.09
6.9797196,6.21
6.9260507,7.29
6.8611846,7.09
7.158669,8.04
6.9251013,8.04
7.11363,6.45
7.2843137,6.29
6.812016,8.05
6.9779735,6.46
7.073854,6.03
7.3166113,5.48
7.173878,6.5
7.275435,6.59
7.4035053,6.02
7.299187,5.97
7.366661,5.29
7.270674,6.3
7.141475,6.19
7.065018,6.98
7.1900735,6.43
7.048309,7.06
7.0644183,6.05
7.1403623,6.13
6.678822,7.07
6.9032884,5.19
6.8401628,5.39
7.0631433,6.04
7.0170293,7.31
7.824622,6.96
7.60368,7.21
7.7869334,7.29
7.3920665,6.99
7.0073133,5.87
6.6529746,6.18
6.8398337,6.11
6.6268,6.18
6.417305,6.06
6.1483297,6.01
6.225678,5.59
6.751288,5.68
6.8681254,6.05
6.902849,7.05
6.9266276,7.04
6.7157435,7.14
6.7552423,6.53
7.500999,7.05
7.218071,6.51
7.447718,6.17
7.330041,6.32
7.0874395,7.02
7.4642696,6.13
7.0884356,7.05
7.533502,7.01
7.104442,6.31
6.122481,6.49
7.69817,6.32
7.159498,5.22
6.7016926,7.03
6.3487377,6.73
6.1546264,7.05
7.0051227,6.64
6.886946,7.0
6.985537,7.08
7.1644773,7.0
7.2289333,6.23
6.3808513,7.16
6.6746163,7.16
6.9142485,7.39
6.5993743,8.14
6.895883,7.82
6.9905977,7.12
7.421287,7.28
6.751195,7.31
6.7955623,7.09
6.9923177,5.57
6.9560533,6.15
6.5458407,6.64
6.7652626,7.36
6.877657,6.03
6.7994504,7.06
7.165334,6.71
7.204923,6.31
6.7850432,6.4
7.1245594,6.51
7.007503,6.38
7.0975294,6.11
7.05253,6.01
7.585139,6.17
6.5571694,6.14
6.7286253,5.49
7.18036,5.79
6.7385573,6.71
6.984064,6.12
7.420425,6.28
7.670198,6.62
7.3849545,6.5
7.8750644,6.41
6.734115,5.77
7.1155543,6.09
7.287547,6.44
7.0641265,6.25
6.9213157,8.03
6.7928557,8.11
6.8028584,8.05
6.3929076,7.19
6.7383924,7.32
6.6137834,7.05
6.4007125,7.43
7.091308,7.08
6.5104356,7.42
6.692346,6.34
6.8043437,6.11
6.927563,5.99
6.987843,5.93
6.375958,8.09
6.9811482,7.28
6.3192186,7.04
6.6432004,6.96
6.8544774,7.34
6.9369335,7.58
6.531527,6.68
6.9264355,6.78
6.231953,6.63
6.6408153,7.64
6.62019,7.04
6.9833293,7.24
7.302979,7.47
6.966544,7.65
6.869822,8.11
6.683558,7.14
6.688984,7.24
7.1451745,7.07
6.8541865,7.09
6.667188,6.39
6.8204494,6.66
6.8931746,7.06
6.9864035,8.23
6.804074,8.08
6.5496936,7.4
6.569567,8.17
6.6037755,8.14
6.536179,7.67
6.8766885,5.02
6.6112757,5.06
6.907353,6.65
6.6227436,6.95
6.923287,6.34
6.8276124,7.16
6.9534197,6.98
6.983156,6.56
7.1481547,6.1
7.507541,5.38
7.4082623,6.73
7.646491,7.21
7.047062,7.0
6.646008,7.27
6.3070436,7.18
7.6630893,7.08
7.5200047,6.86
7.265528,6.1
6.7917323,6.29
7.54433,6.32
6.7888126,6.3
6.8199363,5.08
7.0455155,5.12
6.7617726,6.57
7.281422,6.02
7.3387837,5.92
7.510554,6.19
6.705468,6.13
6.5067267,6.21
6.6346536,6.26
6.6034384,6.15
7.0324235,7.14
7.281362,5.11
7.164286,7.31
7.4186482,4.94
6.9493766,7.01
7.0902596,7.07
7.053429,5.1
7.0289474,5.68
7.5961466,7.17
7.295957,7.14
7.096743,6.05
7.1405644,7.03
7.0574365,6.21
6.88631,5.61
7.2184463,6.17
7.260858,6.16
7.112873,6.36
7.167382,6.3
6.782573,6.14
7.2863274,6.17
7.08363,6.15
7.4122148,6.38
7.269126,6.32
7.2306867,6.25
7.431125,6.71
6.817784,5.51
7.3697085,6.03
6.7105503,5.28
7.1469474,5.61
7.610358,5.78
7.0530343,6.04
7.145141,3.17
7.1664634,7.11
7.0667577,6.24
5.9866767,5.27
6.1789737,5.18
6.6667695,5.11
6.237637,5.15
6.493323,4.38
6.8232865,6.6
6.239851,6.49
6.626014,6.13
6.893967,6.52
6.1409597,5.01
7.175937,6.68
7.3380136,5.53
7.4469504,6.03
7.3816686,6.14
7.3767447,6.24
6.4242,6.19
6.4713974,5.05
6.9430213,6.18
6.9559226,6.2
6.02862,7.14
6.08796,6.67
6.102159,7.08
7.205341,6.12
6.9870934,6.11
7.024059,7.09
7.05601,6.03
6.8249793,7.06
7.0446324,7.17
6.146556,6.49
6.7751985,7.14
6.9851394,7.03
7.288312,7.08
6.306955,6.94
6.4544816,6.89
6.4408383,7.21
7.185782,6.33
6.612372,6.86
6.939044,7.27
6.8904066,6.53
7.064708,6.9
6.927072,6.04
7.296424,6.46
6.51117,6.61
6.607069,7.15
6.7023573,6.87
6.900187,6.83
6.792538,5.4
7.472441,6.69
5.8336954,6.78
6.215237,6.87
6.6791816,6.98
5.820807,7.07
6.2993727,7.16
6.79946,6.61
6.824489,6.5
6.625904,6.08
6.933583,7.24
6.4786763,6.51
7.5405912,6.74
6.785215,6.67
6.5605044,6.37
6.893823,8.09
6.706015,6.3
6.5458703,7.17
6.711772,7.56
6.495994,7.42
7.3710523,7.18
7.0668764,5.14
7.4006104,5.06
7.280585,5.0
7.2673492,5.26
7.33903,5.14
7.5404277,5.15
7.1750464,5.07
7.2217374,6.19
7.186688,5.02
7.304582,5.33
7.1154885,5.27
7.3865304,6.03
7.2407794,5.12
6.868143,5.1
7.379889,5.38
7.71714,5.61
7.1334887,5.35
7.2423406,5.47
7.491243,6.12
7.2974377,6.2
7.4479713,5.72
7.333133,5.11
7.3577757,5.69
7.7686796,8.23
6.5511413,6.16
7.3061643,5.09
6.5049257,5.15
6.361334,4.34
6.4159684,5.64
6.505441,5.6
6.3230405,5.44
7.1339326,7.02
6.7439036,9.24
7.448183,6.02
6.489901,7.06
7.506102,6.06
7.4184523,6.2
6.271091,6.08
6.4150596,6.27
6.8941913,5.56
6.837899,5.24
6.5405827,6.32
6.4543896,6.62
6.6848803,6.59
6.6108975,6.04
6.830579,5.84
6.7885213,5.85
6.7221932,6.48
6.7201343,6.78
6.7119265,6.14
6.783762,6.59
6.6203475,6.4
6.930669,6.66
6.9389443,7.02
6.5319247,7.19
7.188206,6.2
6.8781323,6.54
6.967895,7.31
6.9956365,5.33
6.8322043,5.21
7.0909886,6.58
6.933081,6.37
6.6863356,6.73
7.107203,5.13
7.1231685,5.86
6.9590487,6.05
6.319196,6.02
6.5248175,5.85
6.5203547,6.08
6.834942,5.62
6.2928076,6.11
6.8536386,5.9
6.539703,5.7
6.3813553,5.57
6.46569,5.44
6.526066,5.64
7.033558,6.08
6.750736,5.98
6.5453105,5.88
6.932875,6.01
6.617774,8.04
6.70995,7.22
6.623862,6.14
6.2135987,6.12
6.7891755,6.33
6.6418204,7.12
6.74716,7.16
6.370844,6.34
6.90183,6.5
6.6319957,6.36
6.7609096,6.17
6.926273,6.32
5.985905,6.1
6.903351,6.65
6.345987,7.21
6.7355156,7.21
6.854555,6.53
6.934073,6.13
6.1126065,5.14
6.1373973,5.08
6.8143344,5.54
7.287351,6.28
7.006241,6.04
6.9215274,7.13
6.967621,6.75
6.188312,5.22
7.15673,5.28
6.5879407,6.09
6.4922304,5.08
6.8379984,5.76
6.1226954,7.09
6.6905427,7.21
6.5122952,7.14
6.4716077,7.26
6.907126,7.4
6.8086505,7.33
6.2512484,7.11
6.536467,7.26
6.635741,7.9
6.7178187,7.11
6.771913,7.15
6.4949536,7.19
7.0701365,7.17
6.8785233,7.08
7.057478,8.07
6.348749,6.56
6.9177246,7.11
6.702109,6.29
6.4637904,7.07
6.2170386,6.67
6.8679166,7.55
6.633208,7.62
7.020396,7.62
7.247729,7.62
7.274931,7.62
7.063278,7.62
7.186664,7.59
7.0280805,7.62
7.2222652,7.62
6.8646407,7.4
6.4204507,7.24
6.5597177,7.24
7.1048627,7.24
7.0827827,6.94
7.1263943,5.07
7.2582297,5.07
6.9068313,5.07
7.250542,5.03
7.1934075,5.07
7.476658,5.07
6.870767,5.07
7.3368826,5.07
7.0659776,5.07
7.0610785,5.07
6.0135274,7.03
6.8558207,7.03
6.36646,7.03
6.5997624,7.03
6.396952,5.99
6.8785586,5.31
6.45982,5.99
6.8837733,5.99
6.652923,5.99
6.849419,5.99
6.945951,5.99
7.226066,7.91
7.299649,8.17
7.4728875,7.91
7.0206428,7.91
7.430313,7.91
6.9785113,7.91
7.0122056,7.91
7.487595,7.91
7.3556066,7.91
7.040507,4.66
6.690612,4.47
6.6417193,7.27
6.8352056,7.27
6.6283145,7.27
6.7970223,7.27
6.8958125,7.27
6.7380815,7.27
6.695231,5.74
6.524317,5.74
7.4526334,6.37
7.1051598,7.08
6.800586,7.08
6.7640224,7.08
6.5692,7.08
7.0499153,7.08
6.9780626,7.08
7.161858,7.08
6.9140887,7.07
7.0975657,6.01
6.858128,6.58
6.8574014,6.04
6.478232,5.77
6.765947,7.0
6.7620068,6.48
7.1237254,7.1
6.594217,6.78
6.8726707,7.31
6.9382606,6.54
7.236884,6.24
6.865656,7.09
6.5545297,7.49
6.34821,7.49
6.8503537,7.49
6.370524,7.14
6.5212464,6.28
6.5806646,7.12
6.56895,5.68
6.405392,7.03
6.404281,7.03
6.2837076,6.55
6.3445444,7.14
6.232946,6.71
6.2686152,6.09
7.131354,6.08
7.404592,6.18
7.7150893,5.27
6.4419713,6.96
6.2157283,6.45
5.075961,6.9
5.6734157,5.11
7.2135224,5.07
5.70303,5.01
5.911167,6.04
5.5897593,6.03
5.7478905,7.06
5.592296,6.04
6.708884,6.42
5.6717105,5.21
7.481833,6.76
6.3848195,7.72
6.1010165,6.35
6.2075763,7.02
6.36999,7.77
6.538337,7.82
5.7410665,6.25
6.6107044,5.4
6.619942,6.89
6.0062604,7.08
5.774388,5.31
5.9576964,5.87
6.3746667,7.31
5.598477,4.42
5.837852,5.12
6.360229,7.1
4.58555,4.82
5.0121512,5.11
4.794015,5.07
5.2373633,4.21
6.0275273,5.08
5.2450595,4.21
4.147616,5.02
6.7297044,6.62
6.6983256,5.69
6.7736936,5.83
6.914349,6.02
6.7193885,6.11
6.7394986,6.55
6.7546954,6.44
6.894617,6.61
6.5926986,6.64
6.823305,7.19
7.7007403,7.64
7.255617,6.9
7.5229807,7.33
7.8765216,7.64
7.678901,7.68
7.3596787,6.4
6.1994987,7.82
7.236265,6.46
7.4001317,6.38
5.6515827,7.36
6.202545,5.84
5.4605136,6.12
6.8660436,5.59
6.2729354,6.2
7.307807,6.23
5.061826,6.31
6.3189654,5.21
6.606439,7.03
6.5527005,8.03
6.423965,6.28
6.673383,6.27
5.9670696,6.68
6.1307054,8.12
6.2042904,5.02
5.8661838,5.31
5.356137,5.09
5.5822616,5.01
5.6769085,5.64
5.2037387,5.74
5.3567524,6.02
5.3216186,5.44
5.654869,5.98
5.442027,6.22
5.0993447,5.41
6.182195,6.52
6.2734847,8.02
6.5242968,7.14
5.62429,5.82
6.0489006,5.93
6.7995954,6.59
6.8212314,6.4
6.548699,6.48
7.019527,7.66
7.327929,5.42
6.9359794,7.48
6.9746995,6.66
6.0015697,6.46
6.0246124,6.77
5.8672585,5.6
6.0379186,5.82
6.2198434,5.66
5.692327,5.34
6.9125485,8.12
7.8287477,7.48
7.605865,8.7
7.598536,8.3
7.0849414,8.85
6.597756,5.54
7.5850096,7.25
7.5773597,8.04
7.622804,7.07
6.7726254,7.96
7.094428,6.77
7.005414,8.46
7.3385215,7.41
7.2592354,7.6
6.8449607,8.54
7.330584,7.55
7.3317027,7.49
7.212169,8.0
6.6555147,8.32
6.648173,7.21
5.936336,5.87
6.7898364,5.79
6.5339665,6.43
5.284564,7.16
6.3453174,7.22
6.466278,6.27
6.4228415,6.36
6.389071,6.02
7.2962275,8.82
6.9863048,6.38
7.4955554,6.59
7.412021,6.69
7.045149,7.41
6.4971414,5.57
6.0229936,6.05
6.423997,6.66
6.3487344,6.37
6.564267,5.88
6.740201,5.78
5.9941106,5.86
6.2127633,6.53
6.2705665,5.82
7.189572,6.51
7.024676,6.92
6.8697405,5.7
7.0957723,6.13
6.278028,5.54
6.3737097,5.77
6.450361,5.92
6.2643304,5.8
6.266498,5.45
6.5931044,9.44
5.7687297,9.36
6.200002,9.43
5.7422113,9.11
6.4229264,7.13
6.2428913,5.53
6.6769166,5.1
6.469339,6.16
5.5772886,5.7
5.9885616,6.18
5.749803,6.18
5.8534923,6.12
6.1892037,5.51
6.4941287,7.65
6.5253487,9.05
6.665605,9.05
6.523167,9.05
6.3104625,9.05
7.157969,6.32
7.368134,6.43
7.5045533,5.58
7.590808,5.36
7.4033866,5.96
7.4500356,6.24
7.438125,6.21
7.6493783,5.62
6.504371,8.37
6.444536,8.7
6.492886,10.59
6.428042,7.1
6.735832,10.0
6.4336534,6.91
5.5765166,4.07
7.0729446,3.74
6.3015084,6.92
6.4789586,2.85
5.5551515,2.66
5.392689,7.0
6.8767486,7.4
6.015135,5.15
5.8802814,5.72
5.717941,9.3
5.7417293,8.48
5.6553817,5.27
5.8047647,5.42
5.836374,5.96
5.493202,4.0
5.71703,5.77
5.4621615,3.03
5.0418277,2.83
5.5955853,6.8
5.405852,5.1
6.2211967,7.66
5.6794953,5.05
5.823583,5.4
5.666843,7.31
5.8665247,4.17
6.4244685,5.01
5.766687,8.42
6.1101723,7.57
6.3239703,6.23
6.024677,5.3
6.2276487,6.32
5.794117,4.55
5.842938,5.04
5.8318267,7.4
6.097039,4.17
6.414644,6.43
5.739965,5.0
5.644543,7.92
5.83584,7.1
5.733018,6.96
5.458938,6.7
5.9287124,6.78
5.952852,6.3
5.8460116,6.03
5.6599393,6.02
5.1714053,6.8
5.5328813,6.48
5.468167,6.0
5.5852637,5.91
5.7809243,6.77
5.9807706,6.7
5.6935496,7.05
5.4769645,6.9
6.6427493,4.66
6.155771,8.4
6.026192,6.96
5.9245353,5.51
5.8863797,5.41
5.9077997,5.44
6.216932,6.32
5.8117876,4.35
5.745367,6.17
5.586881,6.65
5.622799,7.37
5.7858796,6.95
5.6655307,7.02
5.519589,7.41
5.726645,4.8
5.8291454,4.8
5.963504,7.0
5.655604,6.96
5.4760633,6.17
5.7803016,7.02
5.7471857,6.87
5.509823,5.89
6.0865827,9.7
5.977618,5.35
5.9814796,6.56
6.15929,6.1
5.7617507,7.46
6.1674685,4.86
5.8409166,6.49
5.334408,6.39
5.4802337,5.77
5.723206,4.31
6.1861305,6.24
5.8624506,7.74
5.875035,7.51
6.0813613,6.24
5.374654,5.59
6.0939126,6.15
6.114451,4.7
5.9646535,6.11
5.738526,5.71
5.3510947,6.55
5.7292237,6.44
5.7085986,5.06
5.413161,5.4
5.9914546,4.72
6.1440635,3.98
6.127545,4.3
6.504842,4.9
6.311159,4.01
5.9483204,5.49
6.3109064,4.12
6.1779256,3.12
6.335356,4.77
5.7574944,6.26
6.0255294,3.93
5.7677226,6.17
6.2384715,4.77
5.726329,4.12
6.0620065,5.12
5.487634,4.54
6.0799513,4.8
5.878059,4.04
5.7298303,4.33
5.930264,3.79
5.6348376,5.12
5.7572207,4.12
5.8002667,3.91
5.6652136,4.91
5.4104276,4.69
7.0254674,6.4
6.2979503,4.44
6.0608807,4.22
6.120913,6.03
5.6511316,6.6
5.48247,5.67
5.974106,5.32
6.294662,7.4
6.0600734,7.8
6.0742354,6.63
6.3372955,5.44
6.739367,6.57
6.163926,7.62
6.583794,5.91
6.228341,5.01
6.0295057,6.01
6.69519,6.34
6.457876,5.68
6.6879797,6.17
6.211709,6.06
6.448997,5.71
7.449734,7.22
7.504556,6.49
7.4350286,6.48
7.3433247,7.36
7.308123,7.31
7.5556283,6.7
7.174001,6.05
7.2898583,5.34
7.514137,7.28
6.9484544,5.57
7.161427,6.42
5.976557,11.0
6.163841,5.42
6.4368887,6.04
7.4548564,8.07
6.3028007,5.97
6.6972737,5.36
6.5473905,6.12
6.931756,6.43
6.6712856,6.44
6.4784675,5.69
6.720179,5.52
4.2950625,7.06
4.8718123,7.86
6.658962,5.14
5.0053654,4.35
5.1693187,7.52
5.535008,5.49
6.653891,5.66
6.1444297,5.71
6.241166,5.65
5.8973064,5.7
5.5814853,5.7
5.507542,5.51
4.9617586,5.51
5.4179873,5.89
6.2268424,7.15
4.9686975,5.11
4.993749,4.8
5.408086,4.89
7.482788,5.07
7.051774,5.2
4.257995,4.64
4.5152717,4.17
4.1241593,4.01
5.2884502,5.1
4.9802756,5.07
5.3074393,4.26
4.9983125,3.85
6.218788,4.7
4.8955684,6.0
5.203179,6.59
5.3369503,6.32
4.859278,6.82
5.7160363,6.6
5.6429524,8.14
4.913097,6.56
4.9849753,6.56
5.095202,6.45
5.9627376,5.8
6.235383,5.79
6.12317,5.72
6.593541,5.69
6.223099,5.59
6.123823,5.66
5.412287,6.53
4.948694,6.52
5.4061985,6.3
4.7091966,6.13
5.800423,6.12
5.319159,5.94
5.755671,5.88
6.058863,5.59
5.0911155,5.58
5.1042295,5.27
5.8028903,5.0
5.396148,6.09
4.8406157,6.33
4.654615,6.33
5.05192,6.14
4.5298085,5.74
5.3350053,7.25
5.7154727,7.05
5.7464724,6.59
6.026755,5.9
5.7497306,6.09
6.006614,4.96
5.9088664,4.92
5.920698,4.92
6.194295,4.92
5.950451,4.3
6.1093984,4.35
4.8165917,4.66
4.8527784,4.72
5.110425,5.0
5.2418704,4.89
5.197602,5.11
5.1721125,4.92
5.145809,5.17
5.488135,5.04
5.2795253,5.19
6.591582,5.0
5.8440027,4.7
7.0728335,5.96
5.8364644,6.66
5.124089,6.11
5.9075823,6.52
5.673471,6.68
6.0185494,6.59
5.5815253,6.7
5.7877226,6.26
5.75549,5.84
5.5045514,6.21
6.36513,6.22
5.857302,6.72
6.2139106,5.55
6.383778,5.97
5.247679,5.28
5.8927402,5.77
6.152891,6.59
5.764651,7.51
5.889856,6.51
6.0329447,7.59
5.9091096,8.21
6.024199,5.51
6.3459826,4.94
6.439167,4.84
6.5704336,4.86
7.257935,4.92
6.594442,7.0
7.4044123,4.85
7.1770205,5.42
7.298312,6.49
7.3093925,6.31
7.3389616,7.74
7.3680677,7.51
7.4102607,7.39
7.337037,7.25
7.3290453,7.11
7.473968,7.8
7.500118,7.74
7.29871,7.8
7.3921456,5.07
7.4172816,7.27
7.580949,7.33
7.360113,7.8
7.378999,7.92
7.397856,4.88
7.302176,7.23
7.303868,7.68
7.169867,7.89
7.0838056,8.66
6.9542985,8.48
6.857931,8.05
6.848843,7.82
6.653828,7.31
6.484091,6.77
6.3590674,6.03
6.73673,8.25
6.9701505,8.64
6.9970794,8.28
6.6957216,8.34
7.0657644,7.66
6.768908,7.26
6.839993,7.92
6.861587,8.24
6.7290707,8.34
6.703851,5.48
6.735617,4.7
6.5240264,9.7
6.352676,6.92
6.4840407,7.48
6.6697087,7.96
6.759231,8.33
6.934587,8.12
6.9362774,8.11
7.0499787,8.0
7.1781907,7.66
7.364304,8.0
6.8989425,7.96
6.762139,7.64
6.7795506,7.6
6.706306,7.68
6.6398997,6.85
7.1568165,3.8
7.6407657,7.92
6.6652036,3.96
6.6397943,4.96
7.1824975,8.34
6.8520246,4.1
6.816157,4.7
6.861132,5.0
7.3642864,8.52
7.0576377,3.85
6.249047,3.96
6.1525083,5.17
6.4147916,3.07
6.396917,5.15
6.378471,5.48
6.5826354,3.92
6.484097,4.4
7.183408,5.73
7.41065,7.82
7.390448,8.17
7.0704036,8.89
7.013885,7.43
7.4448447,9.05
6.9207673,9.05
6.909865,8.72
6.9591994,8.82
7.058082,8.72
6.935867,9.0
7.184891,8.4
7.2778153,9.0
7.12055,8.4
7.0255017,8.19
6.940451,8.38
7.1008124,8.49
7.1092973,8.66
7.08604,8.77
7.292128,8.62
6.86551,8.52
6.906218,7.52
6.900887,8.21
7.0188875,8.6
6.872293,8.24
7.08668,8.48
6.9740987,8.52
6.9815583,7.49
6.8027177,6.92
7.141682,7.96
6.965158,8.29
6.855758,8.37
7.300657,8.25
7.518437,8.3
7.0171685,7.7
6.9954467,8.15
6.992507,7.89
7.152541,7.12
7.2138653,8.0
7.1889453,7.8
7.0462976,7.51
7.0541,8.32
7.120583,7.77
7.0599165,7.44
7.049228,8.49
7.088507,8.1
7.346164,7.64
7.3688436,7.92
6.969664,6.82
6.9216475,6.52
6.9166627,6.55
6.484477,9.12
6.4425697,8.66
6.7141137,8.49
6.6429367,8.47
6.535319,5.68
6.490625,5.28
6.786305,7.46
6.776097,6.7
6.7204256,7.46
6.750289,8.1
6.6449676,5.51
6.545921,5.22
6.62874,6.0
6.5943,8.52
6.7588925,7.4
6.6295485,7.85
6.6973557,5.6
6.6053443,7.6
6.775622,5.46
6.426076,7.2
6.7138953,6.7
6.3933277,7.05
6.595038,4.7
6.699868,6.0
6.3743567,7.22
7.079478,5.43
7.093782,7.19
7.0680676,6.89
6.972805,9.08
6.8018107,9.25
6.7257776,9.54
6.6114936,8.66
6.2046933,7.1
7.0939083,9.22
6.222813,9.1
6.6897683,7.52
7.0476046,9.1
6.765439,6.89
6.8167834,7.3
6.831516,8.66
6.6604023,7.66
6.8773627,8.52
6.816726,8.92
6.0099964,8.52
6.0917964,8.92
6.0917454,9.15
6.4533143,8.4
7.182621,9.25
6.829204,7.48
6.892489,7.89
7.0246873,4.52
6.73974,5.96
6.649883,5.0
6.612394,5.96
6.728165,5.05
6.9675703,4.96
7.427148,7.49
7.0601153,6.89
6.356664,7.32
6.348254,7.52
6.040362,8.49
6.447231,7.47
6.6357837,6.46
6.6242623,6.79
6.6709614,6.46
6.708036,6.83
6.6516876,5.9
6.7736316,7.33
6.6292105,6.55
6.5759053,7.59
6.035799,7.39
6.6862082,7.54
6.757103,8.2
6.4391303,7.24
6.491816,9.05
6.6028275,4.66
7.231592,6.82
7.1753764,7.7
6.6254573,7.8
6.806112,8.3
6.862931,7.96
6.9239116,7.34
7.020635,7.4
6.538012,6.85
6.758092,7.57
6.759857,8.13
6.8792458,9.1
6.3095803,8.85
6.8603525,6.3
6.850768,5.7
6.3125067,6.1
6.81321,8.15
6.579602,7.36
6.762406,8.07
6.7315826,8.96
6.027603,8.15
6.858302,8.52
6.692071,8.8
6.7316947,9.47
6.2906966,9.0
6.7386928,9.1
6.9894347,8.1
6.4394016,8.0
7.093221,4.52
6.464766,7.32
6.403376,9.52
7.2183747,6.41
6.8467884,9.0
6.4217772,9.0
6.5880976,8.15
6.719371,5.52
6.574246,4.74
6.328859,6.22
6.467758,8.52
6.209212,8.4
6.145179,6.28
6.2253375,7.54
6.1542315,7.26
6.8339524,6.33
6.798941,8.72
6.810529,7.74
6.660298,8.8
6.6164517,7.19
6.307503,7.28
6.466103,8.8
6.567731,8.74
6.6249895,7.46
6.487087,9.3
6.2072845,8.43
6.4907455,6.13
6.676904,8.7
5.434263,3.59
6.594145,4.72
6.9696994,8.4
7.140387,8.1
7.1614356,8.0
7.4871573,7.74
6.9831514,7.59
6.9882016,7.52
7.381148,7.28
6.95069,7.22
7.0037904,7.12
7.308193,7.08
6.7019477,6.92
7.0677075,6.92
6.5299373,6.8
6.807638,6.72
7.159312,6.7
6.7479663,6.66
6.6205764,6.55
6.6869187,6.47
7.2432375,6.24
7.0906506,6.11
6.7222686,5.92
6.7150593,5.52
7.399049,5.0
7.112739,7.6
7.2972484,8.14
7.1318746,6.52
5.408857,4.19
6.265016,5.25
6.339356,4.07
6.5901084,4.3
6.1433277,4.49
6.1277776,5.08
6.178848,4.99
5.90815,4.63
5.554597,4.81
6.284711,5.54
5.416021,4.66
5.1370087,5.34
5.388518,4.1
6.6730127,7.32
6.583367,8.48
6.72561,8.0
7.694533,7.42
5.598203,5.77
5.598203,6.88
5.581221,5.86
7.0696874,5.0
7.0862794,7.43
7.08628,6.8
7.2747636,7.72
7.1084876,7.59
7.1909595,7.74
7.042066,7.47
7.1293397,7.54
6.8190465,8.2
6.9137273,6.68
6.8864293,7.47
6.9868608,8.27
7.205363,7.41
6.814199,6.34
6.829947,5.68
6.7493324,5.9
6.750514,6.12
6.632046,5.46
6.6906395,6.2
6.862267,6.58
6.750139,5.54
6.726664,7.03
6.805778,6.52
6.602623,5.46
6.7455454,8.19
6.5421615,8.21
6.819634,8.77
7.186668,9.0
7.3329673,9.52
7.391089,9.05
7.1827836,7.62
6.9537945,9.7
7.250541,8.7
7.249134,7.96
7.089428,8.66
6.588753,8.0
6.587752,7.62
6.727804,7.84
6.3213825,7.62
7.2347713,7.95
7.066319,8.0
6.910354,8.09
6.9750485,8.51
6.621838,6.38
7.0528665,5.83
7.2250605,6.03
7.4555755,6.21
6.980914,7.96
6.2369113,7.57
6.930838,7.77
7.1886544,6.92
6.3023257,6.26
6.1496243,6.68
5.5496716,5.66
6.3924885,7.92
6.7514997,6.33
6.7784343,6.24
7.440876,8.18
7.3748345,7.94
7.09174,6.89
6.15248,4.74
6.734531,5.68
7.739299,7.82
6.567474,7.98
6.7978997,6.33
6.798474,6.49
6.699907,5.24
6.828242,5.9
6.562369,5.9
6.7516513,5.53
7.061107,5.01
6.690273,4.96
6.631092,6.07
6.5452743,6.54
6.809291,5.07
7.1504164,6.35
7.3178086,5.98
7.081824,6.48
6.4280486,7.47
6.8256736,7.04
6.4754224,7.8
7.474255,8.17
6.8770623,7.08
7.162223,8.3
7.3029065,7.96
6.762071,6.96
7.340892,7.59
7.317366,7.6
7.206155,8.11
7.293428,8.35
7.6825023,8.0
7.6334233,8.1
7.199598,8.29
6.8052306,7.55
7.0351424,8.31
7.0462356,7.8
7.165631,7.92
7.315989,7.77
7.226462,8.42
7.1744046,8.27
7.478152,8.08
7.1011567,7.85
5.393864,7.09
5.1923165,5.92
6.0848336,5.7
5.954218,7.07
6.164282,6.09
5.64049,5.24
5.423059,6.22
5.7743735,7.66
5.9712024,6.14
6.0139623,6.47
6.190684,6.18
5.3999085,7.51
5.8365,7.96
7.1915746,8.7
7.54662,7.57
7.6125703,5.85
7.511893,6.86
7.35582,5.64
7.563152,6.9
7.712294,5.92
7.6054807,6.09
7.5630555,6.27
7.5156817,5.37
7.551508,5.69
7.555856,5.72
7.4749856,5.18
7.0848002,8.7
6.905564,5.17
7.1071854,5.92
7.0840178,5.63
7.2358184,5.79
7.372129,6.15
7.487168,6.45
7.122132,6.32
6.876095,6.55
6.65183,5.04
7.19591,5.82
7.256897,5.77
7.1908317,6.11
7.372089,5.62
7.743592,5.79
7.3837137,6.58
7.373671,7.07
7.1158037,6.64
7.3375306,6.61
7.45027,5.72
7.3646894,6.31
7.3583484,6.0
7.302015,5.77
7.4673457,6.72
7.6471496,6.53
7.4499946,7.22
7.1232557,6.56
7.5136504,7.52
7.702625,6.99
7.8334265,6.99
7.5279393,6.09
6.118991,5.27
6.274368,6.08
6.6871114,7.3
7.2129273,7.62
7.372135,6.59
6.8635993,7.0
6.782854,7.55
6.990769,7.54
7.0172434,7.77
7.1369386,7.72
7.5309386,7.6
7.359435,8.05
7.43968,7.96
7.304362,8.0
7.214419,8.02
7.692549,6.19
7.6201673,5.97
7.5304074,6.55
7.651905,6.63
7.632786,8.76
7.574858,6.35
7.579576,7.14
7.7633386,6.2
7.626843,6.59
7.6938453,8.04
7.857373,6.67
7.8003473,7.93
7.791483,7.39
7.8702292,7.82
7.8935504,7.85
7.8734117,7.49
7.902964,7.82
7.9397635,7.82
7.901666,8.15
7.821671,7.85
7.925426,7.89
7.8785987,7.77
7.894735,7.72
7.6277037,7.39
7.5485215,8.47
7.507075,6.89
7.4831705,6.66
7.6140447,6.79
7.672508,7.04
7.4935946,6.5
7.4860277,6.63
7.6334467,7.09
7.513879,6.81
7.6620893,6.77
7.6781764,7.39
7.738601,6.54
7.387205,7.47
7.3302937,7.29
7.4097133,8.15
7.4886456,7.58
5.6818843,7.62
5.3383718,4.17
5.4641137,7.09
5.8720174,5.38
5.601298,4.27
5.168259,6.54
5.23127,4.87
5.574782,5.61
5.5440164,5.36
5.609117,5.9
5.1724095,6.74
5.109958,5.31
5.3508506,6.82
5.4875407,6.6
5.610187,6.24
5.6394506,6.54
6.3554783,5.35
5.9092994,5.85
6.812033,4.37
5.940683,5.63
6.205057,6.46
6.095863,6.05
5.0880837,5.47
5.5479426,6.05
5.8206105,6.55
5.69457,6.44
5.501921,6.05
5.6373067,5.17
6.46837,8.0
6.4427238,6.15
6.5765624,7.7
6.1010437,6.8
6.3218694,6.62
6.107656,8.0
6.204244,8.22
6.8975844,7.6
6.6149945,4.54
7.181452,4.84
6.9200554,7.21
6.672003,6.24
5.309485,6.3
5.8403106,3.52
5.8107743,3.92
6.1997037,4.52
5.586073,6.14
7.3859286,5.92
7.373433,7.74
7.2143974,7.52
6.792101,6.16
6.2453313,5.35
6.4916573,6.82
5.9279065,7.0
6.791947,7.22
6.2984977,4.54
6.116116,7.85
6.3973026,7.41
6.8305783,6.12
6.6382165,7.33
6.8035574,7.59
6.496655,7.17
6.5272613,6.07
7.362991,4.48
6.883076,4.89
7.072139,7.85
6.442233,6.56
6.96897,7.51
6.6653724,7.85
6.9397244,5.52
6.97299,6.54
6.3510013,6.64
6.867369,6.01
6.9369297,7.0
6.3392262,6.35
6.8185782,6.4
6.498161,6.22
7.1327424,6.43
6.99979,5.36
6.8793454,6.62
6.9168353,6.49
6.350143,6.19
6.993506,6.36
6.276283,6.43
5.914517,6.37
6.0863414,6.48
6.3191752,6.59
6.982492,6.44
7.103583,6.29
6.582214,6.52
6.561483,6.62
7.069075,6.48
7.0655046,6.42
7.072613,6.47
7.07615,6.66
7.1045003,6.49
6.2257867,6.6
7.0013366,6.85
7.0090256,6.55
6.3990035,6.89
7.052332,6.92
7.129283,6.92
7.221712,6.85
7.277084,7.0
6.9264984,6.96
6.302199,7.07
6.277046,7.31
6.4000945,6.96
7.301885,4.17
6.1943736,3.82
6.569352,4.3
6.543191,4.26
6.497523,6.52
6.298021,6.97
6.916143,6.48
6.3719063,6.49
6.4054356,6.96
5.8481135,6.55
5.487743,4.56
5.2480836,5.32
6.5879846,3.77
5.582767,4.83
6.2515426,5.51
6.2990174,3.74
5.6348553,4.06
5.674254,5.31
5.870295,5.24
6.4943714,4.68
6.238425,5.01
6.31865,4.99
5.724563,4.65
6.3277326,3.8
5.9786935,4.39
6.0424023,5.44
6.4067926,5.54
5.7899528,5.37
5.790774,4.75
5.914782,4.96
6.030652,5.07
6.5252156,4.13
5.755799,4.17
6.5659556,4.57
6.318506,4.91
5.8255577,5.41
5.970015,5.3
7.0662665,5.28
5.9760237,3.88
5.876614,5.06
5.357656,5.18
6.360486,4.75
6.855914,4.1
6.476667,4.92
5.6860576,5.21
6.3171062,5.08
6.2369595,5.14
5.7969646,4.19
6.3504186,3.74
6.065636,5.43
6.0853763,5.29
6.7415137,4.22
6.9162984,5.19
6.480679,5.47
5.8663692,5.08
5.837277,4.84
5.996853,3.98
5.7461705,5.4
5.5626655,4.12
7.073746,4.21
6.3416076,5.16
6.3797007,4.17
6.0830865,4.56
6.4341993,4.61
6.023207,5.03
5.5301137,4.26
5.6711364,5.45
6.5569015,5.04
5.57722,5.51
5.7837553,5.74
6.033363,5.78
5.793269,5.36
5.437407,5.47
5.7661805,4.58
6.2216697,5.7
6.0639777,5.86
6.141212,5.3
5.83388,5.39
6.3091154,5.82
5.609238,4.52
5.284249,6.19
5.792908,6.05
6.4310884,7.28
6.462643,7.24
6.6811795,7.24
6.327518,7.24
6.6672235,6.74
6.9253635,6.95
7.507437,7.19
6.7377615,6.7
7.207046,7.39
6.7546697,7.36
7.2930627,7.28
6.4745903,7.33
6.5453987,7.33
7.140942,7.11
6.4623218,7.24
7.1886363,7.28
6.4416537,7.24
6.549367,6.37
5.76596,6.1
5.6998153,6.39
5.530886,6.15
5.9743433,7.06
6.349089,7.18
6.3455386,7.15
6.047583,4.74
7.2326083,6.7
7.2754054,6.39
7.456654,6.49
7.301443,6.32
6.5427933,6.72
6.9140935,5.89
7.365746,6.28
6.6104045,6.62
6.765471,5.66
6.730899,6.52
6.361983,5.85
6.6568446,4.18
6.0926137,4.29
6.2289243,4.41
5.737101,5.34
6.3145423,5.37
5.5523,5.42
6.156921,5.56
5.8057475,5.58
6.6492705,7.52
5.901932,7.4
6.7475643,6.46
6.7701917,6.19
7.2157974,5.51
6.520158,4.64
6.6578426,4.44
6.4470153,4.31
6.5824046,4.63
6.69915,4.5
6.885161,6.74
6.1835284,6.24
6.634213,7.09
6.6022696,6.98
6.603161,6.71
6.3414426,6.6
6.58495,6.15
6.356851,5.83
5.9914985,4.86
5.8513618,5.26
6.900082,4.34
6.8371778,4.37
6.698562,4.59
6.7619,4.42
6.950928,4.51
6.852901,4.51
7.0563846,4.61
6.398812,4.53
6.9712005,4.57
6.670204,4.61
6.8220143,4.52
6.2995644,4.6
6.4222474,4.61
6.999639,4.57
6.8558545,4.63
6.7881517,4.74
6.8791494,4.77
6.9257913,4.41
6.641177,4.89
6.29987,5.17
6.2701516,5.36
6.145599,5.36
7.215797,5.54
6.2122383,5.56
6.5971313,5.58
6.694426,5.65
6.3155684,6.03
6.621969,6.21
6.6587625,6.42
5.9502873,6.74
6.507357,6.82
6.0392427,7.08
6.2464423,7.24
6.8062997,7.24
6.9201884,7.46
6.7123976,7.49
6.0355573,7.72
6.5810237,7.82
6.329495,8.05
6.6848583,6.92
6.6834817,6.92
6.6104045,6.62
6.62058,7.72
7.0453873,6.85
7.019637,6.66
6.401645,7.02
6.4157805,6.22
6.8718953,6.0
6.635341,6.0
6.7425933,5.7
6.665754,5.52
6.8937345,5.74
6.8836007,5.28
6.856799,5.89
6.6687603,6.12
6.2531166,6.43
6.6663895,5.92
6.6750016,5.2
5.3285165,4.29
5.941719,4.23
5.73082,4.29
5.2810946,4.89
5.5835147,5.06
6.0394635,5.23
4.9903812,5.39
5.4902225,5.01
5.947913,5.26
6.279816,5.82
6.224402,6.19
6.4267364,6.8
6.738113,6.66
7.2860413,7.33
6.5935197,7.04
5.6670685,4.39
7.0087047,7.12
7.2851453,6.24
7.258192,7.35
7.2538567,6.82
6.285791,6.41
7.173973,6.66
6.453884,6.57
5.9876924,6.04
7.2890716,7.34
7.274099,7.28
6.4989905,5.25
6.647366,6.48
6.734339,6.66
6.583271,7.14
6.0611005,5.05
5.516502,5.6
6.700248,7.12
7.3460803,7.22
6.80318,5.51
6.185428,6.57
6.9560285,7.28
7.1065917,7.19
6.854038,6.77
5.898853,3.96
5.822003,5.96
6.7992826,6.09
6.591292,5.0
7.2692065,7.0
7.1493015,5.82
6.901442,5.4
7.138556,6.57
7.5098004,7.24
6.801068,7.01
7.05041,6.96
6.6201005,7.19
6.7596307,6.64
7.0793633,7.29
6.268422,5.89
6.3919806,6.4
7.1526356,6.92
6.7701707,7.03
6.92659,7.31
6.5778065,6.11
6.69625,6.66
5.901772,6.33
7.4216933,7.26
6.605242,6.15
6.4498715,5.85
6.659629,5.26
6.3813047,6.02
6.7452016,6.26
6.1881404,5.4
7.4501634,7.11
6.3606052,5.74
5.8901744,5.59
6.001982,4.77
6.5900598,6.51
6.931283,7.3
7.1328053,7.03
6.5863853,6.02
7.3192334,7.14
6.7555623,6.82
6.817291,5.49
6.8122816,6.6
5.7166247,3.89
6.795942,6.96
7.109304,7.13
6.6384063,6.12
6.430411,7.12
7.124144,6.66
6.6526837,6.54
6.4177155,6.92
6.917098,6.42
6.316522,5.13
5.8457494,5.8
6.4852786,6.19
7.1395926,7.31
6.9658904,6.77
6.4714985,6.57
6.2280784,5.26
6.761822,6.96
6.549846,5.66
6.136623,5.62
5.9657197,5.01
6.778641,7.19
7.0363674,7.14
6.1545863,5.22
6.764836,6.38
6.818284,5.82
7.4524293,7.09
7.607159,7.17
6.6452746,6.92
6.883184,6.42
6.8464255,6.47
7.5084777,7.33
7.1611485,6.96
7.3801155,7.0
5.775287,3.82
7.0079618,6.92
6.412775,6.31
6.9595976,6.31
6.717216,6.8
6.2554464,6.64
7.0872297,7.33
6.5182533,5.92
6.8225007,6.54
7.0029635,7.0
6.5005183,6.62
5.375869,5.92
5.950192,5.74
6.5915804,6.89
5.9300027,4.1
7.2456408,7.04
7.2669992,6.35
6.6596437,6.44
7.351985,7.11
7.061939,6.68
6.932827,6.47
7.147798,7.06
7.1877704,6.72
6.5412536,6.96
7.596087,7.2
7.222416,7.3
6.5963507,7.12
5.964711,6.19
7.2831807,7.34
6.446958,7.13
6.5586996,6.62
7.344724,7.13
6.8476806,6.11
7.1140437,7.19
7.150246,7.0
7.2075114,6.57
6.737121,6.72
6.3046885,4.74
6.6695085,6.28
6.6896157,6.07
7.392261,6.96
6.6740537,5.06
7.56048,7.1
7.2565255,7.34
6.610062,6.62
5.686807,4.72
6.680859,5.14
7.0214524,6.89
6.508311,6.96
6.7951083,6.28
6.163905,6.04
6.3282533,5.89
6.04586,6.66
6.98138,7.37
6.883536,7.09
6.5946445,7.08
7.2520027,7.36
6.6896315,6.19
6.4686866,6.66
6.1298,5.77
6.002155,4.92
6.591274,5.28
6.513046,6.46
6.7227654,4.57
7.0374737,7.26
7.2754893,7.36
6.364235,6.55
7.3443913,7.24
6.6028943,6.0
6.2573395,6.51
6.680217,6.54
7.234525,7.18
6.811076,6.59
6.045793,4.85
6.587006,5.62
6.731411,6.1
7.3471284,7.21
5.5176406,3.62
7.350993,7.19
6.904111,6.0
6.1906667,5.92
6.619143,7.07
7.2883267,6.96
6.8497095,7.17
6.4588747,6.09
6.6311073,6.7
6.249909,5.96
6.661023,5.82
6.6125154,5.96
7.100904,7.33
7.3641434,7.24
6.896258,4.54
7.1142755,7.2
6.4192443,6.42
6.644538,4.26
6.4749026,4.43
6.687577,4.26
6.599317,4.54
6.5824046,4.63
6.6062407,4.44
6.42364,4.43
6.566051,4.48
6.2652087,4.59
6.33578,4.26
6.5589366,4.34
6.576111,4.26
6.4470153,4.31
6.520158,4.64
6.565719,4.46
6.5713906,4.44
5.8653436,4.26
6.0617676,4.26
7.030585,4.26
6.559981,4.44
6.549578,4.72
6.7741504,6.43
6.395099,6.4
6.753593,6.61
6.5851445,5.85
6.4365444,7.0
6.480918,6.17
6.060638,6.7
6.6417003,4.36
6.3368063,6.72
6.292703,7.26
6.575996,5.66
6.5505443,5.64
6.6930428,4.38
6.696062,5.15
6.670481,7.27
6.567323,4.42
6.7377334,4.57
7.291367,7.24
7.258354,7.04
6.210045,6.07
6.4372306,6.79
6.42661,6.87
6.8364677,6.39
6.8150043,7.23
6.728317,7.05
6.797075,6.02
6.829519,5.8
6.7184715,4.43
6.866611,5.94
6.557784,4.27
6.7171783,6.16
6.2816434,4.89
7.0006914,6.74
6.927871,6.74
7.15281,5.54
7.5312133,4.36
7.0339046,6.97
7.2002654,4.88
7.2098722,4.82
7.068281,6.88
6.6296697,4.78
6.572265,7.36
6.1835294,6.24
6.657842,4.44
6.817788,4.49
7.1586547,4.63
6.9819217,4.44
6.75373,6.31
6.524369,4.49
6.6626134,4.77
6.433376,4.65
6.4293685,4.52
6.8570604,4.83
7.2000337,4.9
6.8962073,4.94
7.0200706,4.65
6.879921,5.07
6.4193463,4.31
6.4640384,4.75
6.6400323,4.85
6.6190133,4.43
6.539746,4.76
6.979094,6.05
6.915217,4.79
6.9746847,4.88
7.1170955,7.92
7.131643,4.82
7.157751,4.83
6.8362594,4.97
6.6995044,4.51
6.5821943,4.49
6.398812,4.53
6.2995644,4.6
6.195765,6.39
6.0355573,7.72
6.4260683,7.27
6.3777156,4.43
6.388066,6.75
6.472215,4.3
6.8583055,4.74
6.577008,7.26
6.3194222,4.47
6.489022,7.25
7.0216126,4.84
7.0856013,7.92
6.820522,4.6
6.8396335,4.77
6.641177,4.89
6.765003,7.12
6.8689523,4.92
6.886966,4.57
6.8558545,4.63
6.950929,4.54
6.976936,4.81
7.297747,4.91
6.8763433,4.28
6.9469,5.26
7.2242236,4.79
6.062802,6.74
6.4022613,6.38
6.6921463,4.47
5.934627,6.9
6.724956,7.49
6.246442,7.24
6.097731,7.08
6.5062766,4.39
6.3342023,4.5
6.350326,4.42
6.073774,4.57
6.7619004,4.46
7.0965195,4.43
6.784915,4.84
6.7153106,7.85
6.7022395,4.7
6.8046827,6.16
5.6537166,5.72
6.128611,5.61
6.149737,4.7
6.4156613,4.83
7.025086,4.8
6.432946,4.29
6.5309825,7.49
6.8131423,4.47
7.567082,7.17
7.336923,7.49
7.262282,7.77
7.3975697,7.14
7.1464076,8.29
6.0736647,7.17
7.1164074,7.85
7.032676,8.8
7.073864,8.55
7.1764493,9.08
7.1576457,8.27
7.29857,7.77
7.1183057,8.13
7.1338053,7.33
7.859694,8.24
7.849458,7.8
7.7070413,8.12
7.758858,8.46
7.68264,8.37
7.5269246,7.92
7.3645945,7.33
7.5076995,7.52
7.37588,7.74
7.3142104,7.85
7.1242805,7.85
7.1211104,8.54
7.119082,7.7
5.315294,6.41
6.2064204,6.69
5.9552484,6.55
6.087358,6.46
7.0987644,6.72
6.8073773,6.81
5.910722,6.45
5.212049,6.64
7.341304,6.71
6.4502053,6.67
6.3568573,6.64
5.9133973,6.74
6.809381,7.09
6.214742,6.22
6.2482915,6.57
6.628884,6.91
5.6584888,4.92
7.0981755,6.47
7.453018,7.09
6.6317654,6.89
6.063544,7.15
7.40675,7.2
6.67116,7.17
6.425575,7.54
6.0403147,7.8
6.390197,7.8
6.8463893,6.01
7.1433225,6.68
6.8433185,6.39
6.8764577,5.67
6.134149,6.54
7.156839,6.61
7.0013366,6.84
7.112046,6.41
6.2257867,6.49
7.104501,6.43
6.2762833,6.36
6.993506,6.19
6.350143,6.5
6.9168353,6.62
6.8793454,5.35
6.9997897,6.41
7.0761495,6.46
7.072613,6.42
7.0655046,6.48
7.0690746,6.63
6.561483,6.53
6.582214,6.29
7.103583,6.45
6.982492,6.21
6.4632506,6.59
6.8453455,6.48
6.3191752,6.37
6.0863414,6.53
5.9145174,6.35
6.377834,6.06
6.603891,6.71
6.959462,4.62
7.51242,5.51
6.038241,7.25
6.4683847,6.76
6.51098,8.89
7.090033,6.82
7.1105447,8.96
6.866003,8.52
6.5141134,8.17
7.16557,8.9
7.0693913,9.43
6.839214,7.54
6.85154,9.17
6.412048,8.89
6.576912,8.43
6.446015,8.48
6.3145046,8.92
6.733833,8.82
7.069264,7.48
7.1710296,9.0
6.962129,7.91
6.8476143,8.8
6.5068784,8.18
6.4692817,8.1
6.5141377,6.94
6.548466,7.31
6.308681,7.38
6.392239,7.52
6.318277,7.62
6.3638577,7.62
6.4577117,7.05
6.5406113,7.28
6.035794,7.3
6.5068316,7.7
6.43192,7.74
6.5160985,7.17
6.075893,7.4
6.177976,6.23
6.2000375,6.52
6.571821,5.7
6.3876004,7.36
6.135557,7.59
6.1923604,6.57
6.2871747,6.35
6.0458755,6.89
6.3954797,5.47
6.1045938,6.1
6.148422,5.77
5.741239,6.11
5.997069,6.13
6.835221,8.7
6.600651,8.7
6.9718575,8.7
6.877996,8.7
6.698354,8.48
7.0960326,8.7
7.2500668,8.7
7.0263343,8.59
6.950188,8.7
6.994521,8.7
7.0018516,8.7
6.7459564,8.7
6.8768563,8.7
6.846948,8.7
7.0275073,8.7
6.841673,8.7
6.716624,8.7
6.7883024,8.7
6.4879613,7.77
5.850386,6.73
6.6837463,8.72
6.3604507,8.68
6.5307508,8.46
6.5163965,7.55
6.7360196,7.98
6.9450717,8.85
6.8499036,8.96
7.1081467,9.0
6.3933687,8.66
6.522491,8.92
6.3604507,8.68
6.752995,8.85
6.745881,8.77
6.6916547,8.55
6.69969,7.85
6.7366686,7.4
6.731207,8.0
6.5911736,6.54
6.2239,7.57
6.660582,7.62
6.647761,7.68
6.5591555,7.36
6.3597264,7.15
6.587759,6.8
6.5573306,7.26
6.5426865,7.44
6.582331,7.0
6.5657077,7.14
6.5834174,7.43
6.941722,7.38
7.0142193,7.05
6.3906035,6.74
6.7172337,7.2
6.390978,5.72
6.4018626,6.35
6.552956,6.49
6.476162,6.29
6.531936,5.02
6.633761,6.43
6.4011345,6.03
6.517857,7.28
6.6359925,5.55
6.519877,5.1
5.9150043,5.43
6.637045,7.17
6.4038844,5.1
6.2836804,6.28
6.7628255,6.89
6.6161313,6.72
7.401062,7.54
6.5789475,7.77
6.7601814,6.06
7.2043786,6.85
6.800489,7.89
5.8945637,4.77
6.403027,6.09
6.646379,7.92
6.7439313,7.96
7.226634,7.85
6.712545,6.15
6.5102887,7.85
6.3711753,5.92
6.5568995,7.85
6.6353965,7.17
6.9979753,7.85
6.340157,6.55
6.3889346,5.49
6.8314986,6.23
6.3411527,6.3
7.412461,7.68
6.791456,6.89
7.104977,7.68
6.5484347,7.96
7.171758,7.74
6.609377,7.35
7.340448,7.4
7.216039,7.51
6.606874,6.48
7.138544,8.02
6.260527,6.41
6.3422823,6.09
6.6543818,7.85
6.408747,7.1
6.886701,7.62
6.6058064,7.39
7.206134,7.62
6.836337,7.19
7.010616,7.77
6.429169,5.85
7.024675,7.96
6.723629,7.85
6.701102,6.17
5.761431,4.57
6.158724,5.8
6.9080787,6.14
7.3126864,7.49
5.8903565,6.35
6.693771,7.8
5.7575436,6.3
5.811707,9.49
7.272535,8.12
7.4199443,8.64
7.626426,8.62
7.3318124,7.7
7.4037995,7.62
7.101484,8.6
7.126142,8.62
7.1377363,9.49
6.762342,8.85
6.9563146,8.82
7.0828075,9.15
7.029353,10.0
7.024895,7.92
7.132389,9.89
7.263085,9.23
7.1197796,8.46
7.112761,8.64
7.8408766,8.8
7.871267,9.0
7.737347,9.13
7.771994,9.7
7.72744,9.77
7.5704484,9.47
7.378822,8.6
7.520736,8.89
7.377045,8.42
7.3206244,8.19
7.1485753,9.21
7.1166873,9.72
7.1188264,8.38
6.34723,6.7
6.999108,7.62
7.0051026,7.66
7.434218,8.35
5.9590373,6.74
6.164638,6.58
5.556119,7.32
6.6576242,7.07
6.992148,8.89
7.452407,7.3
6.8002505,7.6
7.16599,7.62
6.089122,8.22
7.2353206,6.94
6.8118796,7.03
6.934313,6.82
6.614438,6.43
6.4220247,6.17
5.6108637,7.36
5.3076777,7.27
5.649926,7.19
5.186442,7.09
5.045896,6.74
5.653869,7.38
5.436433,7.13
6.167436,7.05
5.5440626,6.52
5.2078333,5.71
5.2739916,6.68
5.8178754,7.4
5.542619,6.72
5.104297,6.74
5.7436132,6.66
4.6067553,7.04
5.3454204,6.77
6.258762,7.0
5.5597396,6.8
5.735909,6.96
5.623503,7.6
6.0144024,8.0
5.9342275,7.26
4.8820024,7.01
5.3751807,7.21
5.080113,6.33
5.1424956,6.82
6.261666,7.16
5.144747,6.51
5.781589,6.85
6.0660176,3.94
5.9139338,3.93
6.3837447,3.92
6.0908866,4.04
6.0684204,3.72
5.7598233,4.37
6.3794775,3.71
6.2903476,4.46
6.380502,4.23
6.313483,4.42
6.218818,4.37
6.4908805,3.95
6.381495,3.77
6.4254584,3.79
6.1307006,3.83
6.221962,3.72
5.8743796,4.16
6.179045,3.8
5.716089,4.02
6.2366734,3.76
5.8482633,3.82
6.0306287,3.92
6.5516887,3.72
6.787166,4.17
6.199039,3.9
5.899236,3.74
5.9668374,3.7
5.7066827,3.73
6.88769,4.24
6.507547,4.26
6.2018065,4.24
6.6564755,5.34
6.6641703,5.18
6.563085,4.15
6.5133286,3.8
6.354914,3.73
6.106305,4.63
5.872514,4.87
5.9509263,3.78
6.139039,5.82
5.788657,6.34
6.1419606,6.11
5.642574,6.24
6.738143,5.21
6.5128303,4.22
5.6710706,6.64
5.9107385,6.72
6.9934263,7.29
7.409458,7.47
7.537535,7.82
6.9707694,5.57
7.102361,7.7
7.2843647,8.3
7.0417385,7.8
7.364818,8.0
7.6378284,8.42
7.5813828,8.1
7.3818936,7.13
7.630133,8.38
7.327875,7.66
7.2955904,8.3
7.1148744,6.0
7.620193,8.22
6.821818,5.0
7.2253647,7.7
6.966232,5.7
6.0814624,4.0
7.205574,7.7
7.085242,7.74
7.7440953,7.35
7.2235913,8.52
7.277885,7.74
7.0670958,5.49
6.938791,6.07
7.2245107,8.3
6.7489057,6.94
6.8666143,7.52
6.9670053,6.7
6.966949,7.48
6.6275134,8.08
7.0682096,6.22
6.4788976,5.0
6.5663853,6.49
7.7701597,7.96
6.2661014,5.21
7.6384597,7.22
7.369286,8.3
5.2310004,9.38
5.904137,6.69
5.1536403,5.33
4.9819846,6.86
5.8954897,5.98
5.805529,7.42
6.5177484,8.31
5.401708,7.44
5.879638,9.3
5.7934375,6.66
6.2618365,6.03
5.3401866,5.4
5.989938,5.92
5.6453543,7.05
7.1356773,7.09
5.47973,4.7
5.5468802,5.19
5.264403,5.22
6.9196424,5.51
5.7481456,5.59
5.5076847,6.24
5.8119392,5.85
5.9581323,5.92
5.5503955,4.82
5.363159,7.49
4.96761,3.37
4.648097,5.02
5.81253,7.46
5.2603164,8.64
4.8097568,7.82
6.1842074,6.74
5.648458,5.39
6.4600477,6.1
5.9110312,6.15
5.731668,6.55
5.6763783,5.74
6.183228,7.26
7.4313655,6.24
6.0989833,7.9
6.2345185,7.98
6.6015363,7.35
7.126534,7.66
7.2148046,7.43
7.108804,6.35
7.043242,7.37
6.9106803,8.7
6.990126,6.61
7.0708814,6.56
7.141852,5.92
6.913901,5.53
6.869651,7.92
7.0801682,8.0
7.199944,6.81
7.216736,11.0
7.0529227,9.25
7.1808224,9.59
6.7712555,6.11
7.0108743,4.89
6.943563,6.6
7.0280676,6.32
6.9915257,6.4
7.0076046,5.52
6.9539227,6.15
7.1913066,4.89
7.052103,5.52
6.905787,5.46
6.9455523,5.12
6.871832,5.36
7.298722,6.5
7.0960164,7.96
7.0822997,8.28
7.0769544,6.84
7.1409373,6.6
7.222876,6.88
6.947919,6.49
7.1845884,7.64
7.141006,7.07
7.2480035,6.55
7.22148,7.79
6.879765,9.12
6.4945226,9.26
6.4823737,6.85
6.1597686,5.77
6.608725,7.85
7.088262,6.92
6.9562235,6.49
5.9323177,8.7
5.7021623,7.8
6.2454715,6.64
6.1385846,7.16
5.912026,6.7
6.3719916,7.44
6.328156,7.66
6.404136,8.51
6.440023,8.85
7.2448483,6.41
6.987329,5.96
6.9948106,5.89
6.6034875,8.1
6.0481153,6.73
5.669111,6.15
5.8336835,7.52
5.8651266,9.52
6.951364,7.21
6.2066803,6.42
7.00923,7.69
6.9370666,6.84
5.985477,5.7
7.1396804,10.35
6.9661784,9.51
7.189484,8.8
6.8170304,9.76
7.246013,5.89
6.997047,4.72
6.8249507,4.57
7.4847126,6.4
6.450344,4.22
6.5730596,3.45
6.9669533,3.95
7.133695,5.59
7.136408,5.52
7.225105,8.05
7.261255,6.91
7.318008,9.89
7.273808,9.82
7.39107,8.92
7.2089334,10.12
7.0045724,9.0
7.17729,9.7
6.9274173,9.55
7.010216,9.46
7.204428,8.35
7.196741,8.26
7.133285,8.28
7.2672467,9.34
7.087547,8.68
7.0257025,8.63
6.640331,5.07
6.7155657,6.2
6.6871133,8.05
6.6459975,9.19
6.5987453,6.27
6.6047993,7.77
6.941383,7.8
7.193941,6.71
7.114939,6.55
7.0573654,6.97
6.9085803,6.4
7.269653,7.78
7.184318,8.4
7.0848346,7.92
6.9616504,7.96
7.2254987,6.81
7.1821632,8.81
7.432804,6.96
6.1921945,3.87
7.0437064,6.97
6.688171,5.15
6.7566314,5.94
5.298927,5.28
5.712587,5.85
5.4968395,6.22
5.0682983,6.22
6.895186,7.22
7.6448054,8.4
7.2177024,5.9
6.321787,4.3
7.034542,4.07
7.215535,4.68
7.167503,5.92
7.56163,4.52
7.1349854,6.0
7.094543,4.74
7.1164103,4.66
7.3375835,5.09
7.180858,4.14
6.3905797,5.63
6.4409094,4.7
6.587437,5.6
7.24,6.08
7.2868247,5.03
7.2001967,5.61
7.180882,4.99
7.7835746,3.06
7.7759323,5.35
7.2416043,5.61
7.4153247,7.28
6.7818513,6.72
6.8607183,6.06
7.276709,6.39
7.408614,6.98
7.7723193,7.24
7.565867,6.66
7.754413,7.42
7.712262,7.35
7.952211,7.3
7.695123,8.05
7.6799603,8.41
7.7533236,7.62
7.7684703,7.3
7.8841376,6.92
7.6119666,7.35
7.6192513,6.18
7.6081347,6.55
7.475101,7.19
7.5230603,6.47
7.4764967,6.0
7.51924,6.7
7.7428565,6.21
7.582266,6.39
7.700658,6.8
7.8092656,7.48
7.690583,6.92
7.5048537,6.13
7.5775027,6.4
7.535153,6.28
7.5427265,5.89
7.52906,7.7
7.8074317,7.96
7.5450068,6.48
7.5360436,6.72
7.5904527,7.4
7.5081325,7.01
7.608723,7.46
7.473504,5.92
7.6815434,8.1
7.1001353,7.07
7.161059,5.71
7.669047,6.02
7.649068,6.39
7.826136,5.6
7.5129914,6.46
7.7575727,7.66
7.9150395,7.74
7.3064694,6.33
7.5606875,7.85
7.160267,6.33
7.968264,6.6
6.956822,7.55
7.5713434,7.12
6.9270844,6.64
7.4970803,7.85
7.3865986,6.96
7.564418,7.22
7.691811,6.85
6.6743183,6.23
7.6411486,7.74
7.5150943,9.7
7.742843,6.66
7.5850663,7.49
7.7275248,7.8
7.50566,7.64
7.244701,6.66
7.4507995,6.74
7.4962535,6.64
7.5619435,7.3
7.848077,7.57
7.597573,7.4
7.554429,7.28
6.565945,6.33
7.826835,6.54
7.674789,7.49
7.5542417,7.35
7.3659225,7.52
7.140487,6.94
7.4339385,7.82
7.123512,7.62
7.32406,7.51
7.0863395,8.22
8.052331,8.0
7.2780366,7.54
6.9733524,7.68
7.440889,7.55
7.356301,7.74
6.788276,4.72
5.3559556,3.46
6.3545613,5.2
7.6696525,6.9
7.262524,7.7
7.2909102,9.0
7.18204,9.0
7.901918,9.0
8.125947,10.4
8.050235,9.0
7.7652154,11.17
6.7812123,5.9
7.144783,6.8
5.038242,4.55
4.750088,2.72
4.725526,3.92
5.3222213,3.82
4.9657803,4.05
4.9439754,2.94
5.19383,3.91
4.748737,4.57
5.07276,4.01
5.066405,3.85
4.94445,5.15
4.593865,3.62
4.8414845,4.57
5.455937,5.3
4.7750893,3.64
4.8330483,4.92
5.304233,4.55
4.953357,3.63
5.124583,4.72
5.0838833,5.0
5.3519406,4.37
4.980237,3.41
5.8597455,4.82
4.9982243,4.39
5.312981,4.98
5.117566,4.54
5.143053,3.11
5.154802,3.5
5.6926227,4.35
5.091192,4.24
4.5269537,4.12
4.890344,4.36
5.879368,3.78
5.6496863,3.41
5.902393,3.74
5.8857293,4.1
5.4836125,5.46
4.662727,4.8
4.8056054,4.58
5.274035,4.82
5.1465235,5.0
5.3307176,5.3
4.822199,5.35
4.6089807,4.74
4.872685,5.22
5.4974914,4.32
5.0772285,3.62
5.2710915,3.47
6.385466,4.52
6.925944,7.49
6.730194,7.66
6.8382955,6.48
6.248546,7.0
6.62772,6.85
6.6536293,6.62
6.113712,6.09
6.849365,5.68
6.690491,6.7
6.795593,6.0
6.602327,6.46
5.749805,3.88
5.5477986,3.2
5.281856,3.23
6.6861653,8.3
6.402468,8.7
7.2661414,7.77
7.1395392,9.0
7.00709,8.7
6.6679764,8.3
6.6208405,8.52
6.5460944,8.22
7.3481655,8.22
6.05599,5.92
6.3198276,5.1
7.1862006,6.37
7.0046134,5.58
7.4866576,6.6
6.909409,5.92
6.9322524,6.0
6.7886257,5.56
6.7163014,6.38
6.262517,4.74
6.388433,5.11
6.4204926,5.82
6.527284,5.72
6.0493493,5.72
6.0078998,5.44
5.635904,5.6
5.864426,5.06
6.4314065,5.19
5.8790836,4.99
6.0087223,4.39
6.315491,4.57
6.331706,4.7
6.1571584,4.49
6.400109,4.38
7.1057973,5.96
6.861393,6.19
7.22801,6.85
5.8213696,5.96
5.921594,6.35
6.4244533,6.22
6.5689826,6.11
6.9920883,6.09
6.7864633,6.66
6.1859145,5.51
5.4464583,8.06
6.1608195,5.14
5.7117085,6.66
5.4273295,3.7
4.965294,6.6
6.237103,6.41
6.0676,5.27
6.5264473,6.7
6.5025425,6.0
6.304474,5.8
6.352739,6.08
6.220988,6.75
5.8140426,2.77
5.399507,2.7
5.8775964,10.38
6.14673,10.25
6.238815,9.74
6.300265,8.33
6.628282,8.55
6.116815,8.33
6.6636863,8.25
6.6159863,9.66
6.3888493,8.0
6.175305,4.9
6.684688,7.6
6.2041626,8.46
7.3853154,8.85
7.11338,7.09
6.6299634,8.23
6.4589376,7.61
4.359186,5.3
5.1225667,6.1
5.969454,5.15
5.264417,4.73
4.802147,4.7
4.395802,3.74
4.62809,4.87
5.868404,4.91
4.6868887,4.82
6.8217463,5.68
6.9808393,6.0
6.6606603,7.3
6.1291833,7.22
6.7192054,5.33
6.468233,5.85
6.520818,10.8
6.7501655,9.79
6.8648353,8.7
7.100536,5.69
6.802604,7.99
6.7541747,8.6
6.822205,6.95
6.5394998,7.51
6.890878,6.51
6.5552344,9.0
6.837371,6.51
6.8665705,6.5
6.661534,8.7
7.1390986,8.09
7.4042487,8.28
6.9212794,6.76
6.596989,9.64
6.7506814,9.59
6.731119,6.55
6.36359,7.89
6.8620524,8.2
8.055378,9.48
8.012898,7.74
6.614489,7.1
6.5399165,11.15
6.4158072,7.92
6.759999,11.68
6.799271,11.47
6.5170374,11.28
7.1478267,11.07
6.9770336,9.68
8.010219,9.4
7.9272695,9.37
7.8567533,9.33
8.270207,9.21
7.0249095,9.11
6.330565,9.11
6.8613462,9.0
6.1432977,8.96
6.4077764,6.92
7.2704487,8.43
6.411294,8.38
7.89301,8.12
6.550711,7.85
6.3749475,7.83
6.4993253,7.6
6.849214,7.51
6.714972,6.78
6.8866515,6.92
7.1855326,7.02
6.629591,6.72
6.988724,6.64
6.8113427,6.52
6.8911686,9.11
6.636213,8.37
6.793731,8.1
7.996447,8.24
7.2085977,10.18
6.7815523,10.0
6.961984,6.8
6.362171,7.0
6.4177747,7.0
5.545284,7.0
7.308472,6.77
6.047501,7.64
6.4266076,7.87
6.637769,6.52
5.645716,3.5
6.0276093,10.24
6.6941257,11.07
6.5612288,8.26
5.587954,7.3
5.465471,7.96
4.913923,2.82
5.084174,2.7
6.983959,7.29
6.8163,6.1
7.135207,7.13
7.195397,7.15
8.222934,8.52
6.8668046,6.8
7.0370135,8.25
7.1593714,7.66
6.808565,6.05
7.214947,7.82
7.1876206,11.07
6.150808,7.48
6.4206567,7.22
6.589415,6.08
5.3886814,6.74
5.958974,8.96
4.7242994,5.85
5.8508496,5.64
7.0205116,6.24
6.1606526,5.52
6.924515,6.0
7.435857,6.0
7.348396,7.0
6.890054,7.0
6.033636,8.22
6.5520415,6.0
6.425862,6.0
5.5829425,5.74
6.4317536,8.0
6.2831583,8.52
6.60661,5.27
6.5282645,5.21
6.161393,5.41
5.6014724,5.38
5.961769,7.47
6.1078615,7.54
6.1891575,7.85
5.9780393,7.17
6.187711,7.26
5.818414,6.28
5.8936596,6.0
6.32373,6.0
5.804586,6.24
5.927564,6.7
5.9596176,6.92
5.6662793,6.59
5.7616596,6.17
6.0465684,6.54
5.806035,6.24
6.3066573,5.96
6.1941032,5.64
6.0561695,6.17
6.1761036,6.55
6.212003,6.55
5.7350993,7.1
5.802997,6.05
5.781626,6.47
5.520531,6.0
5.913266,5.57
5.6457305,6.29
6.968117,7.22
7.2630424,5.93
7.315436,6.7
7.144291,7.22
7.4527726,6.01
7.402225,5.6
7.455181,6.54
7.2087646,6.52
7.1518855,6.24
7.112897,6.57
6.9835353,5.67
7.009405,7.4
6.72931,6.59
6.9325385,6.17
6.870445,5.13
5.120821,4.99
5.0643535,4.68
5.8399653,4.98
5.549318,4.86
5.2970567,5.23
5.438153,5.21
5.2127633,4.86
5.113119,5.0
7.2674136,6.15
6.898333,6.72
6.861195,8.77
7.19609,5.59
7.270604,5.46
6.7485595,6.13
6.558553,5.13
6.730719,5.73
6.9759507,5.69
6.848485,7.15
6.654205,6.97
7.1610227,5.69
7.1346,7.0
7.069742,7.18
7.2887607,5.16
7.1004705,7.46
7.063853,7.13
6.994311,6.84
6.9749956,7.37
7.325406,6.84
7.223547,7.59
7.3104444,7.24
7.3962045,7.19
7.118613,6.27
7.4959044,6.55
7.6338525,7.13
7.6443777,6.36
7.617666,6.42
7.6341157,7.33
7.713447,7.17
7.6433463,6.85
7.513866,7.62
7.4839883,7.04
7.638492,7.29
7.718887,7.52
7.786227,6.3
7.335284,7.7
7.275782,8.3
7.641373,8.22
7.6299644,8.52
7.588855,8.22
7.5941863,8.52
7.604143,7.85
7.6106358,7.74
7.648619,8.1
7.616245,7.77
7.823538,8.52
7.806563,7.82
7.841906,7.89
7.7837386,7.68
7.7074676,8.22
7.7059193,7.82
7.722428,8.1
7.7933216,8.1
7.935438,8.22
7.7140865,8.05
6.048798,5.56
6.5661635,6.43
6.2897973,7.44
7.432834,7.07
5.587376,3.05
5.3553753,4.0
5.5599494,4.64
5.4974046,4.28
6.113893,4.12
6.124548,4.35
5.2598495,4.74
6.8494143,8.47
6.811449,7.82
4.6349273,4.02
5.0701404,3.51
5.642929,3.77
5.8096557,3.5
5.2398324,3.49
4.410203,3.46
6.3369813,6.4
6.2721477,5.57
6.2503505,5.14
6.189779,4.87
5.897656,4.67
5.9916162,4.88
6.7170854,5.9
6.7499433,7.5
6.8341284,6.7
6.953404,6.9
6.9756846,7.7
7.0222077,6.0
7.185761,7.5
7.1557174,6.9
7.543495,7.2
7.543702,6.9
7.1837516,6.49
7.221411,5.9
7.264255,6.1
7.326352,6.78
7.584891,6.5
7.6317496,8.0
7.126718,6.58
7.151115,7.24
7.5023255,7.62
7.5020227,7.07
7.248432,7.2
7.2687697,7.3
7.2682767,6.0
7.2756457,7.6
7.3002467,6.2
7.3322854,7.13
7.4433517,8.05
7.6074758,7.66
6.5295835,6.0
6.7213264,4.7
6.451526,5.1
6.2419143,4.9
5.94418,6.9
6.227278,6.6
6.59286,6.7
6.3559484,6.6
6.493348,7.1
6.363645,6.8
6.6465034,6.9
7.010573,7.3
6.68654,7.7
6.609222,6.3
6.763284,6.6
6.947632,6.6
5.961165,5.85
7.021937,7.41
7.3769646,9.0
6.8290434,7.0
7.20981,7.46
7.5438786,9.22
7.492361,9.22
7.3814864,8.89
7.468698,8.6
7.4062696,9.0
7.424091,9.15
7.453526,8.85
7.240061,8.85
7.359284,8.7
7.6685123,9.05
6.7831936,5.9
5.620936,5.1
7.180001,5.9
7.179547,6.5
5.890364,7.7
7.751317,5.5
6.3694143,6.0
6.384687,6.4
6.053928,5.9
6.9188714,5.7
6.2673783,6.6
7.2878094,6.7
6.5048347,5.4
6.2504516,6.4
6.470041,6.5
6.1125464,5.8
6.893433,8.9
6.5381694,5.9
6.6835594,6.0
6.2682834,6.3
6.646083,6.2
5.710359,6.2
7.251516,5.8
6.358148,5.5
5.848088,5.8
7.305682,6.0
6.9882703,7.3
6.5143094,6.1
6.8661914,7.3
7.072211,5.7
6.1375923,5.7
7.307643,7.3
6.6595693,5.8
6.909594,6.2
5.9094024,7.1
6.574716,5.9
7.3165507,6.0
6.9366865,7.9
5.9466996,6.2
7.2524943,5.7
6.422008,6.6
6.980451,7.1
6.7437882,5.9
5.5069304,6.8
6.6795573,8.1
7.365477,6.66
7.049635,6.01
6.4395604,4.26
5.995847,4.21
4.4508657,3.4
6.282391,4.07
5.151759,4.02
6.0633492,3.97
6.394461,4.07
6.4645395,4.22
6.6678343,4.89
7.380311,6.24
7.301878,7.17
7.3706145,6.66
7.1894403,6.89
7.3280997,7.96
6.6244736,5.92
5.253406,4.41
5.726808,3.82
6.3877554,4.08
5.166426,3.92
5.2933292,4.13
4.8468204,3.96
5.298345,5.1
6.142057,6.51
6.9773383,5.05
7.1044397,5.03
6.093916,5.23
5.872844,4.03
5.60134,4.22
5.4707313,5.17
6.6039557,5.96
6.306929,5.92
6.472858,5.74
6.7223935,5.66
6.4527745,6.41
6.59916,6.0
6.5972204,6.32
6.71126,5.46
6.9249196,6.3
6.849919,6.35
7.1191134,4.68
6.8821607,4.55
7.0034323,5.27
6.859116,4.59
7.174559,4.96
6.9782605,5.62
7.425028,5.57
7.4481454,4.85
7.47769,4.89
7.3666196,5.02
7.5567727,5.64
5.7578025,5.27
7.7302136,5.82
7.826238,6.38
6.6204686,5.91
6.3115954,4.96
6.952412,6.04
6.451954,4.52
7.156055,4.27
7.731137,7.47
7.2775483,7.19
7.419676,7.23
7.5486674,7.89
7.7762833,7.62
7.452084,6.89
7.5751615,6.06
7.594641,7.29
7.7201786,8.01
7.6129365,8.12
7.501384,7.78
7.4407187,7.92
7.588799,7.34
7.575711,7.29
7.5873094,7.77
7.687284,8.33
7.8515778,6.7
7.826896,5.23
7.595485,7.52
7.5042014,6.81
7.6110806,7.96
7.820865,7.05
7.1599827,8.32
7.2341213,7.16
7.915078,8.19
7.77842,8.3
7.3990583,8.3
7.887285,7.05
7.655013,8.15
7.653728,8.1
7.7626305,6.72
7.538362,8.06
7.662419,7.77
7.616198,7.34
7.738541,7.66
5.7559867,4.19
7.726966,6.33
7.461608,6.31
5.7041397,3.79
5.277208,4.54
5.8549,4.08
6.9277234,5.28
5.6112084,3.99
6.5038133,5.82
7.233704,8.22
6.4568887,6.07
6.445926,5.29
6.5487804,6.25
6.4454627,5.85
6.8825836,4.9
6.8035016,6.59
6.3204265,5.64
7.5531797,6.82
7.325751,8.7
7.5161924,8.22
7.545319,8.15
7.6281767,7.66
7.4497237,7.62
7.3028784,6.62
7.396838,7.36
7.2403097,7.85
7.3472605,7.2
7.332539,5.4
7.230484,5.64
7.1326065,6.29
7.0851865,7.46
7.1180735,6.18
7.1032043,7.0
6.7949314,6.77
7.2285924,6.48
7.2208056,6.29
7.2630296,6.31
7.564046,7.4
6.7985854,6.36
7.097097,6.8
7.1388497,6.64
6.7573743,7.07
6.8646746,5.7
7.230435,6.37
6.8342013,6.06
6.864305,6.7
6.770677,6.24
6.6645465,6.66
7.1604457,6.07
6.756416,5.5
6.5065703,4.56
6.093618,4.77
5.6507506,4.84
5.740361,5.26
6.6352057,5.37
7.322254,8.52
7.418995,7.82
7.5330215,8.7
7.3331633,8.7
7.7206197,7.89
7.658118,8.7
7.453503,8.7
7.530337,8.3
7.505627,8.7
7.566707,8.3
7.534225,7.47
7.4258995,8.7
7.3504014,8.7
7.2128844,8.7
7.1261897,8.7
7.238279,8.7
6.867501,6.17
7.088754,8.4
7.274394,8.4
7.203444,8.7
7.2537065,8.52
7.11857,8.7
7.049175,8.7
6.8825774,8.7
6.5896325,6.67
6.7767467,6.65
7.252203,6.21
6.6386347,4.85
6.7524867,4.66
6.215065,5.19
6.1517005,5.89
7.2677293,6.52
7.1111856,6.41
6.4700704,4.17
6.711177,5.52
6.8134093,6.4
7.0719256,6.5
5.721908,7.0
6.9057474,6.6
7.079511,5.8
7.043548,6.3
7.0352864,5.5
6.862566,6.5
6.3768744,5.3
7.723043,7.1
6.8651023,6.3
6.6218147,6.2
6.5642514,5.3
6.6214314,5.6
6.3032494,6.1
7.0410085,5.9
5.8649893,5.3
6.4374776,5.3
6.338425,7.0
6.6622653,5.7
6.52698,6.8
7.1174273,6.8
6.6749163,5.4
6.042602,6.9
5.552424,5.9
6.435572,5.8
6.41888,6.2
7.083484,6.6
6.447827,5.1
6.6408916,5.7
5.655414,5.3
6.768675,5.5
6.3706346,5.7
6.314587,5.5
6.1727514,6.6
6.1940665,5.5
6.311943,5.5
7.3981776,5.91
6.76335,5.9
7.284899,5.6
6.3356957,6.6
6.367085,6.9
6.9459276,5.1
7.1487613,6.4
7.1338305,5.2
5.929816,5.9
6.600421,5.8
6.8496814,5.4
5.707566,5.1
7.4082656,5.8
6.90204,5.6
6.9371543,6.6
6.9436293,5.3
7.3553476,6.4
6.835818,5.9
6.126251,6.1
7.0470443,6.0
6.4160514,6.9
6.201246,6.4
5.7928147,7.1
6.092447,5.1
6.918116,5.1
6.286632,6.2
5.1580653,6.5
6.706157,7.3
6.802486,6.9
5.9606433,6.3
6.8483415,6.7
7.2367826,5.2
6.212455,5.2
6.4437623,5.2
6.370735,8.0
6.1910725,6.3
6.587671,7.9
6.945776,5.1
5.806089,5.7
7.017152,5.2
7.0590606,7.0
6.151701,6.13
6.550016,4.42
6.5649896,4.33
6.9743905,5.82
7.120638,5.2
7.1256447,5.36
6.997047,5.36
7.230336,5.18
7.1377473,5.67
7.3341203,5.58
7.22414,5.73
7.4180584,5.79
7.359825,5.92
7.477565,6.8
7.581316,7.06
7.573851,8.22
7.5514894,6.97
7.4206657,6.43
7.464458,5.68
7.449701,8.7
7.510946,6.84
7.550059,5.56
7.654056,8.15
7.3184295,5.65
7.4060755,6.12
7.401028,5.61
7.625332,6.48
7.559072,9.4
7.4597373,6.33
7.675759,5.52
7.563921,6.7
7.567473,6.46
7.6439447,7.59
7.394768,6.29
7.2973304,5.13
7.594577,6.61
7.5639405,6.35
7.5646744,9.22
7.714062,7.77
7.4837537,7.68
7.594562,7.92
7.6666465,8.4
7.7629066,8.15
7.694196,7.68
7.6189957,6.96
7.364434,7.85
7.753385,7.64
7.828167,7.46
7.624338,7.37
6.906157,6.44
7.0524793,5.85
7.139834,4.0
7.180492,5.57
7.299001,5.75
7.261789,7.0
6.886432,5.03
7.0052686,6.89
7.3068147,5.75
7.320269,7.0
7.0315757,6.39
7.129037,4.92
6.9245796,4.7
7.169593,5.66
7.2308745,9.52
6.712505,8.82
6.840647,9.4
6.886265,10.0
6.954513,8.89
7.032005,8.89
7.0739408,8.8
7.4113126,8.64
7.027118,10.0
7.160974,9.22
7.278957,9.3
7.2310667,9.4
7.2177544,9.52
7.366578,9.3
7.170403,9.7
7.2263665,9.22
7.05617,9.7
6.9657183,9.52
7.2413077,10.0
7.160544,8.82
7.1558156,9.4
7.766806,8.92
7.2267103,8.62
7.3297887,8.6
7.2164097,8.17
7.2672534,7.39
7.311829,8.48
7.202499,8.17
7.2918515,8.62
7.0315037,8.77
7.3398643,9.22
7.316479,8.74
7.324429,7.85
7.251991,8.66
7.3208785,9.7
7.404838,10.0
6.7092185,9.1
6.9647355,9.4
6.913911,9.52
7.2346554,8.82
7.260624,9.15
7.2982707,8.96
7.1019073,8.55
6.2801685,6.49
7.3161836,7.07
6.8592505,7.89
6.609141,7.06
6.7322783,8.07
6.750768,8.51
6.7222548,8.07
6.995413,7.22
7.2419305,6.42
6.994287,5.12
7.329126,6.47
5.5480275,5.74
6.492338,5.0
6.333242,6.96
5.9427133,7.77
6.7882686,6.62
6.151701,5.43
7.2988496,10.0
6.4258485,7.33
6.5294356,5.4
6.1556964,8.3
6.722162,8.34
6.914175,8.74
6.8028197,9.15
6.8244596,9.4
6.794603,9.7
6.7246795,9.52
6.823597,9.3
6.5296044,7.12
6.501831,8.52
6.5169272,8.15
6.541288,6.26
6.6952033,7.96
6.4219565,7.05
6.1302524,6.01
7.797297,7.21
7.609718,7.16
7.310144,7.28
7.1366916,6.56
7.3320374,10.4
7.0768366,10.48
7.3441114,10.59
7.775027,10.46
7.752081,10.3
7.542241,10.72
7.303183,11.0
7.2189264,9.8
7.147661,8.8
5.4401135,3.61
5.788505,3.9
5.525168,4.3
5.9095826,4.36
5.9427934,4.05
6.1031137,4.53
5.6369405,4.91
5.69749,4.93
6.0459104,4.67
5.781995,4.15
5.6995277,5.23
5.940489,4.65
6.216645,4.5
7.161297,6.39
7.2576394,5.66
7.121781,6.55
7.3590684,5.98
7.2582994,6.6
7.3456798,6.33
7.0719748,6.2
7.212707,6.74
7.0536847,6.03
7.132174,6.45
7.1778464,6.83
7.240859,7.15
7.230229,7.04
7.195991,6.21
7.4642158,6.38
7.292065,5.7
7.2320027,7.43
7.2160997,7.14
7.1392493,5.69
6.8968,5.07
7.183183,5.42
6.3075976,7.2
7.2467036,7.8
6.25614,6.86
6.4433255,7.47
6.6667047,7.41
6.5997977,7.05
6.325317,7.71
6.3328643,7.3
6.6275196,6.37
6.511452,7.9
6.7643886,7.27
6.8123155,7.59
6.828561,6.33
6.8885756,7.23
6.676806,6.66
6.657809,8.15
6.9423327,7.21
6.5182548,7.78
6.4582906,7.5
6.564345,6.81
7.1516194,7.92
6.419786,7.62
6.5011153,6.56
6.9275727,6.53
6.6262784,7.75
7.060125,7.48
6.883351,7.81
7.405641,7.65
7.013157,6.96
6.604817,8.03
6.526502,7.65
6.883906,7.78
6.6605926,6.2
6.6903243,8.02
6.54916,6.65
7.4249325,8.1
7.6446543,7.88
7.076205,6.22
6.656945,6.2
6.377638,8.3
6.598013,8.46
6.598013,6.12
6.754555,7.99
6.660689,8.06
7.2055554,5.74
7.1787806,5.1
7.1404147,5.96
7.1892047,6.56
7.0832744,5.25
7.1578846,6.44
7.137461,6.65
6.638327,5.5
7.0133853,6.62
7.1634665,5.34
6.7698994,7.04
6.9227843,5.24
6.848417,6.67
7.7838397,8.49
7.6431136,8.42
7.296409,7.87
7.32922,6.84
7.2663317,8.52
7.392623,8.2
7.3400617,7.94
6.771137,7.86
7.0781474,7.28
7.2920594,8.48
7.376778,7.4
7.3537946,7.98
7.411341,7.8
7.4386144,7.86
7.3031545,8.06
7.3224473,8.54
7.56064,7.89
7.3711147,8.54
7.4445987,8.24
7.319472,8.41
7.73943,9.1
7.2461133,8.8
7.1946445,8.62
7.3082776,8.66
7.280746,8.07
8.073658,7.8
7.199536,7.92
7.1480613,8.01
7.3929873,7.84
7.2311726,8.4
7.250755,6.6
7.2963614,8.59
7.118497,8.4
7.263827,8.7
7.2719636,8.7
7.1987157,8.52
7.0655084,8.3
6.7871776,6.23
7.1613116,4.71
6.906155,6.99
6.6609015,6.39
6.9519324,6.97
6.64348,4.8
6.9530444,4.5
6.1884418,8.7
7.0761843,9.07
7.2360854,7.82
6.595762,8.78
6.947925,8.68
6.810927,7.49
7.036246,8.0
6.6516924,6.32
6.8685274,7.22
6.689757,8.54
7.405302,8.35
7.13549,7.85
7.1298194,9.03
6.830416,7.8
7.217308,8.56
7.0327725,6.12
6.959856,8.63
6.915812,8.25
7.145778,8.98
7.09014,6.05
7.365192,9.0
7.198453,9.61
7.2002854,8.19
7.2522974,9.29
7.434027,9.6
6.451485,6.89
7.156436,7.99
7.382974,7.25
7.364035,7.82
7.253955,8.27
6.6110725,7.92
6.9166217,7.4
7.222999,7.89
7.0905204,7.07
7.094684,7.22
6.8167005,7.37
6.550774,6.6
7.2785716,8.13
6.448755,7.4
7.0012507,7.39
6.9936624,9.04
7.55728,9.77
6.666411,7.36
6.960055,7.28
6.8541045,7.82
7.2694044,7.99
7.4801164,8.42
7.082358,7.75
7.220159,7.66
8.026103,6.9
7.0835176,7.87
7.128797,8.09
7.2159247,7.63
7.8561215,7.27
6.827593,8.23
7.29188,8.31
6.855244,7.59
7.128084,7.04
6.9061065,7.93
6.852937,6.98
7.005928,7.62
7.253919,7.82
7.278838,8.45
7.4346375,8.08
7.039408,8.76
7.295309,7.38
7.3347087,9.4
7.0823674,7.38
7.1437526,9.31
7.1547384,8.78
7.1893044,8.61
7.1611147,8.35
6.7321067,9.0
6.7692785,9.05
7.2074466,7.62
7.2313085,8.61
7.2853703,8.8
7.8849936,7.59
7.3176036,7.15
7.2258525,8.98
7.067805,7.66
7.058656,8.82
7.1225047,9.25
7.1482744,8.23
6.755549,8.56
7.4244285,8.83
7.515473,8.74
7.238602,8.68
7.3971076,8.78
7.3514895,8.2
7.131759,9.02
7.285277,9.31
7.3990903,8.87
7.306725,7.36
7.3526883,8.02
7.3627853,8.75
6.983672,8.71
7.261738,8.95
7.226951,7.52
7.2584496,9.28
7.228749,7.59
7.2177587,9.01
7.3148646,8.93
7.5015836,8.4
7.552431,8.45
7.5067315,9.35
7.505324,8.8
7.5252976,7.25
7.2841544,8.87
7.19167,8.47
7.111071,9.48
6.5341606,9.13
7.2581315,8.22
7.2162614,7.39
7.271597,8.5
7.1062884,8.87
7.070828,7.98
7.2801976,7.52
7.452023,9.32
7.1290817,6.89
6.7586904,6.97
6.9996743,9.64
7.095874,9.47
7.325974,8.55
7.5723386,8.85
7.0868993,7.23
7.217579,8.88
7.1995625,9.24
7.432139,7.25
7.412271,8.82
7.130796,8.21
6.885329,8.17
7.2111354,8.2
7.6648555,7.88
7.139009,8.35
7.037016,8.18
7.3267164,8.39
7.446739,7.65
7.1805425,7.65
7.3838816,7.86
7.225835,9.07
7.3184295,8.12
7.3943443,8.07
7.3160505,8.95
7.196442,7.7
7.4857435,7.96
7.2969193,8.97
6.9834285,8.7
7.551806,7.47
6.948423,7.7
7.0476413,8.56
6.8654866,8.57
7.051947,8.59
7.0130944,8.36
7.129551,8.27
7.1431217,9.23
7.076684,8.59
7.373957,9.49
6.8782907,8.25
6.6569533,8.87
6.9002566,8.84
6.7735114,8.95
7.0499263,8.56
6.844314,8.6
6.767968,9.13
6.7280936,8.53
7.039013,8.94
6.710056,8.97
6.9082894,8.67
7.046916,8.71
6.7040563,8.18
7.2889667,8.43
6.733825,8.48
7.172464,8.58
6.9337096,9.08
7.1955004,8.43
6.8120418,8.67
6.758323,5.65
6.9203963,8.79
6.446566,6.63
6.5293155,6.28
6.8988924,6.6
6.7873755,8.07
6.54369,7.51
6.286998,6.45
6.9981894,8.8
6.938723,8.45
6.8886814,6.49
6.8264503,8.55
7.012737,8.06
6.864145,8.92
6.8695407,8.39
7.1100106,7.99
6.860364,7.96
6.975097,8.57
6.8327127,7.47
7.0605216,9.42
7.241295,9.23
7.224499,8.58
7.009752,8.22
6.7151656,8.52
6.992312,8.91
7.171597,7.96
6.9472613,6.42
7.259858,9.51
6.953439,7.63
7.0638537,8.92
7.617569,7.95
7.2591023,8.85
6.794606,9.37
7.121083,8.36
7.07301,9.22
7.003266,8.85
6.9496455,8.81
7.1384645,8.55
7.3861055,8.87
7.0220375,9.11
7.2615933,9.02
7.326364,9.12
6.9757485,7.94
7.547073,8.51
7.419145,8.44
7.3669467,8.92
7.325841,8.54
7.2613435,8.61
7.153424,8.63
7.2312274,9.12
7.488494,8.29
7.185821,9.36
7.318808,9.45
7.080891,9.26
7.193585,7.9
7.3349586,9.26
7.1718554,8.45
7.2133317,9.52
6.9513173,8.94
7.2683806,9.14
6.794914,8.58
6.741674,8.61
7.1915736,9.59
7.2064013,9.58
7.023302,6.63
7.154987,6.6
7.2354903,8.51
7.386755,9.32
6.665438,8.14
7.0556703,8.85
7.214736,5.61
6.9547076,8.4
7.197989,9.25
6.9939046,7.97
7.1842327,9.04
7.00746,9.17
6.8882623,8.9
7.029833,8.89
7.06957,7.51
7.1649256,8.69
7.3742356,8.81
7.261724,8.46
7.051517,8.31
6.8798623,9.02
6.810612,8.81
7.075994,7.5
7.0792975,7.69
6.6878233,8.52
6.8205776,7.79
7.0977683,8.47
6.8465686,8.42
7.2178035,7.9
7.115376,8.51
6.878156,9.21
6.7820644,8.97
6.943872,8.89
6.9800086,9.1
6.886008,8.36
7.127351,7.87
7.11379,9.1
6.6446114,8.22
6.982557,8.82
6.8826356,8.67
6.6954594,7.76
6.9613023,8.66
6.9760966,8.89
6.8985906,9.06
7.182698,9.52
7.1877055,8.44
7.256394,9.65
7.389278,7.05
7.048243,8.44
7.9544683,8.96
7.857008,8.42
7.8081074,8.85
7.8621836,8.82
7.8363967,8.62
7.6157365,8.4
7.7055726,8.96
7.6791553,8.96
7.568486,8.49
7.59064,8.49
7.6473727,8.82
7.74954,8.8
7.7616215,8.25
7.7841325,8.32
7.937464,8.8
7.71353,8.57
7.201201,8.28
7.745564,9.22
7.7684507,8.48
7.8439574,8.54
7.830917,8.64
7.5366244,8.01
7.6725874,8.25
7.814751,6.95
7.956619,6.83
7.560997,6.71
7.5231442,8.68
7.569602,8.42
7.825931,8.66
7.669309,8.59
7.467356,8.57
7.73457,7.03
7.370475,7.63
7.5126734,8.74
7.756681,8.8
7.6717434,8.64
6.933579,6.91
7.232059,7.69
7.101545,6.58
6.893103,6.96
7.6198707,8.64
7.4755244,7.21
7.548184,8.39
6.6353564,6.61
7.5228953,7.06
7.7217155,7.67
7.5721283,7.81
7.7752604,8.35
7.8072014,8.62
7.676583,6.68
7.3909035,7.42
7.693809,8.14
7.44254,7.75
7.665066,7.61
7.7257276,6.39
7.6784377,8.33
7.973406,8.63
7.1969895,8.66
7.1543646,7.28
7.260056,8.18
7.2390833,6.39
7.4108357,8.24
7.421559,7.7
7.6058593,8.64
7.0255685,7.2
7.84792,8.4
7.953444,8.12
7.8443985,8.62
7.6178727,8.62
7.749589,8.5
7.6748977,8.52
7.580569,6.96
7.5167937,8.64
7.54934,8.6
7.6827683,9.1
7.5584683,8.68
7.6445208,8.3
7.580522,8.64
7.604985,8.3
7.60502,8.74
7.6186213,8.17
7.5506806,8.17
7.5948434,8.27
7.549924,8.19
7.681769,8.85
7.6798015,7.41
7.5915284,7.25
7.5678716,8.92
7.6546674,8.55
7.7165685,7.89
7.410559,8.62
7.689588,8.7
7.7018304,7.16
7.8247833,8.85
7.493649,8.64
7.494097,8.09
7.591704,8.05
7.4581494,8.7
8.2051735,7.8
8.190551,8.6
8.177947,8.42
8.1779785,8.68
8.053515,8.77
7.6836457,8.96
7.8367066,8.82
7.6562696,8.44
7.549334,8.7
8.247135,8.8
8.325806,7.13
8.278577,7.18
8.280014,8.92
7.720078,8.14
7.7338605,9.26
7.657149,8.14
7.602886,9.0
7.788439,6.67
7.683185,8.38
7.65089,8.85
7.7146497,8.96
7.7008386,6.85
7.7110214,7.6
8.003571,8.55
8.330966,8.59
8.006999,8.17
8.009036,7.51
7.6242766,8.57
7.710671,8.46
7.336145,7.62
7.6306024,7.7
8.103262,7.82
7.8577323,8.22
7.8192806,8.7
7.7977014,8.4
7.871694,8.4
7.8728213,9.22
7.784893,9.22
7.715259,8.3
7.76274,8.89
7.8627787,8.92
8.32121,8.37
7.9842224,7.87
7.8474326,7.8
7.694839,7.89
7.800899,6.8
8.267542,8.25
7.679665,8.38
7.661203,8.42
7.5784545,7.86
7.8699794,7.86
7.6484866,6.82
7.548697,8.68
7.660875,8.32
7.9792624,8.68
8.118883,8.17
7.883775,8.01
7.734569,8.64
7.657245,8.15
7.700817,7.97
7.967924,7.84
7.588651,8.51
7.644263,8.25
7.985975,6.02
7.5049767,8.52
7.7026515,8.66
7.7646813,6.0
7.556764,7.82
8.366155,8.35
8.343315,8.42
7.917009,6.0
7.639585,7.21
8.082543,8.42
8.068601,8.44
7.5291505,8.54
7.5288224,6.82
7.5746784,7.59
7.7731776,8.28
8.268543,7.46
7.729303,7.92
7.717757,8.16
7.705221,8.96
7.7598057,8.89
7.8325763,8.85
7.804462,7.07
7.524524,7.23
7.864015,6.79
7.7281914,8.72
7.803512,8.82
7.7348647,8.07
6.48747,6.8
6.9259753,7.58
7.4009314,7.69
6.939539,7.52
7.0685506,7.98
7.202728,6.24
6.663589,5.52
6.6659217,5.85
6.7967925,8.77
7.5270324,8.82
7.2542977,9.1
7.407049,8.74
7.127547,8.92
7.048859,8.03
7.151014,8.4
7.241284,7.61
6.681454,7.18
7.032513,8.24
7.04606,8.47
6.987921,6.42
6.9533954,5.98
6.767041,8.11
6.8576508,7.28
6.5680575,6.77
7.220316,8.47
6.8869576,7.07
6.940286,7.08
6.8985777,6.49
6.982695,6.26
7.3497434,8.4
7.287371,8.54
7.4148636,8.21
6.6984134,6.69
6.6278515,5.86
7.589215,8.68
7.397021,6.95
7.4752975,7.49
6.978439,7.97
6.9824424,6.97
6.237619,7.17
7.215777,5.99
7.4160724,6.83
7.6356735,6.74
6.678496,5.9
6.974631,7.38
6.429603,7.82
7.007664,6.87
6.093921,6.28
7.251657,8.55
7.6571474,9.15
7.1564593,5.56
7.2879043,8.62
7.131094,8.37
7.2756643,9.15
7.45813,9.3
6.9762917,6.56
7.340195,7.96
7.256666,7.87
7.4599814,9.0
6.4819684,6.47
6.83357,6.59
6.7716236,7.52
6.817872,7.29
6.819917,7.69
6.772344,7.93
6.660854,7.87
7.379809,9.17
6.8148565,9.1
6.837427,6.78
7.133944,8.7
7.2046704,8.68
7.262155,9.22
7.1652923,6.5
7.150949,9.05
7.122268,9.15
7.090217,6.36
7.0884185,6.31
7.657843,7.03
7.2842035,8.96
6.969834,7.77
7.311663,8.46
7.3875957,7.83
7.3560195,7.93
7.351481,8.62
7.3558335,7.97
7.3062215,9.4
6.905182,7.68
7.0713086,6.9
7.2937574,6.03
7.174883,7.61
7.1305795,8.28
6.784107,7.97
7.111222,7.49
7.266517,7.2
7.2965794,6.84
7.539355,7.47
7.272328,7.35
7.408854,7.48
7.3515563,9.05
7.290026,9.22
7.395606,7.26
7.0935235,7.48
7.2774763,8.39
6.5332804,9.15
7.3414807,9.4
7.355797,8.7
7.375063,6.38
7.5988946,8.96
6.8954186,8.79
7.2673182,4.91
7.7336297,7.19
7.0443497,7.4
6.759459,5.22
7.7828546,9.46
7.583762,8.49
7.5773053,8.59
7.6115117,7.61
7.619469,8.15
7.558183,8.96
7.566781,8.8
7.5399203,8.98
7.5514836,8.61
7.575561,8.26
7.1134872,9.09
6.86901,7.51
7.0495305,7.91
6.4211707,6.97
7.565785,8.94
7.472175,9.46
7.447247,8.91
7.6645894,7.63
7.053829,7.11
6.80522,8.24
7.7775955,9.26
7.7505174,8.87
7.7675176,9.47
7.3771806,9.23
6.768329,7.51
7.0461297,7.88
7.4835467,8.1
7.3099217,8.93
7.6967626,7.34
7.604771,8.72
7.455136,9.38
7.682992,8.24
7.399084,8.31
7.530065,9.59
7.5598693,9.55
7.416243,9.03
7.775332,9.4
7.4466467,8.74
7.588672,7.49
7.8630157,10.05
7.8600388,10.3
7.6204963,9.66
7.8153596,9.59
7.7935214,8.83
7.602987,6.45
7.748753,9.72
7.471074,9.29
7.7229686,8.78
7.8311586,9.77
7.6666613,9.1
7.967615,9.72
7.969884,9.23
7.6339383,9.64
7.86846,9.77
7.709272,8.72
7.680051,9.42
7.286918,9.89
7.3875976,9.98
6.6170382,6.82
6.81589,6.45
6.7051644,7.04
7.0205774,8.48
6.901521,8.17
7.127032,9.6
7.4197145,7.27
7.0970626,8.08
7.0488405,7.46
7.167617,7.6
7.409684,8.77
7.4413943,8.25
7.4757524,9.16
7.45486,8.89
7.3858852,9.73
7.766053,9.04
7.420831,7.78
7.672407,9.66
7.99093,9.3
7.463644,9.1
7.5285645,9.86
7.1915717,7.26
7.3227344,8.02
7.3509955,8.32
7.3170123,6.25
7.4206624,6.05
7.2064576,9.27
7.3968263,7.04
7.483853,8.59
7.318259,9.68
7.389391,9.44
7.314437,10.68
7.6804595,10.4
8.112042,9.68
7.6807857,11.21
7.6375513,11.17
7.6144724,10.92
8.060204,10.29
8.081481,10.24
8.050381,9.03
8.089236,9.19
8.073044,10.44
8.062253,10.33
8.12541,10.86
8.126426,10.75
7.437189,9.65
7.411493,9.52
8.272379,10.98
7.408541,10.3
8.37864,10.7
8.003121,10.44
7.9711337,10.22
8.111779,10.54
8.308356,10.59
7.809975,10.71
7.3920455,10.46
7.6620603,10.9
8.30676,10.68
8.069279,10.77
7.902433,10.51
7.6867275,10.31
7.9408584,10.8
8.174221,10.51
7.903623,10.03
7.3656306,7.07
8.07747,11.0
7.59973,10.65
7.378752,10.19
7.7226367,9.09
7.987061,10.68
8.031707,10.36
7.755342,9.98
7.6432056,6.73
7.6465335,5.98
7.6870856,10.76
7.7103925,11.01
7.4870095,10.76
7.4774423,9.71
8.148468,10.5
7.926244,10.12
7.7165504,10.54
7.466241,9.69
7.6588283,10.52
7.4314,10.61
7.480927,10.21
7.44609,11.01
7.474913,10.68
7.642496,10.21
7.4473596,9.91
7.3168416,11.0
7.7160587,10.62
7.478305,9.94
8.092484,10.82
7.6218705,11.08
7.6777363,10.7
7.738602,10.44
7.49638,9.55
7.418643,9.6
7.4239087,9.48
7.6378045,10.7
7.731654,10.03
8.084037,10.13
8.125382,9.43
7.3279634,10.7
7.4608493,8.95
7.5489497,8.54
7.596421,8.8
7.861949,9.98
7.427974,7.01
7.9612527,10.15
7.798698,10.25
7.5356183,9.27
7.7114873,9.79
7.8646574,9.43
7.8438516,9.74
7.7259226,10.16
7.7210445,10.39
7.8011518,9.84
8.147993,10.24
8.09224,10.4
7.7043447,11.37
7.713121,9.87
7.7149496,11.26
7.711851,9.86
7.6470737,9.6
7.882776,9.66
7.861104,9.32
7.8472915,9.75
7.521792,7.98
7.681806,8.81
7.740546,11.05
7.125275,9.12
7.3457456,8.23
7.539006,8.94
7.5164084,8.68
7.5349665,9.13
7.443745,8.23
7.54112,8.6
7.6253014,8.64
7.5718064,8.55
7.3598332,7.69
8.022882,8.34
7.911737,8.19
7.745087,8.57
7.0075955,6.02
7.1005344,6.24
5.902803,4.91
7.171243,9.1
6.895307,6.51
7.2245035,9.05
6.8466935,9.52
7.137807,9.52
6.855135,7.8
6.7576165,5.96
7.1094294,6.62
7.064384,5.85
7.269955,7.16
7.0416274,6.47
7.0741906,7.52
6.996674,6.7
7.0547576,5.92
7.0317144,5.96
6.923691,8.27
7.1963367,6.43
6.9197,6.22
7.5871773,8.43
7.579918,6.89
7.2226887,7.0
7.131435,7.1
6.98104,6.89
6.8976884,6.03
7.1130924,6.43
5.9156137,3.03
5.79896,4.12
6.029961,5.34
5.470366,4.33
5.9219337,5.49
7.1167016,7.96
7.2375913,7.62
7.129165,8.38
7.333773,7.68
7.404821,8.37
7.9923053,8.4
7.248296,7.59
7.5723295,8.39
7.5797534,7.17
7.4793544,8.1
7.74254,8.68
7.4919696,7.4
7.622952,8.6
7.635514,6.38
7.8016334,8.52
7.529453,8.25
7.6961756,6.94
7.470615,8.26
7.334052,6.02
7.451769,6.24
7.594135,7.62
7.8783455,8.24
7.6787257,8.68
7.422959,8.01
7.5051417,7.05
7.5567117,7.6
7.2571464,9.52
7.3541317,9.47
7.633044,8.59
7.579681,9.46
7.2459693,9.22
7.6775866,9.49
7.6655054,10.0
7.3177752,6.2
7.3084636,8.96
7.2512994,6.7
7.291905,9.1
7.2862005,7.03
7.2893996,7.65
7.275254,7.7
7.284372,7.59
7.192278,8.72
7.3081937,8.92
7.2587523,7.95
7.405024,8.14
7.127208,7.42
7.0490475,7.75
7.392635,8.57
7.2342453,8.27
7.238936,7.52
7.6388364,8.51
7.288127,9.15
7.3892374,9.15
7.094456,7.45
7.380968,7.75
7.4124894,8.54
7.208778,8.8
7.183374,8.44
7.0344224,7.44
7.067283,8.46
7.245807,8.25
7.2380595,9.03
7.183253,8.39
7.1130915,7.54
7.383589,7.64
7.294935,8.74
7.2895627,9.05
7.6127934,6.62
7.6720395,6.54
7.1983833,5.25
7.337958,7.43
7.621215,7.05
7.617144,7.77
7.409003,6.31
7.4739747,7.28
6.3769627,5.62
6.550609,7.25
7.7436185,8.59
7.5501003,7.85
7.582145,8.24
7.39479,7.6
7.7795644,8.89
7.9601455,8.57
7.8684115,8.74
8.013174,8.74
7.7613244,8.51
7.9994516,8.7
7.9421773,8.46
7.9344954,7.92
7.795443,8.74
8.029748,8.55
7.9653063,8.96
7.9296317,8.96
6.543475,8.32
6.5384707,6.62
6.9860826,6.7
7.3489246,8.04
7.37802,5.32
7.0498476,7.84
6.909285,7.0
7.611095,8.22
7.492643,8.23
7.05829,5.38
7.520104,6.89
7.585008,8.52
7.6985025,8.24
7.613094,8.14
7.579499,7.41
7.5099177,6.73
7.7097173,6.63
7.657768,8.02
7.680558,8.32
7.722807,8.62
7.6447983,7.8
7.5161195,7.35
7.6055927,8.82
7.5128694,7.74
7.265714,5.92
5.315316,4.92
5.7028465,5.47
5.4320483,4.1
5.844935,4.54
6.262835,5.11
7.3020024,10.19
7.287307,8.0
7.9167886,8.7
6.5317516,8.0
6.431955,5.75
7.3481374,5.54
6.7608595,7.62
6.811932,7.16
6.6409793,8.4
7.07244,6.85
6.9748836,7.85
6.8004107,7.85
6.5424914,7.51
7.0701957,8.22
6.5779004,7.43
7.3845773,7.19
6.6927996,8.1
7.01352,7.82
6.866915,7.7
7.3012433,7.59
6.772856,8.0
6.70563,7.35
6.653976,6.32
6.824161,7.51
6.4773183,7.54
7.0045166,8.15
6.076158,5.5
6.0043807,7.7
5.11385,6.4
6.5717044,5.17
5.4095664,5.96
5.1148324,5.74
6.996628,5.1
5.456245,5.52
6.86841,5.17
5.7285695,5.85
5.092896,5.17
5.358597,3.63
5.39578,4.54
5.6649466,6.41
5.5559893,4.54
5.2674155,4.92
5.3809543,6.09
5.7778487,3.7
5.574458,5.96
6.99331,6.7
5.893763,6.21
6.283028,6.89
6.4617615,3.3
6.186819,3.0
6.676821,7.52
6.8229594,6.46
6.3348837,7.66
6.2876477,6.85
5.745294,7.12
6.7889433,5.66
6.366369,7.1
6.6206565,7.12
6.140919,7.62
6.366332,7.16
6.407871,7.74
6.296963,6.7
6.354416,7.89
6.6808057,6.62
7.177083,7.48
6.039573,4.92
6.292671,5.26
6.096687,6.4
6.6725287,5.7
6.604983,6.16
6.6541247,4.39
6.7755723,5.28
6.470959,7.52
7.0022316,7.05
6.1859326,7.8
6.422848,6.22
6.644546,8.0
6.377341,6.3
5.2140775,5.7
4.681549,5.92
6.2182426,6.92
6.2732463,7.7
6.1696696,5.66
6.4489226,6.7
6.403719,6.22
7.0571446,6.4
6.884953,5.85
6.224048,7.46
6.196836,5.89
6.6649013,6.48
6.915335,8.05
6.2636356,8.0
5.3683324,5.22
5.0900397,5.82
5.4379063,5.15
6.563186,5.22
7.254809,8.1
7.112289,8.4
7.17407,7.74
7.2026353,7.4
7.1425247,7.15
7.283089,7.37
7.26916,7.77
7.4299755,7.47
7.4482594,6.39
7.112148,7.59
7.259827,6.86
7.155043,6.87
5.8093076,3.38
7.1853213,7.31
7.028783,6.57
7.206244,6.43
7.1775193,6.82
7.0784335,6.7
7.313272,5.72
7.348391,6.05
7.352933,5.89
7.4294996,5.41
7.424942,5.32
7.2358785,5.62
7.3319325,5.6
7.4346147,5.92
5.7750115,4.3
7.381251,7.92
7.237964,7.42
7.4596696,8.59
7.568751,7.96
7.5287495,6.53
7.534097,8.8
7.5593314,9.15
7.586042,8.06
7.2209344,6.95
7.191481,8.3
7.326063,8.11
6.580161,4.72
6.5613995,7.1
6.6835303,6.36
6.5062923,6.89
6.8051047,6.5
6.962774,7.49
6.9730835,6.49
7.013638,5.74
7.0940742,5.71
6.691734,5.62
6.781799,6.0
6.826553,6.21
6.951796,6.24
6.8242364,8.3
6.801103,7.64
6.999908,6.26
6.8979497,6.62
7.0689,6.66
6.918937,8.3
7.270133,7.82
7.7802567,7.39
7.7169013,8.96
6.1158156,7.72
6.417233,8.0
6.548139,8.0
6.5162535,7.52
6.711415,6.92
6.5604506,7.92
6.9446206,8.0
6.583369,8.0
6.803416,8.0
6.982181,8.0
6.6275835,8.0
6.928218,8.0
6.4761653,8.0
6.4611545,7.3
6.3038564,7.0
6.844377,7.3
6.6338243,8.0
6.898421,8.0
6.6997466,6.92
6.491386,5.9
6.8822274,6.46
6.3670306,5.96
6.518575,6.29
7.659969,8.15
7.609785,8.52
7.6227,7.43
7.7037845,7.52
7.6908984,7.96
7.683676,7.62
6.1949944,7.15
7.074529,6.0
5.9238343,5.45
6.660366,6.82
6.2746086,7.22
6.5335727,7.12
6.8753552,8.15
6.9012,7.6
6.2029643,6.23
6.7062263,5.79
6.42497,7.1
6.2732396,7.42
6.885149,7.0
6.5414834,7.66
6.6589146,6.68
5.6947966,4.64
5.442603,4.64
6.1161795,5.45
5.5573525,4.64
5.8412323,6.37
7.225386,6.0
6.669411,6.48
6.61035,6.67
6.742876,7.46
6.528889,6.49
7.0069003,6.32
6.9398375,7.38
6.6053567,7.0
6.4737525,6.3
6.6919436,6.63
6.8214,5.8
6.7421355,7.44
6.882567,8.1
6.412598,6.37
6.613145,6.35
6.6584716,7.57
7.1787496,8.15
6.88322,7.7
6.861699,7.74
5.7073493,5.63
6.876767,8.3
6.420822,7.72
6.428573,7.25
6.2455125,7.37
6.151273,6.54
6.9763336,7.8
6.831053,7.0
6.7634225,6.85
5.254379,8.15
5.381454,7.12
6.6150417,8.05
6.3551154,8.3
6.4351926,7.96
6.2731366,7.66
6.289949,6.16
6.127126,5.57
6.4799595,8.15
5.8674755,7.0
6.476003,6.34
6.456598,5.64
6.550863,5.85
6.2157316,5.58
6.527183,6.41
6.463847,6.61
6.457691,6.41
6.5314136,6.28
6.4787703,6.96
6.2375956,6.73
6.788083,6.76
6.5563073,6.5
6.542491,6.39
6.6453533,6.35
6.422972,6.29
6.5237865,6.82
6.655722,7.59
6.456423,7.1
6.5826554,6.91
6.6104264,7.15
6.288343,6.85
6.574968,6.69
6.9018908,6.85
6.6378374,6.33
6.6551595,6.59
6.5692916,6.27
6.8758445,7.24
6.5987277,5.83
6.9187174,7.28
6.5849543,6.6
6.643676,6.98
6.878511,7.09
6.791391,6.86
6.6170726,6.94
6.7484593,6.79
6.552957,7.13
6.906214,7.03
6.861237,6.82
6.701553,6.43
6.731237,6.71
6.6595488,6.67
6.2917266,6.39
6.0492396,6.54
6.636678,6.83
6.3965197,6.52
6.1353383,4.82
6.3437457,4.96
7.1509347,5.52
6.992906,6.22
6.9348907,5.85
6.754699,5.77
6.7348657,5.85
6.60413,6.23
6.4814897,5.89
6.820343,5.7
6.6763787,5.12
6.9227996,4.82
5.9113603,5.77
6.1911774,6.82
5.884042,5.38
6.0695567,5.49
6.441553,6.55
6.3713574,6.2
7.1119103,6.84
6.40064,5.8
6.912295,5.49
6.528088,4.6
6.409204,5.0
6.575952,4.49
7.0811625,7.8
6.9138875,7.1
6.50347,8.0
6.659591,7.7
5.9992137,7.3
7.1876493,7.7
6.812738,7.46
7.3559017,9.46
7.3626976,7.62
7.2366633,8.46
7.257931,6.61
7.246795,6.74
7.4520335,9.02
7.3900466,6.06
7.5838313,5.89
7.6554866,5.39
7.3948636,6.59
7.690351,5.15
7.0852847,8.15
7.211099,8.12
7.326183,9.29
7.2745037,7.6
7.2712264,7.32
7.4561024,6.47
7.281224,7.38
7.4065833,7.05
7.167929,7.46
7.4144053,6.74
7.492225,7.88
7.348682,6.63
7.2897925,6.15
7.0744653,6.36
7.248944,6.65
6.9014077,7.82
7.3499002,6.08
6.963159,8.27
7.143795,8.29
6.919232,9.64
7.1657176,9.14
6.8858256,7.99
6.7426095,8.92
6.885458,7.26
7.709526,4.7
5.9655647,7.19
6.4744678,7.36
5.787351,6.68
6.354655,7.27
5.9900084,6.66
6.079101,7.03
6.026764,6.7
6.0715756,6.55
6.6494164,7.04
6.390122,7.17
6.1459446,6.2
6.321042,7.89
6.364665,8.24
6.4022098,6.48
6.1577253,8.31
6.056836,8.51
6.0539527,7.8
6.1702814,7.74
6.74094,7.6
6.6604695,8.08
6.8391733,8.46
6.3791823,8.07
6.3200154,8.6
6.576979,8.64
5.9010262,8.03
7.0160875,10.05
6.477403,6.64
6.888641,8.52
7.2105494,8.7
6.5784965,8.15
7.187508,7.52
7.423538,7.44
5.868384,5.62
6.638786,7.14
6.2169404,7.29
6.1838975,6.77
6.653108,6.9
6.9575276,7.32
6.311039,6.67
6.4751954,6.91
6.503505,5.93
6.4807568,7.17
6.6073318,7.77
6.928868,5.82
6.393335,6.22
7.2498918,6.47
6.6295447,4.51
7.365542,6.12
7.417976,6.18
7.298851,6.05
7.189202,5.94
7.041594,6.26
7.224597,6.32
7.3033323,6.85
7.273375,6.02
7.33639,6.51
7.046395,4.87
7.0803757,4.65
7.140731,5.65
7.236236,4.91
7.0255685,4.9
7.004226,5.75
6.942618,6.59
7.0017204,6.07
5.08355,4.86
5.2928843,5.11
7.236013,5.59
6.882658,5.74
6.492241,5.57
6.1212115,7.46
6.299495,7.46
6.289068,7.42
6.179288,7.38
6.0681586,7.3
6.20606,7.27
6.166731,7.18
6.196202,7.13
6.0737386,7.11
6.4871807,7.0
6.330951,6.96
6.3586817,6.8
6.212125,6.7
6.163497,6.68
6.3834443,6.55
5.859773,6.7
6.593067,6.57
5.9689193,7.14
6.0675173,7.09
6.2476935,6.17
6.212502,7.03
6.367705,6.89
6.2894597,7.89
6.082853,6.85
6.1386523,7.47
6.2296476,7.7
6.868503,3.22
6.517879,3.15
6.4281306,7.82
6.25728,4.89
6.150326,5.92
6.201624,5.14
5.9074016,4.52
6.4254384,6.7
6.775456,6.51
7.1874137,6.15
7.3784337,6.66
7.587844,6.17
7.593414,6.52
7.4856553,6.3
7.5275655,6.59
7.480367,6.8
7.3285336,6.17
7.0858717,7.92
5.826384,6.45
6.216974,7.12
6.015308,6.7
6.3769774,6.18
6.359395,6.03
6.148358,5.89
5.657428,5.61
6.936315,5.54
6.308589,7.1
6.639236,7.1
6.6199126,7.52
6.78332,7.64
6.2612014,7.26
6.826918,8.22
6.06816,6.19
6.185088,7.74
6.3048377,8.05
6.4534125,8.7
6.142099,7.64
6.487994,7.06
6.647467,8.7
6.4797635,8.52
6.3759656,7.64
6.2286124,7.8
6.6083074,7.3
6.7647977,10.28
6.345653,5.09
5.901459,5.55
6.156799,6.46
5.7819743,5.7
6.614367,9.4
6.3797016,9.0
6.9064097,8.74
6.6163116,8.09
6.5541835,8.49
6.5702205,7.46
6.3893,8.19
6.5942225,7.51
6.438859,6.66
6.222546,7.05
6.0838084,7.38
6.0301404,7.66
6.4090247,7.66
6.14486,8.18
6.0112357,8.74
6.29264,8.44
7.43497,8.15
7.3587537,7.7
6.8894286,9.24
7.4255586,6.37
7.1391373,5.4
7.1292877,5.99
7.3159213,4.88
7.1631904,6.52
7.302763,6.43
6.9504495,5.94
7.3744435,5.57
7.207401,4.52
7.118274,4.52
7.0978703,5.59
7.340201,6.4
7.336321,5.92
7.219724,5.95
7.1739383,5.98
7.4207826,7.1
7.3995776,6.51
7.131678,7.4
7.231067,6.72
7.2154613,7.39
7.2835393,5.8
6.4878726,5.51
7.206876,5.23
6.867,5.91
6.357946,6.44
6.4540896,7.59
6.1700277,7.4
7.5047793,8.4
7.6271443,7.44
6.987383,6.72
6.267261,7.52
6.408377,5.86
6.96849,7.97
4.727221,6.86
5.7973657,6.14
5.575486,6.27
5.3303666,7.28
5.1933985,6.09
5.685722,7.74
5.5227056,6.18
7.382546,8.52
5.9153476,6.05
5.0726786,6.27
5.27809,6.35
5.745256,6.58
6.122972,7.15
5.811102,6.35
6.2339363,6.2
5.965422,7.76
6.268919,5.66
6.4697385,7.21
6.04099,6.63
6.4423575,5.77
6.817322,5.63
6.572945,5.49
6.5329566,5.33
4.9907346,5.22
5.084024,4.87
6.110222,5.35
5.8856187,7.33
6.0237403,6.05
5.8423333,8.3
6.3314905,6.3
5.781414,6.9
6.319074,6.9
6.4686475,5.6
6.9847045,7.1
6.270578,6.2
6.809274,6.2
6.4766073,5.4
6.60492,6.5
6.428783,5.4
6.4883895,5.5
6.9129047,5.3
6.595524,5.2
6.9214516,5.1
5.922436,6.8
6.6122046,6.4
5.92136,6.6
6.343239,3.29
7.1025558,7.01
7.309708,8.08
6.7565074,5.89
5.039631,6.31
6.1998105,5.02
5.282167,5.2
6.873053,5.59
7.3063283,5.55
6.676474,6.5
6.973373,6.5
6.2335415,6.6
5.854975,6.0
5.858151,5.7
6.2305126,6.6
6.1131043,6.4
6.1232486,6.2
6.2597413,5.2
6.4114366,5.5
6.1971297,5.6
6.102966,5.1
6.346952,6.1
6.587018,6.0
6.3755546,5.2
6.3729906,5.5
6.966043,4.4
6.8089056,4.5
6.487805,4.5
6.294356,5.7
6.465039,5.5
6.5833592,4.2
6.6381583,5.3
6.4155684,5.6
6.4463143,5.2
6.5345063,5.3
6.525245,6.2
6.2769575,5.7
6.5616746,5.7
6.863111,6.2
6.8419743,5.8
7.0074534,6.85
7.069039,7.36
7.026137,8.15
7.2900186,7.7
6.9042544,7.82
7.318353,6.24
6.735805,7.6
5.844794,6.3
6.55148,6.8
6.426577,5.6
7.0039334,5.8
6.6134043,8.3
6.5083566,7.0
5.701848,5.3
5.002966,6.6
6.4721212,7.0
6.7791705,6.3
6.845902,7.3
6.6754265,6.2
6.2584686,6.2
5.974942,6.7
6.4339767,6.9
6.3638644,5.3
5.8028584,6.6
7.2465796,7.5
6.0136,5.9
5.1139627,6.4
6.861481,8.1
6.4452214,7.3
6.495118,6.6
7.064318,7.6
5.670847,6.5
6.9508204,8.2
6.812431,7.5
5.4772253,6.3
6.5053096,5.8
7.1472697,8.1
6.2751775,6.0
6.045731,5.8
7.0102677,6.6
6.0425763,6.5
6.349451,6.3
6.561992,7.4
6.5083957,6.4
7.3297505,7.7
7.022297,5.7
6.157516,7.0
6.443477,6.4
7.0345654,6.2
6.44442,6.2
6.950546,6.8
6.445694,5.8
6.392883,7.4
6.5937686,6.3
6.4203877,5.5
6.9224153,5.7
6.2976413,5.9
6.244223,5.9
7.224382,7.7
6.3937163,5.6
6.4552207,6.5
6.0407267,5.7
5.7714486,7.5
6.733011,6.0
6.2926917,6.7
6.9494205,7.0
6.605218,6.0
6.426212,5.6
7.388675,7.6
6.926273,7.5
6.7936025,6.8
6.6084175,6.1
6.4862914,6.2
6.7577233,5.7
5.7936654,5.6
6.9390683,7.0
6.18304,6.1
6.341003,6.6
6.083357,4.3
6.559213,5.5
5.7512355,5.7
6.5959077,5.8
6.4644732,6.4
7.167438,5.3
6.072309,6.2
5.9156947,6.0
5.871963,6.2
5.8877482,7.0
6.726854,6.1
6.8253956,7.8
7.26304,7.5
6.0289044,4.8
6.5174894,8.6
6.9566483,5.9
7.084217,5.9
5.8448873,6.8
6.8573747,7.9
6.0482106,5.4
6.6152143,7.0
6.664951,6.4
5.755487,5.2
6.0731435,6.4
5.849852,5.3
6.846345,8.5
6.155382,5.6
6.5115123,5.2
6.2400765,6.1
6.9985642,6.1
6.506356,6.4
6.7595267,5.5
7.1334577,5.6
6.9331317,6.7
6.9240913,5.7
5.346891,4.0
6.6135955,8.4
4.889196,5.6
7.02237,5.6
6.705284,6.9
5.9968877,6.3
6.4514403,6.3
6.7791214,7.7
6.823264,8.2
5.7794056,6.2
6.2724614,7.2
5.741804,6.4
5.9673314,6.5
6.0292406,5.4
6.4959817,6.1
6.7073865,6.6
7.2405753,7.0
6.89535,8.6
5.539664,4.5
6.1754365,7.2
6.06088,4.6
6.2200394,6.9
6.2149396,5.8
6.5607114,7.1
6.6797786,6.8
6.879477,8.1
6.6507373,6.9
7.1637235,7.0
6.8903694,6.1
7.246341,5.5
4.0891285,4.4
6.0429454,5.3
6.4019375,8.6
6.567595,5.9
6.785856,7.6
6.6502852,6.4
6.120905,6.8
6.0637517,6.7
6.5970025,7.9
6.0042806,6.3
5.832358,6.4
7.244164,5.6
6.996238,7.5
6.9550185,7.2
6.5475073,6.5
6.326243,6.1
6.5310507,7.7
6.0151715,6.3
6.026337,7.4
7.0644107,7.8
7.154074,5.8
7.0818005,7.8
6.919007,8.0
6.0851617,7.4
6.3501635,6.8
6.747456,6.6
6.4054112,8.0
6.64226,5.6
5.146094,4.8
5.7289133,5.8
5.9634447,5.8
6.0236564,8.1
7.008992,7.5
5.1766753,5.3
6.2842817,8.4
6.5561852,6.7
6.659259,6.4
6.60899,7.0
7.125191,7.1
5.3336086,6.4
6.9319425,7.6
6.075963,5.8
6.0225673,6.6
6.8695674,7.2
6.353786,8.5
7.254791,6.1
6.7793355,6.7
6.809055,5.9
5.8941326,5.2
5.4711385,5.5
6.5382147,8.2
6.582151,7.33
6.9249444,7.85
7.1329737,8.4
7.2972865,8.7
7.024031,7.92
7.0851502,8.52
6.9770436,9.0
7.3372607,7.77
6.7295766,8.1
7.3365507,7.77
7.138844,7.85
7.167237,7.36
7.5176444,7.57
7.0532756,8.0
7.0636287,8.52
7.016662,7.92
7.4883094,8.05
6.9505725,8.05
6.819581,7.52
7.0079436,8.52
6.738246,8.52
6.866608,8.52
6.8530035,8.1
6.62662,8.7
6.709654,8.52
6.7832747,8.52
6.7498913,8.15
6.499307,8.7
6.4702544,8.7
6.101605,7.19
6.0698023,6.89
6.3945704,7.07
6.340669,6.78
5.744846,7.44
6.043478,5.5
5.853785,6.76
5.7624993,6.75
6.743717,7.66
6.4842863,6.5
6.7869353,8.3
6.850014,6.63
6.9007897,6.89
5.577371,8.0
6.543361,5.24
7.105777,7.66
6.7748084,7.05
6.7921467,7.13
7.240459,9.0
6.8608804,6.16
6.737024,7.92
7.0660634,9.32
7.1299815,9.66
6.967361,6.43
7.003489,7.19
6.7147284,6.92
6.752213,7.8
6.6798964,8.51
7.0803394,8.08
6.663575,7.7
6.6981254,9.17
6.3880715,7.92
6.8866973,9.4
6.8586664,8.36
6.8305554,8.31
6.809425,7.74
6.2740207,8.7
7.135087,8.2
7.1836114,8.05
7.433885,8.82
7.0574536,8.96
7.247792,9.34
7.1511073,8.89
7.040097,6.52
6.9548144,7.13
6.61614,6.67
6.5501204,7.3
6.7802033,5.11
6.8562303,7.8
6.8269467,7.01
7.066693,4.59
6.029217,3.08
7.167645,8.4
6.507256,8.3
6.650327,8.4
7.5250683,9.1
7.0100336,5.09
6.7535033,5.48
6.6551924,4.3
7.0751376,7.24
6.2507396,7.89
7.697188,10.89
7.827175,9.28
7.7673726,8.72
7.306068,9.23
7.5680757,9.7
7.4123583,7.94
7.5279393,8.43
7.151831,8.38
7.069905,6.94
7.162928,6.83
6.992713,7.95
7.0082755,9.06
6.93223,8.28
7.111151,7.18
7.0852113,7.24
7.0212536,7.75
7.4195323,7.6
7.304375,8.28
7.4078507,7.45
7.169328,7.08
7.3064656,7.4
6.7991953,7.7
7.3857636,6.69
7.3351808,6.39
7.2563424,7.39
7.2608466,6.94
7.2533092,7.82
7.202102,8.32
7.1292005,7.67
6.6864552,5.7
6.099977,6.63
6.772906,6.65
6.7013993,6.71
6.4526477,6.79
6.2597384,6.9
6.2354045,7.07
6.0067706,7.12
5.879231,7.46
6.818979,7.49
6.609348,7.54
6.7643833,7.72
6.7375226,4.26
6.6424313,3.86
6.9049335,4.37
6.1092153,7.89
6.3571677,7.28
6.25074,7.6
6.2126784,7.57
6.438286,6.89
5.854825,8.05
5.8231034,7.64
6.3048973,7.41
5.85291,7.15
6.2124667,6.3
5.811786,5.89
5.8672013,5.74
6.2065444,5.62
6.178184,5.89
5.2504663,5.52
7.46563,6.17
7.4587016,5.89
7.23586,6.02
7.19877,5.72
7.34718,6.42
7.3931127,5.05
7.220681,6.34
7.147278,6.44
7.3735433,6.02
7.09674,6.09
7.274671,5.31
7.17034,6.12
6.652702,4.91
7.2640815,5.48
7.2225385,5.58
6.9437566,5.96
6.9092097,6.76
6.598396,8.3
6.4169054,5.32
6.1482053,8.11
6.556586,5.34
6.8691697,6.41
7.2020183,5.8
6.9170356,6.7
6.5797763,6.92
6.929867,7.44
6.6165023,7.89
6.7335963,7.16
6.503047,7.13
6.631638,6.03
6.625539,6.48
6.6438146,7.2
6.660381,6.8
6.5872345,7.13
6.6868405,6.69
6.7425227,6.73
6.623615,6.98
6.340689,7.17
6.4536114,8.15
6.6122603,7.72
6.4656925,7.85
6.3474765,7.64
6.3668456,7.52
6.50475,6.34
6.603432,7.39
6.575816,7.49
6.403745,7.72
6.5745664,8.38
6.643775,7.46
6.6995177,8.43
6.363371,8.51
6.592299,6.85
6.8545327,9.08
6.558178,8.23
6.9392076,7.52
6.3466887,7.62
7.2084746,8.36
7.3378453,8.17
7.0924544,7.66
6.694533,8.15
6.731894,7.05
6.954352,8.12
7.0195127,7.13
7.0847874,8.33
7.2681813,8.62
7.2044206,7.96
7.2530046,8.62
6.516622,7.52
6.9212766,9.43
7.0600443,9.54
6.9309583,9.35
6.5540485,7.76
6.8053575,7.43
6.4483633,7.89
7.7937574,6.01
6.89992,6.85
7.170859,6.52
6.524327,6.63
7.062346,7.08
7.516832,7.7
7.2222247,7.89
6.81811,6.87
7.1331105,6.04
7.1353936,6.07
6.902394,7.52
6.922185,7.32
7.254352,7.52
6.8171887,7.92
6.672641,7.21
7.2385907,6.52
6.7090554,7.92
7.2997394,7.82
6.848701,6.24
6.9881535,7.14
6.665691,6.7
7.046452,7.4
7.063199,7.7
6.982458,7.41
7.3274646,7.17
7.1044188,6.95
6.5547433,5.68
6.6003714,5.85
6.693069,6.64
6.6582794,6.31
6.2704654,6.02
6.7666917,6.89
6.762455,6.77
6.374225,6.68
6.486765,6.51
6.498815,6.48
6.5579734,6.4
6.7604938,6.44
6.6358886,6.29
6.6137843,6.25
6.5767984,6.46
6.3889785,6.35
6.5446486,6.49
6.57255,6.46
6.741842,6.51
6.8042493,6.19
6.5613203,6.4
6.4775105,6.6
6.506086,6.24
6.8418756,6.28
6.6489034,5.82
6.3449597,6.12
6.385761,5.95
6.634169,5.77
6.556722,6.0
6.236258,6.06
6.0038285,6.64
5.8699775,6.22
5.9363065,6.17
6.7071013,6.25
6.8964133,7.51
6.907423,7.35
6.976479,6.1
6.813129,6.1
6.9630566,5.85
6.7490115,7.19
6.6271577,6.68
6.6082864,6.59
7.0109596,7.7
7.2276225,7.92
6.861854,6.52
6.9332414,8.0
6.9732995,7.68
7.010348,6.44
6.627624,6.44
7.215709,8.0
6.2249794,6.28
6.2351356,6.27
6.6374364,7.35
6.911678,7.57
7.04973,7.4
6.6763,7.74
6.5159707,6.19
6.252833,8.4
5.8711066,8.3
5.959528,4.82
5.9027267,6.84
6.0957885,5.05
6.0792313,3.49
5.6551924,3.22
5.5500298,7.35
6.8671446,7.34
6.894481,7.36
5.3617415,7.42
6.5747128,6.68
6.4572616,6.49
6.3345494,5.14
6.485491,6.89
6.349894,8.52
6.6086407,6.18
6.818874,5.49
6.7568617,7.01
6.8813953,10.0
6.3088565,9.0
6.460612,8.52
6.5149326,9.7
6.739332,9.7
7.039886,5.26
7.318339,5.62
6.981008,6.68
7.2955413,5.51
7.5876074,5.68
7.419327,5.68
7.818216,5.68
7.335344,5.82
7.7453866,5.62
7.5584264,5.19
7.7176385,5.21
6.3268466,6.35
6.48034,7.21
7.578216,6.18
6.253882,5.31
6.229278,6.96
6.021335,6.09
6.3431907,7.0
6.552895,6.54
6.3816814,7.05
6.936158,8.3
6.161402,6.72
6.88536,9.22
6.1239834,6.0
6.013538,4.91
6.116754,5.94
5.624904,5.03
5.8136754,4.9
5.347221,4.53
6.499593,5.82
6.7830834,9.14
6.385122,6.2
6.294534,7.12
5.927767,6.04
6.4447637,7.66
6.2454047,7.89
5.9869103,7.1
5.806103,7.54
6.3283935,8.02
6.5921884,7.89
6.4452214,6.96
6.3991446,7.96
6.805591,7.25
7.316735,8.64
6.626152,7.74
6.4236617,8.18
6.1911397,6.4
6.867539,7.5
7.0723233,5.6
6.9344535,5.1
6.88063,4.7
7.255502,6.72
7.163934,8.05
7.1193542,7.15
7.646361,8.96
7.2598577,8.8
7.309075,8.89
7.574867,8.28
7.1778054,8.89
5.1564007,6.05
4.8720317,5.31
4.6295667,5.22
4.894041,5.85
6.5081563,8.47
7.636179,8.52
5.7613573,5.22
5.804095,5.09
6.1115212,5.22
5.7119007,5.0
6.422859,6.4
7.181937,6.57
6.9694977,7.96
6.9929748,7.37
7.011248,6.05
7.145018,7.16
7.011641,7.0
7.146383,5.51
7.2076693,5.39
7.3012447,5.26
7.1404862,6.33
7.509272,6.93
6.782034,6.13
7.072553,7.33
7.2545385,6.05
7.4282064,7.41
7.0229707,7.89
7.3243213,8.52
7.505014,8.52
7.25507,7.64
7.32828,6.58
7.461549,7.1
7.0731235,7.33
7.25737,6.45
7.7375584,4.64
6.4134107,6.29
5.833074,6.51
5.986564,5.43
5.936874,6.04
5.6777053,6.47
7.080812,6.05
7.044205,5.92
6.840097,5.9
6.7017837,6.2
7.127662,6.38
6.9656157,7.42
7.1255546,6.5
7.0152235,6.43
6.795589,7.31
6.467238,7.15
7.2850337,6.62
7.0258684,6.7
7.2445517,6.66
7.050698,6.9
6.982845,6.83
6.4939632,6.2
6.457812,7.66
7.3457847,6.85
6.8423853,5.61
6.6625323,5.74
6.4151998,7.07
6.6113563,6.63
5.87412,8.38
6.0323977,4.7
7.1726127,6.76
7.290523,6.87
7.31373,6.67
7.199985,6.88
7.314783,6.74
7.412644,6.4
7.397538,6.77
7.341388,5.75
7.3022594,6.37
7.1147866,7.19
7.1576037,7.28
7.211649,6.96
7.3133073,6.24
7.4465237,7.23
6.693107,5.77
6.7666545,6.68
6.975856,7.78
7.214845,7.2
7.109119,8.85
6.991114,6.66
7.0420623,6.12
6.8387036,7.51
6.8680167,6.92
6.645683,6.68
7.188837,7.77
6.9816976,7.47
6.7614017,6.82
6.653947,6.7
6.45649,6.16
6.559531,6.19
5.9872227,7.4
6.781998,7.8
6.062342,4.35
5.7981906,5.71
6.67903,6.2
7.1576476,4.33
7.1943755,7.85
7.336139,7.7
7.174364,7.59
7.0952134,7.26
7.3160977,7.66
7.290975,7.51
7.2304425,6.89
7.35449,7.41
7.274105,7.85
7.1830306,8.4
7.090694,8.22
7.1309514,5.47
7.006125,7.55
6.9709506,7.48
6.6082897,8.26
7.640988,8.76
7.7763953,6.61
7.181315,7.72
6.3330874,7.96
7.3292665,8.3
7.355356,7.35
7.4783597,7.31
7.698399,7.39
7.625536,7.21
7.375747,7.85
7.1942806,7.8
6.419351,7.06
7.3526883,7.39
7.3147793,7.15
7.4914145,6.27
7.257836,8.4
6.7409596,5.32
6.5517025,5.29
7.091537,5.12
6.818509,5.18
6.5553584,6.7
6.2828507,7.15
6.967983,7.02
7.2630553,7.1
7.436719,6.52
7.579386,6.79
7.53599,7.01
7.602426,6.61
7.736032,6.55
7.546409,6.64
7.2811117,6.8
7.4156785,6.7
7.455602,6.9
7.2735534,7.09
7.517943,7.2
7.3244514,6.82
7.2353587,7.64
7.4682374,7.11
7.3698206,7.51
7.2773623,7.1
7.1105156,6.13
7.1880918,5.45
7.0569234,5.01
7.2102237,5.17
7.236213,6.08
6.809319,7.44
6.1084733,7.26
6.015446,5.18
6.2025533,5.6
6.402163,5.32
7.3496404,6.12
7.2615037,6.89
7.1751275,6.3
7.415645,6.0
7.226834,6.1
7.3498893,6.3
7.4084306,6.4
7.3004394,6.39
7.407019,6.5
7.477797,5.86
7.308252,5.4
7.3698554,5.2
7.482324,5.29
7.573295,5.28
7.329169,5.06
7.3555083,5.9
7.4872746,7.6
7.4897704,8.2
7.281836,5.57
7.4233356,7.18
7.4261475,6.88
7.376734,8.7
7.5023236,7.19
5.5317645,4.83
6.902602,5.85
6.9523273,6.51
6.9341598,5.68
6.958879,5.8
6.9414682,5.82
7.151241,9.4
7.1956477,5.7
6.9915204,8.4
7.438476,7.14
7.639608,9.05
6.6874337,8.05
6.0872455,5.5
5.978559,5.4
5.5710697,5.5
5.262546,5.2
6.0337605,7.0
6.3309374,5.8
5.694179,7.0
5.604538,5.91
5.617274,5.38
5.752829,5.06
5.3536057,5.12
6.2380004,6.37
6.7506337,6.3
6.1662736,6.11
6.134454,6.12
5.920653,5.55
5.534649,5.56
5.948924,5.62
5.885566,5.58
6.058251,6.28
5.937713,5.88
5.8781166,6.02
6.0585413,5.29
5.7477393,6.04
5.9229245,6.8
6.2815375,6.54
5.302017,6.7
6.041259,8.4
5.1250405,6.12
5.9427447,5.59
5.850592,6.26
5.919324,7.13
5.1455984,5.66
6.2556896,8.5
5.608023,6.51
6.538279,5.77
5.98481,6.29
5.9991245,6.8
5.7966256,5.2
6.354089,5.46
5.9105287,5.57
6.3760476,7.16
6.225888,7.11
6.014589,8.5
6.3407254,7.46
5.964427,8.7
6.0323534,6.68
5.719013,6.92
6.190472,6.38
6.005487,6.24
6.0653944,6.52
5.8721094,5.96
5.744876,6.24
6.0252557,5.85
5.8413234,6.46
6.272474,8.4
5.4740167,6.4
6.163296,6.64
5.9889345,6.41
6.3358083,5.82
6.7504296,7.12
5.8353076,5.19
6.475943,8.4
6.1540446,8.1
6.244434,7.92
6.0546136,8.4
5.8543453,6.46
6.1916614,7.15
6.488803,6.46
6.668915,7.12
6.539287,6.74
6.494707,5.8
6.4477215,6.92
6.2874503,7.03
6.6646485,7.27
6.4749684,7.23
6.5487094,7.18
6.7355027,7.03
6.7601194,6.58
6.569596,6.09
7.0000005,7.02
6.82886,7.07
6.7345786,7.17
6.8328037,6.41
6.3391423,7.06
6.722196,7.64
6.352219,7.82
5.753239,5.79
5.640164,6.52
6.298712,6.77
6.35925,5.84
6.180244,7.32
6.707305,6.21
6.389513,6.28
6.391182,6.49
6.5363326,6.24
6.442235,6.57
6.413263,7.09
6.4101777,6.37
6.440972,6.7
6.433829,5.93
6.2015657,5.28
5.5317845,6.5
6.2565,7.1
6.452516,6.39
6.3863263,5.53
6.2028656,5.61
5.925938,5.93
6.6995797,5.81
7.1513443,5.46
6.797152,5.14
5.312984,7.32
5.3066297,4.74
5.593989,5.59
5.160724,6.52
6.0027595,6.15
5.895146,7.7
5.730348,7.49
5.9473844,7.68
5.751332,7.09
6.034163,6.69
5.7887974,6.15
6.015718,7.07
5.861288,8.3
5.8636827,8.3
5.768744,7.43
5.7173405,8.4
5.8077393,6.56
6.046308,7.03
5.6917987,6.8
5.731416,7.54
5.726888,7.55
5.877153,7.46
5.468589,7.46
5.5258236,8.4
5.697558,7.12
6.1052604,6.77
5.8420644,6.23
6.177215,5.19
6.1451983,6.89
6.23048,7.3
6.540261,7.21
6.234202,7.52
7.028314,6.28
7.0259132,7.82
6.508933,7.24
6.506124,7.17
6.4981475,7.55
6.9552617,7.82
6.5295234,7.43
6.8925233,7.89
6.7115946,7.82
7.0319467,7.22
6.743116,6.86
6.8939342,5.87
6.9352026,6.44
6.736008,7.15
7.174662,7.23
7.0351644,7.39
7.081162,7.13
7.0355706,6.49
7.029879,7.89
6.306947,7.68
6.24136,7.2
5.969598,7.55
5.749646,5.06
5.700844,6.85
6.4012766,5.82
5.5988226,7.02
6.07273,8.04
6.1074004,8.48
6.1224084,7.32
6.009481,7.92
5.954369,7.37
6.0341277,7.52
5.9160314,7.7
6.01747,7.85
6.10946,7.05
5.995916,7.38
5.927523,7.0
6.002707,5.96
6.1613545,6.07
6.4119935,5.85
6.7783837,8.09
6.8738136,8.12
7.0409646,8.0
6.919536,8.0
7.469088,8.0
7.3121057,8.19
7.0594387,7.96
6.9479356,7.96
7.029963,8.03
6.9656234,8.14
6.4662104,7.48
7.071724,7.37
6.6598697,8.07
6.932825,8.17
6.138645,8.02
6.3459287,7.55
5.6820374,5.78
6.2177672,7.66
6.61158,5.42
6.6005044,5.68
5.2436953,5.85
7.625011,7.92
6.3675623,7.32
6.5283914,6.82
6.696708,7.59
6.363701,6.42
6.515216,7.37
6.560018,6.77
6.501043,6.28
6.8740597,7.0
6.888697,7.92
6.9562726,7.92
7.024981,7.44
7.1056056,8.05
7.14281,7.55
7.3973684,7.89
7.291813,5.5
7.333589,6.2
7.368123,5.9
7.405949,5.9
7.481335,5.7
7.2783303,5.0
7.6721277,5.0
7.3118825,6.0
7.465773,6.8
7.5530715,5.5
7.272138,6.1
7.476577,6.0
7.4773088,5.9
7.4625382,5.7
7.420278,6.2
7.3683486,6.1
7.518227,6.6
7.6025467,5.8
7.650272,7.0
7.594047,5.2
7.4907303,5.1
7.5460916,6.68
6.212685,6.27
6.5467405,6.91
6.548816,7.72
6.5566993,6.95
7.2990823,6.99
6.8386297,8.52
7.019254,8.05
5.900606,5.7
5.0424623,6.52
5.3072915,5.68
6.633029,4.81
6.193995,6.46
6.2966,5.98
6.3434224,6.16
7.354978,7.05
6.959591,7.52
6.9698215,7.3
6.6576486,8.0
5.5026636,5.74
5.6907625,5.74
5.560593,5.64
6.5352407,5.6
5.4117703,5.59
6.4044003,5.57
5.2760158,5.51
5.393726,5.37
5.587108,5.29
5.579477,5.27
5.1926136,5.24
5.8102417,5.19
6.2926946,5.09
5.6707306,5.03
6.0147176,5.01
4.9530287,4.92
5.711589,4.9
5.3019013,4.73
5.8580666,4.68
7.1461782,6.32
6.9369974,4.7
5.69461,4.85
7.0898194,5.32
5.9839287,5.69
6.88034,7.59
6.019987,6.48
7.1314645,8.6
7.0147653,7.0
6.400939,6.7
6.554808,7.4
6.9939322,6.0
5.748011,5.2
6.9632487,7.4
6.056784,6.6
6.9456267,6.5
5.4840803,4.9
5.051398,4.6
5.6656003,4.2
5.824034,6.2
5.3806653,4.2
6.044974,5.9
6.9786267,6.7
6.395983,7.1
7.304195,5.6
6.2593927,6.1
7.0564466,8.1
6.392612,5.8
6.6966767,6.4
7.4940915,6.3
6.5487013,5.7
6.187508,6.7
6.7520394,6.1
7.3321896,6.0
6.150251,5.6
6.3944883,6.4
5.711066,6.9
5.5935836,5.4
5.829055,5.0
5.0236,4.3
6.4838495,7.0
6.7330155,6.9
6.450481,8.0
6.931216,5.9
6.785645,5.6
6.390403,6.8
6.459105,5.4
6.0019846,8.1
6.4795833,8.1
6.9384494,6.4
6.5693517,6.9
5.7742906,5.8
7.1015534,5.9
6.7963853,7.4
6.677568,7.3
7.4683223,7.5
7.0856805,6.3
5.835926,5.7
5.8906827,5.8
6.2101383,4.4
6.2958074,8.5
7.1065254,7.4
6.4520206,6.6
6.8362927,6.3
6.9123716,5.6
6.8221993,6.8
6.9032235,7.4
6.4325333,7.5
6.8251257,4.8
6.7100496,7.21
7.3896112,7.92
7.4031544,7.92
7.355163,7.33
6.8283687,7.36
6.938334,7.27
6.717381,7.35
6.915958,7.35
7.055559,7.77
6.0959034,7.04
7.895246,7.31
6.8645806,6.89
6.597921,6.94
6.371436,7.09
6.8140826,7.1
6.720207,7.19
6.699605,7.24
6.8525867,7.28
6.992895,7.3
6.386352,7.33
6.754676,7.35
6.825915,7.42
6.6600003,7.52
6.936979,7.52
6.8345656,7.52
6.9226265,7.64
6.685204,7.74
6.400024,7.85
6.154098,6.43
7.4707556,7.92
7.410669,7.43
6.830148,7.36
6.437123,5.99
6.575068,7.37
6.5512195,6.76
5.826162,6.82
5.708846,7.37
5.918465,7.1
5.8854423,6.77
7.2339454,9.85
7.1760964,8.08
6.838577,8.15
7.2617736,8.22
6.8769383,8.17
7.101442,7.36
7.0854154,8.27
7.153753,7.53
7.2345243,8.52
6.4154673,8.21
7.421811,6.8
7.3182225,6.72
7.311071,6.6
7.239082,5.91
7.112836,6.74
7.1616464,7.11
7.122793,7.04
7.33039,6.8
6.925453,6.57
7.0701423,6.16
7.1205153,6.21
7.1645813,6.44
7.160294,6.46
7.0431333,6.7
6.995973,6.8
6.977941,5.31
7.1144004,6.85
7.097114,5.77
7.066643,5.7
6.9642844,6.17
7.088075,6.24
6.5536838,6.24
5.8381886,6.51
5.8381543,4.14
6.161364,6.04
6.2086053,5.77
6.870175,5.1
6.247626,5.8
7.5342016,7.33
6.9292717,9.12
6.677364,8.01
6.829656,8.33
7.307895,7.8
6.8523564,7.85
6.355048,7.48
6.5795345,7.25
6.4052215,7.92
6.4953628,7.64
7.19024,8.4
6.4030395,6.11
6.713021,6.85
6.5618796,6.6
6.318994,7.19
6.3124576,7.26
6.8454556,7.06
6.4364457,6.24
6.1743665,7.2
6.2381964,6.92
6.33055,7.41
6.242016,7.13
6.165293,7.54
6.147533,7.0
6.326753,7.62
6.5591645,6.33
6.692214,7.57
6.743037,6.82
6.9928403,7.0
6.8701324,8.52
6.3817134,5.46
6.905538,7.07
7.308561,7.67
6.74213,7.31
7.0035653,7.25
7.200461,7.63
7.2573113,7.48
6.9994426,6.48
7.014854,6.11
6.7425723,5.72
5.3129306,6.96
6.665731,8.4
7.1220107,8.4
6.904184,8.3
7.0228906,8.22
6.9566894,8.15
6.9453845,8.15
6.85466,8.1
6.907828,8.1
6.524567,8.0
6.648094,7.96
6.7658615,7.89
6.8025384,7.82
6.725957,7.82
6.899555,7.82
6.751509,7.8
6.8444943,7.54
7.145348,7.51
6.777209,6.66
7.033769,6.19
6.6469445,7.82
6.360992,8.22
6.6118684,8.15
6.6212087,8.1
6.5924563,7.92
7.15258,7.92
6.832026,7.89
6.664372,7.89
6.859627,7.85
7.0115924,7.82
6.6653,7.77
6.663974,7.41
7.203924,7.32
6.851414,7.19
6.5057645,7.0
6.3959756,6.7
6.693694,6.37
6.560225,6.17
6.41948,7.92
6.1938014,7.41
6.9449124,7.64
6.961262,7.52
6.611915,7.59
6.5291715,7.49
7.117041,7.41
6.514956,7.27
6.607516,7.19
6.772259,7.14
6.7613225,6.74
6.678871,7.0
7.1501513,8.4
6.8781567,8.0
5.8140035,6.07
6.329411,6.92
6.4058895,5.85
5.6822085,5.8
6.6744814,6.96
6.803739,7.22
6.8922954,6.82
6.5979915,5.96
6.4071646,6.04
7.103681,5.84
7.0774045,6.18
7.2105975,6.98
7.308096,7.06
7.2421455,7.08
6.6045146,7.13
7.425798,7.68
7.2510867,7.18
7.0013003,6.86
6.833997,5.79
7.1751714,7.59
7.394847,7.61
6.9344,7.37
6.87284,6.79
7.1450458,7.87
7.0547624,7.73
7.0482373,7.59
7.0364537,7.26
7.251186,7.08
6.956797,6.7
6.935077,6.75
7.059273,6.78
6.599419,6.39
6.7506614,7.46
7.402829,6.36
7.288277,7.72
7.1638193,7.44
7.248285,7.66
7.3282504,7.82
6.7457004,6.09
6.810402,6.24
6.7597494,6.82
6.7327733,6.98
7.2706885,7.86
6.79413,7.57
7.076632,6.22
6.9138417,6.07
6.6588535,6.2
6.1642666,5.84
6.3481526,5.78
6.2426944,6.29
6.025151,5.54
6.91954,5.78
6.0317397,6.4
6.736345,5.8
6.9471226,5.5
5.5635686,5.3
6.4503913,5.5
7.0219436,7.1
7.018286,6.2
7.1587,6.9
7.1745014,6.2
6.736652,6.7
6.765826,6.8
7.1355195,6.5
7.083054,6.2
7.0694118,5.2
7.1702714,6.6
7.1193075,6.7
7.4406333,6.2
7.434135,5.7
7.2794166,5.7
7.2436223,4.7
7.4281745,7.04
6.42526,6.77
6.118756,6.24
5.9730406,7.0
5.9107537,6.09
5.2449284,5.48
6.601995,7.72
7.3327556,8.52
7.3237615,8.7
7.2608533,7.28
7.27971,7.02
7.2917094,9.0
8.036862,7.72
7.4535193,8.3
7.3619313,8.52
7.336453,8.52
7.6719365,8.52
8.047893,7.85
7.4972997,7.96
7.5471005,8.0
7.8243704,6.72
6.728504,8.05
7.0781913,9.8
7.1634965,9.74
7.2241597,7.19
7.160106,8.23
7.194384,7.85
7.244827,10.02
6.8926167,7.7
7.1066732,9.64
7.0090423,9.64
7.1979575,9.06
7.274083,7.64
7.1654263,9.28
7.159922,10.13
6.853557,7.96
7.102803,7.59
7.144553,7.92
6.9948735,8.47
7.2227054,8.46
7.3712525,8.72
7.1411424,10.34
7.074927,7.19
7.4018416,8.0
7.2410254,8.82
7.17007,9.4
7.1699686,7.25
7.199072,10.0
6.642299,6.82
6.6599994,7.28
7.4517536,6.42
6.5408564,6.33
7.268136,6.35
6.7965794,6.46
6.9192305,7.05
6.831248,6.82
6.9031825,7.1
6.6864457,7.7
6.302645,6.1
6.557627,6.1
7.3031263,4.0
7.32348,5.0
6.0215864,5.89
6.515882,7.43
6.794905,4.96
8.089508,3.8
7.489738,7.74
8.120295,4.72
6.4126534,6.24
6.212203,6.68
7.0714974,8.22
7.3953185,7.82
7.4090257,7.82
6.892448,5.82
6.121839,6.0
7.1876607,8.05
6.7770176,8.22
6.0749507,6.34
7.5334387,8.3
7.3113685,5.0
7.410209,8.7
7.088631,8.4
7.1547427,8.3
7.286157,3.52
7.6123757,8.4
6.695787,9.0
7.4471526,8.15
6.501864,8.1
7.0001073,7.96
6.7526298,4.42
7.3972077,7.68
7.2295947,7.38
7.347632,8.15
7.529782,8.82
7.512481,7.7
7.347943,8.82
7.595272,7.83
7.2935276,8.33
7.041347,8.89
7.448543,8.64
7.359313,7.49
7.4945374,8.05
7.342879,7.0
7.039518,8.06
5.74233,5.15
5.5191145,5.35
6.110978,5.89
6.0752177,7.0
6.3480024,7.52
6.349938,6.14
6.42482,7.7
6.8698077,3.95
7.004254,5.46
7.206048,5.85
7.190846,6.0
7.4001436,6.0
6.957063,6.0
7.1468344,6.0
6.7495465,6.0
6.771273,5.0
6.32348,7.0
6.783458,6.0
6.991696,6.0
6.909822,5.0
6.8324327,5.0
7.06216,5.0
6.6414886,6.0
7.0694184,6.0
6.815174,5.0
6.868162,5.0
6.885676,7.0
7.0569177,7.0
6.2040157,7.0
6.740749,6.0
6.4207487,6.0
6.604934,7.0
6.60776,5.0
6.363124,5.0
6.9410634,7.0
7.2585864,5.0
7.267033,6.0
7.081369,5.0
7.00671,6.0
6.91616,6.0
7.0497646,6.0
6.952111,7.0
6.8846574,6.0
6.8500395,6.0
7.155009,5.0
6.8239813,7.0
7.124925,6.0
7.1952567,7.0
6.8240113,7.0
7.146502,6.0
6.750652,5.0
7.028658,5.0
6.9609675,6.0
7.245188,5.0
7.172577,6.0
6.7631187,6.0
7.1465383,5.0
7.1884484,5.0
6.90151,5.0
6.946387,6.0
7.123435,6.0
7.2317834,5.0
7.1197944,6.0
6.96656,5.0
7.0346775,5.0
6.9019175,6.0
6.8924913,5.0
7.025468,6.0
7.0731463,6.0
7.0759144,6.0
7.2152305,6.0
7.1947827,5.0
7.137957,6.0
6.988223,6.0
6.6909404,6.0
6.7514176,6.0
6.6966333,6.0
6.581352,6.0
7.056206,6.0
6.8532395,6.0
6.8178253,6.0
6.999594,5.0
6.7291265,5.0
6.894185,6.0
6.814173,6.0
6.808357,7.0
6.900574,7.0
6.9238663,5.0
6.7326026,6.0
6.646441,6.0
6.67363,6.0
6.862552,6.0
6.52539,6.0
6.401365,7.0
6.6680856,6.0
6.8714247,5.0
6.9730763,5.0
7.2056603,5.0
7.1656914,5.0
6.88143,5.0
7.30216,5.0
7.1928844,5.0
7.0894456,5.0
6.7794375,6.0
7.145388,5.0
7.0662856,5.0
7.062378,5.0
7.1396537,5.0
6.976646,5.0
6.786294,6.0
7.0562024,6.0
7.1599264,5.0
6.970364,5.0
7.011039,5.0
6.7234035,5.0
6.611465,5.0
6.674723,5.0
6.814069,5.0
6.728415,5.0
6.8736353,5.0
6.881102,5.0
6.537522,5.0
6.629851,5.0
6.4995627,6.0
6.810255,5.0
7.1309266,6.0
7.2809863,5.0
7.3582926,6.0
7.38143,6.0
7.328064,6.0
6.918879,5.0
7.0366426,6.0
7.062013,5.0
6.663032,6.0
7.147079,6.0
7.067303,7.0
7.0560555,7.0
6.9620585,7.0
6.8443494,7.0
6.784688,7.0
6.9827094,5.0
6.9699683,6.0
7.0633845,6.0
7.0385895,7.0
7.0712476,7.0
7.054199,6.0
7.1796317,5.0
7.1340423,7.0
6.9057646,6.0
7.0599146,6.0
7.1774516,6.0
7.1762967,7.0
6.970777,6.0
7.2307825,7.0
7.0817046,5.0
7.1924386,6.0
6.938374,6.0
7.311849,6.0
7.312367,6.0
7.142301,7.0
7.0474977,6.0
7.2579722,7.0
7.1436677,6.0
7.1720886,6.0
7.2495046,6.0
7.148764,7.0
7.2284985,6.0
7.2513976,7.0
7.2917824,6.0
7.0937943,6.0
7.3048563,7.0
7.168748,7.0
7.173242,6.0
6.3880973,5.0
6.5340652,6.0
6.95099,6.0
6.4613786,6.0
6.3448763,7.0
6.62629,6.0
6.592586,6.0
6.73567,6.0
6.688338,6.0
6.2184434,6.0
6.7916865,5.0
6.7491994,7.0
6.547728,7.0
6.7847733,5.0
7.1729217,6.0
7.0926843,6.0
6.830515,7.0
7.1052923,6.0
7.1298394,6.0
6.7925153,7.0
6.846306,6.0
6.8433776,7.0
6.9032984,7.0
7.0030107,6.0
7.0449777,6.0
7.0077686,7.0
6.858415,7.0
6.783786,7.0
6.640041,7.0
6.8958936,5.0
6.864973,6.0
6.7507815,7.0
7.1575933,6.0
6.9933915,6.0
6.9590144,7.0
6.7273564,7.0
6.981282,7.0
6.891997,6.0
6.7017255,5.0
6.8175163,5.0
6.3831987,6.0
7.1882997,5.0
6.547711,7.0
6.9064775,5.0
6.113475,6.0
7.022059,5.0
7.0166526,5.0
6.524559,7.0
7.301458,5.0
7.014036,6.0
7.032559,7.0
7.0520177,5.0
7.055071,6.0
6.90398,7.0
6.8079467,7.0
6.9782524,7.0
7.1825624,6.0
7.145529,7.0
6.9998984,7.0
6.900416,7.0
7.3503356,7.0
7.255502,7.0
7.138578,7.0
7.3613496,6.0
7.2648015,7.0
7.2682915,6.0
7.192242,6.0
7.2129745,6.0
7.5832105,6.0
7.399792,6.0
7.533667,6.0
7.423116,6.0
7.516686,6.0
7.4508977,6.0
7.2683625,6.0
7.7389765,6.0
7.660833,5.0
7.396873,6.0
7.4088855,5.0
7.6138225,5.0
7.631554,5.0
7.723235,5.0
7.4810295,5.0
7.6622376,5.0
7.482792,6.0
7.5537753,6.0
7.0797954,6.0
7.443917,5.0
7.437836,5.0
7.1035275,5.0
7.382915,5.0
7.3234744,5.0
7.2695603,5.0
7.576286,5.0
7.5815997,5.0
7.4674788,5.0
7.499533,5.0
7.5123563,6.0
7.565086,5.0
7.536902,5.0
7.576149,5.0
7.330804,5.0
6.331905,5.0
6.888411,5.0
6.2971716,5.0
6.466642,5.0
6.5157933,5.0
6.18423,6.0
7.11031,7.0
7.315603,7.0
7.4042716,6.0
7.531053,5.0
7.6126533,7.0
7.5182624,7.0
7.6214523,6.0
7.6308026,7.0
7.500397,7.0
7.581152,7.0
7.3174944,6.0
7.7624364,6.0
7.3302493,7.0
7.395603,6.0
7.3698997,7.0
7.4355083,6.0
7.35303,7.0
7.7175436,6.0
7.375817,7.0
7.3274827,7.0
7.5140147,7.0
7.290147,6.0
7.324696,7.0
7.2330556,7.0
7.323277,7.0
6.633221,6.0
7.4576526,7.0
7.350188,7.0
7.035684,6.0
7.3921533,7.0
7.2104106,6.0
7.299627,7.0
7.4274015,6.0
7.4302764,7.0
7.407642,6.0
6.554022,7.0
7.0901318,7.0
7.033614,7.0
6.7627397,6.0
6.6295886,7.0
7.0810604,7.0
7.1530957,6.0
7.056276,7.0
7.389896,7.0
7.0918717,5.0
7.0718455,6.0
7.36226,7.0
7.0326095,7.0
7.091518,6.0
7.2012014,6.0
6.8426886,6.0
7.2787223,7.0
7.4023547,7.0
7.3643365,5.0
7.1296363,5.0
6.870671,6.0
6.822815,6.47
6.140349,4.49
6.938912,5.39
7.032027,6.0
7.166002,5.0
7.3768396,6.0
7.1842704,6.0
7.0644417,6.0
7.4718003,5.0
6.445006,5.38
6.6430793,5.67
6.762718,5.6
7.150504,6.0
6.7779784,6.67
6.9643893,6.14
7.0134883,6.0
6.481842,5.58
6.886215,6.27
6.981341,5.99
7.0442996,6.06
6.615066,6.1
7.080174,6.94
6.7210793,5.06
7.01977,5.6
6.889411,5.85
7.0917783,5.8
6.8601227,6.63
6.9447865,7.2
7.2366047,6.16
6.2908964,6.37
6.1079845,6.81
6.237066,5.93
6.991671,6.38
6.831017,6.96
7.0170407,5.92
6.7899485,5.36
6.6327143,5.87
6.3106675,5.78
6.5411763,5.79
6.6806836,6.2
6.929075,6.36
6.7715125,7.04
6.6797013,7.17
6.9489884,7.14
6.9079294,7.66
6.76298,6.24
6.982857,6.81
6.890241,6.81
6.9663806,6.66
6.7819314,7.19
6.646339,5.82
6.7673697,7.17
6.6956306,6.45
5.0933185,5.97
5.724225,5.66
5.8974137,5.88
7.354488,7.08
6.941698,7.1
5.9615245,5.14
6.7678523,5.71
6.5506763,6.3
6.85508,5.79
6.7061963,5.78
6.048048,6.69
6.455321,6.95
6.2563324,6.9
6.6692605,6.85
6.7307153,6.52
6.2551417,5.84
6.4126225,6.43
6.611771,6.74
6.0508924,5.96
6.4020677,6.6
6.332317,6.71
6.5347857,5.68
6.612684,7.01
6.4150615,7.74
6.6454244,7.02
6.535127,6.88
6.5633583,7.19
6.37432,8.1
6.103267,4.96
6.510722,5.46
6.563068,5.7
6.3438773,6.15
5.9823966,5.74
6.4040504,5.66
5.792476,4.83
6.243882,5.0
6.4233828,4.37
6.9523854,5.82
6.498319,6.15
6.557634,5.69
6.6903267,5.26
6.2829223,6.68
6.690835,5.27
6.826876,5.82
6.6483617,6.31
6.8281803,5.83
6.7083144,6.72
6.8987875,6.89
6.8700123,7.04
6.9349427,7.25
7.3878956,7.06
6.6316757,7.46
7.290589,8.38
7.7049747,8.22
7.761085,7.77
7.0253935,5.62
7.1553073,6.12
7.189593,6.45
7.0528417,5.07
7.2457185,6.0
7.4002805,7.14
7.476897,7.84
7.5674024,8.35
7.349099,8.04
7.222256,8.29
7.556683,8.26
6.8579698,6.57
6.9518075,6.55
6.8611913,7.72
7.3200355,5.6
6.049626,7.29
6.5595145,8.1
6.819057,7.85
6.7989697,5.6
6.5039315,8.05
6.0746794,8.05
6.4985085,6.85
7.625418,8.7
6.3303647,6.5
6.6102815,6.7
6.422646,6.82
6.5558076,6.04
6.697107,6.27
6.6324935,8.22
6.534685,5.64
6.739872,6.74
5.946288,6.74
5.997998,7.23
6.329651,7.85
6.572947,7.72
6.304277,7.28
6.478192,6.85
6.1756244,4.89
6.224801,5.08
6.0510774,4.55
6.388965,5.38
6.801496,5.01
6.649512,7.22
6.9285684,8.0
6.960958,7.52
7.042439,7.3
6.6753774,7.7
6.6236825,6.85
6.871089,7.7
6.6597123,7.4
6.3661847,4.42
6.4284205,8.1
7.4756846,7.32
6.5237103,7.8
6.426317,6.37
6.3809,6.23
6.5500593,6.09
6.5281024,6.0
5.9490952,7.2
6.7937937,5.77
5.963535,5.73
6.395202,7.43
6.4508853,5.71
6.4760623,5.44
6.526112,6.62
6.592073,6.62
6.432899,5.37
6.5430803,6.48
6.7217336,7.46
6.5676923,6.78
6.694907,7.09
6.8244157,6.92
6.7092214,7.5
6.466207,6.64
5.792902,7.32
6.594669,6.48
6.4077134,7.24
6.2408214,7.77
6.6388154,7.14
6.446672,5.75
7.046075,5.2
6.806331,7.43
6.4045424,5.96
6.641515,8.7
6.994905,7.57
6.7159743,9.0
6.9467125,7.89
6.794451,8.52
7.0683017,7.96
7.0978208,7.52
6.8169866,9.0
7.3949494,7.47
6.928125,5.72
7.1872706,6.06
7.0249286,5.96
7.269508,7.72
7.034609,6.14
6.606873,7.96
6.873602,7.32
6.5355296,7.64
6.7677197,5.72
6.9110026,8.7
7.0175548,6.77
6.8713765,5.87
6.9019704,6.89
7.267306,8.22
6.9224,7.12
7.3983603,6.2
5.7884398,6.8
7.135181,8.3
7.260839,8.1
6.300651,6.3
7.009543,6.9
6.967984,6.0
6.6015353,7.4
6.887713,6.7
6.605067,6.5
6.243278,6.6
5.8746414,6.3
6.9508123,6.3
6.5698514,7.5
6.7951846,7.6
7.48174,7.5
6.242219,6.9
6.8210616,6.8
7.0434504,9.1
6.0575767,5.2
5.4348044,6.0
6.0978265,5.9
7.172043,6.3
6.8230515,6.5
6.5136657,6.5
5.6450944,5.3
6.732277,6.6
6.8077645,7.9
5.7530313,7.0
6.6091266,6.4
5.3971004,6.4
6.4916625,7.5
6.059542,5.5
6.459695,5.7
6.8928256,5.4
5.9881616,5.5
6.7663302,7.0
6.1688647,6.2
5.6931267,6.7
6.734243,5.7
6.5423408,5.8
6.3514686,6.9
6.3820615,5.2
6.909353,7.5
6.540404,6.3
5.4462094,4.7
7.189196,7.9
5.6350274,5.0
6.534221,7.0
7.3495812,7.2
7.4714108,8.9
6.4084682,8.5
5.898993,5.8
6.2789044,7.3
5.864817,6.1
7.585228,6.8
7.349038,7.1
6.3712378,7.3
5.7121887,5.6
6.2878103,8.2
5.9710526,6.1
6.3023515,6.8
6.517841,8.9
6.470843,6.0
6.202449,6.0
5.8149986,6.7
7.21096,7.8
7.026668,7.5
6.640963,6.4
5.9030156,6.5
6.540098,6.5
7.0972953,6.6
6.456906,8.5
7.0665483,6.7
6.2885194,6.4
5.3133273,6.1
6.5112586,7.5
7.500263,8.1
6.0875177,6.4
6.048145,8.3
6.2949357,6.4
7.2662477,6.6
5.2558017,5.4
6.9548926,6.6
7.2288117,8.9
6.1903977,5.8
6.3122363,7.4
6.8552604,5.3
6.189443,6.0
6.52508,7.6
6.472231,8.2
5.354609,7.2
7.6903853,8.3
6.7217336,7.6
6.5520062,7.6
6.147226,6.7
6.4849386,6.3
6.357758,7.9
7.361006,7.7
6.7406464,5.1
6.601848,4.7
6.378118,5.8
5.942227,6.6
6.484466,5.5
6.7545476,5.9
6.483448,8.7
6.652792,5.3
7.046414,7.7
5.5390773,7.3
6.250699,6.19
6.5378833,5.94
6.469764,5.66
6.490954,5.61
6.583961,5.59
6.3447843,5.54
6.399681,5.34
6.1903253,4.86
6.415171,4.67
6.1329193,4.23
4.941077,4.19
5.5177703,4.14
4.9334564,4.12
5.430508,3.57
7.1751223,7.24
6.6141906,7.48
7.086099,7.85
7.0028977,7.89
6.93964,7.96
7.0346,8.0
7.101315,8.22
6.9585767,8.22
6.669473,8.22
7.3867397,8.4
6.944509,7.82
6.996652,7.77
6.873366,7.32
6.3679223,6.32
5.7336774,6.24
6.461134,9.28
6.29878,6.77
6.579102,7.57
6.4069405,5.85
6.4135404,7.3
6.7343745,4.42
6.461926,8.05
6.4542384,6.21
6.318031,6.42
6.597017,5.92
6.5754886,6.25
6.5718336,5.89
6.681109,6.3
6.6138606,5.67
6.791832,5.47
6.8236594,4.89
6.7464433,7.0
6.70071,6.4
6.34225,6.85
6.4189277,6.47
6.5478644,5.62
6.5222096,6.34
6.35611,6.82
6.5893292,5.28
6.2085347,6.96
6.8661914,7.22
6.4642224,7.4
6.4607987,7.37
6.380523,7.52
6.6069927,7.05
6.3078017,7.1
6.435771,7.15
6.617906,7.52
6.8681407,6.92
6.5932,6.19
6.4966455,5.48
6.287683,5.28
6.5180655,4.28
6.1814084,5.43
6.3395677,4.53
6.63434,4.73
6.842887,4.52
6.6494436,6.92
6.729014,5.19
6.4715095,7.22
6.8525524,6.37
6.013791,7.89
7.012239,6.69
6.8869557,6.98
6.8833537,6.85
6.626861,7.52
7.520552,7.92
7.745256,7.49
6.82327,7.44
6.5934625,7.41
7.012075,6.85
6.4806137,7.28
6.5721507,6.63
7.2988167,5.26
6.6912217,7.52
6.6315675,7.66
6.451019,7.36
6.593893,7.74
6.308316,6.92
6.5541086,6.96
6.6504245,6.11
6.423043,6.77
6.568826,6.92
6.187799,5.6
6.217134,7.05
6.183035,7.21
6.268729,8.0
6.3560395,6.31
6.4099007,6.28
6.367137,7.77
6.1838193,7.59
6.0035605,6.46
6.47681,8.15
6.069938,7.0
6.062567,7.15
6.1151934,7.55
6.0986466,6.05
6.135325,6.27
6.070671,7.0
6.399072,7.09
6.425771,6.92
6.3804727,6.89
5.8969674,6.77
6.2591834,5.96
6.906963,7.48
5.9364963,8.22
5.9968348,8.92
6.812197,7.52
7.069693,6.07
6.776677,6.1
6.568456,5.19
6.569199,4.92
5.9887757,4.98
6.5200596,4.82
6.3935714,4.34
6.5675306,6.33
7.0081744,5.13
6.966794,6.04
6.7630906,5.0
6.591556,5.73
6.702378,5.2
7.102735,5.39
6.717425,5.96
6.26799,5.93
6.3740616,6.04
6.156971,5.74
6.4280734,5.68
6.35674,6.72
6.5497413,5.73
6.735495,5.96
6.8472853,4.84
6.5122437,5.09
6.49853,4.88
6.567364,5.6
7.105413,4.39
7.1056256,4.55
7.1761794,5.16
7.1233506,5.2
6.168316,5.41
6.638612,4.77
6.8574715,4.61
6.815,4.46
6.742367,4.38
6.6080832,4.85
6.821976,6.68
6.764767,8.17
7.0217085,7.86
6.6667504,8.3
6.8331213,7.75
6.655535,8.02
6.758739,9.07
6.917393,8.95
6.5288134,8.58
6.9448533,6.81
7.136416,6.97
6.666558,8.19
7.1344867,6.83
6.4394603,6.74
6.7383304,6.25
6.9602833,8.07
6.7677016,6.98
6.6828103,7.98
6.5424366,6.74
7.091687,7.07
6.6298337,8.13
6.924952,7.43
6.898042,8.1
6.830319,7.69
6.477795,7.89
7.262421,5.77
7.471194,8.24
6.6703296,6.67
6.9138036,7.36
6.7688303,6.91
6.5921187,7.78
6.7872305,7.46
6.8527713,6.47
7.0208287,8.47
6.9025083,7.39
6.77966,7.02
6.9649153,7.77
7.2456746,7.19
7.2094455,7.83
7.373185,6.9
6.6276364,7.95
6.7764974,7.67
6.8972726,8.27
6.7723913,6.34
6.6406684,6.83
6.9467363,7.48
7.1220517,7.36
7.194226,5.8
6.358911,8.11
6.924859,8.52
7.0689983,7.19
6.9358068,7.52
7.19111,7.73
6.4677863,6.42
6.322296,5.87
6.7212877,8.23
7.1369896,7.44
7.5752497,7.47
7.0489306,5.91
7.243852,7.66
7.2912917,7.64
7.2332954,7.88
7.3455133,6.81
7.0272174,8.0
6.6359253,7.96
7.0912714,5.6
7.0010514,7.38
7.1414104,6.14
7.363561,8.07
7.437279,7.66
6.74643,7.91
7.449727,7.41
6.897126,7.0
6.8002496,7.61
7.064013,6.43
7.030132,7.59
7.4036393,7.64
7.187308,7.75
7.076434,7.8
7.032843,5.39
6.9585905,6.13
6.9912105,7.93
6.9366865,6.28
7.2542033,8.22
6.7926707,7.62
6.711068,6.22
6.808945,7.03
6.4877553,7.43
7.0824122,7.26
6.600056,7.3
6.823396,7.41
7.0196233,7.02
7.0669484,6.78
6.8272624,7.45
7.152494,6.81
6.5931125,6.81
6.898151,7.63
6.5777855,7.47
6.5890303,7.27
6.73795,7.11
6.8351755,8.19
6.70777,7.13
7.0626893,8.15
7.0172143,7.49
7.126678,6.76
7.3188243,6.84
7.217384,7.63
6.8325686,7.71
7.082769,5.75
6.397557,6.39
7.100927,7.94
6.590484,7.99
7.0481324,8.5
6.8272853,8.13
7.02801,7.77
6.896937,6.1
6.950651,7.93
7.4148145,7.65
6.7768493,6.89
7.1692595,8.33
7.008514,8.18
6.780752,7.14
7.3694453,7.48
6.77321,7.44
6.9141364,7.85
6.9427905,7.58
7.233771,6.33
7.3062506,7.4
7.0622787,7.43
7.0308933,6.06
6.715045,6.29
7.5541043,7.2
7.1732936,7.28
7.2810783,6.4
7.508526,6.66
7.288118,6.44
7.25201,6.71
6.6821904,8.01
6.9881167,6.46
7.0295672,8.15
7.195933,8.37
7.135023,6.76
7.0103393,8.49
6.520905,5.73
7.332833,7.43
6.6615157,6.88
6.815253,7.19
6.763246,7.29
6.556499,6.49
7.1336136,7.78
6.920042,6.84
7.1344304,7.22
6.7639866,8.07
6.6895394,8.12
7.3202434,7.58
6.908614,7.95
6.999666,7.82
6.794706,8.98
6.6357093,8.34
7.1816573,8.49
6.8952374,6.3
7.4091897,8.75
7.105717,8.62
7.319488,8.61
6.5363584,7.21
7.0193577,7.93
7.405337,8.81
6.712111,7.41
7.2267227,8.37
7.472424,9.59
7.5404763,9.41
7.4588933,9.37
7.4567003,8.91
6.68869,8.0
6.2201457,7.34
6.726279,7.39
7.1513534,7.0
6.7373614,9.1
6.680974,7.01
6.9575925,8.05
6.723243,7.63
6.829246,8.18
7.1813803,7.95
6.767335,7.26
6.9478154,8.19
7.315574,7.11
7.636462,8.34
6.8297896,6.69
7.231239,6.74
7.1931853,7.67
7.0680346,5.46
6.6193047,6.55
6.881341,7.3
6.675814,6.01
7.1703696,5.75
7.183714,6.62
6.932138,6.07
6.944795,7.01
7.3634095,6.82
7.0901513,6.56
7.3860264,5.94
6.9291654,5.77
7.2568517,6.84
7.0362053,5.75
7.2623496,6.96
7.26533,6.97
7.2833595,6.24
6.7481856,7.15
7.086985,7.51
6.85399,6.88
6.9078774,8.67
6.813462,7.2
6.9991536,6.26
7.37141,6.55
7.232807,7.65
7.0333076,7.68
7.052179,7.77
7.0552626,8.14
7.4427633,7.09
6.9784245,4.87
7.273094,5.67
6.7706165,8.39
6.78579,6.77
6.726706,6.08
5.3785834,6.62
6.6883063,7.51
6.43942,7.44
7.14973,8.0
7.0271745,7.89
7.196549,7.35
7.0957007,7.29
7.0316405,6.62
6.792578,6.66
7.119964,7.06
7.0135126,6.37
6.95094,6.29
6.825623,7.8
6.7046733,7.72
6.3668437,8.3
6.649302,8.52
6.67235,8.52
6.6552587,8.22
6.575111,7.4
6.9733877,7.96
6.824388,7.72
6.894771,8.52
6.9343324,8.22
6.613368,8.7
6.6396875,8.22
6.726464,8.7
7.1163154,8.7
6.8678613,8.7
7.220262,8.1
7.2738953,8.22
7.293922,8.3
7.308356,8.0
7.3367214,8.22
6.843425,6.34
6.582146,6.11
6.4894257,7.72
6.970925,5.36
6.4759545,4.8
6.5776563,6.55
6.7841687,6.55
7.1090827,6.47
7.08709,6.0
6.459125,7.77
6.4686513,5.29
6.9066243,7.07
6.5310674,6.21
6.894854,7.96
6.741847,6.68
6.6185527,5.03
7.130865,6.19
7.482556,6.4
7.1337295,5.62
7.1310587,6.24
6.9077125,7.34
6.8986506,7.85
6.658417,7.41
7.2162747,6.86
7.342278,6.26
7.492475,6.62
7.1501565,5.8
7.169879,6.14
6.7476583,6.8
7.323038,8.52
6.9675293,6.72
7.015846,7.02
7.0993123,6.51
7.2260413,6.0
7.4441524,5.72
7.583701,6.92
6.060785,5.51
7.107777,7.52
6.280701,7.7
6.3727293,5.98
6.751648,7.89
6.7984557,6.96
7.33111,7.62
7.367885,8.27
6.436505,7.82
6.6230426,7.68
7.355726,7.8
7.0505795,7.25
7.0501018,9.1
7.0284724,8.51
7.6053915,8.92
7.264178,8.49
7.048779,8.1
7.4296246,8.39
7.211847,9.17
6.844174,7.57
6.7836356,7.74
6.9334264,7.48
6.603562,7.09
6.776247,7.72
6.464395,7.15
7.6288733,9.0
7.6560555,8.52
7.541805,8.52
7.6034827,8.3
7.657891,8.0
7.036009,7.66
6.9762754,7.96
7.013562,7.04
6.6419234,8.15
7.114303,8.52
7.129727,8.4
6.6772494,7.28
7.3733954,8.15
7.0174837,7.32
6.546096,8.15
6.810008,7.0
6.1706567,6.61
6.6175103,5.9
7.5099874,6.45
6.4279184,7.03
6.6653104,5.94
7.0383162,6.99
6.6979117,5.71
6.834364,5.03
6.803316,5.51
6.5080667,6.68
6.5397577,6.18
6.614434,5.35
6.637015,7.01
5.9341216,5.03
6.911012,7.19
7.137098,7.33
7.2221856,6.98
7.175305,7.23
7.194551,7.35
7.3017507,7.27
7.175305,7.47
6.458486,8.7
4.8316627,4.47
4.9781814,3.43
5.4198947,4.2
7.4176583,6.48
7.063885,6.82
7.1059823,7.92
7.062489,6.06
6.7144938,7.08
7.3767133,5.72
6.9775567,6.26
7.1262994,5.92
7.323685,6.06
7.159285,6.06
7.4318967,6.54
7.7072306,9.28
6.1687083,5.63
7.4516916,5.02
6.127619,5.58
8.034676,4.54
7.8032975,5.72
6.9467993,4.35
6.7494097,6.64
7.589416,5.52
7.695742,8.0
6.7593074,6.12
6.7295365,6.51
6.4425855,5.46
6.563566,5.39
6.616465,6.25
6.8556223,4.59
6.800529,4.92
6.7444263,6.14
6.649757,6.47
6.527041,6.96
6.776445,5.49
6.5153675,6.85
6.674353,5.64
6.5867047,6.2
6.7230415,5.47
6.6470766,6.25
6.768595,5.66
6.731617,6.52
6.6347966,6.7
6.91947,5.68
6.8260446,6.42
6.767675,7.12
6.8952527,5.82
6.8641167,6.47
6.8039474,6.02
6.6493516,7.34
6.907223,6.21
6.8217435,6.82
7.020138,5.03
6.8805547,5.64
6.8414373,6.23
6.902621,3.72
6.822841,6.46
6.9448395,6.96
6.6256423,6.74
6.6242394,6.92
6.693503,5.62
6.5769696,5.96
6.6447616,6.32
6.7666006,6.34
6.847394,7.33
6.8118033,6.49
6.6688104,5.14
6.8771243,5.92
6.990273,6.19
6.8833785,5.26
6.7720103,5.49
6.915872,6.1
6.8631816,6.96
6.8373413,5.82
7.1140394,5.16
7.1129255,5.52
7.381099,5.34
7.2125125,6.27
7.2877116,5.96
7.2452846,6.36
7.2184496,5.72
6.934502,7.21
7.7955174,6.06
6.9831886,7.39
6.010896,6.36
6.2145524,4.24
6.682527,6.18
7.263342,6.8
7.0394025,5.6
6.8444324,5.9
6.8503337,5.83
6.6878595,6.28
7.00157,6.6
6.4978833,6.1
6.8232408,5.46
6.624513,6.57
6.6764154,7.28
7.069609,5.87
7.0821323,6.72
6.7910523,6.01
6.8222203,7.14
6.504019,6.02
6.688029,6.7
7.2683196,6.6
7.3425584,6.66
6.742376,6.28
6.739575,5.56
6.6026063,6.01
7.186227,7.24
6.961165,5.83
7.212922,6.68
6.647541,5.63
6.446861,6.07
6.1450686,6.35
6.8694406,6.87
7.607469,8.7
6.95427,7.54
6.9559693,7.51
7.2965326,7.7
7.086022,7.82
6.9063334,6.22
6.5130115,6.68
6.5187235,5.7
8.3290205,6.59
7.388346,7.77
7.6665053,5.43
6.6999917,7.44
7.723066,5.99
7.9477077,5.76
6.3140655,6.49
5.912596,5.94
6.1415668,5.8
6.2632575,7.19
6.381332,7.6
5.9399896,7.1
6.590137,7.08
6.7035356,7.3
5.9937263,6.3
6.4654098,5.6
6.864432,6.7
5.3038096,6.5
6.018103,5.8
7.2370687,6.2
6.3897133,6.0
6.3492184,6.0
6.266238,5.5
7.0592136,5.4
5.5311875,5.6
6.0804286,5.8
6.63163,6.3
5.8800807,5.9
6.1623144,5.0
6.0740395,6.8
7.0223575,7.2
5.576532,6.1
6.4849334,5.2
5.830624,6.0
6.9449124,7.3
5.970355,6.1
6.832577,5.6
7.018159,7.5
6.452102,6.6
6.0229206,6.0
6.4986253,6.2
6.450134,5.8
6.046271,5.9
6.6353436,5.8
6.1091743,5.5
5.995235,5.1
5.776322,5.1
6.6637897,7.4
6.462264,5.2
5.66272,6.4
5.25894,5.1
7.2327166,6.0
6.855272,6.9
6.463395,5.8
6.8053684,5.36
5.4517503,5.82
6.5235868,7.05
6.645332,5.15
6.681006,7.18
6.422619,7.89
7.3699055,8.4
7.4112086,6.68
7.4087167,7.3
7.40245,7.9
7.344626,8.3
7.2202277,5.7
7.466047,5.89
7.07443,7.09
6.93656,7.41
7.0637326,6.69
7.090241,6.61
7.20867,6.47
7.2006335,6.13
6.933172,5.62
6.9704347,6.84
7.061952,6.78
6.96985,5.75
6.836125,5.9
7.0375476,5.81
7.1488423,5.87
7.310724,5.72
6.848745,6.32
7.0993114,5.74
7.2802396,5.91
7.312796,5.15
7.3872056,5.35
7.466463,5.57
7.4437356,5.0
7.4719596,5.0
7.4563284,5.55
7.519091,5.26
7.4571505,6.8
7.545213,8.22
7.336285,5.52
7.5173106,7.52
7.5897403,7.72
7.433143,5.96
7.344728,5.9
7.6179395,6.95
7.4705987,6.34
7.358004,6.26
7.4955087,6.82
7.6048436,6.69
7.2332015,7.04
7.2042336,6.79
7.259866,6.8
7.3232455,6.39
7.3811135,6.85
7.409703,6.32
7.30824,6.41
7.3519464,6.36
7.2827926,5.87
7.351519,6.78
7.349725,6.16
7.6438184,6.93
7.6269507,7.07
7.540998,7.36
7.597613,7.33
7.643706,7.35
7.708984,7.65
7.6323338,6.71
7.6139164,6.44
7.59061,5.53
7.643742,6.13
7.624926,6.01
7.704856,6.36
7.541105,7.25
7.138305,5.8
7.559936,6.92
6.170462,6.62
6.1922426,5.39
6.846058,8.8
5.895292,5.04
5.8904204,5.21
5.847876,5.52
6.1285477,5.31
6.0340276,5.49
6.0701613,4.74
6.0045304,4.89
5.9230027,4.82
5.9919653,4.66
6.0799184,5.8
6.1147776,5.37
6.1354713,5.33
5.6965404,6.1
6.0277896,6.28
6.429957,6.0
6.199802,5.82
5.9948754,5.64
6.198379,6.41
6.5637355,6.62
6.764607,6.11
6.733749,6.36
6.657931,6.47
6.452623,5.3
6.6841116,6.12
6.317982,6.38
6.482173,6.28
6.3936744,5.99
6.510959,5.66
6.5183644,5.81
6.4365034,5.25
6.5213614,6.08
6.3839736,6.48
6.283757,5.45
6.8661647,5.64
6.4159207,6.35
6.2333016,6.42
6.3338933,6.43
6.261825,5.88
6.0659175,5.57
6.07872,6.19
6.068107,6.12
6.338976,5.77
6.725942,5.82
6.493937,6.21
6.4523473,6.44
6.5557847,6.32
6.4460797,6.41
6.5215864,6.0
6.4808745,6.12
6.3184543,7.51
6.4547353,7.49
6.874899,4.22
6.36554,6.8
7.204972,9.09
7.167391,5.24
6.826594,5.41
7.194756,5.5
7.189883,5.52
7.276583,5.59
6.90548,5.69
6.975199,5.73
7.1063924,6.11
6.8630433,6.13
6.8984594,6.32
7.0051146,5.57
6.916822,5.94
6.884708,5.98
6.824133,6.27
7.23268,6.77
7.2853103,6.89
7.18282,6.92
7.5257506,6.99
7.0775843,7.22
6.773395,7.36
7.2612066,7.52
6.591191,7.6
6.6489005,7.68
6.947127,7.82
7.5822835,7.89
7.516668,7.92
6.9875684,8.05
6.642986,8.1
6.798771,8.3
7.460263,5.95
6.8863053,8.1
7.0295954,8.09
6.8277836,6.92
6.723307,7.15
6.9611545,6.72
6.9725146,6.72
7.1861935,6.51
6.8153415,6.32
6.817655,6.72
6.796476,6.45
7.119368,6.01
7.092298,7.55
7.220902,8.07
7.266958,8.31
6.80816,7.26
7.071619,7.62
7.0501533,7.66
7.0080733,7.7
7.0223675,7.75
6.854406,8.47
6.9938536,7.99
7.375096,7.04
7.3738966,6.8
7.3437333,6.8
7.376137,6.9
7.2510085,6.68
7.1341367,6.62
7.089993,6.66
7.083981,6.42
7.0479255,5.82
7.460031,8.15
7.392946,7.73
7.3880496,7.78
7.374118,7.76
7.3414288,7.95
7.2767015,8.4
7.2939754,5.46
7.2029004,7.12
7.4371524,8.1
7.477176,8.33
7.369445,5.75
7.3100076,6.05
7.515858,7.44
7.2957697,6.82
7.3141637,6.47
7.2375846,6.64
7.425504,6.13
7.042741,6.88
7.046987,6.54
7.0844493,6.71
7.210267,6.5
7.228069,7.07
7.3105927,6.19
7.2114305,6.2
7.2047143,6.3
7.2361093,6.06
7.241229,6.41
7.1689153,6.58
7.5734086,6.91
7.5822153,7.21
7.473724,6.97
7.4896917,6.97
7.533063,7.47
7.58468,7.52
7.5547023,6.78
7.575056,6.4
7.5268583,5.5
7.5255604,6.14
7.551126,6.06
7.584667,6.19
7.4300885,8.3
6.9436584,5.43
6.3529325,5.89
6.947454,6.85
7.031362,4.64
6.8327827,5.9
5.7457404,5.3
6.690253,6.1
5.9560113,5.1
6.654201,6.8
7.1111245,7.2
6.696202,5.6
6.3692765,6.0
7.068974,6.8
6.45194,6.7
6.7381625,6.5
5.724886,4.8
6.831217,7.9
5.2926564,5.4
5.8476176,5.5
6.9125085,5.2
7.003554,6.8
6.836167,5.1
6.90107,7.8
6.383171,7.0
6.187767,6.3
6.737987,6.0
6.9279084,6.8
5.9622283,6.0
7.3458304,6.6
6.9169207,6.3
5.00157,5.7
6.8710546,5.3
7.0583777,6.9
6.108134,5.2
6.766643,7.8
5.995751,5.7
6.264647,5.5
6.349896,6.7
6.287576,5.1
7.481706,6.8
6.447966,6.5
6.20947,5.3
6.0135484,6.1
7.1361923,7.3
5.735421,4.6
6.542464,8.0
5.6030784,4.3
6.546367,5.9
6.744241,5.4
6.0493135,5.7
5.711115,5.2
5.910363,5.4
5.6374345,6.5
5.3275876,4.7
6.959662,5.8
7.072966,5.4
6.4755335,7.4
7.037944,7.2
6.656898,5.9
6.959973,5.8
6.0677743,6.1
6.4490547,6.4
5.7021728,5.1
6.377716,5.6
6.1498523,6.8
5.8888927,5.3
6.2910466,6.6
7.191355,5.9
6.3037486,5.9
6.402328,7.1
6.337313,6.1
5.9667096,5.4
7.016196,7.7
6.683414,7.1
5.928799,6.0
6.251488,4.1
6.0291677,5.2
6.469259,5.9
6.7604446,6.1
6.042006,4.6
6.347385,7.0
6.465325,5.9
6.727876,5.9
7.182974,5.9
6.787001,6.4
6.169361,5.1
7.1157174,7.5
6.5471997,6.3
5.5420623,5.0
6.2449155,6.6
6.373626,5.5
6.8781056,5.3
6.2120914,6.4
6.428888,5.9
6.3673844,6.3
5.582649,6.3
6.4829984,7.2
5.7838817,5.2
6.6611805,7.0
6.7809815,6.9
7.3578725,7.0
6.1734953,5.5
6.2879148,7.7
7.0571866,7.3
6.3449764,6.5
5.795565,5.1
7.630076,6.7
5.3165236,5.6
6.1400485,6.1
6.170947,5.3
6.7787004,7.7
5.6267686,4.2
5.830754,5.6
6.567311,7.1
6.404076,7.7
6.035781,5.4
6.302267,5.3
6.599224,6.0
7.1429787,6.4
6.9945035,5.5
6.7946124,7.4
6.7529206,5.9
7.122355,6.9
6.638716,7.3
5.7211747,6.1
7.3273063,6.3
5.4626336,6.3
7.2976046,7.3
7.10877,6.2
5.176247,5.5
6.718328,5.2
5.1235013,4.4
6.609635,5.9
5.837848,7.4
6.3569117,6.1
6.2110505,6.0
6.960816,5.4
6.2448134,7.0
6.2867146,6.3
7.008194,6.2
5.3476834,5.7
6.288609,5.3
6.8950214,7.3
6.0343537,4.1
6.2582927,6.2
7.44554,5.7
6.2503505,5.8
5.770086,6.5
5.8120055,6.3
6.5152955,5.7
7.665257,7.3
5.1722984,4.6
6.636227,6.0
5.8976016,5.4
6.056575,6.9
6.623204,6.2
6.161057,5.3
7.0171485,7.6
5.848824,5.3
6.8380866,5.2
6.5194273,8.4
6.33577,7.5
6.38036,5.1
6.4409795,7.7
6.105414,6.0
6.161321,4.1
6.1600204,5.2
6.9135156,8.2
6.5064597,6.6
7.244275,6.8
5.648423,7.0
6.8195095,7.3
6.1646757,6.1
5.682917,6.2
5.920325,5.1
6.7919135,7.0
6.9021997,6.2
7.079372,5.9
6.430165,5.3
6.3343453,5.8
7.173293,6.8
5.8597875,5.6
6.53921,8.5
6.1323104,5.8
6.3600297,5.8
6.2407002,5.9
6.753674,6.2
6.8476768,7.4
5.691541,6.7
7.1276917,6.8
6.316712,6.8
5.199325,4.19
5.8741536,4.55
5.5761724,3.76
5.469506,4.17
5.333839,3.29
5.960882,5.37
5.7551594,6.92
6.0648017,6.26
6.119435,6.48
6.083426,6.16
6.0545545,6.37
6.3135114,6.65
6.229318,5.77
6.345266,6.41
6.5075507,6.45
6.378591,7.22
6.273374,7.24
6.3448725,6.53
6.2048087,6.42
6.100943,7.11
6.727309,6.88
6.7392306,5.67
6.6008186,7.77
7.4635715,5.1
7.401473,5.0
7.4645896,5.3
7.2822795,5.52
7.3120236,5.22
6.726069,5.7
6.982924,6.0
6.6975236,5.7
7.3150268,5.7
7.11731,5.7
6.510535,5.7
6.8160024,5.4
6.949583,6.0
6.723742,5.22
6.8510194,5.0
6.799342,5.52
6.7558846,4.64
6.6468606,5.15
6.686258,4.43
6.5124664,4.72
6.841149,4.96
6.6150413,8.0
6.5749187,7.15
6.575086,8.0
6.246198,6.74
6.3986654,6.89
6.513531,6.52
6.6617002,6.08
6.283134,6.8
6.4753184,8.1
6.0151353,6.15
6.026927,7.15
5.4617486,4.06
5.700246,3.9
6.1660905,4.32
5.983902,5.06
5.7463765,3.29
6.2586584,3.16
6.495621,6.82
6.7031603,7.74
7.062872,7.34
7.047942,7.39
7.0105686,6.4
6.9607263,7.49
7.364349,7.82
6.9799237,8.85
7.041399,8.43
6.972895,8.46
7.175655,8.43
7.2817883,8.8
7.0305657,7.8
5.924109,5.2
6.559986,5.12
5.818747,6.61
6.127627,6.57
6.1519103,5.82
6.215174,6.06
6.43148,5.76
6.5378127,6.22
7.031127,5.21
6.5180326,6.44
6.187042,7.08
6.6485076,5.38
6.329235,7.5
6.5438056,5.54
6.572306,6.23
6.750453,6.87
6.9860034,6.33
6.7894607,4.34
6.4460864,6.02
7.223533,7.6
6.7594934,4.8
6.5229816,4.7
6.664124,7.5
7.4714055,4.3
6.736927,6.8
6.5836916,6.8
6.705465,10.05
6.624722,8.22
6.3006015,5.5
5.993588,7.03
6.2936807,6.03
6.1250386,5.99
6.704358,5.7
6.659841,5.8
6.52327,5.27
5.76905,5.77
6.069907,5.88
6.1128626,7.21
6.1679425,5.99
6.5576816,6.61
6.3705187,5.47
6.064243,6.31
5.9709044,6.42
6.542805,6.62
6.227528,7.89
5.789,7.37
5.6285005,5.4
6.1208463,5.73
6.8926735,6.64
6.9893837,6.39
6.9213743,6.83
6.840338,7.0
6.9839406,6.48
6.645566,6.99
6.6634717,5.98
7.146894,5.85
6.063562,6.22
5.8234253,5.25
6.0457664,6.07
6.0938363,5.06
6.6681705,5.33
6.5703845,6.33
6.598312,6.25
6.8082204,6.71
7.096395,6.33
7.7612224,6.13
7.771601,6.92
7.263968,6.54
7.45742,7.51
7.4798965,5.93
7.5142226,6.33
7.1509557,6.45
7.4317813,6.42
7.4798374,6.66
7.553064,7.53
7.612103,6.12
7.4373813,7.21
7.589429,6.29
7.412945,5.99
7.5152154,6.92
7.29324,6.38
7.2916217,5.82
7.047191,9.4
7.0082564,5.15
7.1523128,5.23
6.639223,6.74
6.3246026,7.89
6.378367,6.75
7.0448327,7.7
7.223016,7.89
7.3653574,7.72
7.1317163,7.77
7.3931346,7.7
7.184562,7.77
6.8856697,7.52
7.131639,6.92
7.0185504,7.29
7.1957145,7.28
7.3724008,7.57
7.445123,7.38
7.161424,7.48
7.3506722,7.23
7.5176883,7.13
7.3128886,7.43
7.5151424,7.44
7.4488254,7.77
7.7047915,7.05
7.275761,6.59
7.210049,6.74
7.8827963,8.0
7.6516805,8.22
7.407017,6.4
7.086949,7.57
6.9649034,6.53
7.1367784,6.54
6.2766285,6.1
7.0463853,6.02
5.832606,6.59
6.7815747,5.95
6.6379023,5.45
6.81588,6.15
6.5256033,5.98
6.819837,6.9
6.7646823,6.65
6.787831,6.85
6.6939464,6.95
6.744704,6.55
6.677904,6.75
6.567723,5.4
6.6146617,6.87
6.9136515,9.28
5.6483507,6.0
6.244076,7.2
6.349529,7.9
5.890245,6.5
6.324617,7.5
4.9776573,5.0
6.528932,7.8
7.3532195,8.0
7.0377727,7.1
5.98391,4.6
5.852754,6.6
6.431744,8.2
7.1158795,6.1
6.2857933,7.1
6.9982834,4.58
6.4157805,5.03
6.490989,5.03
7.1156526,6.24
6.8469415,6.89
6.3073564,5.66
6.2987256,6.57
6.784017,6.16
6.1612515,6.98
6.1303816,6.52
6.305811,7.96
6.713984,6.82
6.8767495,5.12
6.7727,5.28
6.7628474,4.87
6.627816,5.3
6.974556,5.28
6.9771056,5.18
7.080434,5.12
7.0875344,5.28
6.9087625,4.84
6.7995353,4.55
6.2729473,6.89
7.1963477,8.21
7.0911274,8.14
6.980016,8.08
7.226463,7.74
7.115746,7.31
6.944095,7.2
6.8314786,7.2
6.61941,6.92
6.7730007,6.63
7.2498035,6.41
7.2164116,6.24
6.9720817,6.08
6.358044,6.35
6.363987,6.35
6.3163333,6.28
6.4357543,5.78
6.530828,5.9
6.5398293,6.03
6.382607,6.11
6.434213,6.46
6.4482617,6.13
6.511032,6.27
6.5803323,6.27
6.6243815,6.48
6.6358747,6.82
6.274777,5.8
6.778722,5.13
6.764175,5.57
6.503223,6.3
6.5890107,5.97
6.5629797,6.17
6.561155,5.97
6.7850327,5.2
6.3197937,6.74
5.43501,5.0
5.63302,4.92
6.29119,6.0
4.910791,5.03
5.2182117,6.24
5.3972697,6.1
5.7565923,5.96
5.6012683,5.37
5.504144,5.82
5.538163,4.89
5.2311807,5.59
5.4070067,5.35
5.093717,5.07
5.2030416,4.05
5.568294,5.21
7.0580764,8.06
7.0034065,6.89
6.7029014,7.89
6.652287,8.48
6.596023,7.32
6.468727,7.89
6.1759076,6.52
5.948316,7.02
6.236614,6.19
6.2626433,7.55
6.0383496,5.69
6.32283,7.92
6.0457387,7.44
6.2687273,7.49
6.1193733,6.24
6.5350943,6.35
6.3191953,6.26
6.15505,6.23
6.158192,6.23
6.148662,6.22
6.7595096,6.19
6.4957833,6.15
6.5732913,6.14
5.900105,6.14
6.0980926,6.12
6.5977654,6.11
6.506737,6.08
5.905073,6.01
6.9290605,5.98
6.396516,5.96
6.8075604,5.78
6.925947,5.74
6.8087153,5.69
6.7005935,5.62
6.261712,5.57
6.5055003,5.46
5.4675975,5.44
6.587472,7.01
5.8274984,7.49
6.0257745,7.89
6.1060605,8.15
6.3470087,9.0
6.598108,8.22
6.2628865,4.63
5.8742,5.19
6.2521367,4.51
6.9307227,4.77
6.75837,5.1
6.6114717,5.4
6.227776,6.92
6.5353646,7.0
6.948568,7.52
6.993855,6.42
5.763779,6.98
6.2071853,7.92
5.9946933,7.66
6.297285,7.8
6.440119,7.89
6.4899955,7.8
6.3043113,7.06
6.5435,7.7
6.4799776,8.15
6.263389,5.37
6.0506816,6.85
6.150534,7.1
6.2763968,7.3
6.988482,7.07
6.718231,7.64
6.614411,7.82
6.11925,5.78
4.999389,5.59
5.469135,5.67
5.597047,5.73
5.7252975,5.94
5.410023,6.23
5.3380446,5.89
5.44307,6.12
5.121306,6.4
5.3344646,6.08
5.569848,6.24
5.863052,5.22
5.602341,6.68
5.5711904,5.94
5.3940244,6.09
5.676625,5.85
5.690117,5.56
6.069674,6.64
6.3283734,5.13
5.924786,5.58
6.404364,5.52
6.5447516,5.61
6.5976114,5.64
6.719519,5.39
6.8954806,5.33
6.9743924,4.61
6.0660295,5.5
6.258126,5.92
6.3968844,5.45
6.4991183,5.45
6.629518,5.76
6.884706,5.53
6.777374,5.8
6.89374,5.36
6.3799524,5.77
6.4340053,5.72
6.3992643,5.92
4.5057554,4.3
5.402736,6.96
5.5686526,5.43
5.428448,5.83
5.6742206,6.58
6.245109,6.78
5.8256726,6.74
6.248553,6.08
6.1876664,5.82
6.0087185,6.82
5.5936127,7.46
5.4907475,7.36
6.0593047,7.22
6.1352963,7.02
6.0331645,6.9
5.9140415,6.87
6.3467593,7.43
6.1913977,7.05
6.646544,7.23
6.100392,5.32
6.2519445,5.08
6.5880547,4.9
6.7758346,4.92
6.8691955,5.5
6.5493455,5.33
6.571129,5.28
6.458646,5.1
6.5370584,5.29
6.672569,4.85
6.4071965,5.1
6.7910876,5.5
6.7252827,5.3
6.985745,5.58
5.4764156,5.26
6.247264,5.43
5.7280946,5.52
5.425035,4.52
6.4580827,5.6
6.3915534,4.75
4.9136596,4.95
5.0486107,6.89
5.688062,5.25
4.8134046,5.13
6.5288014,6.33
5.312835,6.04
6.4058127,6.57
5.5258904,6.24
5.0369315,6.24
5.478787,6.66
5.3236785,4.0
5.576269,6.15
5.6854243,7.52
6.3664255,6.21
4.483684,5.41
5.905351,7.3
6.421688,5.35
4.8595653,6.74
5.308499,6.6
4.6981125,6.21
5.2528567,6.72
5.758883,6.6
4.941509,6.82
4.979877,6.57
5.5622225,6.64
5.5075154,5.9
6.4638424,6.96
6.439587,8.0
6.9105744,7.39
6.5497746,8.3
6.196584,8.34
6.4142375,8.48
6.478927,7.34
6.3746905,7.52
5.5531297,6.17
6.643967,7.48
6.7877946,7.46
6.0658574,7.72
6.7031236,7.59
6.12649,5.21
6.5363345,8.0
6.2900004,7.19
6.042201,6.54
7.0928235,8.28
5.783898,7.24
6.8513684,7.8
6.7708497,8.68
6.8199925,8.4
6.084763,6.12
6.637017,6.38
6.8929,7.72
6.478702,7.14
6.973075,6.64
6.309136,7.25
7.634998,6.84
5.751641,6.82
6.3367953,7.46
5.8690896,9.0
7.180356,7.14
6.327596,6.35
6.032884,7.37
5.9204383,5.51
7.192815,7.15
6.9369674,7.71
5.5537,4.7
6.6396337,5.68
6.7793465,7.28
6.699611,6.33
6.3535333,8.0
6.167336,6.18
6.339052,8.19
7.2295213,5.66
5.965941,6.06
6.5764747,6.2
6.0667562,5.51
6.5504336,6.34
6.1354976,4.23
6.0824523,6.14
6.090467,6.38
6.747561,7.51
6.0617065,6.81
5.9505506,6.8
6.513806,5.66
5.795076,7.05
6.2663836,7.64
6.2323375,5.52
6.387316,8.19
6.0774407,7.11
6.268535,5.34
6.6831307,5.96
6.4462748,8.49
6.004705,6.92
6.809466,6.66
6.1415935,7.89
6.190305,7.57
6.287281,6.27
6.483602,5.66
6.443725,7.72
6.349945,6.6
6.559952,7.72
6.180884,6.37
6.389664,6.82
5.865978,5.38
5.8080497,5.31
6.3805737,6.0
6.1094394,6.33
6.047216,7.3
6.333936,6.82
6.4156713,6.62
6.591684,5.23
6.2348423,6.96
6.100119,6.36
6.0299907,5.49
6.233815,7.66
6.226353,6.17
7.4908376,5.19
5.4468226,8.05
4.61283,5.3
4.0551705,5.74
6.1310377,7.0
6.2520695,7.12
6.753715,5.49
5.9854565,7.09
7.1375523,7.43
6.4170804,5.37
6.3482275,7.57
6.3392797,8.51
6.5224886,6.96
6.9428177,5.37
6.6805544,7.38
6.21851,6.15
6.9062,5.85
6.220762,7.55
6.693319,6.49
6.7451735,6.21
6.255688,7.0
6.9582787,7.0
6.28738,7.37
6.645208,8.2
6.4193625,6.49
6.63773,8.3
6.3475614,7.48
6.8494134,7.0
6.6559567,6.38
6.6321616,8.23
6.9194455,6.85
7.1846323,7.77
7.043536,7.03
6.867027,6.18
6.5650954,5.64
6.9163604,5.74
6.1470447,8.46
6.712142,8.0
6.996767,6.92
6.600964,8.21
6.755491,7.6
6.304178,5.77
6.1631436,7.59
6.393622,8.16
6.3323183,8.7
6.6554236,8.0
6.349918,7.22
6.300572,6.77
6.579515,8.4
6.6139216,7.92
6.2457433,8.15
6.114518,7.39
6.234143,6.0
5.983341,8.0
6.6204085,7.43
6.7154994,7.15
6.447037,7.7
6.7424808,7.74
6.983133,6.34
6.441649,6.29
6.1670566,7.82
6.248433,7.47
6.3553066,6.38
6.248403,7.06
6.3316483,5.38
6.3846097,6.64
6.367003,7.82
6.7212133,7.17
6.3634424,7.52
6.5404553,6.52
6.394881,7.59
6.294517,7.59
6.1833797,7.92
6.462697,7.34
6.542583,6.96
6.6865163,8.0
6.4892826,7.59
6.275263,9.0
6.5409384,8.3
6.2947745,6.16
6.618975,6.96
5.0018563,7.15
4.8038287,6.62
4.570391,6.72
5.0669875,6.81
5.1708417,6.46
6.3163066,6.44
4.950006,7.31
4.6590075,4.95
4.5765986,6.09
4.8324637,5.29
4.3616195,4.83
5.201384,5.35
6.593156,5.12
4.839434,6.21
5.9230733,5.86
5.4397483,6.24
5.470515,4.96
5.596649,4.4
6.4936347,7.0
6.71718,7.0
6.6104608,6.89
6.818763,7.28
5.816474,6.18
5.8290887,7.47
5.9355965,8.05
5.9184604,7.26
6.098384,6.25
6.0179715,6.16
6.5043807,8.3
6.5209002,8.1
6.8663793,7.0
6.646911,7.96
6.591911,8.0
6.6954703,7.96
6.7387304,7.89
6.6713543,8.1
6.547796,8.1
6.7996244,7.92
6.765599,7.52
6.7543855,7.28
6.67732,8.1
6.669083,8.15
6.5702014,8.1
6.650782,8.0
6.607472,8.3
6.843292,7.6
6.7308526,7.82
6.6550045,8.15
6.546475,8.05
6.6852136,7.85
6.673447,8.22
6.546863,5.8
6.5534234,8.1
6.569431,7.77
6.6149592,6.79
6.095879,6.8
6.2309794,7.26
5.74832,6.18
6.152484,6.19
6.328321,6.7
6.0376015,7.6
6.189011,6.64
6.71473,7.06
6.2819824,6.72
6.2010074,8.52
6.2881193,8.3
6.1462207,7.89
4.2617803,4.02
6.0263805,8.22
6.396902,8.15
7.007504,7.96
6.7613287,7.82
7.0987306,7.54
6.239218,7.52
7.182533,7.46
6.015295,6.75
6.71013,6.72
4.5923705,5.46
4.7148814,5.36
7.2626295,9.4
5.9043593,5.41
4.975526,4.39
6.6999865,6.76
5.6415434,5.75
5.5234237,6.55
5.51687,6.39
5.635741,4.96
5.54237,5.49
5.581836,5.14
5.5129914,5.14
5.1199102,6.4
5.108542,5.66
6.7187696,5.0
5.882763,6.49
6.267203,5.38
5.772811,4.41
6.012552,4.56
5.579068,6.89
4.86344,5.62
6.2953,6.43
6.3279834,7.01
7.208532,4.66
5.9281354,6.26
6.192722,7.52
5.5985928,7.22
7.189576,7.34
6.179358,7.7
4.9075603,4.32
4.8286843,3.36
5.627712,4.17
6.4053454,4.44
6.193956,4.84
6.4008503,4.43
6.95226,4.23
6.6002955,5.97
7.1739316,4.76
7.1835604,4.75
6.7290654,5.9
6.5908704,4.98
6.6656404,6.57
6.968025,6.66
5.8499007,5.55
6.2211175,5.15
6.575074,6.51
6.8065934,6.7
6.454381,6.57
6.7600484,4.88
7.164333,7.55
6.7748723,5.24
6.7335443,6.68
7.074778,5.62
7.0335784,6.43
7.1848464,5.17
6.837627,5.82
7.3413997,7.41
7.1104608,6.27
7.2235303,7.18
6.9259377,5.5
7.004001,6.35
7.1587787,6.62
7.0731277,7.1
6.8655305,6.82
7.044494,7.26
6.685919,4.85
7.0943265,6.37
6.76427,6.15
7.322517,7.52
7.247661,7.47
7.263745,7.31
6.918512,6.74
6.840242,5.59
7.4467554,7.34
7.0112834,6.39
6.421093,7.21
7.009319,5.49
6.993243,5.85
6.4399967,6.24
6.6439176,6.96
6.7117352,5.78
7.0219393,6.82
6.5932183,5.89
7.398007,7.49
6.882649,6.96
7.1155114,4.85
7.1188955,6.49
6.7322373,5.6
6.6404543,5.49
6.9441423,5.52
7.4895205,7.4
6.6892323,6.96
6.972391,6.72
7.2830224,8.3
6.82592,6.34
7.093082,6.42
6.6562567,6.02
6.9171658,6.04
6.73751,4.47
7.211868,7.48
6.766621,5.35
7.1801124,6.64
7.155936,6.82
6.522303,6.42
7.009123,5.66
7.121033,6.74
6.70395,5.46
6.817769,5.66
7.392998,6.68
7.340755,6.92
7.088156,5.06
7.1784368,6.77
7.2400637,7.1
7.0459256,6.68
7.1416345,7.38
7.2463555,6.96
7.2044454,6.77
7.201787,7.14
7.1616464,5.72
7.416812,6.36
7.343948,6.89
7.3095007,6.6
7.171578,7.1
6.9857116,7.0
7.1026955,4.48
5.262987,4.3
5.0547786,4.57
5.336307,4.66
7.0456347,5.3
5.1386147,5.19
6.9885707,5.8
7.3115115,4.72
7.1837034,4.3
5.2553735,4.46
5.2361684,4.96
7.15141,4.91
7.2197776,4.87
7.2630467,5.77
7.264584,5.6
7.0905323,5.74
7.045711,5.17
5.2439466,4.74
7.173208,5.72
7.215895,5.68
7.110277,5.37
7.189346,5.74
5.5059485,4.74
7.041421,5.1
7.0767155,5.38
7.185122,5.7
7.3585916,5.82
7.170183,5.44
7.155912,5.3
5.0376554,4.6
5.1377587,4.46
7.0458655,5.68
6.997764,4.72
7.1190896,5.57
7.3500113,5.72
7.120383,5.39
5.1471887,4.57
6.7534614,4.57
7.212771,6.05
7.2788625,5.68
5.0737667,4.57
5.2691827,4.6
5.1466537,5.72
5.010568,4.3
6.5617123,4.89
7.4247613,6.49
7.261129,7.21
7.6247725,6.96
7.2952266,6.54
7.3110037,7.22
7.633891,6.89
7.6064534,7.13
7.157952,6.29
7.611548,6.47
7.55841,7.31
7.518847,7.17
7.5038753,5.74
7.542108,7.12
7.592102,6.8
6.8885717,5.72
7.322698,5.08
7.5552793,6.92
7.198054,6.89
7.5065894,7.14
7.3618016,6.4
7.336576,6.15
7.4554296,5.0
6.7282557,5.52
6.653461,5.55
6.8190913,4.89
7.5766826,7.21
7.4215245,7.6
7.479911,6.96
7.495364,7.46
7.4812818,5.43
7.0877137,7.17
7.2344813,7.54
7.237512,6.85
5.98076,4.77
7.5768285,5.89
7.5626993,7.22
7.548323,7.46
7.5471926,6.96
7.627095,6.38
7.293278,5.62
7.534946,5.6
6.6544795,6.7
7.6349235,7.54
7.7379603,6.21
7.6136823,7.17
7.1908317,7.02
7.483436,7.51
7.5528426,5.7
7.5083427,7.29
7.4683895,7.08
7.181176,5.55
7.67069,7.37
7.51926,7.32
7.9020305,6.22
7.4593787,5.17
7.2081914,4.74
7.4944806,7.28
7.776072,4.57
7.2173676,7.38
6.62534,6.64
6.81998,5.89
7.75687,7.2
7.5310025,6.72
7.5382085,7.12
7.6114726,6.59
7.7506475,5.1
6.9545956,5.1
7.0881352,6.35
7.6092954,7.47
7.3731365,7.0
6.269939,6.11
6.079045,6.6
6.5876336,5.92
6.090733,9.52
6.725351,5.35
6.0686493,4.5
5.888243,5.0
6.232117,6.31
7.2739987,7.15
6.9873657,5.38
7.2545815,6.4
7.3729687,5.41
7.300835,6.15
5.002952,4.3
5.2909894,5.0
5.1990724,4.3
5.624648,4.3
5.275212,4.29
4.8463283,5.18
5.097092,5.24
5.1936984,4.3
5.0455136,4.44
5.3375354,4.85
5.6968,5.19
5.3432145,4.3
5.615903,5.28
4.846765,4.55
5.2491317,4.31
7.5977035,4.8
7.1455073,5.78
7.660203,5.95
7.4600267,5.78
7.2628226,5.85
7.1354275,5.4
7.208504,4.69
7.7445006,6.57
7.2585883,6.74
7.579477,6.05
7.259904,6.17
7.2035666,6.44
7.4130993,5.79
7.664095,6.8
7.6755004,6.96
7.5192275,5.96
7.388774,4.95
7.81935,5.11
7.357678,6.96
7.295488,6.47
6.8017907,5.03
6.423358,4.96
6.7457595,5.15
6.8468156,5.13
6.9236746,4.24
6.687266,4.8
7.260472,5.21
7.112162,4.7
6.1379085,5.15
6.8573985,5.85
6.9715624,5.59
6.4868026,4.85
6.9279537,5.74
7.2138968,4.35
7.107069,4.6
6.8977304,5.6
7.087136,5.03
6.9652486,5.82
5.649722,6.7
7.558085,7.28
7.539203,7.03
7.487433,5.1
7.500221,5.06
7.5305686,5.11
7.517383,7.48
7.539679,7.72
7.534471,7.07
7.5066357,7.67
7.414224,7.31
7.2554,7.08
7.6015134,7.68
7.562012,7.62
7.5034103,7.22
7.541118,7.52
7.589192,7.62
7.237003,7.06
7.589714,7.62
7.5120077,7.6
7.626274,7.48
7.575887,7.15
7.5336165,7.55
6.9982877,5.34
7.3956685,6.72
7.3031845,4.64
6.956552,5.14
7.3866916,6.52
7.584327,7.49
7.540585,7.59
7.531214,7.6
7.580359,5.82
7.602011,4.55
7.607244,5.08
7.581432,5.12
7.570213,6.04
7.587597,5.96
7.6720138,5.48
7.571601,7.31
7.7141066,4.92
6.99692,5.55
6.9791284,7.0
6.113939,6.67
6.0433755,7.33
6.1070724,7.52
5.7336683,7.29
6.441324,8.0
6.0214057,6.24
6.852018,8.05
6.3960376,7.52
6.124656,7.36
7.226913,6.7
7.1991467,8.7
7.4429965,7.55
6.6522813,7.14
7.2554693,9.0
7.282578,7.8
7.016337,8.1
7.123985,7.03
6.5973964,6.57
7.2589746,7.74
7.013065,7.32
6.6701264,7.09
5.827579,5.85
6.61198,7.09
7.3030133,6.02
7.111343,5.43
7.551396,6.24
7.405249,7.1
7.018098,9.0
7.039354,8.7
6.698052,8.52
6.538472,8.52
7.135575,8.52
6.9847484,8.15
7.0127535,8.1
6.935951,8.05
6.457687,8.0
7.3081326,8.0
6.7957025,6.82
6.8135095,7.82
6.9244413,7.7
7.220038,7.7
6.7680225,7.7
6.989428,7.62
7.0962296,7.52
7.1802707,7.4
6.5589943,7.15
6.266888,7.1
7.2096057,7.08
7.3866215,6.96
6.3309245,6.92
6.714565,6.72
6.970694,6.72
7.057791,6.43
5.6279197,6.41
6.412001,6.41
6.73499,6.26
6.9939475,6.05
7.398459,5.74
6.8464236,5.39
5.8265967,5.1
6.1268964,5.0
6.577473,6.22
7.1207623,6.0
6.993317,7.21
7.1436324,6.03
6.9501204,6.35
7.1467376,6.61
7.198133,6.03
7.2364306,6.26
6.492801,4.3
6.111386,5.4
6.278784,5.26
6.1139054,5.72
7.16078,6.03
7.0622096,6.66
7.1369743,6.59
7.318194,6.21
7.4540334,5.35
7.4765816,6.57
7.6048656,6.41
7.1010823,4.57
7.107737,5.19
7.0436263,7.85
7.7198405,8.74
7.4556785,8.54
7.0667987,6.26
7.558787,5.46
7.7109475,6.16
7.12195,5.28
5.793904,5.48
6.2634263,6.24
6.664869,6.42
6.5294724,5.4
7.2027426,5.4
6.5101304,5.4
6.763504,5.9
6.433616,6.9
6.863341,7.6
7.579531,7.5
7.262661,5.9
7.1757274,5.9
7.0836287,6.2
6.89354,8.3
7.3705773,8.8
5.474787,5.4
6.573836,6.1
6.381224,5.5
5.4113417,4.7
6.0867763,6.3
6.6492705,5.8
7.1030774,5.4
7.079274,7.4
5.665405,5.6
6.052379,5.6
6.494634,5.3
6.5365267,5.4
6.9195786,6.1
7.4997563,5.89
5.48354,4.7
5.540374,4.1
7.094218,5.7
7.0704226,7.6
6.71046,5.4
6.517819,5.6
7.4773307,8.1
5.960913,4.6
6.9101815,5.7
6.7503076,7.8
6.0929084,5.0
6.209057,4.2
7.029016,6.0
6.1815333,4.8
6.3780704,6.4
6.3653207,5.5
6.9268074,5.6
5.7851577,4.2
5.788812,6.3
7.497936,5.5
6.7194195,6.0
6.903804,5.5
7.2723403,5.3
6.2285657,4.2
6.209102,5.9
7.482599,5.9
5.860089,5.3
6.4585824,5.3
6.7083917,5.8
6.578777,6.1
5.4845543,5.0
6.6127477,6.5
7.4833984,8.1
6.1556325,5.3
6.997955,7.7
6.6064487,7.3
6.5067377,6.2
7.245484,6.5
5.8276615,6.2
6.02529,6.0
6.6910787,7.9
7.3461432,8.0
7.089757,7.2
6.768081,5.8
5.85763,5.6
7.206411,8.0
7.1879597,6.0
7.1009994,5.6
6.6474004,5.5
6.828373,6.8
7.0025935,6.8
7.0469418,6.1
6.990991,7.0
7.207685,7.2
7.268592,8.24
6.7978473,7.5
6.486214,7.1
6.7455225,7.1
6.976091,7.16
6.807216,6.7
7.192593,6.9
6.787998,6.7
7.280497,7.0
6.864387,6.4
6.9457994,7.1
7.1481442,5.3
6.8572183,7.6
6.6963916,7.0
6.4757323,6.1
6.9191813,7.4
7.3680634,7.1
7.225359,7.6
7.149331,7.2
7.1157393,7.6
7.160136,7.2
7.263456,8.3
7.2714963,8.7
6.321666,6.09
6.3149743,6.73
6.412396,6.02
6.3881364,7.1
6.7590938,5.4
6.823051,6.2
6.5079727,5.31
6.4565988,5.2
6.1180077,7.24
6.214729,6.35
6.265369,7.17
6.310574,7.29
6.206986,7.41
6.178572,7.38
6.912516,7.23
8.176722,7.76
7.570958,8.44
7.119181,6.35
7.160113,7.59
7.7565618,8.7
5.9577937,5.5
6.0203376,4.9
7.3707933,9.05
6.0286336,5.72
6.298281,4.96
7.041162,5.8
6.3792644,5.6
6.209309,5.9
6.446156,4.9
6.335813,6.15
6.4419265,6.3
6.03546,6.3
6.297368,6.74
6.7406287,6.8
7.008862,7.66
7.077869,6.12
7.2366347,8.85
7.2354693,8.92
7.358003,8.55
7.5821347,7.7
7.455128,8.51
7.2695885,8.44
7.1765566,8.49
5.916432,5.73
6.0817924,5.14
5.9724,4.55
5.7786283,4.57
6.2351227,5.0
5.4157495,5.67
5.9124713,5.64
5.7888837,6.2
5.5184193,5.46
5.333616,5.0
5.615332,5.15
5.6467233,5.48
5.4451976,5.95
7.045857,5.37
7.7103844,9.3
6.7458105,7.68
6.830052,7.87
7.144673,8.18
6.804872,8.77
6.5512443,8.39
7.106221,8.24
7.2851863,9.0
7.226876,8.85
7.122214,9.0
7.1750684,8.44
7.202059,8.12
7.113655,9.05
7.1677423,8.03
7.5291233,7.95
6.8488455,7.3
6.7300863,7.74
6.7919574,7.31
6.6762357,7.25
7.6728024,8.52
7.2166758,8.82
7.113976,8.54
6.607001,7.16
6.3977056,6.8
6.603799,8.54
6.478001,8.52
6.6281633,7.48
7.030652,8.92
6.1594377,5.96
6.293267,6.89
6.6068864,6.35
6.552923,6.57
6.3243823,5.72
7.1515,7.1
6.973943,6.41
6.9774394,6.3
7.2422853,5.72
7.086328,5.95
7.374339,5.49
6.9527235,6.53
7.1357164,6.42
7.2257037,5.79
7.2889457,5.59
7.326503,6.12
7.3219543,5.73
7.416121,5.92
7.0733924,6.7
7.270614,6.44
7.0340576,6.56
7.2989917,6.36
7.4709144,6.45
7.162031,7.16
7.5778084,5.69
7.3207245,5.99
7.422443,5.8
7.193112,6.36
7.5197783,6.17
7.033917,7.24
7.098247,6.71
7.4847755,5.05
6.7613707,5.44
7.1578703,6.63
7.1575713,6.73
7.0117116,5.64
7.470197,5.88
7.227321,7.02
7.480093,6.0
7.143181,5.96
7.0295444,5.94
6.626326,6.0
7.3621964,5.75
7.400144,6.09
7.4843783,5.71
7.5450997,6.34
7.466803,5.7
6.424073,6.17
7.1104283,6.66
7.3193574,5.2
7.4287353,6.16
7.4870715,5.72
7.207007,5.55
7.2552547,5.16
7.045097,6.2
7.322453,6.54
6.901254,6.51
7.114896,6.71
7.4572706,5.86
7.4760413,5.94
7.550029,6.08
7.2432857,7.97
7.5781426,6.1
7.278153,6.96
7.3885565,6.01
7.372436,5.84
7.544378,6.91
7.4921293,5.69
7.3181796,5.97
7.380954,6.55
7.3970556,5.73
7.2796216,5.31
7.199755,6.75
7.4918075,6.1
7.5359855,5.92
7.531746,6.13
7.2088337,6.14
7.2541423,6.91
7.149336,7.0
6.8330045,6.85
7.318892,6.46
7.071387,6.69
7.21201,6.36
7.288056,7.24
6.9368706,7.2
7.1612606,5.67
7.1747913,6.19
7.2499595,5.96
7.080292,7.74
7.1143336,7.35
7.2741323,6.72
7.2943807,7.47
7.3591857,6.51
7.3233995,5.79
7.14362,7.18
7.6237135,5.69
7.4165144,7.74
7.422851,6.28
7.314139,6.14
7.0868354,7.36
7.3975663,5.73
7.509091,6.1
7.1214185,6.14
7.4774113,8.73
7.0267367,6.99
7.0773196,7.15
7.34549,5.88
6.975371,5.92
7.0266175,5.76
7.1942058,6.94
7.358334,7.33
7.2265115,5.23
7.2580285,7.02
7.2188582,7.29
7.7043185,6.57
7.1877875,6.61
7.169263,6.69
7.080494,7.56
7.4185176,7.24
7.3345947,6.38
7.4463677,6.1
7.251591,5.15
7.2612834,7.72
7.2053857,7.01
6.8841014,5.78
7.179933,6.17
7.245291,6.07
7.252005,7.97
7.3982053,7.47
6.7879605,6.16
6.50378,5.35
7.2215824,6.71
7.2624445,6.81
7.1696033,7.13
6.9943395,6.8
7.287371,7.93
7.173069,6.73
7.1571445,5.74
7.2340817,6.56
7.0928226,5.93
7.2580132,6.6
7.359387,5.92
7.158546,6.58
7.637381,5.56
7.3123293,7.12
7.4812474,5.79
7.102332,8.39
7.180115,6.18
7.6383753,6.68
7.4518113,6.88
7.278999,6.94
7.4002204,6.49
7.2980957,7.27
6.9862685,5.68
7.3224754,7.37
7.063377,7.13
6.972243,6.36
6.8620653,6.52
7.585784,5.92
7.328593,6.56
7.374742,6.1
7.357484,6.54
7.424698,7.31
7.0382476,6.52
7.232142,6.9
7.2853866,6.85
7.408454,5.82
7.5183954,5.17
7.3209796,7.46
7.2780905,6.21
7.58586,5.93
7.6613355,6.33
7.466127,7.5
7.73449,7.51
7.105387,5.64
7.09787,6.2
7.088039,5.19
7.2070627,6.2
6.9208527,6.45
6.996677,7.91
6.992315,5.44
7.15206,6.91
7.200201,6.83
7.2064595,5.69
7.0278773,5.5
7.3534226,5.67
7.432528,6.6
7.112692,5.8
7.3277316,5.94
7.0490603,6.29
7.277661,7.23
7.336828,7.17
7.512193,8.14
6.936462,5.93
7.10611,5.95
7.4626946,6.04
7.58094,6.65
7.2325816,5.63
7.549041,6.88
7.750131,7.18
7.342058,6.13
7.466725,7.29
7.2930193,6.26
7.3019505,7.45
7.535835,6.74
7.195391,5.95
7.2017913,7.78
7.204413,6.41
7.4016404,7.78
7.1161275,6.75
7.285894,6.44
7.095363,6.59
7.1037464,6.55
7.190519,5.75
7.1870675,5.62
7.450705,7.21
7.450337,6.41
7.544017,6.82
7.457094,6.62
7.4280105,6.35
7.446465,7.79
7.6050553,6.65
7.2878623,6.67
7.3610015,7.4
7.5491276,5.43
7.368009,5.99
7.2737136,5.88
7.5267577,6.13
7.1394143,6.38
7.830478,5.8
7.3098736,7.04
7.3963504,5.67
7.1688066,6.49
7.218823,6.66
7.533094,5.87
7.2695246,6.7
7.8563046,6.83
7.8655057,6.83
7.459677,5.31
6.982298,5.26
7.446181,6.62
7.631014,8.19
7.334607,7.37
7.4777265,7.53
7.468306,7.62
7.5929985,6.53
7.3384557,7.08
7.097072,6.38
7.1298184,6.77
7.1197677,7.07
7.619116,7.81
7.0494847,5.68
7.66538,7.66
7.8221836,6.74
7.5434756,7.1
7.382443,6.44
7.507435,5.77
7.4820123,6.19
7.3897634,6.79
7.6187396,6.06
7.580517,6.06
7.8649044,6.27
7.559384,6.7
7.6487536,6.86
7.292297,6.34
7.264443,7.76
7.393439,5.52
7.27723,8.12
7.36474,6.6
7.358825,7.32
7.43304,5.8
7.4116387,7.79
6.9906516,6.08
7.1069975,6.85
7.029878,5.92
7.183245,5.44
7.6109715,8.02
7.563771,6.7
7.106191,6.38
7.1404386,7.01
7.285271,6.89
6.9806657,6.49
7.0673842,6.41
7.280954,6.34
7.184285,6.35
7.189252,5.7
7.428216,7.42
7.5996766,7.27
7.1467977,7.11
7.619225,6.7
7.309695,7.57
7.272571,5.71
7.563827,6.73
7.0581346,7.54
7.576524,6.64
7.274621,7.39
7.4574885,7.06
7.2115817,7.19
7.2465453,7.44
7.5064397,7.83
7.503385,7.02
7.3137407,6.95
7.446041,6.42
7.0918474,6.13
7.1413865,6.51
7.379422,6.44
7.278156,6.95
7.343125,6.86
7.73476,7.71
7.3671083,7.72
7.5385156,7.12
7.114574,6.91
7.311795,6.13
7.3086963,6.77
7.670691,7.02
7.642731,7.5
7.5252433,7.07
7.4423814,8.17
7.4236503,7.52
7.5198755,6.6
7.5227113,6.7
7.0105147,6.85
7.5657773,6.73
7.5828795,7.42
7.316261,6.32
7.18831,6.66
7.311221,6.89
7.415213,7.27
7.2596893,6.92
7.366245,6.97
7.2326403,7.36
7.238662,6.35
7.2928452,5.82
7.1292787,7.37
7.850227,7.41
7.368015,7.48
7.234978,5.66
7.2500997,6.2
7.2708607,5.39
7.5315905,6.45
7.4288335,6.5
7.760632,7.52
7.3246665,7.24
7.515878,7.67
7.27631,6.67
7.3224277,7.52
7.3455153,6.66
7.55487,7.35
7.6446357,7.88
7.640446,6.94
7.2722077,8.31
7.209961,6.13
7.3911476,7.86
7.4297338,6.88
7.5466805,7.35
7.369373,7.26
7.1999807,6.23
7.592039,6.09
7.5544934,7.01
7.4778905,7.37
7.5535884,7.3
7.5189176,7.68
7.1211934,6.2
7.3917737,7.49
7.418892,6.23
7.593898,7.11
7.141392,6.44
7.635841,5.83
7.571865,6.1
7.2183027,6.85
7.085317,5.85
7.1707163,6.98
7.245643,7.46
7.4388585,7.46
7.4243007,7.74
7.314628,8.03
7.9698014,7.82
7.6411214,5.5
7.176136,6.68
7.2380333,6.74
7.355715,7.75
7.494642,7.99
7.645516,6.68
7.557448,8.01
7.6301966,6.77
7.501079,7.76
7.819917,8.64
7.434247,7.1
7.5071254,6.99
7.294069,7.3
7.3010263,6.88
7.579629,6.28
7.3521285,6.59
7.088058,6.93
7.0690775,6.93
7.6104913,6.75
7.368241,5.28
7.813062,7.59
7.328408,6.7
7.312386,6.63
7.0641336,6.92
7.101849,6.63
7.2115746,7.26
7.3847284,7.3
7.531594,7.43
7.4493365,7.79
7.2495203,6.35
7.593926,6.81
7.52482,6.01
7.4978127,6.98
7.47846,7.27
7.412372,6.26
7.334291,6.36
7.6905622,7.56
6.808209,6.07
7.7251673,7.34
7.532476,6.0
7.034237,6.49
7.006619,6.09
7.302586,6.88
7.37257,5.92
7.7216916,6.22
7.420216,5.75
6.9959664,7.24
6.939887,5.65
7.3755,7.22
7.5109015,7.07
7.909634,7.23
7.4648733,5.58
7.458264,7.49
7.4488106,6.97
7.5770526,7.19
7.413854,5.61
7.510467,6.36
7.575287,6.88
7.4932103,5.62
7.2662234,7.3
7.377887,6.17
7.3770084,7.29
7.58572,7.44
7.7850947,6.87
7.4339623,6.87
7.6338677,7.68
7.405062,7.52
7.189506,7.28
7.296263,6.9
8.018472,7.8
7.760095,6.59
7.329697,8.73
7.3832555,6.6
7.2244496,6.65
7.350142,6.54
7.359426,7.21
7.5226207,7.0
7.5811815,7.05
7.6535525,8.17
7.6145225,6.51
7.4748425,7.68
7.6171956,8.15
7.073284,7.21
7.4184346,5.55
7.4350486,5.98
7.477429,7.81
7.2505317,6.41
7.664161,7.28
7.3543854,5.23
7.207887,6.72
7.533921,6.56
7.496157,6.62
6.9339843,5.57
6.967337,5.64
7.2509165,8.54
7.590735,7.72
7.619498,5.85
7.596183,5.38
7.3828516,5.73
7.1927514,6.2
7.5103345,7.67
7.8291373,7.5
7.3347135,6.11
7.411432,7.8
7.5421467,6.32
7.6184406,7.61
7.3599973,6.76
7.67366,5.72
7.462726,5.15
7.3270216,5.75
7.597268,7.16
7.4959435,7.18
7.5682735,6.87
7.6842213,7.07
7.5580335,6.46
7.554705,7.5
7.50822,7.22
7.0902996,7.16
7.0280166,7.0
7.9150195,7.33
7.4348044,7.98
7.3866715,6.32
7.670507,6.41
7.508589,6.71
7.307701,6.75
7.0433173,7.17
7.467734,6.98
7.316295,7.52
7.2916646,6.6
6.831011,6.57
6.8299937,6.83
7.4872804,7.7
7.4863343,7.08
7.5486684,7.59
7.671746,7.96
7.43292,6.3
7.784934,5.4
7.7552915,8.18
7.2302155,7.72
7.2755156,7.31
7.7026887,8.35
7.848362,8.55
7.4563365,5.21
7.5061173,7.9
7.6717105,7.33
7.788431,6.94
7.4402013,6.51
7.415568,6.16
7.6363783,8.32
7.5439205,6.83
7.377135,6.08
7.337902,6.69
7.162195,6.0
7.4927015,6.76
7.5336905,6.72
7.4895425,7.16
7.0002,6.76
7.5720234,6.66
7.0875525,5.74
7.0678573,6.71
7.0374894,6.59
7.5496335,5.66
7.5631766,5.65
7.3449264,8.16
7.1775603,7.13
7.435925,5.14
7.3842483,5.58
7.3163304,5.96
7.5571523,7.47
7.2251706,6.26
7.430055,6.59
7.210736,6.14
7.201272,7.07
7.511966,8.63
7.557521,7.03
6.9704037,6.42
7.3692555,6.81
7.4171815,7.35
7.372625,5.82
7.517465,6.28
7.8378205,8.0
7.3781776,5.74
7.12867,7.23
7.858921,8.0
7.5452733,7.82
7.4621944,5.71
7.6563935,6.04
7.3819904,6.64
7.8369594,8.76
7.614816,8.73
6.9636955,7.12
7.188935,7.82
7.4955764,7.54
7.5180726,7.55
7.450067,5.64
7.1870494,6.13
7.523871,5.02
7.666713,5.54
7.439346,7.07
7.3871417,8.73
7.301535,7.5
7.6079745,8.0
7.4332438,5.1
7.5318127,5.3
7.2481155,5.7
7.4105687,6.0
7.4660163,5.33
6.984197,5.49
7.3922863,5.51
7.2921004,5.4
7.4720335,5.27
7.464788,6.46
7.5356474,5.96
7.4116344,6.69
7.5841937,5.04
7.461572,6.98
7.17325,5.44
7.308295,6.87
7.0714326,7.14
7.397886,5.15
7.532723,5.39
7.439615,5.32
7.228007,6.37
7.1344423,8.48
7.5118585,6.87
7.532782,5.73
7.561126,5.21
7.4093595,5.12
7.56664,7.01
7.4357686,5.2
7.5326185,5.12
7.4939456,5.04
7.5780487,5.59
7.4368744,5.08
8.0414295,6.91
7.159413,5.7
7.3630795,6.59
7.6359215,5.6
7.60765,6.63
7.6080604,6.92
6.991668,5.49
7.558541,5.96
7.449535,6.69
7.8443313,6.98
7.4506717,6.38
7.3674593,5.19
7.278342,5.74
6.9808803,5.74
7.1088614,6.1
7.418343,6.38
7.3401484,5.76
7.276445,5.92
7.132317,6.71
7.2411633,6.6
7.1531105,7.43
7.4664826,7.44
7.8587375,6.55
7.6548285,6.92
7.7136416,6.26
7.099974,6.69
7.5560603,6.81
7.3520393,7.21
7.4536166,6.56
7.441571,6.25
7.8182087,5.56
7.206906,5.25
7.230913,6.67
7.46499,7.17
7.346184,5.8
7.611052,7.42
7.5957103,8.0
7.3656306,7.2
7.3438315,7.05
7.662889,8.0
7.75911,5.1
7.544147,5.2
7.009615,7.57
6.9163566,7.17
6.312038,7.38
6.3928375,4.47
6.686376,8.31
6.5732846,7.72
6.548671,7.12
6.4888167,7.7
6.889214,8.46
7.1570845,4.04
6.889237,8.3
7.1434383,8.28
6.9731503,7.55
7.148332,8.57
7.014844,8.52
7.023022,7.51
7.0943837,7.38
7.2289915,6.34
7.558363,7.52
7.4398007,7.0
7.327121,7.03
6.7521524,7.82
7.1996984,8.0
7.228212,9.09
6.769423,8.02
7.096517,7.77
7.0852365,8.57
6.701171,7.38
6.8383203,7.8
6.7085576,7.37
6.8486543,7.05
7.0185404,7.29
7.723779,6.59
6.695162,7.46
6.992832,7.66
6.7366767,7.6
7.3822293,7.54
7.069876,6.64
7.195638,7.64
7.1016088,7.22
7.062036,7.35
7.0568404,7.12
7.386021,7.37
6.967402,7.74
6.7422676,7.74
7.1015325,7.62
7.0212784,7.24
7.2276006,7.66
7.1711106,7.21
6.7660756,7.12
7.606203,7.41
7.126319,8.05
7.3148413,7.37
7.4239135,7.48
7.459049,7.96
7.031706,7.32
7.1729436,7.44
7.2120423,8.16
7.275747,9.49
7.7303843,9.17
7.4845166,7.06
7.3791747,7.96
6.4466186,6.41
6.1234393,6.01
6.999331,6.68
7.086089,8.29
7.021648,8.7
6.856778,8.19
6.9257727,8.38
7.0898414,8.07
6.7987,8.6
6.8989644,8.42
6.543799,7.62
7.7465167,8.1
6.989492,7.18
7.079533,8.74
7.1487603,8.8
7.1298394,8.85
6.736672,7.15
7.5654325,7.74
6.6208115,7.4
6.6488986,7.32
7.149299,7.52
6.9619017,6.82
6.9227295,6.92
6.549092,7.48
7.2213655,7.22
6.7947016,8.26
6.7859235,7.34
6.930819,7.04
6.754189,7.42
7.4312963,7.47
6.96943,7.51
7.027895,6.85
6.9193482,7.68
6.5753264,7.57
6.8371997,6.59
7.384113,5.77
6.6109996,7.04
6.5527062,5.44
6.939546,7.04
6.9589424,7.35
7.0490413,7.28
7.4027205,7.28
6.9007015,7.44
7.615607,7.25
7.019386,6.68
7.430242,5.55
6.8438897,6.07
6.4136887,7.42
6.568975,7.02
6.3802266,7.11
7.414231,8.0
7.317763,8.1
7.422501,8.14
7.8929944,7.92
7.9211926,7.96
8.053681,7.94
7.3201,7.88
7.332828,7.52
7.1169276,7.42
7.333893,7.74
7.329574,7.7
7.452234,7.51
7.3747725,7.96
7.423168,7.9
7.2935205,7.94
7.584865,7.84
7.528102,7.9
7.641332,7.87
7.2846875,8.25
7.3203015,8.24
7.407266,8.24
7.649435,8.28
7.369515,8.36
7.514128,8.28
7.466313,8.2
7.3689895,8.1
7.4102926,7.95
7.4375052,8.0
7.351958,7.84
7.3035703,8.19
7.341761,7.96
7.944178,8.07
7.3702846,7.91
7.3628764,7.97
7.3761654,7.95
7.2806797,7.96
7.3338723,7.98
7.353743,8.1
7.7062926,8.05
7.3704667,7.97
7.425184,7.89
7.349001,7.9
7.4471297,7.64
7.4515224,7.58
7.703214,7.62
7.4939437,7.89
7.2408524,7.92
7.2748027,7.93
7.353145,7.49
7.375858,7.74
7.3129478,7.63
7.357021,7.63
7.346509,8.26
7.34312,7.47
7.2277117,7.62
7.322979,8.0
7.3556476,8.01
7.643,8.06
7.4376855,8.02
7.4384694,8.05
7.3412747,7.73
7.514057,8.0
7.3695016,7.93
7.376717,7.47
7.457885,7.99
7.427178,7.95
7.453317,7.93
7.457126,7.91
7.4932995,7.49
7.791674,7.74
7.7760096,7.65
7.854146,7.62
7.918778,8.07
8.049659,8.1
7.855534,7.98
7.6188803,7.72
7.5587773,7.69
7.273757,8.07
7.4302526,8.07
7.570449,8.15
7.2837214,8.19
7.4419374,7.99
7.278052,8.07
7.4372363,8.17
7.269113,8.19
7.263625,8.15
7.533316,8.17
7.278463,8.24
7.4424696,8.15
7.549372,8.3
7.3382363,8.27
7.4073014,7.83
7.7234454,7.97
7.5626264,8.24
7.335914,7.96
7.3995996,8.14
7.2804694,8.18
7.3321986,8.29
7.3122907,8.25
7.5884404,8.3
7.431948,7.92
7.3498716,8.07
7.3863664,8.05
7.9940586,7.79
7.266934,7.94
7.377004,8.41
7.701603,8.27
7.5799336,8.38
7.4814973,8.47
7.454846,8.38
7.4245176,8.43
7.345925,7.99
7.3830705,7.65
7.283936,7.97
7.3808703,8.15
7.3737655,7.94
7.2951503,7.79
7.261631,7.75
7.6238647,8.05
7.2837424,8.07
7.6471744,8.28
7.5595064,8.19
7.7340875,8.15
7.4292703,8.21
7.382504,8.15
7.4317327,8.21
7.578936,6.14
7.495934,6.49
7.623838,5.89
7.6279826,5.59
7.5598016,6.21
7.2698336,7.38
7.439153,5.92
7.5712237,5.99
7.5933733,6.49
7.448613,5.41
7.52212,6.79
7.5656476,5.54
7.4977007,6.22
7.46881,5.49
7.4610515,5.77
7.3263474,5.93
7.508821,6.31
7.6857085,5.69
7.373707,6.95
7.6710725,6.81
7.5889387,6.98
7.4252505,5.66
7.4760537,5.23
7.4169717,5.19
7.4305286,5.11
7.595595,5.64
7.6398325,6.71
7.777632,6.53
7.314102,6.11
7.508327,5.1
7.5409856,5.71
7.4241004,6.88
7.443524,5.67
7.515075,6.94
7.5291524,6.18
7.5936284,5.57
7.518767,6.28
7.3329654,5.45
7.4631886,5.13
7.5756755,5.31
7.4609637,5.99
7.2039156,5.41
7.3177733,5.13
7.432724,6.65
7.806164,5.21
7.662782,5.19
7.4848413,9.0
7.3678746,8.7
7.2007194,7.82
7.424791,8.54
6.4984426,6.08
8.176722,7.76
7.3321805,9.0
7.7216573,9.0
7.555245,6.23
7.1669793,6.08
7.371059,6.01
7.3057513,6.37
7.549577,6.21
7.4713197,6.23
7.7573366,9.3
7.712356,7.89
7.842824,8.24
7.8167043,8.52
7.8507752,8.12
7.8492265,8.19
7.8466363,8.44
7.8995824,8.96
7.8457637,8.17
7.5247803,7.95
7.7519283,8.66
7.7303014,8.8
7.74246,8.09
7.82809,7.58
7.8027883,8.28
7.875482,8.89
7.655743,8.96
7.855688,8.92
7.6863713,6.6
7.672412,8.28
7.728093,8.22
7.7811103,8.03
7.874728,8.66
7.6622357,8.77
7.6752105,8.47
7.6830134,8.33
7.8539906,8.8
7.692122,8.02
7.779467,8.68
7.8869143,7.55
7.650594,7.62
7.956756,8.07
7.684321,7.89
7.885892,9.1
7.846993,8.03
7.713122,7.96
8.002005,7.92
7.6558843,8.62
7.6376233,7.8
7.8014565,7.43
7.5468435,9.15
7.6215677,7.96
7.457761,8.8
7.799314,8.39
7.7490597,8.89
7.6483502,8.25
7.6179485,8.11
7.566656,8.92
7.714955,5.54
7.4061513,5.46
7.4158416,5.13
7.442835,5.07
7.2489963,5.36
7.408941,7.22
7.734877,5.32
7.7162766,5.02
7.4943767,8.0
7.494482,9.55
7.467598,9.04
7.596561,9.0
7.671657,8.71
7.6544595,8.64
7.7625966,8.34
7.836815,8.74
7.659232,8.92
7.5761895,8.94
7.4384475,8.93
7.480745,8.97
7.4789925,8.88
7.521562,8.97
7.484604,8.91
7.4089317,8.97
7.4673924,6.7
7.2733636,8.75
7.3243546,9.14
7.2995095,8.45
7.3497148,8.51
7.34942,7.97
7.2994275,8.63
7.626283,7.45
7.460528,6.66
7.5379443,6.83
7.642898,7.31
7.5985255,7.0
7.457105,8.39
7.4692326,7.85
7.4404616,8.43
7.361676,7.89
7.3995223,7.98
7.4212513,8.25
7.585888,7.68
6.566552,6.7
5.6105995,4.11
5.8551955,4.05
6.089004,4.44
6.047644,5.7
6.4018617,4.08
6.5570283,5.01
7.303253,6.9
7.0142794,8.35
7.3942094,8.68
7.568893,6.55
7.4947314,7.89
6.972752,7.63
7.1457715,8.12
7.447857,8.55
7.618115,7.99
7.080569,8.34
7.4050503,8.09
7.545785,6.88
7.5603304,7.17
7.2606416,7.44
7.3101487,7.65
7.3841457,9.0
7.2721744,8.92
7.3843603,8.72
7.36391,8.7
7.3577256,8.72
7.4977016,8.8
7.484863,8.92
7.4470897,8.21
7.2702217,7.89
7.4987125,8.39
8.128456,8.21
8.103782,8.44
8.196223,8.13
7.5077806,9.3
7.018828,8.72
7.185143,7.79
6.8887935,9.1
7.241202,8.62
7.136149,8.0
7.21139,9.4
6.218624,8.1
6.0218077,6.77
5.9757648,6.32
6.9589095,6.0
7.424097,6.41
7.514523,7.7
7.4131007,7.14
7.394153,9.22
7.3902755,9.22
7.3199964,9.52
7.422279,8.6
7.0668225,8.77
7.7136045,8.85
7.431236,8.59
7.384848,9.22
7.5728374,9.05
7.311448,9.1
7.445164,9.52
7.097252,9.52
6.912308,9.1
7.1537013,6.79
7.030339,8.05
7.474752,6.98
7.2229285,6.41
7.48091,9.52
6.9681387,8.42
7.154358,8.68
7.216496,8.7
7.0884356,8.54
6.962468,9.1
7.2269144,9.1
7.2438345,8.59
5.6708484,4.43
5.7979054,4.79
5.4897866,4.74
5.779367,4.48
5.6780767,4.73
6.0700803,4.76
6.1884403,4.59
6.1964545,4.65
5.2878995,4.45
5.9094944,4.55
5.7483697,4.34
5.6976414,4.32
5.622204,4.67
6.0301747,4.79
6.0843997,4.58
7.2026954,6.69
7.777169,8.0
7.6748176,8.49
7.6723533,8.17
7.6983147,7.94
7.64226,7.93
7.6038,7.57
7.5338864,7.94
7.6450973,7.51
7.654377,7.7
7.6336803,7.89
7.568746,8.17
7.4462285,8.19
7.7450137,8.05
7.4951677,7.26
7.6850457,7.68
7.655113,7.6
7.565102,7.71
7.062855,5.96
7.177586,6.09
7.39017,5.91
7.415813,8.48
7.209148,5.43
7.270592,8.06
7.457401,7.93
7.5658555,9.52
7.5348797,9.52
7.599893,8.06
7.452437,8.11
7.5664973,8.16
7.5617347,8.14
7.5692263,9.3
7.663197,8.85
7.6653953,9.7
7.6104736,9.22
7.415033,9.52
7.586553,9.7
7.639087,7.85
7.6762676,7.84
7.62959,7.13
7.6295686,7.85
7.770421,8.21
7.5967126,8.11
7.742753,7.98
7.5633316,8.39
7.2477026,7.37
7.464946,7.78
7.6139426,8.41
7.548434,9.52
6.9682965,6.28
7.463696,8.77
6.94751,6.97
7.0601554,6.28
7.7382207,8.15
6.579184,7.08
6.5946965,8.12
6.697614,8.72
6.91678,8.96
6.9468017,7.09
6.8716006,8.96
7.1567416,9.92
7.064771,9.77
7.3648176,8.36
7.59557,7.57
7.6864347,8.82
7.715399,8.04
7.5443487,7.7
7.5296774,9.1
7.50424,8.01
7.6501956,7.68
7.5710106,7.41
7.5398684,6.05
7.57908,7.55
7.6083913,6.1
7.669498,6.02
6.6163616,5.68
6.627277,6.0
7.463698,8.43
7.521211,7.66
7.3212447,7.43
7.5343895,9.24
7.602159,7.3
7.4081373,8.68
7.5164037,8.1
7.5227985,9.0
7.657083,8.92
7.4819746,8.7
7.59448,8.92
7.669817,8.82
7.5309405,8.57
7.4892626,8.85
7.654124,8.92
7.643123,8.92
7.637607,9.19
7.639737,8.89
7.6710773,8.62
7.5885406,9.09
7.719712,9.0
7.594439,8.92
7.5248322,8.8
7.6917777,8.8
7.3805084,9.24
7.0765896,8.72
7.3638573,8.85
7.3676887,7.07
7.5139804,8.6
7.4440355,9.05
6.648584,6.09
6.987785,6.36
6.8176417,6.21
6.896405,6.13
6.8862147,6.43
6.926559,8.49
6.844235,7.89
7.130662,8.23
6.8675246,6.32
7.3199697,5.68
6.96013,6.06
6.878556,6.49
7.0149455,6.56
6.9364657,5.73
7.083255,5.82
7.032494,6.26
6.9568286,6.73
7.196736,6.38
7.1101756,6.93
7.1900125,6.1
7.5194345,6.88
7.5098214,7.85
7.181746,9.15
7.5315275,8.0
7.4799542,7.0
6.918343,7.86
6.7107835,7.78
6.734608,6.34
6.507996,5.49
6.471855,6.4
6.7442584,6.41
6.762389,6.35
7.034342,6.69
6.6840825,6.87
6.2494607,5.38
6.2995687,5.68
8.102582,8.0
6.8468328,4.87
7.192509,9.37
7.554681,7.91
7.3368287,8.32
7.029403,8.39
7.311378,8.23
7.007649,9.12
6.9653788,8.42
7.4976234,8.36
7.4474187,8.24
7.1736603,8.23
7.304499,8.41
7.1038055,8.42
7.4660783,7.95
7.4781976,7.95
7.3144336,8.26
7.194023,8.01
7.6715665,7.41
7.3815475,7.98
7.5559373,7.08
7.0994697,5.0
7.0693746,5.0
7.333509,5.86
6.704823,7.33
6.812365,6.43
6.888,6.83
7.4330745,9.1
6.722085,7.51
7.1071153,6.71
5.643869,4.81
6.0076985,4.57
7.009113,9.33
7.546286,5.87
7.4613533,6.43
7.551227,6.23
7.5481772,5.93
7.8519588,6.58
7.6368704,6.34
7.3953958,7.34
7.4880643,7.74
7.5845656,7.33
7.5923047,6.95
7.616302,7.51
7.6454015,6.95
7.656938,7.02
7.715966,9.55
7.7484546,9.6
7.7618036,9.64
7.823504,9.62
7.8163013,9.74
7.7778926,9.59
7.737176,9.49
7.9123106,9.62
7.9019246,9.46
7.888305,9.43
7.9093423,9.42
7.8330836,9.42
7.8458076,8.19
7.9322095,9.57
7.8857274,8.41
7.846933,9.43
7.9182634,7.55
7.4690814,5.33
7.6931863,6.61
7.435923,5.51
7.7923408,5.43
7.872618,5.39
7.930671,5.37
7.627333,6.1
7.664163,6.2
7.8609595,5.6
7.7641306,5.38
7.7657704,7.28
7.7090306,7.31
7.8343167,7.52
7.8815856,7.77
7.708341,7.34
7.9181476,5.85
7.6842055,8.08
7.7633176,7.02
7.693285,5.71
7.9051347,6.66
7.6518393,8.38
7.820694,6.62
7.9528813,7.09
7.865742,5.55
7.8500113,5.52
7.7550282,6.72
7.8762264,6.55
7.9771223,5.39
7.7993827,6.01
7.7254686,6.1
7.8019853,5.51
7.726038,6.28
5.8556395,6.77
5.61083,7.4
5.9089913,7.49
5.975571,8.2
5.740063,6.85
6.2013845,4.54
5.811401,4.16
7.2844787,6.64
7.28071,6.88
5.474939,7.89
5.119941,6.08
5.6239834,8.22
6.42998,5.49
5.6926928,6.57
6.0028377,6.4
5.5044827,6.77
5.5516944,6.96
5.6638684,4.77
5.2608047,5.52
5.519689,7.0
5.5857186,5.02
6.235967,7.44
6.480375,4.82
5.906449,6.0
4.839107,5.05
5.2490044,5.75
5.0960064,6.09
6.494657,7.57
6.2072377,6.68
6.0526414,5.08
5.7606893,7.0
5.7919464,6.38
6.211407,7.35
5.8822923,5.77
5.875255,6.43
6.224045,6.03
6.430224,6.96
5.602079,4.97
6.2059073,6.77
5.9021125,6.2
6.0003104,7.52
6.5714374,7.14
5.995359,6.29
5.1352925,4.85
6.1193814,7.28
6.0578017,7.1
5.864138,7.85
5.3986373,6.05
6.203651,7.47
6.327956,7.52
6.237552,6.24
6.246253,5.72
6.077707,5.15
5.177677,5.19
5.0292234,4.95
6.130162,7.57
6.0184503,7.52
6.3351064,4.94
5.8756485,7.52
6.168617,7.34
6.080955,7.17
5.9886756,7.74
5.907691,7.49
5.5654984,5.28
6.6908193,6.66
6.316864,8.3
5.8095574,7.05
6.0326543,8.0
6.0898924,7.38
6.124289,5.98
6.31029,6.77
6.1033177,7.41
6.3313966,7.21
6.07095,7.12
6.3454685,7.72
6.3801293,7.74
6.401838,8.14
6.1750875,8.22
5.9653487,6.82
6.695223,7.55
5.7657733,5.15
5.1698055,6.01
5.622823,6.47
5.549181,6.19
4.460914,5.27
4.897982,5.28
5.097565,4.83
5.3296714,5.7
6.399775,6.72
5.3300138,6.32
5.483962,4.58
5.9208946,6.8
5.651928,6.62
7.23587,6.89
6.720389,5.4
6.269408,7.6
5.970657,8.5
5.5338902,8.5
5.8090034,8.1
5.756086,8.3
5.8849034,8.9
5.9938583,6.9
6.313989,8.48
6.3579006,6.8
5.6913433,7.4
5.920525,8.4
6.4549956,8.3
5.975715,8.2
6.240841,7.7
6.164417,7.38
5.434509,6.1
5.335893,7.7
5.1702724,5.7
6.0843825,7.9
4.978387,6.62
6.2142825,4.77
5.225744,4.97
5.3233433,6.7
5.6676345,4.64
6.5647917,7.72
5.519079,6.52
5.6174836,5.69
6.0900865,6.21
6.134485,7.06
6.054346,6.86
6.4803824,4.92
6.121066,7.8
6.1007056,6.79
5.771151,6.87
6.011237,6.25
5.5153756,6.96
5.4086313,4.86
6.3834786,5.28
6.0135117,6.8
5.0762095,5.85
5.443493,6.32
5.3220506,5.47
5.930734,7.48
4.772761,5.01
5.3760314,5.68
6.2813845,7.43
5.147701,5.85
7.119986,7.0
7.536,7.68
7.5165563,7.59
7.5263143,7.15
7.1838574,6.72
7.390821,7.22
7.5372396,7.8
7.4433885,6.96
6.582527,7.77
6.7538676,6.41
6.995157,7.3
7.2615414,7.3
7.1051793,6.89
7.1498923,6.32
6.1363397,6.4
6.368207,5.6
6.7321897,5.57
6.680098,5.85
6.6920147,5.46
6.4269433,5.1
6.5725293,6.15
6.830375,6.15
6.838209,6.0
7.093761,6.54
6.9934316,5.7
6.5257015,5.52
6.879065,6.1
6.9163136,5.74
6.6495714,6.44
7.637484,7.4
6.878031,7.55
6.726099,7.17
6.6316237,7.08
6.7113624,7.3
6.6994576,7.32
6.9976645,6.85
7.3118415,6.74
7.194683,7.57
7.2938514,9.39
6.94649,7.51
7.018205,6.36
6.739775,6.21
7.255037,6.2
6.9328713,6.03
6.8430886,6.69
7.3517027,6.63
7.1053643,7.1
7.0975327,7.72
7.2090464,6.82
6.6230626,6.52
7.5869994,7.16
7.2733355,7.57
7.429561,7.66
6.691795,6.99
6.7308,7.96
6.391532,7.38
6.519998,6.7
7.086536,6.82
6.7707076,7.38
6.7106376,7.39
6.7589173,7.38
6.412558,7.77
7.2583747,6.54
7.242164,6.4
6.8287487,7.49
7.104033,7.28
7.2193136,7.3
7.08211,7.19
6.8535104,7.41
6.689853,7.55
6.9905343,8.8
7.375089,7.52
7.3613486,4.75
6.736822,5.78
7.034157,5.14
7.5797677,8.05
6.912122,8.15
6.8873334,6.9
7.3563695,6.53
7.13045,6.67
6.9729495,7.19
6.7904363,7.14
6.91277,7.25
6.9557605,7.37
6.465574,7.3
6.635426,6.7
6.882836,7.85
6.895889,7.21
6.677096,7.92
6.9882283,6.47
6.9081063,8.8
6.4728827,8.3
6.346701,8.3
6.3126383,8.0
6.3479886,7.85
6.394171,8.4
6.9463696,5.58
6.8660874,5.36
7.255462,8.0
6.4975405,5.52
7.2432313,6.7
7.0244374,7.3
7.163754,7.66
7.1421227,7.55
6.805042,7.46
7.3589125,8.4
7.4431715,6.21
7.354865,8.21
7.092969,9.0
7.270574,7.11
6.9314446,7.66
7.0009274,7.14
6.9876723,7.51
7.2264056,7.74
7.150455,7.4
7.0948973,7.22
7.079114,7.55
6.8052344,7.7
7.0228086,7.74
6.621949,6.68
7.182218,6.83
7.6177297,5.93
7.6080704,5.97
7.338262,6.38
7.443444,5.7
7.4056973,6.28
7.359852,7.39
6.95276,7.7
6.91342,8.52
7.33586,8.4
7.1643195,9.0
7.3311553,9.0
7.118762,8.1
6.9440703,7.43
7.4393272,8.05
7.359809,7.46
7.0271153,6.92
7.3302417,8.7
7.17252,8.3
6.9798017,6.97
6.8797293,6.95
7.866507,7.77
7.475605,7.74
7.773544,7.47
7.4626412,5.24
7.3602033,9.17
6.709967,5.8
7.0138545,5.37
7.537268,8.22
7.139395,6.2
7.35137,6.12
7.179477,6.54
6.9251003,6.31
7.5559173,7.37
7.734588,7.34
7.22777,6.96
6.491651,9.02
6.93537,8.74
7.62781,4.89
7.4873705,5.77
6.7961373,8.51
6.9035654,8.22
7.105212,8.48
7.0162444,6.77
7.2701826,8.7
7.065826,8.4
7.1341133,8.4
7.23456,9.0
7.2602115,8.52
7.2250056,9.0
7.3479795,9.0
7.2267814,8.4
7.2261424,8.4
6.584887,6.29
7.155784,6.83
7.213645,6.61
7.2786,6.1
7.50762,5.33
7.536514,5.56
7.411422,5.11
5.4828863,7.92
6.062075,7.22
6.4039474,7.43
5.97205,7.74
5.9255595,7.68
5.722839,8.0
5.665995,6.74
6.27259,12.0
5.944668,8.05
7.743565,5.6
7.202127,9.27
7.1164436,8.0
7.1277556,5.51
7.7447248,8.49
7.4628243,8.09
6.5822186,8.43
7.055894,7.46
6.983453,9.1
7.5638356,8.0
6.893205,6.4
7.0307264,6.5
7.155228,6.2
6.896749,8.3
7.391581,9.0
6.470391,6.4
7.230058,9.5
7.143624,7.4
6.471727,6.4
5.945309,5.9
6.9990263,9.1
6.9986253,8.6
6.8179855,6.6
7.209435,8.9
7.1829066,6.1
7.61494,8.5
7.2504964,9.1
7.261837,8.1
6.8974676,9.1
7.0541453,6.3
7.1934476,9.0
6.8517222,6.4
6.6800923,6.1
6.9233603,6.4
6.948276,6.2
7.2241693,8.8
7.6760287,8.62
7.4483056,5.0
7.2439013,7.0
7.210811,5.17
7.437241,8.3
7.8487926,9.0
7.843486,8.96
7.1036916,9.22
7.4935274,7.85
7.446696,8.46
7.3638783,8.36
6.8094864,6.29
7.785563,6.61
7.9380593,5.82
7.9538383,6.13
7.816668,6.38
7.8835683,6.39
7.8865643,6.56
8.0133705,6.12
7.4311957,6.55
7.382277,7.08
7.2902865,7.73
7.338471,6.93
7.390844,6.67
7.294671,6.6
7.2544956,7.0
7.1661,8.03
7.1447535,8.72
7.1405206,7.08
7.131314,7.53
7.1356635,8.31
7.17223,5.08
7.199449,8.58
7.244472,8.52
7.3710785,7.9
7.4101753,6.7
7.879273,8.41
7.525392,6.8
7.39969,6.47
7.729813,8.1
7.5825624,6.81
7.1502814,6.03
7.611681,8.04
7.484427,7.66
7.8348703,6.52
7.1504774,7.62
7.2318225,8.12
7.42112,7.42
7.586147,6.2
7.2546573,8.35
7.2845554,7.52
7.3728156,7.53
6.623964,6.62
7.772466,6.64
7.4851484,8.39
7.447778,7.97
7.403647,7.42
7.269441,8.85
7.334781,8.18
7.4031405,8.13
7.44825,8.24
7.2989063,8.7
7.330468,6.74
7.8105497,6.35
7.609832,6.19
7.180111,7.21
7.252916,7.08
7.1138926,7.02
7.308233,7.05
7.1724896,7.15
7.311296,7.4
7.029515,7.14
7.721645,8.36
7.3766537,6.7
7.421001,8.34
6.940185,5.82
6.894917,5.97
6.8341336,5.48
7.3269744,5.89
6.946996,7.59
6.5819154,7.12
6.7305326,6.24
6.8975673,5.88
6.76132,7.49
6.920585,7.97
7.861854,8.66
7.7483554,8.4
7.752651,7.35
7.5802746,7.42
6.9695945,7.72
7.1640315,6.53
7.1802115,8.52
6.950957,9.0
7.114677,9.0
7.283076,8.22
7.1319046,7.8
6.8961806,7.85
7.012692,7.96
7.363146,7.77
7.062408,7.7
7.2045703,8.52
7.177532,8.0
7.9604907,7.49
7.9805617,7.29
7.853571,8.07
7.8548255,6.28
7.1498837,5.21
7.861004,5.65
7.520128,7.57
7.889672,5.93
7.856073,7.59
7.872295,7.49
7.7447925,7.8
7.9643855,7.49
7.8653464,6.28
8.139996,7.64
7.4882817,6.22
7.6552825,6.79
7.829227,6.44
7.230685,7.0
7.576887,8.03
7.593242,8.47
7.6845803,6.57
7.6260076,7.12
7.734564,6.67
7.7401953,6.47
7.5460143,6.59
7.5320754,6.19
7.1460423,6.35
7.5225406,7.0
7.553607,7.08
7.5516644,5.0
7.38795,6.76
7.248093,6.03
7.4718256,5.0
7.7237906,5.04
7.8442636,5.81
7.6125226,6.69
6.4218955,7.66
6.589008,7.56
7.7370677,6.94
6.988135,6.74
7.0104003,6.92
7.0752916,7.82
7.062532,7.28
6.981652,7.28
6.9608355,6.85
6.973881,7.92
6.8446283,8.05
7.224028,7.89
7.117735,7.24
7.1132216,7.02
7.6301074,7.24
7.2933583,7.3
6.99264,7.04
6.8939447,7.64
7.1021495,7.28
7.6888046,7.31
7.603129,7.7
7.2737594,7.62
7.28758,7.34
7.2914205,7.18
7.5587673,7.37
7.550094,7.05
7.6612954,7.25
6.8727846,6.87
7.3447948,6.59
7.10193,6.84
7.357321,6.51
7.3761,6.0
6.904673,6.86
7.20613,6.82
7.278705,6.9
6.713142,6.66
6.7866654,6.77
7.014363,6.64
7.019942,7.29
7.0547533,8.43
7.3313336,4.66
7.1084228,8.59
7.199594,6.26
7.313027,8.62
7.0785613,5.85
6.962867,7.85
7.1175485,7.7
7.0705204,4.69
7.131904,4.34
7.170165,8.43
7.2752285,8.77
6.825439,4.96
7.192344,8.03
7.343592,7.92
7.0345044,8.68
7.4724917,6.36
7.297334,5.57
7.4695425,6.72
7.552488,6.68
7.708341,6.51
7.473063,5.23
7.446654,5.77
7.3968368,6.57
7.6008363,6.13
7.574984,7.7
7.472811,5.12
7.1363845,6.09
7.3513093,7.22
7.4706197,5.52
7.704823,5.22
7.4832416,6.41
7.4652085,4.82
7.505753,6.05
7.232098,6.94
7.78241,6.49
7.740909,5.77
7.849235,6.98
7.757312,6.85
7.883711,7.0
7.870946,6.6
7.8389955,7.37
7.648985,6.82
7.6379952,6.86
7.800799,5.67
7.7756743,7.14
7.668405,6.8
7.588208,6.94
7.576446,8.64
7.573026,8.59
7.4103775,7.0
7.363615,6.62
7.802428,6.92
7.3214135,6.64
7.19653,6.74
7.2583256,5.98
7.2783117,6.26
7.119463,8.17
7.2948604,6.55
7.737256,8.61
7.256993,5.66
6.9009266,5.89
6.5678353,8.35
7.736849,7.54
7.4310355,7.28
7.15217,5.43
7.4216566,7.96
7.1087704,7.8
7.571736,6.16
7.9957404,7.99
7.3053017,7.57
7.7627697,8.22
7.7836976,7.19
7.4890943,6.42
6.636163,6.0
7.546638,5.54
7.4816914,7.14
7.6396484,5.77
7.8174114,5.18
7.741122,5.07
7.1611366,8.1
7.438683,7.01
6.7406363,7.62
6.623947,7.0
6.697097,7.16
6.866156,7.04
6.6498218,7.25
6.8518414,7.54
7.2323613,7.33
6.647699,7.31
7.0601087,7.28
6.5875077,7.31
6.8067517,7.0
6.846262,6.91
7.5791764,8.78
7.186665,7.7
7.20598,7.01
6.8807397,7.27
7.19029,6.89
7.6831665,7.37
7.60226,7.09
7.6121483,7.42
7.4439063,7.3
7.555097,6.91
7.358258,7.07
7.603757,7.15
7.422416,7.82
7.672816,6.45
7.672769,5.78
7.842979,7.0
7.8877625,6.09
7.4259133,7.68
7.535789,7.03
7.6960516,5.51
7.628034,6.1
7.991362,5.01
7.878594,5.71
7.6448483,6.52
7.631251,5.22
7.3101687,6.46
7.055956,5.56
7.6896634,5.59
7.555081,5.54
7.484104,5.83
7.653533,6.23
7.788506,7.33
7.7513323,7.2
7.781114,8.35
6.831982,8.05
6.8766613,7.36
6.7879024,7.1
7.320909,6.66
7.331404,8.37
7.6061473,5.88
7.5990834,7.92
7.6029506,7.35
7.504923,7.55
7.460298,7.39
7.41923,6.39
7.605137,8.41
7.290099,7.92
7.5825987,8.07
7.106772,8.66
7.604265,8.36
7.7434206,7.96
7.8364315,8.55
7.933918,8.48
7.788895,8.29
7.963535,7.48
7.884106,8.66
7.8701587,8.19
7.6519065,8.82
7.746437,7.96
6.698007,5.79
7.3470407,8.96
5.720557,6.35
6.2653303,5.49
6.883722,5.04
6.7507563,5.36
7.016278,5.34
7.6940727,8.59
7.7045884,6.18
7.4887443,7.0
7.541784,6.07
6.3798594,8.41
6.7455053,5.27
6.640848,8.44
6.8257165,8.05
6.9368505,7.8
6.270292,8.46
6.4813337,8.64
6.8869205,8.21
6.2241063,8.8
6.410052,8.66
7.159761,6.9
6.54069,8.72
6.531576,8.44
6.6986327,8.04
6.470697,8.57
6.828215,7.73
6.58668,7.63
6.8515935,8.55
6.510175,7.92
6.5624743,8.68
5.9613376,7.41
6.5021834,8.59
6.7498317,8.02
6.98408,8.32
6.392854,8.41
6.605329,8.11
6.3536863,6.64
4.7130704,6.48
4.1537056,4.09
5.4395776,5.18
5.663825,4.97
5.560819,6.91
5.4197197,5.02
5.0018415,7.77
4.2606025,6.87
6.5982404,8.22
6.224354,4.91
4.616879,5.49
5.127522,4.66
5.357907,4.08
5.266628,4.96
5.7087684,6.25
6.163472,5.52
5.7842135,6.15
5.8275723,4.55
5.9849257,4.51
5.921053,5.06
5.546169,4.46
5.811748,4.85
6.912315,6.96
8.017443,6.7
6.1135755,3.83
5.869757,5.27
6.1554904,6.42
6.109898,4.88
4.839811,6.15
4.9506984,6.85
5.4353137,4.49
4.6498065,4.37
5.1069555,5.46
5.6114697,6.0
6.104894,4.67
5.7719483,5.46
5.672281,7.24
5.470136,5.55
5.108612,8.24
4.7459598,6.31
4.373016,5.78
6.3104687,6.42
6.125319,7.48
5.5484633,5.6
5.592028,6.7
5.8287883,5.86
4.751677,4.04
4.6008143,5.76
6.1734366,4.27
5.806331,5.13
4.8492885,5.32
6.0977254,4.14
4.655992,5.99
6.087688,7.64
4.834387,5.44
5.033312,5.49
5.273374,5.29
5.136784,5.6
5.431167,4.99
5.3011174,6.47
5.8070564,6.62
5.8325095,7.46
6.1769075,6.66
6.041925,6.91
6.027681,5.55
6.3105702,4.35
6.012271,5.24
5.9876113,5.48
5.799408,5.27
6.0468993,5.33
5.7762675,6.73
6.0411496,4.84
5.6913104,5.33
5.771855,4.77
5.343597,4.66
5.787168,4.96
5.652516,3.88
4.793048,3.95
4.8459954,4.74
5.10379,5.67
5.4923286,4.0
6.487562,8.22
7.1692863,6.0
6.6588864,6.12
7.1615653,7.96
6.8659725,7.92
7.220967,7.7
7.6065326,7.92
7.3561106,8.4
7.1267076,6.57
7.1309667,6.12
7.4428096,8.22
7.707694,7.82
7.476909,7.89
7.452746,8.0
7.21745,6.92
7.122599,6.19
7.239626,7.0
7.3004622,6.44
7.3182387,7.0
7.220399,6.92
7.241636,5.93
7.3423524,6.14
7.360356,5.52
6.782127,5.82
7.1480803,6.55
7.178312,7.09
7.0119505,7.44
7.317123,7.22
7.433616,7.62
7.5899854,8.52
7.4949102,8.52
7.587956,8.05
7.315896,8.15
7.2306194,8.7
7.192439,8.7
7.3172455,9.0
7.143517,9.69
7.3937154,9.0
7.2956696,7.77
7.382831,8.0
7.1538405,8.22
7.4165964,5.84
7.403645,5.83
7.339512,6.24
7.3505063,6.17
6.835927,8.52
7.27271,8.52
6.3549256,5.07
7.511579,6.7
7.577884,6.21
7.361003,6.04
7.1464276,8.0
6.9884334,5.3
7.4531674,5.9
7.3653293,7.2
7.4726987,6.3
5.588582,5.0
7.3889756,8.1
6.2653875,7.2
7.29226,5.6
7.155318,8.4
7.729591,8.7
7.4114594,5.9
7.6307235,6.5
7.1903477,6.4
6.3484564,5.7
7.053702,5.6
6.660546,5.6
6.6981816,5.6
7.5608587,6.2
6.8347335,6.1
7.2869945,6.6
7.0997014,7.2
7.5315447,5.7
6.8561807,5.8
7.417419,5.9
7.3376393,6.7
7.5145736,8.6
7.2370534,7.7
7.2332225,7.2
7.0704427,5.8
7.3740993,5.6
6.827961,5.9
6.590117,6.1
7.179922,8.15
7.0480714,8.52
6.689462,6.9
6.552299,7.8
6.7380013,6.57
6.781504,6.96
6.8668466,7.58
6.8254976,7.46
6.550161,7.6
6.7114406,7.27
6.568092,7.65
6.9006805,7.05
7.007586,8.78
7.3176723,5.76
7.218427,5.4
7.2620807,7.96
7.1169705,6.0
7.2190833,8.19
7.3360233,7.46
7.21839,7.62
6.736359,6.0
6.816611,7.2
7.547675,7.89
7.3916903,7.57
7.1644745,7.22
7.2623315,9.03
7.419051,7.2
6.7019587,6.46
5.876347,4.8
6.424793,6.82
6.2219844,8.1
6.2591486,8.46
6.0116954,5.68
7.9592233,7.57
7.3894286,8.4
6.950013,9.0
7.324759,8.3
6.8453355,8.52
7.023088,7.68
7.027895,7.17
6.743294,6.28
6.6938734,7.57
6.5394197,6.07
7.2940407,7.41
7.2974606,6.31
7.1786013,6.06
7.218373,7.33
7.090901,5.8
7.0858436,6.42
6.8093286,5.27
7.280204,7.3
6.6592684,8.4
7.2836566,8.01
7.5582604,8.7
7.7514696,7.32
7.660745,7.89
7.5731473,7.37
7.4773707,7.49
7.5554957,5.11
7.2115393,5.01
7.9147453,6.52
7.2926245,7.82
7.8053594,8.33
7.747189,8.09
7.5925746,9.08
7.708445,8.49
7.781509,8.01
7.608624,9.17
7.734117,5.94
7.5039687,6.95
7.2909694,8.52
7.407084,8.52
7.7223206,7.92
7.557991,8.3
7.2017307,8.52
7.1026707,8.52
6.9898343,8.52
7.071688,8.52
6.990444,8.52
7.4723873,8.52
7.200786,8.22
7.3132477,8.4
7.329042,5.42
7.138599,7.21
7.0980725,7.85
7.39599,6.51
7.067476,5.14
7.4196973,6.32
6.80283,7.02
7.067455,8.52
7.2457995,9.15
7.2300835,9.15
7.3167005,8.64
7.4993596,9.02
7.3545012,9.02
7.2911563,8.81
7.500608,9.35
7.2491245,8.96
7.3950086,8.46
7.1062026,8.98
6.7244077,6.11
6.870443,6.62
7.3386283,9.3
7.393452,9.26
7.6520295,9.22
7.3572383,9.05
7.225347,8.67
7.092244,7.42
7.115981,7.13
7.377724,9.22
7.4318585,8.53
7.5442414,8.68
7.5456204,8.96
7.290479,8.44
7.486819,9.4
7.206488,8.89
7.0597243,6.67
7.3445573,8.55
7.2183194,8.89
7.081672,8.71
7.088871,7.97
7.17685,8.28
7.0789385,8.82
7.310609,8.96
7.214528,8.92
6.9402895,8.68
7.0448923,8.78
7.4076576,8.89
7.3634286,9.15
7.6603475,9.1
7.0527835,7.54
6.9385448,7.32
6.693542,6.86
7.58771,8.82
7.6186748,8.85
7.332385,8.48
7.22308,8.82
7.1962724,9.22
7.0025344,8.38
7.486832,8.91
7.295079,8.13
7.107329,7.98
7.0983644,8.65
7.051514,8.62
7.515878,8.41
8.067762,8.03
7.4731917,7.77
7.1591506,8.65
7.8770022,8.71
7.13417,8.6
7.1240883,8.34
6.954209,8.8
6.9019856,9.22
7.225377,9.24
7.277245,8.29
7.420901,8.18
7.3204722,7.22
7.5678563,7.62
7.5833783,8.06
7.323186,7.35
6.774038,7.31
6.695476,7.9
6.439345,8.16
7.2807965,7.05
7.261135,8.27
6.9706364,7.46
7.2327733,8.89
7.050568,8.74
7.575367,8.94
7.0306253,8.59
6.6943946,8.75
7.174083,7.68
7.4851556,8.03
7.1974387,7.57
7.3419313,7.79
6.9959292,8.21
6.947279,8.44
7.219912,9.02
7.252594,8.49
7.0741773,5.99
7.20787,8.29
6.9775467,6.25
7.445602,8.27
6.9340997,6.47
7.585218,8.21
7.6679974,8.05
7.449515,8.15
7.3356175,7.93
7.29866,8.28
7.2885294,7.06
7.327825,7.08
7.339457,7.6
7.3582053,8.11
7.2398825,7.79
6.993758,5.92
7.1846867,7.44
7.1885514,7.43
7.091435,7.42
7.0421457,7.51
7.396294,8.49
6.988521,7.52
7.1343036,7.82
7.146467,7.58
6.9539824,7.35
7.189055,7.65
7.1426935,6.88
7.3716626,7.64
7.373644,6.74
7.4778886,7.48
7.425242,8.19
7.3773828,8.54
7.2699018,7.89
6.9397926,6.66
7.1556535,6.33
6.992224,5.59
7.3387303,8.1
7.3953333,8.77
7.2412505,8.3
7.1039877,7.35
7.318026,7.8
7.3471713,8.13
7.33236,6.85
7.4167967,7.58
7.0622277,6.1
7.773639,7.46
7.082461,7.49
7.497925,9.05
7.374021,8.03
7.020306,7.9
7.241519,8.1
7.1337075,7.51
7.2088075,8.96
7.1987033,8.21
7.286086,8.24
7.1622653,8.85
7.0129333,7.74
7.1490436,8.68
7.45036,8.89
7.2112956,9.7
7.317824,8.68
7.3129487,8.55
7.216644,8.0
7.4466243,8.37
7.348493,7.59
7.1324887,8.52
7.535107,8.66
7.101545,8.96
7.2827206,8.62
7.2669234,8.66
7.349873,8.92
7.471027,9.05
7.357652,7.94
7.5338826,8.33
7.1790595,8.6
7.2687736,8.82
7.278884,7.79
7.3130317,7.91
7.3273835,7.57
7.3003736,8.74
7.3138824,8.6
7.5198684,8.07
7.7759714,7.91
7.2883954,7.77
7.3307204,7.95
7.1358933,8.16
7.2185273,8.13
7.404097,8.07
7.0053744,7.24
7.0155044,7.21
7.1362543,7.08
7.195843,7.12
7.2798038,8.62
7.111417,7.16
6.9782286,6.36
7.23263,7.81
7.4370704,8.11
7.3681183,8.17
7.437035,8.32
7.523251,6.61
7.4800696,8.44
7.3968415,7.9
7.1866374,7.14
7.0662475,7.71
7.3226457,7.78
7.158588,7.84
7.3916574,8.41
7.1918087,7.48
7.3792763,8.77
7.066959,7.77
7.3437347,8.48
7.0972657,8.38
7.3525605,7.42
7.2266192,8.07
7.1301875,7.82
7.0819545,8.51
6.9543204,8.24
6.679314,7.47
7.330003,6.73
7.491859,6.96
7.2358685,7.31
6.8331075,7.28
7.2607365,7.98
7.2865953,7.91
7.3159513,7.89
7.2415986,7.8
7.358489,8.52
7.202464,8.06
7.400994,8.35
7.7873054,7.12
7.3909793,7.97
7.4214344,8.55
7.465383,8.66
7.357721,8.68
7.3817477,8.72
7.491329,8.0
7.2208624,7.95
7.246426,7.66
7.3635592,8.05
7.2199836,8.05
7.2286506,7.42
7.388057,6.21
7.052025,7.2
7.3921504,7.25
7.6536593,8.45
7.51864,8.38
7.655798,7.92
7.283523,7.92
7.533589,7.64
7.4851947,6.87
7.903026,7.2
7.517533,6.55
7.667949,5.92
7.443542,6.25
7.7081547,6.76
7.666471,7.19
7.705637,6.69
7.559633,5.8
7.606506,6.41
7.6439075,6.71
7.755439,6.04
7.5472894,6.45
7.6820846,5.54
7.5046186,7.15
7.40702,7.02
7.508824,7.2
7.7284765,7.25
7.679131,7.66
7.681803,7.74
7.7039847,5.99
7.6159296,7.38
7.429712,7.91
7.6306386,7.26
7.4572663,8.4
7.715678,8.26
7.4204035,8.31
7.3459773,8.29
7.4966636,7.71
7.587094,7.59
7.6383195,6.69
7.469803,7.37
7.308876,7.38
7.860393,7.7
7.5875382,7.59
7.585558,7.83
7.487658,7.91
7.287845,8.12
7.221391,6.37
7.2013702,5.63
7.8464084,7.66
7.553506,8.0
7.706533,6.32
7.6085014,6.39
7.83379,6.5
7.620234,8.37
7.5809813,7.91
7.5265975,6.91
8.010822,6.96
7.446197,6.89
7.4407687,6.57
7.531054,6.73
7.5881734,7.46
7.508883,7.18
7.634831,8.36
7.765309,7.08
7.561036,5.92
7.366856,6.54
7.4396257,6.34
7.6321144,5.51
7.6678276,6.16
7.6643386,5.78
7.6341825,5.51
7.551772,7.56
7.675319,8.44
7.643423,7.9
7.617414,7.83
7.2647843,6.86
7.3412786,7.2
7.536403,6.56
7.570687,7.02
7.6911206,7.07
7.3129334,7.15
7.5530457,7.6
7.355255,7.13
7.6672807,8.03
7.458122,7.65
7.5949636,7.72
7.5190496,7.34
6.935235,5.66
7.2176704,5.81
7.231557,5.01
7.45355,5.37
7.109552,5.56
7.299006,6.6
7.6929545,6.35
7.233167,7.27
7.196481,6.49
7.4560523,6.44
7.5391316,6.6
7.4853377,6.81
7.5196676,7.44
7.299504,6.82
7.6255264,7.68
8.062878,7.2
7.931791,6.52
8.150458,7.25
7.472832,5.01
7.356644,5.01
7.553916,6.02
7.489939,5.12
7.613808,5.72
7.755217,5.99
7.7992682,5.3
7.807918,5.69
7.449782,6.45
7.622357,5.25
7.60034,6.12
7.7929997,5.52
7.5553775,5.45
7.5778127,7.01
7.2733216,5.01
7.526842,6.09
7.676717,6.65
7.895807,5.01
7.3745313,5.29
7.7169433,5.58
7.561049,6.15
7.3629584,6.37
7.45457,6.12
7.383636,5.76
7.546777,5.14
7.533713,5.35
7.6309795,6.19
7.558009,7.19
7.515055,5.52
7.6061254,6.23
7.492039,5.67
7.5452504,6.27
7.654743,6.5
7.5966606,5.16
7.8029394,6.93
7.476837,6.72
7.438493,7.7
7.569374,6.09
7.777142,5.01
7.5701203,7.19
7.1144977,5.01
7.2824235,5.01
7.653917,5.85
7.6346416,5.77
7.5420365,6.07
7.233281,5.59
7.5844502,5.01
7.6722074,6.7
7.665438,7.36
7.585235,5.63
7.8941784,7.59
7.5110474,6.7
7.337069,5.2
7.7681847,6.02
7.7070756,5.99
7.515728,5.79
7.5337496,7.17
7.684336,5.79
7.2232857,5.01
7.534884,6.6
7.4340878,6.84
7.4126353,7.9
7.546617,5.72
7.455437,5.01
7.590181,7.19
7.506287,7.44
7.314804,7.34
8.03519,7.24
7.5152526,6.52
7.253325,6.01
7.821823,6.99
7.396505,6.99
7.639515,7.16
7.3338985,5.59
7.444308,6.63
7.5689425,7.28
7.6147437,5.28
7.6213927,5.23
7.473944,6.84
7.5416417,6.61
7.5739403,6.83
7.629263,7.02
7.4729524,5.88
7.485841,6.69
7.408962,5.41
7.247646,6.55
7.579938,6.08
7.4760404,6.88
7.474369,6.17
7.5549297,6.48
7.2835646,6.51
7.613243,6.48
7.6979213,6.3
7.7086697,5.08
7.647093,7.18
7.505802,6.66
7.645654,7.23
7.602611,5.86
7.5809007,5.33
7.328791,7.15
7.5794024,7.43
7.7431564,6.24
7.545414,7.12
7.617273,7.03
7.698274,5.45
7.6163387,7.29
7.2252674,6.63
7.486177,7.08
7.3622656,8.06
7.4544272,7.42
7.568359,8.33
7.6695027,8.33
7.705749,7.45
7.5394244,7.15
7.597992,7.63
7.73568,7.45
7.3029037,8.22
8.051197,7.48
7.446732,8.29
7.670766,8.1
8.03307,7.28
7.6837363,8.96
7.707078,7.91
7.5268745,7.93
7.5616636,8.06
8.025491,7.77
7.8833065,6.89
7.807902,7.13
7.559165,7.07
7.647465,7.16
7.6337457,5.53
8.027317,5.67
7.8626866,6.24
7.482649,6.25
7.24665,6.46
7.4429836,7.41
7.520594,6.16
7.4884496,6.47
7.592548,7.41
7.606309,5.29
7.642146,6.53
7.6850505,6.36
7.3591533,7.27
7.5569067,6.36
7.5611353,6.3
7.774478,6.79
7.3152375,6.0
7.332403,6.53
7.8144298,5.69
7.278907,5.56
7.3208184,7.34
7.4127436,6.89
7.696895,5.32
7.6351624,7.09
7.146107,5.01
7.517366,5.16
7.4388165,6.78
7.429876,7.07
7.4732747,5.01
7.411465,6.61
7.4621196,6.87
7.5746083,5.87
7.432837,5.15
7.5508533,5.87
7.5553994,6.75
7.0567365,5.01
7.635764,6.86
7.6427093,6.82
7.548122,6.23
7.613625,6.88
7.561959,5.01
7.6050935,5.91
7.5707393,6.93
7.7034097,5.79
7.4296093,5.58
7.5014415,5.59
7.6414456,6.18
7.4142237,7.15
7.401294,5.01
7.201383,5.01
7.907703,8.29
7.547216,5.01
7.640281,6.8
7.5693793,5.59
7.237692,7.28
7.474239,7.15
7.422501,7.4
7.638906,5.01
7.438436,5.76
7.313597,6.35
7.4079633,5.88
7.357185,5.37
7.3810296,6.1
7.560592,5.36
7.1907897,8.14
7.681578,7.32
7.5674653,8.34
7.395619,7.03
7.6496882,7.36
7.469218,7.94
7.585122,8.34
7.440143,8.02
8.168823,8.82
7.40099,8.65
7.481829,8.41
7.6277122,8.23
7.56202,7.28
7.470241,7.95
7.3108816,7.5
7.565163,7.69
7.5937495,7.29
7.417299,8.8
7.5034614,7.97
7.6937966,8.82
7.456308,8.39
7.4045863,6.82
7.3452687,7.3
7.3151164,7.5
7.37458,8.53
7.462825,8.27
7.42592,8.41
7.498066,7.67
7.487367,8.49
7.668569,7.79
7.7943525,8.56
7.765866,8.12
7.528004,8.36
7.6088357,6.57
7.6557117,6.82
7.4892635,8.5
7.5769367,8.02
7.3523216,8.25
7.684072,6.43
7.5988245,5.79
7.5951056,7.15
7.428055,7.03
7.6033397,7.31
7.523003,6.88
7.2940683,6.76
7.5633583,6.64
7.886442,6.63
7.8267455,5.97
7.7191243,5.2
7.519062,6.49
7.651027,5.74
7.57161,6.88
7.200499,5.47
7.562086,6.96
7.617667,5.46
7.320184,6.15
7.2624,5.51
7.565491,5.51
7.683049,5.89
7.685962,5.42
7.348558,5.01
7.562884,6.68
7.2870736,5.59
7.484901,6.78
7.6454706,5.51
7.499521,5.51
7.0213876,5.51
7.3828006,5.51
7.150709,5.51
7.4545712,6.27
7.2960334,5.73
7.6611457,6.24
7.4638057,7.17
7.208902,6.14
7.725077,5.58
7.441228,6.56
7.5371757,6.08
7.508989,6.09
7.408499,6.06
7.5127797,6.76
7.5528975,5.45
7.4497786,7.0
7.5121994,6.08
7.4469314,6.1
7.676131,5.36
7.552263,7.37
7.5541606,5.86
7.9388413,6.78
7.8819475,5.49
7.5943904,7.42
7.251304,7.21
7.304577,7.5
7.451423,7.32
7.261667,6.52
7.433253,5.84
7.4902587,6.27
7.5574374,7.28
7.4794745,6.37
7.3952107,6.81
7.1522155,5.91
7.3048177,5.41
7.250444,5.58
7.331161,6.23
7.491341,7.27
7.510147,7.01
7.440639,6.62
7.61172,6.78
7.3205204,6.08
8.048678,7.41
7.1154704,6.73
7.319989,5.51
7.341866,5.51
7.2612424,5.01
7.3198457,5.51
7.3598447,5.51
7.282786,6.95
7.252966,5.53
7.309589,5.51
7.330172,5.51
7.054296,5.01
7.372412,5.51
7.378828,5.01
7.5055776,6.64
7.4610534,7.03
7.5794635,6.02
7.109557,5.56
7.379056,6.53
7.330543,6.63
7.3497148,5.55
7.463977,6.61
7.8248124,7.0
7.5324693,5.26
7.649452,6.69
7.6924167,6.97
7.5085573,7.51
7.863642,7.65
7.224851,6.17
7.778571,5.08
7.526539,7.44
7.563818,7.32
7.033758,6.3
7.557999,8.26
7.6793046,6.09
7.328604,6.04
7.3166156,6.57
7.756051,6.81
7.5667043,5.5
7.5976176,5.14
7.6707444,6.27
7.4838986,6.2
7.404089,6.2
7.556147,5.97
7.3784237,5.16
7.715548,6.17
7.71468,6.67
7.58106,8.39
7.430335,5.01
7.664322,5.01
7.3933573,5.88
7.29297,6.73
7.570623,5.52
7.5962214,5.67
7.298572,6.4
7.501414,6.27
7.564055,5.29
7.4180536,6.28
7.4076333,6.78
7.683063,8.43
7.7869,8.51
7.4404454,8.8
7.5782313,7.75
7.585941,7.68
7.661129,7.92
7.4496307,7.46
7.5407662,5.16
7.57793,8.53
7.68471,8.02
7.777847,7.75
7.5931096,7.85
7.623472,8.51
7.7458854,6.53
7.7492332,8.72
7.669426,8.22
7.501097,6.24
7.461331,7.44
7.855662,6.0
7.6975675,7.69
7.587404,6.48
7.305114,7.5
7.372231,7.15
7.5902534,6.85
7.256347,7.68
7.08787,7.8
7.2273893,7.65
6.9685645,8.3
6.986522,7.92
7.052895,7.72
7.547383,7.11
7.1154532,7.86
6.9378858,6.09
6.859732,6.73
7.184236,6.77
7.4239707,7.58
7.2548914,7.49
7.252727,7.88
7.2885294,7.56
7.2979136,7.71
7.238371,8.34
7.1097198,8.0
7.1864905,8.32
7.010269,7.55
7.1194167,7.94
7.0891623,7.38
7.1601343,7.08
7.595361,7.35
7.367161,6.97
7.4321575,7.24
7.4623823,7.01
7.419933,6.81
7.2465587,7.05
7.0661955,6.94
7.0761795,8.33
7.101997,7.01
7.22714,7.69
7.3415074,7.74
7.334836,8.06
7.391362,7.07
7.3895745,7.59
7.4528136,7.51
7.123447,8.39
7.275961,7.55
7.2141232,7.93
7.2280283,7.87
7.090321,8.2
7.124869,7.43
6.908648,6.72
7.317896,7.82
7.109936,7.53
6.913461,7.91
7.553307,8.28
7.2882705,8.38
7.6746764,7.51
7.75259,7.85
7.3618016,8.51
7.136085,7.84
7.2129445,8.66
7.252599,8.51
7.000953,8.77
6.9724145,8.38
7.18637,8.4
7.254251,8.4
7.050265,8.77
6.9626555,8.12
7.0754666,7.78
7.9496427,7.28
7.0446124,8.52
6.7098923,8.4
6.77948,8.21
6.8292913,7.25
7.0800977,8.46
6.829101,7.34
6.9023013,8.07
6.9580035,7.82
6.6913514,8.13
6.78635,7.27
6.840303,7.14
6.750868,7.33
6.931934,8.24
7.108189,6.49
7.139662,8.1
6.904175,8.18
6.7975554,7.45
7.273108,8.49
7.2606053,8.24
7.469768,7.85
7.3016405,7.84
7.3319135,6.81
7.3071427,6.05
7.0817037,7.95
7.2226562,7.99
7.3385015,6.97
7.309276,7.55
7.2405477,7.69
7.2664585,7.37
7.2032804,7.56
6.8918805,7.32
6.7952695,8.12
6.7967134,8.33
7.101557,7.8
6.8711324,8.0
6.937139,7.89
6.961763,7.08
6.408274,8.12
6.2633386,8.33
7.2614174,6.9
7.6698976,7.41
7.6381993,7.4
7.433452,7.84
7.355576,7.23
7.236875,6.7
7.5880685,8.07
7.252072,6.04
6.9532185,5.01
7.3353305,6.32
7.703943,8.2
7.58418,8.25
7.363573,8.11
7.7073436,8.27
7.646267,8.36
7.3416696,8.19
7.550566,8.18
7.1564155,7.41
7.3886266,7.01
7.249986,7.85
7.398234,7.1
7.3477006,8.02
7.3579655,8.01
7.4086976,8.0
7.491364,7.91
7.246576,7.74
7.0709996,6.97
7.4178195,6.7
7.3167176,7.58
7.54256,7.5
7.18161,7.57
7.076946,8.02
7.195233,6.72
7.3108525,6.91
7.28822,7.67
7.4275637,6.97
7.1741805,7.05
7.464655,7.97
7.468083,6.97
7.5306735,7.88
7.711614,8.02
7.6377177,7.94
7.344569,8.51
7.3922114,7.35
7.2892947,7.06
7.7202168,7.29
7.284291,6.83
7.3254013,6.74
6.9597335,5.76
7.2472463,5.48
7.5518513,6.75
7.681742,6.93
7.7511315,6.27
7.3255506,5.8
7.130771,5.51
7.269648,6.73
7.4654474,7.47
7.276209,6.74
7.810778,6.88
7.500824,7.17
7.5638137,6.86
7.4047284,6.96
7.311502,6.75
7.127633,7.13
7.9831123,6.75
7.8883038,5.77
7.476527,5.19
7.291446,7.11
7.099257,7.35
7.439362,6.92
7.3354797,7.18
7.3711905,7.47
7.7766743,6.83
7.0362287,7.05
7.1636224,6.63
7.3917236,7.8
7.5998044,7.58
7.574602,6.45
7.276289,7.17
7.1907105,8.21
7.5886846,6.46
7.30527,6.85
7.2772727,7.63
7.5033393,7.54
7.404943,7.16
7.6801076,7.08
7.6099505,7.48
7.666531,7.82
7.529352,7.4
7.4577203,7.41
7.5891776,7.7
7.372808,8.53
7.178551,7.86
7.7381897,7.51
7.4764705,7.39
7.198061,7.37
7.0325274,5.63
7.147184,7.29
7.026117,5.13
7.0418057,7.82
7.5171947,7.86
7.0541105,6.97
7.4349704,7.75
6.9915786,7.19
7.2545133,6.19
7.371905,7.06
7.3258505,5.48
7.339885,7.01
7.3394256,5.29
7.6800075,7.69
7.329655,6.54
7.1521487,7.38
7.0468493,7.95
7.023564,5.04
6.9391685,5.31
6.918513,5.91
7.112825,6.15
7.2191777,7.38
7.101718,6.83
7.168568,7.02
6.940375,6.79
7.5888076,7.03
7.2785354,6.3
7.216944,5.36
7.288433,6.55
6.969029,5.59
7.3037467,6.57
7.2168937,5.01
7.398522,7.34
7.333584,7.0
7.3056216,6.68
7.2092314,7.69
7.3295393,7.52
7.217057,6.01
7.4471955,7.65
7.358805,6.52
7.030242,7.23
7.2235684,5.37
7.1679606,6.37
7.1127396,6.7
7.2621093,5.51
7.684414,6.39
7.547766,5.67
7.4085593,7.08
7.472855,5.96
7.028852,5.62
7.2704988,6.47
7.8751235,6.38
6.975771,5.01
7.25284,6.57
7.1957893,5.05
7.269114,6.99
7.3334723,7.25
7.43687,7.97
7.6551876,7.48
7.5125403,8.25
7.0299144,6.02
7.344663,6.74
7.426649,7.83
7.1228194,7.08
7.3067183,5.19
7.639587,7.44
7.3551226,8.41
7.471124,7.29
7.427572,8.28
7.404444,6.99
7.898285,7.66
7.196978,6.79
7.1269374,5.97
7.0356755,6.27
7.371709,7.58
7.3683133,7.75
7.400893,5.5
7.186128,5.73
7.2527523,7.88
7.6933627,7.87
6.954263,6.11
7.4429684,8.13
7.1691523,5.01
7.272844,5.0
7.558635,7.86
7.433253,6.69
7.328424,5.89
7.7001414,6.28
7.44638,6.98
7.4698005,6.73
7.5496793,6.76
7.7054715,6.36
7.310747,6.64
7.500357,7.48
7.256555,7.56
7.69833,6.75
7.329087,7.34
7.5013413,7.79
7.2773647,7.03
7.3773446,6.32
7.454343,6.38
7.526506,6.8
7.576502,7.21
7.5934505,7.69
7.63166,7.61
7.748434,6.86
7.5686674,7.95
7.3724723,7.89
7.483214,7.95
7.786141,7.61
7.5393405,7.78
7.447753,8.54
7.156412,7.37
7.6986117,7.62
6.968983,7.71
7.1865506,7.6
7.1224,6.85
7.347355,5.09
7.2028165,8.08
7.4103928,7.63
7.134078,8.27
7.423559,8.68
7.395987,7.13
7.472013,7.97
7.4866652,7.4
7.479689,6.29
7.4001107,6.14
7.465643,8.42
7.4757996,7.81
7.6045156,7.76
7.4755836,8.03
7.578243,7.63
7.3922906,7.47
7.3889146,7.74
7.582968,7.86
7.5744767,7.28
7.515328,6.9
7.411596,7.02
7.559977,7.38
7.4450955,8.0
7.5187664,7.12
7.564982,6.97
7.5460835,7.86
7.543035,8.15
7.1985316,7.11
7.335649,7.18
7.4006286,8.01
7.3747735,8.26
7.2643185,7.7
7.346045,6.76
7.4543395,6.05
7.1322513,7.19
7.5387893,7.3
7.5153804,7.89
7.492018,7.39
7.486333,7.32
7.505512,7.52
7.4275045,8.66
7.567839,6.05
7.439774,7.58
7.339186,6.67
7.9335294,7.64
7.955407,7.04
7.481996,7.75
7.4357224,7.99
7.6315875,8.08
7.7014337,6.07
8.029535,7.22
7.4882216,7.56
7.5298448,7.85
7.4605775,7.79
7.495534,8.05
7.2452655,7.71
7.2793756,7.99
7.4315257,8.64
7.5188637,7.27
7.8444,7.78
7.2636113,7.66
7.7536855,6.89
7.6562676,7.3
7.7635627,7.52
7.9234242,7.22
7.381305,8.4
7.640431,8.4
7.584353,9.0
7.631451,8.14
7.289836,7.59
7.3045735,7.95
7.2006173,7.77
7.4207892,7.75
7.16151,6.83
7.115585,7.5
7.2087646,7.18
7.1629815,6.94
7.3968034,8.06
7.248199,7.07
7.26405,7.09
7.2480807,7.15
7.1572814,7.19
7.357933,6.65
7.250434,7.21
7.3198466,7.21
7.321709,7.34
7.167382,6.74
7.426775,7.2
7.107224,7.3
7.475839,7.59
7.196773,7.29
7.1371646,7.36
7.0804343,7.64
7.3060293,7.62
7.094149,8.31
7.22825,8.09
7.270226,8.14
7.528998,7.72
7.206789,6.93
7.204842,6.88
7.0494485,7.97
7.058025,7.97
7.2799735,8.14
7.4335175,7.6
7.436421,6.94
7.604156,8.71
7.4521413,8.5
7.4185357,7.62
7.199013,8.29
7.286863,8.29
7.0137143,7.32
7.1046433,8.41
7.2949166,8.74
7.0151787,8.38
7.251242,7.16
7.1628623,6.85
7.7937036,6.95
7.0034423,7.5
7.3271575,6.53
7.316478,6.56
7.1239505,7.17
6.614983,7.85
6.6750183,5.96
6.999146,5.03
7.0047793,6.22
6.9409766,7.83
7.0524106,8.14
7.1067524,7.98
6.510139,5.28
7.0062175,6.84
6.831122,5.59
6.874739,4.84
6.5489287,5.06
6.7532887,6.94
7.104134,7.89
7.0980525,7.35
6.8376627,7.13
7.168525,8.21
6.725578,7.47
6.4745097,6.96
6.876122,6.47
6.895374,6.76
6.5367265,4.3
7.1480746,6.86
7.2067456,7.17
7.002413,5.7
6.749977,7.37
6.7995486,7.38
6.600223,6.85
7.2723703,7.39
7.186129,6.36
6.9684205,7.61
7.201237,7.05
7.33899,8.09
6.6270914,5.09
7.5556684,8.34
7.0893793,7.6
7.2167315,5.8
7.549991,8.03
7.4795246,8.47
7.3502727,6.18
7.057175,7.52
8.033176,7.97
7.5107727,7.74
7.4907045,7.8
7.4655194,8.15
7.3592305,7.37
7.339799,7.58
7.483956,7.91
7.511019,8.01
7.2845855,7.69
7.5314775,7.99
7.6577926,8.53
7.415792,8.21
7.36466,8.33
7.352229,7.86
7.5441036,8.1
7.687498,7.73
7.43362,7.34
7.5086584,8.33
7.427947,6.72
7.3597894,8.06
7.3162885,8.02
7.347155,8.26
7.602665,6.71
7.5856524,6.75
7.5978556,8.61
7.3725123,7.86
7.384126,7.89
7.3266635,8.16
7.4363503,8.37
7.583156,8.39
7.3355126,7.8
7.5110908,7.73
6.8135014,6.24
7.5946116,7.89
7.5668855,8.59
7.6775107,8.31
7.44934,8.52
7.526253,8.76
7.2795935,8.55
7.2103796,8.06
7.2348304,7.74
7.5299687,7.9
7.819953,7.6
6.8744764,6.47
7.1262116,7.03
6.957002,8.33
7.9663873,8.0
7.327125,7.92
6.882604,7.65
7.270719,7.97
6.9838276,7.71
7.3793893,7.89
7.239204,7.92
7.130765,8.0
7.439014,7.92
7.1404033,7.9
7.4050727,7.96
7.0467916,7.89
7.071628,7.87
7.64456,7.92
7.42403,7.68
7.391231,7.6
7.335071,7.82
7.491133,7.96
7.4394193,7.53
7.4070277,8.69
7.5143647,8.26
7.333568,7.32
7.4300866,7.42
7.306694,7.85
7.0800524,7.68
7.6550527,8.17
7.6226945,8.44
7.305329,7.89
7.409241,8.14
7.2692246,7.27
7.097585,7.09
6.920015,8.13
7.3157086,8.77
7.347997,6.9
7.3562655,8.47
7.4382033,7.42
7.2071586,8.03
7.285079,7.0
7.187238,7.21
7.0976834,7.12
7.3231206,7.24
7.3448167,7.21
7.282979,7.15
7.2790303,7.02
7.2163363,6.57
7.329697,7.25
7.401661,7.21
7.480862,7.17
7.433529,7.06
7.3795385,6.99
7.3319035,6.82
7.568476,7.26
8.040691,7.05
7.441159,7.18
7.3660355,6.79
7.3493304,6.54
7.2300467,6.43
7.3564887,6.75
7.26521,7.06
7.278286,7.0
7.4082165,7.17
7.448165,6.97
7.578689,6.95
7.32811,6.94
7.5847726,7.4
7.351586,6.7
7.404681,6.77
7.722095,5.09
7.135687,6.67
7.507697,6.1
7.4373755,6.63
7.543425,6.27
6.99789,7.74
7.295403,7.7
7.229089,7.36
6.9271455,7.35
7.185744,7.55
7.156799,7.51
7.316518,7.06
7.286997,7.59
7.2650886,7.38
7.1491995,7.16
7.1701417,7.7
7.2243,7.46
7.171491,7.17
7.403775,7.85
7.3811784,7.74
7.0989733,7.65
7.3686824,7.59
7.2389355,7.03
7.2485795,7.32
7.4216614,7.12
7.3970466,7.65
7.4019938,7.61
7.4263325,7.59
7.4659457,7.58
7.3031316,7.54
7.1947017,7.27
7.3715224,7.57
7.2967563,7.34
7.351792,7.7
7.2184844,7.43
7.238607,7.38
7.381101,7.91
7.215018,7.3
7.527012,7.71
7.409604,7.5
7.2401075,7.82
7.5285554,7.67
7.4554725,7.49
7.2012296,7.27
7.443601,7.68
7.496679,7.66
7.5479703,7.62
7.546294,8.01
7.223253,8.77
7.4590755,8.21
7.324281,7.1
7.287703,7.07
7.323155,6.72
7.464041,6.48
7.5275216,6.32
7.220354,6.32
7.2644,6.13
7.414063,6.71
7.4571404,6.63
7.3434825,6.53
7.3495693,6.52
7.295121,6.46
7.362653,5.06
7.2376313,6.67
7.347573,6.49
7.3096113,6.43
8.103681,6.33
7.569675,6.24
7.4704623,6.21
7.4073315,6.18
7.2647777,6.07
7.6224904,6.89
7.5274763,6.65
7.2836175,6.62
7.2628922,6.48
7.434034,6.8
7.415587,6.68
8.035209,6.57
7.49359,6.53
7.4874063,6.53
7.4840713,6.2
7.3528543,6.18
7.377564,6.01
7.462602,5.93
7.4037337,5.89
7.4185066,5.87
7.4203444,5.83
7.340397,6.0
7.2715836,5.97
7.2605734,5.96
7.2261863,5.76
7.358526,5.72
7.2769847,6.31
7.3096623,5.95
7.786486,7.08
7.543294,7.17
7.529266,6.94
7.535857,6.79
7.427878,6.08
7.3960657,6.05
7.844153,7.1
7.374179,6.88
7.1358986,7.41
7.2143645,7.34
7.187355,7.33
7.1695566,7.27
7.37511,6.82
7.444376,7.24
7.2427025,7.13
7.3979626,7.21
7.431559,7.18
7.4280114,6.65
7.264039,6.64
7.190415,7.58
7.212391,7.21
7.257867,7.14
7.11334,6.87
7.142675,6.13
7.3484225,6.63
7.2604175,7.07
7.1482778,7.38
7.362204,6.7
7.262262,7.68
7.132275,7.09
7.4606586,7.03
7.5151005,6.98
7.243579,7.3
7.353879,7.62
7.325217,7.61
7.36395,7.55
7.309172,7.23
7.228575,6.92
7.2219186,6.88
7.269448,6.99
7.1083817,7.2
7.2579665,6.47
7.6415033,8.13
7.3120246,7.48
7.305426,7.32
7.449,7.26
7.452678,7.13
7.3043933,7.06
7.2745647,7.73
7.432881,6.53
7.4060416,6.21
7.3485837,7.58
7.2874246,7.42
7.175832,6.89
7.637866,6.6
7.337424,7.44
7.3369036,7.03
7.409907,6.9
7.3380895,6.53
7.5452623,6.88
7.4807086,6.44
7.135216,5.84
7.426146,7.0
7.191773,6.83
7.379371,7.79
7.0930533,7.89
7.675119,7.59
7.259192,7.56
7.726485,7.46
8.140878,7.47
7.4900618,6.6
7.5406346,7.67
7.681195,8.53
7.3743763,7.0
7.291001,7.59
7.514611,7.64
7.2720485,7.71
7.4671383,7.31
7.337073,7.13
7.384599,7.48
7.484205,7.38
7.4174304,7.52
7.6657805,7.55
7.469643,7.67
7.4612894,7.1
7.299008,7.43
7.5477996,7.55
7.463615,7.87
7.4411335,7.43
7.524543,7.58
7.3486304,7.25
7.3882356,7.3
7.4618597,7.5
7.461275,8.32
7.5805764,7.56
7.583342,8.32
7.3977957,7.44
7.4582834,7.13
7.2214437,7.19
7.3935494,7.33
7.393124,7.76
7.5263667,8.84
7.6285286,7.66
7.5521913,6.94
7.4296784,7.42
7.321545,7.41
7.387397,7.29
7.577802,7.22
7.481316,7.01
7.508803,7.6
7.2111893,7.68
7.3139615,7.26
7.4249735,7.5
7.220429,7.88
7.5467887,6.75
7.619788,7.51
7.6456685,7.76
7.375122,7.55
7.3420596,7.51
7.5238085,7.49
7.504603,7.75
7.4828305,6.72
7.4675817,7.61
7.414838,7.62
7.3414435,7.46
7.372314,7.86
7.4519973,7.38
7.3731675,7.54
7.482313,7.62
7.3956666,7.49
7.30197,7.77
7.613448,7.36
7.368757,7.46
7.436354,7.64
7.49776,7.99
7.55599,7.93
7.561088,7.01
7.5894275,7.48
7.4019237,8.14
7.4928446,7.35
7.561234,7.39
7.5725636,7.61
7.5311074,7.84
7.6840987,7.82
7.5172586,7.91
7.667255,7.74
7.477813,7.63
7.432297,7.33
7.7207494,7.8
7.664675,8.55
7.5007653,7.8
7.495597,8.05
7.3642926,7.57
7.5903835,7.68
7.6993327,7.92
7.258833,7.85
7.369615,7.59
7.515937,7.68
7.340465,8.05
7.517117,8.15
7.4644623,7.6
7.4130263,7.77
7.4930315,7.85
7.384283,7.86
7.4383388,7.49
7.547052,7.67
7.55486,7.83
7.497989,7.95
7.565292,7.79
7.354706,7.59
7.3256392,8.09
7.636437,7.69
7.6398973,7.79
7.493751,7.12
7.524705,7.85
7.643305,7.9
7.538362,7.93
7.5508924,7.37
7.4821877,7.91
7.317879,8.03
7.433174,8.47
7.5812907,8.21
7.1990814,8.22
7.4591994,7.76
7.2769036,8.26
7.4715657,8.21
7.7194366,8.18
7.58301,8.35
7.508115,7.8
7.4186187,8.82
7.379967,8.15
7.484316,7.45
7.4791474,8.33
7.6226344,8.09
7.585636,8.02
7.640157,8.38
7.448801,7.82
7.3591657,8.02
7.5122805,8.33
7.4770446,8.3
7.3781466,8.16
7.3229747,7.99
7.391364,8.24
7.4340224,7.48
7.4807115,8.36
7.414026,8.05
7.4287515,8.99
7.4286704,8.4
7.4240932,8.33
7.4373918,8.12
7.5848203,8.08
7.4070935,8.14
7.1778164,8.29
7.3062854,8.3
7.5153193,8.05
7.303949,8.2
7.393292,8.49
7.523416,7.75
7.416154,8.07
7.328788,8.33
7.354759,8.36
7.3043504,8.05
7.2773967,8.61
7.258348,8.49
7.302444,7.69
7.5128074,7.99
7.444684,8.22
7.501813,8.2
7.499921,8.23
7.353988,8.0
7.2853584,8.12
7.307267,7.54
7.0610223,7.66
7.0497,7.87
6.9983497,7.84
7.303249,8.07
6.972699,8.18
7.1988063,8.13
7.2777295,6.93
6.9876733,7.58
7.0785108,7.73
7.1519046,7.92
7.162522,8.2
7.1459985,7.78
7.18153,8.04
7.1957536,7.12
6.9686275,7.69
6.8585353,8.15
6.93481,8.01
7.107055,7.93
7.242291,7.55
6.967082,8.04
7.271878,7.5
7.2290444,8.19
7.0888968,8.31
7.161839,7.46
7.1830792,8.3
7.3150873,7.28
7.146224,7.88
7.1623683,7.94
7.203799,8.04
7.2459316,7.88
7.2960896,8.14
7.236506,7.8
7.238155,8.93
7.486961,7.86
7.179514,7.35
7.0541725,7.69
7.290242,8.03
7.080262,7.88
7.4101987,8.08
7.052233,8.08
7.496574,7.84
7.198854,8.17
7.084643,7.94
7.123788,7.71
7.3958383,7.46
7.2389064,7.2
7.273803,6.94
7.2876945,7.56
7.399546,7.47
7.2820067,7.59
7.0854163,7.75
7.4272904,7.02
7.366611,7.28
7.2368274,7.17
7.112396,7.41
7.309468,7.67
7.314092,7.44
7.3595166,7.25
7.1819406,7.54
7.3442163,7.51
7.154653,7.61
7.340058,7.92
7.4482017,7.71
7.5401473,7.5
7.209227,7.39
7.3634167,7.39
7.1188064,7.36
7.1178856,7.72
7.369352,7.66
7.248509,7.34
7.238983,7.51
7.367401,7.49
7.504437,7.46
7.203943,7.3
7.1470833,7.64
7.3210926,6.99
7.275051,7.33
7.27638,6.83
7.2546096,7.42
7.3010287,6.87
7.2015533,7.02
7.143295,6.76
7.1302056,7.67
7.1213403,6.92
7.090303,6.89
7.35383,6.79
7.3194814,7.49
7.180571,7.25
7.2617764,8.0
7.3422875,6.75
7.4832315,7.56
7.5217133,6.81
7.269004,6.9
7.4999056,7.68
7.353376,8.58
7.3867087,7.21
7.2908816,7.02
7.549748,6.69
7.292172,6.98
7.4306855,6.15
7.5678635,8.75
7.2149625,8.64
7.217063,8.34
7.3673987,7.07
7.240994,7.85
7.480416,6.49
7.3449173,7.27
7.3060145,7.93
7.160501,7.86
7.1857166,7.34
7.3215647,6.18
7.4787216,6.56
7.2745504,5.62
7.4269204,6.56
7.452645,6.44
7.2972484,7.01
7.28883,6.49
7.228845,6.26
7.505179,6.66
7.5489326,7.09
7.6705003,6.78
7.471211,6.05
7.525878,6.51
7.4921393,6.8
7.6081567,7.27
7.4836173,7.47
7.6585293,6.88
7.5085487,6.73
7.544715,7.43
7.695602,6.95
7.5222926,7.57
7.6233087,7.12
7.376612,7.0
7.452702,7.58
7.3909416,7.84
7.4244485,7.1
7.540635,7.5
7.6186037,7.16
7.5938783,7.03
7.4519477,7.91
7.4529586,7.18
7.418716,6.62
7.426797,6.06
7.5599265,6.85
7.6290383,6.37
7.504912,7.01
7.450274,6.31
7.3999524,6.38
7.4843297,7.14
7.628217,6.58
7.6053286,6.45
7.547011,6.94
7.467685,7.11
7.4668937,6.58
7.6159186,8.69
7.44102,7.43
7.26854,8.35
7.527166,7.98
7.414179,7.99
7.4819756,7.95
7.5158024,8.49
7.5410013,8.04
7.533758,7.83
7.3657475,7.81
7.625279,8.22
7.4849453,7.77
7.449176,6.9
7.558949,6.33
8.0582905,7.64
8.013507,7.04
7.473208,6.67
7.5068355,6.94
7.6024966,7.26
7.3848634,7.68
7.3128266,6.45
7.9254813,7.41
7.5611596,6.85
7.8833017,7.7
7.428653,7.49
7.279242,6.68
7.481184,6.98
7.985616,7.77
7.521545,7.47
7.5114837,7.65
7.3832393,7.45
7.975669,8.12
8.190115,7.35
8.178744,7.23
8.030282,7.72
7.994841,7.24
7.9261556,7.18
8.0226345,7.31
7.961679,7.3
8.167618,7.39
7.9381375,7.51
7.999779,7.61
7.917628,7.53
7.9954543,7.71
7.9533114,7.44
7.937693,7.54
7.886764,7.09
7.9241166,6.77
7.8629394,7.06
7.922994,7.26
7.9301295,7.43
7.9340467,7.21
7.971859,7.59
7.9198976,7.84
7.5380445,6.48
7.345968,6.84
7.503272,6.06
7.4110274,6.88
7.6552696,6.66
7.520679,6.62
7.537335,6.52
7.5578647,6.91
7.5220118,6.32
7.6218324,7.0
7.4244223,6.31
7.461625,6.7
7.442561,6.83
7.8348594,7.12
7.5755296,6.91
7.4391737,6.22
7.6275225,5.89
7.5055113,6.83
7.7424874,6.44
7.6279616,6.94
7.58631,6.37
7.522418,6.57
7.5824375,6.86
7.340522,7.12
7.2017393,7.0
7.1669936,6.54
7.4771132,7.24
7.388623,7.34
7.1842113,7.23
7.2738194,7.05
7.3708963,7.46
7.6183324,7.17
7.4788256,7.17
7.2997346,7.09
7.354567,7.13
7.2437687,6.89
7.432821,7.08
7.439128,7.1
7.648179,8.01
7.433374,7.7
7.524071,8.98
7.364452,7.67
7.551425,8.13
7.098459,7.99
7.3775973,6.98
7.332868,6.75
7.590488,9.0
7.5293965,8.7
7.711245,9.0
7.4079137,8.52
7.3482904,9.0
7.4676466,9.0
7.7381744,8.7
7.665117,9.0
7.709373,9.0
7.7216363,8.7
7.5387,8.4
7.7920523,9.3
7.742563,9.0
7.625489,9.15
7.7968736,8.4
7.55071,9.0
7.4578123,6.55
7.264874,8.22
7.410932,5.51
7.29283,8.22
6.3305407,5.04
6.213227,5.36
6.0160775,5.05
6.2078953,4.44
5.9794173,5.89
6.8160214,6.68
6.344464,7.15
6.1519265,5.5
6.157928,5.14
6.0510902,5.03
6.76835,5.47
6.3164907,6.66
6.001423,5.4
6.2083993,4.31
5.989862,5.62
6.1265903,6.02
5.9697165,5.67
5.9642487,4.92
6.009503,4.51
5.81517,5.85
6.08369,4.66
6.035801,4.85
6.120362,4.0
6.311724,6.02
6.29981,6.06
6.289967,5.59
6.006164,6.22
6.1249185,6.67
6.57266,6.95
5.9995813,4.33
6.2703557,4.13
6.2570186,4.19
6.768618,7.5
7.0675216,8.6
7.148024,8.8
6.9952683,9.0
6.9688673,8.4
7.5601325,7.64
7.2058964,8.06
7.4733067,8.15
7.033669,7.7
6.9666038,5.66
7.010341,8.11
7.274481,8.64
7.3751574,8.0
7.5071306,7.96
7.4886756,6.14
7.6342397,7.96
7.516971,7.4
7.5825357,8.0
7.913959,4.13
7.8997025,5.27
7.875012,5.52
7.8956103,9.15
7.7779555,5.55
7.749272,3.39
7.716229,4.21
7.7208533,8.59
7.5325055,5.96
7.424134,9.0
7.3658996,7.59
6.859305,7.94
6.682949,4.7
6.7183166,6.07
6.672963,5.0
6.3277435,4.7
6.2494435,4.7
6.971908,5.56
6.520765,4.7
6.4065824,4.7
6.434874,5.3
6.457251,5.37
6.3895907,4.7
6.8839636,4.7
6.923431,5.0
6.547856,5.0
6.4322133,4.7
6.6213098,4.7
6.326527,4.7
6.5051665,5.0
6.174997,5.0
6.50241,5.0
6.7345624,4.7
6.7654195,6.18
6.933704,6.65
6.641076,4.7
6.350467,4.7
6.6746125,4.7
6.452664,5.0
6.893502,5.0
6.5774655,5.0
6.692535,5.23
6.5117097,4.7
7.0505404,6.4
6.265088,4.7
6.5553346,4.7
6.3017025,5.25
6.320473,5.3
7.005003,5.0
6.636459,5.0
6.43822,4.7
6.8401113,4.7
6.404655,5.0
6.8756795,5.0
6.753734,6.08
6.4055953,5.71
6.4746485,6.14
6.5819874,4.7
6.428892,6.18
6.272502,5.0
6.8062067,4.7
6.861694,5.52
6.401178,6.8
6.9012957,5.46
6.740992,5.0
6.7336144,5.0
6.4677343,4.7
6.3192806,5.84
6.2097926,5.0
6.291613,6.27
6.3109374,5.1
7.034637,4.7
6.4287457,4.7
6.706882,5.0
6.597358,5.0
6.486393,4.7
6.3682656,4.7
6.7940736,5.63
6.3499575,4.7
6.84316,5.27
6.466177,5.6
6.4157624,4.7
6.6029696,7.05
6.288148,4.7
6.895546,5.4
6.5618415,4.7
6.825436,5.3
6.480062,4.7
6.4731565,4.7
6.478917,6.01
6.5317802,4.7
6.842308,4.7
6.699816,4.7
6.435803,5.79
6.836374,8.7
6.6897874,7.8
6.5633674,7.1
5.7398486,5.48
6.7464814,7.02
7.4024596,8.33
6.157154,6.54
6.0884557,5.4
6.4541974,5.39
6.7568927,5.48
6.953455,7.0
7.1192155,8.85
7.3108945,6.7
7.3771157,8.3
7.340196,9.7
7.2982664,7.52
6.848713,7.57
7.1257157,7.55
7.1825204,8.72
7.3932986,8.82
7.172244,8.21
7.0550942,7.09
6.4208493,7.32
7.4915147,9.47
7.3243527,9.0
7.537653,9.05
7.200856,9.18
7.716207,9.6
7.77937,9.8
7.5029154,8.08
7.7802415,8.28
7.4354315,8.99
7.439739,8.98
7.7289076,9.19
7.363936,9.23
7.697062,9.19
7.278711,8.0
7.4822817,8.0
7.366503,8.0
7.120135,8.0
7.3260417,8.0
7.175937,8.0
7.211538,9.0
6.9789453,8.7
7.25627,8.7
7.1461387,9.0
7.5099196,8.52
6.4803157,7.28
6.2026176,7.19
6.2025514,7.46
6.5826883,6.76
6.8522067,6.65
6.6259675,7.57
6.4140944,7.14
6.544971,7.74
6.3097405,6.9
6.394724,6.58
6.6646276,6.84
6.7196655,6.12
6.5244193,7.8
7.0321927,8.7
6.5486684,8.62
6.5138087,7.74
6.7380157,8.77
6.7435107,6.98
7.7263126,7.38
7.9484878,6.73
7.087192,10.0
7.2309766,5.59
6.0145636,8.11
6.340903,7.22
6.2405467,4.7
6.48869,4.7
5.9774427,5.39
7.044946,4.7
5.916248,5.3
5.9915543,5.3
5.8539653,5.3
7.259671,5.3
6.5337253,6.11
6.5870137,4.7
5.601905,4.7
6.0141973,5.0
6.8574367,4.7
6.5780306,4.7
6.419851,5.56
6.076471,5.3
6.2331734,5.3
6.4606404,5.3
8.024232,8.82
7.3507466,7.34
7.3849554,7.72
7.6775045,7.21
7.5408235,8.1
7.4911933,7.68
7.662022,8.85
7.4975147,7.38
7.585922,7.0
7.5694776,7.74
7.403692,8.6
7.5118737,8.74
7.161539,7.27
7.307595,6.44
7.206076,6.9
7.319487,6.95
7.6001067,8.49
7.224006,7.05
7.3616986,7.15
7.392664,7.82
7.0645,7.25
7.149589,8.72
7.5042415,8.7
7.5601783,8.52
7.276033,8.22
7.4665103,7.14
7.367282,8.52
7.408079,8.22
7.6017876,9.09
6.884039,7.18
6.606826,7.33
6.224316,6.75
6.6240277,5.12
7.3051124,7.15
7.117337,8.12
6.9228044,7.62
7.0381203,7.63
7.052032,7.39
7.224035,8.43
7.049067,6.72
6.989464,7.88
6.898594,7.68
7.045027,8.82
6.9708543,7.98
7.098028,7.92
6.2949567,7.97
6.675385,8.06
6.684798,8.24
6.700412,7.31
6.882188,8.7
7.0079007,7.98
7.031671,7.98
7.0215187,8.51
7.0736203,7.12
7.1296163,8.46
7.196733,7.75
7.2489467,8.8
7.103873,5.7
6.8420606,4.39
6.9477563,4.38
6.965001,5.1
6.8761835,4.65
7.119992,5.97
7.4178624,5.71
6.5565124,5.82
6.557895,5.92
7.7274837,5.96
7.656836,6.33
7.3225226,8.41
7.958158,6.72
7.744111,6.7
7.9007344,6.06
7.6037154,6.0
8.160197,6.46
8.147319,6.15
8.10816,7.85
8.117542,7.02
8.12975,7.77
7.941229,6.38
8.141735,6.57
8.263694,7.16
7.414078,8.19
6.959081,6.73
7.0865407,7.01
6.933517,7.0
7.259517,7.88
6.8053946,6.43
7.2182636,7.16
7.06106,6.87
6.9471064,7.65
6.959756,6.36
7.584416,8.68
7.5173135,8.31
7.364699,8.62
7.703899,7.17
7.535408,9.05
7.542773,9.05
7.6093216,9.3
7.323588,6.68
7.1526875,7.12
7.217847,7.46
7.215895,6.02
7.531924,7.06
7.4625297,7.09
7.5422254,6.83
7.5000925,6.9
7.4853487,7.89
7.292806,7.42
7.3516555,7.3
7.650437,7.89
7.702742,7.7
7.592102,7.66
7.6748085,7.52
7.6594396,7.34
7.561867,7.85
7.7866244,8.05
7.399894,7.43
7.239918,7.04
7.339891,5.44
7.3234286,5.35
7.4551787,7.57
7.415691,5.58
7.5156345,7.67
7.1147637,9.15
7.335259,9.7
7.523733,9.7
7.5554,9.15
7.34288,9.3
7.2622848,9.52
7.5040054,9.3
7.5494776,9.4
7.5648427,9.4
7.494533,9.4
7.533792,9.4
7.367102,9.4
7.5594964,8.55
7.4993205,9.3
7.977923,8.35
7.95061,6.8
8.026529,8.7
7.933921,8.57
7.9715047,8.7
8.055044,8.48
7.9751844,8.48
7.863378,7.82
8.006667,8.89
7.922716,7.74
7.962473,8.55
8.07757,8.4
7.94476,8.68
7.9793224,7.89
7.8236837,8.47
7.986906,8.52
7.9135556,8.85
7.901517,8.41
7.9336457,8.66
7.954867,8.62
7.933188,9.15
8.103536,8.42
7.8095016,8.42
8.069169,9.15
8.082237,8.92
8.159377,8.59
7.9620767,8.66
8.14408,8.55
6.9993176,7.32
7.334712,7.39
7.192984,8.17
7.304608,8.66
7.6732,7.8
7.620028,8.47
7.642462,8.4
7.2658086,8.96
6.8497467,7.7
6.6850142,6.42
6.830012,6.74
7.0540233,7.08
6.773218,6.96
6.8290634,5.85
7.059075,5.39
6.881248,6.96
7.145386,6.7
7.214148,8.12
7.0659156,6.8
7.2094126,7.13
7.226275,6.77
7.457686,6.06
6.614016,6.46
7.179523,7.4
7.3262496,8.33
6.96293,7.28
7.203621,7.7
6.949985,6.92
7.1617312,7.17
7.3082232,7.36
7.4699736,7.23
7.207891,6.28
7.376697,7.14
7.457105,6.92
7.2598195,6.96
7.3914127,7.24
7.3578534,7.21
7.266544,7.82
7.445688,6.54
7.515515,6.82
7.5147605,7.92
7.461943,7.24
7.6236477,7.77
6.8922334,6.85
6.9534383,7.0
6.8217688,8.42
7.0977273,8.45
6.94535,8.42
6.941643,8.34
6.9586325,7.13
6.9621935,8.57
7.2882123,8.49
7.3732715,8.74
7.0324774,8.16
6.704288,8.27
6.898828,8.02
7.0435333,7.19
7.3332953,7.25
7.511462,4.71
6.7620873,4.73
6.6664515,4.68
6.9151187,4.67
6.925306,4.65
6.858045,4.53
7.0789285,5.14
7.3645067,5.82
6.6686654,5.96
5.6052547,7.02
5.3440485,5.15
5.4800916,5.49
5.7965274,5.6
6.1939216,6.86
6.533134,7.08
6.5357294,7.08
6.5284934,6.15
7.1961045,7.96
7.4070296,7.64
7.3829865,8.85
6.636551,7.7
6.7730308,7.5
7.1939874,8.05
6.4928107,6.38
6.7668653,2.96
6.4992905,6.0
5.2817388,6.52
5.463388,5.85
5.7103057,5.66
5.7905464,5.03
6.1871896,5.13
5.1402063,7.7
4.9368415,5.43
5.348406,5.82
5.799169,5.07
5.137147,5.11
6.332707,4.44
6.6055703,7.19
7.0792766,7.74
6.599502,7.15
6.5771565,5.97
6.3493533,6.44
6.7696557,5.95
6.7923865,6.55
4.9676313,7.7
5.8308105,5.3
6.232125,6.47
6.769201,7.52
6.438912,5.16
7.180715,5.97
6.50125,5.42
6.3567414,5.33
7.134727,5.0
6.4192834,4.67
6.651748,5.07
6.5451736,5.37
6.7032733,4.85
6.0863748,4.99
6.5374217,6.52
6.4491777,4.78
6.794867,5.49
7.016867,6.14
6.84204,5.17
7.093162,6.82
6.74832,5.02
6.44309,4.61
6.4930043,5.08
6.540277,5.58
6.848244,7.0
6.3590546,7.17
6.8289847,7.44
7.0626235,7.98
6.8579125,8.05
6.8978887,7.24
6.636388,7.2
7.088225,7.24
6.372887,5.21
6.276644,5.72
6.2636223,5.29
7.2797294,8.96
6.267805,4.55
6.25625,4.92
6.7601347,7.01
6.4972906,6.7
6.7488265,5.07
6.657773,5.4
6.9494495,7.62
6.498098,4.31
6.7487483,6.8
6.432264,4.6
6.143074,3.74
6.384894,3.18
7.277085,6.47
7.066158,5.24
6.495047,5.15
6.9055095,6.12
6.911509,6.82
7.004129,5.89
6.888493,6.85
6.906733,6.12
6.6619134,6.77
6.7609267,4.89
6.665211,6.04
6.909229,5.37
6.7838917,6.36
6.5466485,6.19
6.749315,6.46
6.6551137,5.75
7.1126647,6.66
7.005429,5.73
6.906795,7.4
6.8590417,6.32
6.941323,5.97
6.9492364,6.21
7.2080016,6.24
6.6704545,4.79
7.1707478,6.43
7.2630954,6.62
6.8549914,6.32
6.6367273,6.59
6.947352,5.77
7.1170697,6.62
7.2449327,5.97
6.715319,5.92
6.9339337,6.64
7.3108034,7.0
7.027905,5.53
6.5800157,6.3
6.9013214,5.63
6.730611,5.99
6.761568,6.27
6.5996146,4.7
6.7423253,6.64
7.147978,6.03
7.35333,6.8
6.867402,4.64
6.5739365,7.47
6.568424,5.38
5.7722716,3.75
6.724449,5.98
7.03732,7.64
6.10092,4.48
6.0336323,4.03
5.842515,4.53
6.196655,4.32
5.970695,5.08
7.2718005,6.82
6.785286,5.72
6.2118964,4.32
5.4435973,4.91
6.0248065,4.01
6.0774517,4.95
5.673556,3.95
7.268123,5.96
7.1364274,6.02
7.4252853,6.22
7.1952996,6.0
7.2244077,7.1
7.12,5.84
6.9606986,6.92
6.957734,5.94
7.3247046,5.77
6.8268867,5.42
7.1239266,6.3
6.7830014,6.72
6.987656,7.11
6.985499,5.45
7.0880895,6.84
6.9204288,7.13
7.1339793,6.77
7.501168,5.76
6.8762965,5.03
7.0871506,5.87
7.06023,6.49
7.100941,5.29
6.9653563,6.03
7.0734963,6.23
6.8663545,7.05
6.984181,4.93
7.4113927,6.32
7.4767303,7.37
6.87874,6.92
7.012832,7.35
6.8526416,6.51
6.9398837,7.17
7.016065,6.17
7.09545,6.89
7.157248,7.12
6.7894826,7.0
6.6392965,7.7
6.627447,7.3
4.898977,0.89
5.1793237,0.18
5.211264,0.51
4.9324765,2.59
4.6037703,0.86
5.0002766,1.7
4.823837,0.57
4.715822,1.79
5.3781962,2.09
4.8195333,1.55
4.854205,5.19
5.3057084,4.85
5.5360456,4.14
5.6661353,4.57
6.6795,5.62
6.6190352,5.89
6.346548,5.55
6.4223876,5.56
6.801201,6.02
5.7181745,5.57
6.1680036,4.71
5.799772,4.79
6.134688,5.63
6.178799,5.69
5.8539505,5.73
6.00596,4.71
6.5359735,5.46
6.327029,5.55
6.400017,5.37
6.2507854,5.71
6.4473605,5.71
6.2186537,5.65
5.886514,5.42
6.1252475,5.94
6.4541445,6.14
6.2889514,6.02
5.2632146,5.0
5.64129,5.57
7.0658393,7.17
7.2151356,7.28
7.112155,7.62
7.2677236,7.27
7.2470813,7.6
7.2935452,7.24
7.3136654,7.15
7.1826468,6.04
7.084762,6.35
7.0801997,5.86
7.142201,6.42
7.0571966,6.27
7.009628,5.69
7.042269,5.91
7.0895114,6.01
7.2295055,6.17
7.272616,6.28
7.099914,6.58
7.198335,6.76
6.8758206,6.79
6.9163594,6.95
7.1016293,7.19
7.2400947,7.2
7.2314763,7.38
7.3605523,7.39
7.320722,7.15
7.1651177,7.32
7.150434,7.37
6.813242,6.35
6.9098744,6.59
7.184803,6.65
6.6858525,6.74
6.679808,6.82
7.0253186,6.87
6.7313914,7.0
7.2908306,7.05
7.0639205,7.06
7.086996,7.15
6.946692,6.23
6.9230437,6.22
6.6545334,6.66
7.0103426,6.22
6.9743867,6.77
6.862966,6.85
6.868689,6.43
6.724084,5.5
6.632899,6.28
6.900391,6.42
6.963427,6.55
6.8880734,6.55
6.787087,5.89
5.898002,5.25
6.917871,6.36
5.6346335,4.95
6.7144804,6.33
6.537799,7.33
6.532035,6.35
6.575091,6.19
6.5304112,7.17
6.4947944,6.1
6.622402,6.82
6.3102355,5.04
6.62438,5.41
6.856114,5.05
6.561006,6.19
6.3284864,5.68
6.871833,6.84
6.69576,6.47
6.5114493,6.2
6.6303654,5.41
6.395675,7.02
6.7929044,7.82
6.6495857,5.7
6.7828145,6.67
7.072063,5.32
6.881908,7.54
6.64362,7.15
6.606826,7.58
7.2230563,5.33
7.3362966,4.67
7.0743604,7.3
7.046518,6.62
6.9766316,6.15
7.3222966,5.42
7.6913247,7.05
7.6764746,7.0
7.776543,7.7
7.3871636,4.72
7.428966,5.32
7.3359885,5.95
7.343613,7.3
7.034131,6.72
7.1449904,6.1
7.181995,7.15
6.925632,6.42
7.817446,6.68
6.962917,6.8
6.956166,5.62
6.607957,5.58
6.6048656,5.98
6.624443,5.97
6.8263717,6.48
6.8575196,6.55
6.8342814,6.7
6.785182,7.0
6.8891373,7.46
6.684008,6.87
6.629864,7.44
7.030838,5.29
7.112678,6.35
7.1807766,6.41
6.9807997,6.35
6.9193826,7.58
6.7629848,6.51
6.846632,6.89
6.1932645,6.79
6.9594536,6.92
6.9736276,7.08
6.6261764,6.04
6.6273046,6.72
7.12281,4.5
7.240376,7.36
7.5698843,8.15
7.7023916,8.1
6.870497,5.96
6.899256,7.48
7.145277,7.68
7.2475686,7.5
7.362866,7.57
7.3612304,7.37
7.1753526,7.48
7.061052,7.42
6.969484,7.37
6.9459133,7.73
7.188915,7.39
7.103253,7.43
7.309941,7.62
7.2292323,7.61
7.3471932,7.55
7.147002,7.51
7.0112348,7.49
4.2045703,5.51
7.650772,8.15
5.7526274,6.66
5.4408846,5.83
5.724203,5.92
6.7386866,7.9
6.611057,6.67
6.9239826,7.18
6.962479,7.82
6.805908,7.24
6.877617,8.05
6.954634,7.74
6.76072,8.22
6.7232423,7.96
6.870596,7.43
7.0963035,6.52
6.5817027,6.62
6.7722244,6.58
7.054161,7.04
6.677377,7.77
6.6504235,7.72
6.4226117,6.66
6.832029,7.18
6.9399786,6.8
6.8331985,6.5
6.8643327,6.8
6.9803305,6.84
6.801783,6.98
6.4017835,6.67
6.2794933,6.68
6.827794,6.77
6.815296,7.02
6.7077484,7.09
6.9072595,5.06
5.0937147,6.54
5.0349765,3.09
6.3350105,5.41
5.9911027,5.89
6.4801545,5.09
6.32108,6.1
6.4356112,5.8
4.941852,7.15
5.9693785,5.35
5.7903895,6.15
5.517527,4.77
5.78768,4.66
6.8863482,5.69
7.016333,4.88
7.0279155,5.81
6.958032,6.01
7.1331506,8.06
6.983935,6.74
6.821301,6.18
7.0344844,6.46
6.488182,7.66
6.7068477,7.59
6.6027713,5.87
6.561663,5.23
7.012278,7.68
6.987759,6.99
7.061606,6.87
6.827929,7.01
5.9280086,6.04
7.044163,8.7
7.0631614,8.22
7.177199,8.3
7.0937386,7.92
7.1621013,7.82
7.022426,8.15
7.066318,7.17
7.0122,6.54
6.8233275,7.26
6.9225197,7.52
7.4353557,6.24
7.2923026,7.08
6.652388,8.32
6.8722463,8.15
4.6527214,6.0
6.9004016,8.7
7.107304,9.7
6.876311,9.0
6.599607,7.54
6.932954,9.0
6.930902,10.64
6.919653,10.28
7.2961383,9.61
6.9703364,10.03
7.334954,10.55
7.1342616,9.87
6.4452605,6.08
6.752766,5.87
6.652246,6.72
6.9738193,7.3
6.8339105,7.1
7.054727,6.96
7.245765,6.85
6.776877,5.96
6.308149,6.12
6.555159,7.0
6.6401925,7.3
6.4296575,6.01
6.408263,6.39
6.6363974,5.47
6.547605,6.26
6.9350777,5.37
6.580732,6.64
6.95122,6.68
6.8303914,6.64
6.5222487,6.54
6.9523506,5.76
6.654369,7.52
7.2005715,6.89
7.053681,6.89
6.661367,7.7
6.678054,8.02
6.7557244,6.74
6.700114,5.7
6.3436723,4.71
7.0319037,5.22
7.046761,6.8
6.9497714,7.52
6.760033,6.63
7.0767713,7.11
7.229107,8.15
7.4567294,6.36
7.3721886,8.7
7.477305,7.04
7.4728045,8.22
7.3989387,7.89
7.16526,7.48
7.139807,7.26
7.4339576,6.78
7.1263223,7.55
7.2462835,7.74
7.3579893,7.57
7.7394395,7.46
7.371979,8.15
7.0896287,7.34
6.9074864,7.52
6.986769,7.44
7.017543,7.16
7.1355367,5.72
7.227514,5.37
7.4222527,5.71
7.04629,5.32
7.1341996,6.29
7.4356294,6.17
7.6131577,6.72
7.244802,6.92
7.4356475,7.43
7.068277,7.1
6.7916803,6.55
7.040274,6.48
6.72687,6.74
6.9320064,6.87
7.1637917,7.3
6.432016,6.0
7.601731,7.15
7.6445074,7.15
6.114517,6.0
6.901051,6.85
7.2075024,7.22
7.241511,6.46
6.950267,7.22
6.928632,7.3
6.953962,7.05
6.953897,7.22
6.381931,7.4
6.52284,5.39
6.9449773,5.15
7.0113945,8.3
7.3127446,5.66
6.8425937,5.74
7.3960195,6.4
7.466863,5.49
7.5090156,5.21
7.4334064,5.23
7.518573,5.33
7.328881,4.59
7.5412145,6.3
7.535539,5.96
7.384624,5.92
7.3456464,5.21
7.3419814,4.64
7.2293363,5.21
7.377254,5.96
7.3697953,4.77
7.3875813,4.74
7.1503158,4.51
7.0131574,5.85
6.9224157,5.82
7.260553,8.47
7.283732,5.72
5.2404547,6.07
4.754362,6.3
6.723906,6.08
6.460488,6.67
5.9455466,7.56
6.317904,8.02
6.249968,8.18
6.36663,8.2
6.611133,7.82
6.6377134,8.89
6.6216893,6.73
6.8700504,6.35
6.7327027,8.35
6.354934,8.39
6.9099736,9.16
6.7944837,9.44
6.3701434,8.11
6.51102,6.06
6.1252255,9.29
6.1712956,8.52
6.370972,8.52
6.437172,8.31
7.114488,8.97
6.1646667,8.72
7.095532,6.77
6.3224754,9.42
6.5467114,7.82
6.2854457,7.38
6.86856,9.24
6.895931,11.7
6.601212,6.87
6.194652,6.26
6.326217,6.96
6.401717,7.31
6.5968947,9.48
6.734121,6.81
6.469172,6.3
6.3625245,8.85
6.7840476,8.85
6.796949,9.85
6.7657638,8.95
6.9276643,9.24
6.5431414,8.59
6.5885506,9.36
6.515128,8.97
6.6924176,9.04
6.689961,7.98
6.4337525,9.47
6.615572,8.05
6.428114,8.74
7.035177,9.02
6.957645,9.16
6.985122,11.49
6.6257396,9.42
6.8389015,12.3
6.1022954,7.08
6.4034653,9.82
6.644045,4.51
6.4437966,4.17
6.4896655,7.3
5.930634,7.12
6.329524,6.9
6.1090684,7.3
6.7983193,8.15
6.3237314,8.05
6.667027,5.89
7.1185474,7.8
7.3361807,6.08
6.37684,8.15
6.8602147,6.59
6.7041698,7.7
6.21763,8.0
6.9412713,7.05
6.0936737,8.0
7.3657994,8.92
7.3351912,6.92
7.2026634,5.31
7.4349627,6.0
7.35663,5.82
7.4177003,6.21
6.94532,6.96
7.3771577,5.39
7.3101196,7.52
7.322376,6.37
7.538322,6.77
7.220228,7.15
7.26987,4.85
7.2293525,5.37
7.5942636,5.59
7.1964726,6.34
7.3164973,7.22
7.495994,4.38
7.5329576,6.85
6.952396,6.54
7.567053,5.62
7.201973,6.05
7.4819937,5.68
6.8206315,6.57
7.2019887,7.4
7.1262383,6.0
7.296843,6.64
7.043699,7.77
7.469994,6.29
7.420954,6.24
7.195368,5.47
7.2259083,6.72
7.2138834,7.08
7.4482856,6.82
7.302486,6.92
6.9162307,6.59
7.1540265,7.21
7.2110863,6.51
7.2546124,7.16
7.1328726,7.18
7.262212,5.11
7.2444425,7.25
7.2337885,6.72
7.2266345,7.72
7.2348633,7.4
7.201986,6.96
6.9479394,6.4
6.9125404,7.85
7.6237907,7.51
6.865187,6.25
5.9309115,8.52
5.2326155,8.15
5.4869423,7.62
6.54308,8.51
5.659084,7.74
5.9793487,8.4
6.6134834,7.0
6.393397,8.42
6.441348,4.38
6.2960706,4.4
7.152101,7.28
7.452495,8.15
7.279349,8.19
7.538577,9.52
7.3805737,10.02
6.854857,8.1
6.657869,8.2
7.179917,8.0
6.712514,8.3
6.7842836,8.1
6.4634695,7.9
6.2484565,7.1
6.241365,6.0
6.6088104,7.1
6.300836,5.26
6.4655795,6.66
6.2415967,7.7
6.3908324,7.21
6.462815,6.44
6.8561316,7.96
6.8170285,8.4
6.9238157,8.52
6.7557726,8.22
6.3005886,8.05
6.8189607,8.1
6.6673265,8.1
7.0944486,8.1
6.6816335,8.3
7.1142783,8.0
7.102872,7.82
7.154368,7.89
7.2003465,8.4
7.3811255,7.96
7.4979844,7.68
7.029286,8.3
7.042386,8.3
7.3468165,8.3
6.8561687,6.7
7.0658116,7.06
7.0099783,7.05
6.838822,6.0
7.236833,5.8
7.055548,5.7
7.085481,5.42
7.038813,5.89
6.728994,6.15
7.0326924,6.35
7.1439056,6.64
7.2461047,5.66
6.869246,5.07
6.9108977,5.55
7.3783646,5.74
6.9301667,6.25
6.97467,6.96
7.1525435,6.42
7.360518,6.7
6.9260144,9.02
7.183548,6.66
6.693642,7.3
6.6527486,7.24
6.6000977,6.42
6.9027576,6.39
6.835341,6.13
6.8089204,6.32
7.1039586,6.85
6.396895,6.36
6.5754867,6.57
6.644599,6.62
6.6828856,6.55
6.779774,6.85
6.7509384,6.26
6.9923363,7.22
7.132981,7.1
7.0744376,7.22
7.296231,6.27
7.2455425,7.05
7.2489986,7.05
7.315083,6.07
7.3772197,7.05
7.3984013,6.89
7.1546865,7.1
7.228864,7.1
7.1395297,7.22
7.030932,7.22
7.3861556,7.3
7.4243765,9.8
7.501166,6.96
7.363293,7.17
7.4891286,6.85
7.210708,5.56
7.4156375,5.37
7.377832,6.09
7.613252,7.24
7.6652308,7.31
7.5234513,6.77
7.6997323,5.96
7.599875,6.03
7.559456,6.05
7.51034,6.31
7.2132525,7.15
7.2966514,7.19
7.389226,7.1
7.5486264,8.94
7.552712,9.06
7.665375,7.13
7.714686,7.04
7.3268905,7.23
7.3685336,8.68
7.5094843,7.0
7.4938617,7.39
7.5965347,6.7
6.829937,4.37
6.1129694,8.0
6.332681,7.22
6.885445,11.1
7.174027,5.86
7.140159,5.61
6.886023,5.41
7.0943694,6.3
7.20588,5.56
7.268514,5.66
7.227546,5.65
7.2160854,5.4
7.024713,5.22
7.1473193,5.4
7.163041,5.21
6.8770075,5.51
7.30092,5.6
6.914076,5.64
6.7396846,5.68
6.917937,5.68
6.738519,5.7
7.4232197,8.3
6.9171114,5.74
6.772229,5.8
7.04736,6.44
7.0739694,6.49
6.9651446,5.96
7.074285,5.96
7.4880233,6.0
6.8685255,6.0
7.035376,6.04
6.8731112,6.24
6.9606643,6.35
7.1367664,6.39
6.9465575,7.15
7.0390496,8.52
6.728534,7.15
7.040091,8.0
6.881434,6.57
7.102055,6.64
7.0659547,6.66
7.077455,6.77
6.933679,6.82
7.062563,6.85
6.886923,8.1
7.083095,7.7
7.1671734,6.89
7.0170918,6.92
6.925833,8.0
6.8613935,8.0
6.8917317,7.1
7.064093,7.1
7.2485547,7.52
7.232364,7.52
6.8958116,7.7
7.1921983,7.7
6.993618,7.7
6.964267,8.15
6.923054,5.3
6.912213,8.3
7.4138665,4.56
6.871255,5.15
6.9446187,7.4
6.845596,8.37
7.1261153,7.7
5.557811,5.51
7.367954,5.0
6.832417,8.52
6.7664604,8.7
6.756507,8.41
6.5583115,8.28
6.7117476,8.62
6.9620957,7.39
6.711695,5.44
6.5654798,5.85
6.7073894,4.32
6.82657,7.52
6.616772,6.28
6.6863284,6.09
6.850035,4.8
6.8804984,6.38
6.641722,5.4
6.9475574,6.09
6.9997582,6.92
7.23939,5.3
7.2050734,6.15
7.264141,6.1
7.0504184,5.05
6.987475,7.59
6.839951,7.85
6.816642,7.39
6.960592,8.05
6.932972,6.77
6.931914,7.41
6.8634715,7.36
6.962051,5.38
6.7592216,6.86
6.8216043,6.12
6.9981055,5.63
6.3544917,4.52
7.0531936,6.52
6.769757,5.05
6.7858357,6.66
6.9383397,6.17
7.1833124,7.4
7.0490623,6.49
7.1366086,6.23
7.07949,6.54
7.1344304,6.31
7.098211,7.32
7.0686665,6.29
7.106605,7.7
5.930276,5.96
5.801294,5.64
6.448608,5.26
5.4388165,5.36
6.022383,4.54
5.7389827,5.66
6.3562775,5.14
5.9171624,4.85
6.5956445,11.0
7.1826653,7.46
7.3201337,6.85
7.089522,6.49
5.9709063,4.6
6.140345,5.0
6.354416,5.57
6.2121353,5.72
6.4814987,5.82
7.0762224,6.36
6.394858,5.6
6.532415,7.4
7.169249,8.15
7.239345,6.0
7.196347,6.0
6.5997624,8.0
7.0585895,6.0
7.1850195,6.0
7.2728715,6.0
7.2007623,6.0
7.5601444,4.4
6.698592,5.49
6.6612377,6.04
6.7653213,6.14
6.9365354,5.57
6.723189,5.92
6.733579,5.44
6.924055,5.96
6.8034472,6.68
6.841038,6.16
6.7660317,5.68
6.581062,8.0
6.680095,12.72
6.428579,12.39
6.6634126,8.95
6.4084115,14.51
7.0445113,6.0
7.238996,6.0
7.132487,6.0
6.8526435,7.07
6.7400527,8.05
6.7464943,8.15
7.1078444,7.72
7.056025,6.82
6.0184736,5.82
6.4367795,8.09
6.752014,7.18
6.484468,8.42
6.347282,6.88
6.2992086,7.03
6.5601897,8.36
6.8888164,7.92
6.442564,8.82
6.4836936,7.4
6.459988,6.56
6.939247,7.19
7.0362163,8.24
5.365891,4.85
7.108154,8.3
6.5857167,6.41
6.9222407,6.72
7.060825,6.47
7.068112,8.3
7.060984,6.72
6.56854,5.85
6.436993,6.92
6.4586797,5.1
6.8342977,5.82
6.52154,7.04
6.289187,5.42
6.261748,6.59
6.6889844,5.68
6.473995,4.74
6.3517966,6.13
6.4611726,5.36
6.3580856,7.66
6.4712234,6.49
6.426663,6.38
6.865342,6.0
6.4270844,6.66
5.6851726,4.8
6.5506134,7.82
6.8346515,6.94
6.6922603,7.19
6.586604,7.59
6.3405404,8.26
6.31247,8.09
6.3940024,5.33
6.4824,5.02
6.8783593,5.6
6.4610324,6.14
6.880811,7.22
6.3618417,8.52
6.283766,9.0
6.806833,6.77
6.0135345,7.4
6.7432704,7.62
6.647921,7.49
6.365023,9.3
6.834579,7.11
6.2756443,7.02
5.8876214,7.74
5.941708,7.77
6.906214,7.7
6.3197513,9.0
5.507812,4.46
6.4149795,7.3
6.1503167,7.09
6.953751,6.89
6.4410205,6.12
6.253217,6.14
6.3844113,6.92
6.869302,7.77
5.695637,7.89
6.7692103,6.6
6.862209,8.0
6.974168,6.78
6.884924,6.6
7.0516076,6.74
6.853514,6.58
5.561548,5.51
5.7650375,5.55
6.301801,5.38
6.3859963,7.15
6.7220654,5.96
6.76184,5.0
6.6860185,5.34
6.928657,5.42
6.731974,5.72
6.807808,5.04
6.721514,6.49
6.796388,6.1
6.3955474,5.12
6.5506444,6.22
6.931129,6.0
7.1270204,5.29
7.037479,5.62
6.836123,6.17
6.68241,6.64
7.054442,5.93
7.1251845,5.82
6.831981,5.59
6.678517,5.92
6.660909,7.68
6.945821,6.18
6.767406,6.12
6.8640237,6.94
6.945483,8.52
6.850678,7.0
6.915616,5.98
6.9801316,7.0
6.000727,6.82
6.6847243,7.77
6.729794,7.22
6.816612,7.22
6.681561,6.49
6.6558213,6.46
6.5986557,6.29
6.6492314,7.22
6.657693,7.3
6.7317576,7.22
7.051225,7.72
6.4508853,6.52
6.8578415,6.05
6.858012,5.92
6.920035,6.22
6.8546853,7.05
6.5437856,5.38
6.474407,5.06
6.619735,4.63
6.6165867,5.42
6.8385215,9.35
6.8767896,7.31
6.806396,8.15
6.7345448,7.73
5.741532,5.4
6.4070144,9.52
7.2061887,6.88
7.0690875,7.24
7.1216846,6.37
7.1415215,7.0
6.8519635,7.57
6.7503257,5.44
6.521375,7.4
6.726588,6.78
6.458756,7.37
6.43434,5.49
6.711369,7.42
6.9787917,6.58
6.0941806,4.32
5.5201144,6.28
6.1848254,7.0
6.1442904,7.14
6.7026973,8.1
6.735662,8.22
6.494143,7.49
6.4133625,7.24
6.851088,7.11
6.9301734,7.05
4.7271056,3.13
5.0519075,4.11
5.784249,5.2
5.368055,5.12
5.6642013,5.0
5.4007106,5.18
5.780088,6.59
5.9984307,5.59
5.660893,5.41
6.3022456,8.22
5.8500023,6.75
5.248001,4.55
6.3555884,4.03
5.773784,4.2
6.0595336,3.45
6.3925753,3.99
5.860556,4.92
6.1126084,5.24
5.688457,5.55
5.7558513,5.01
6.181619,5.64
6.2551723,5.74
5.6086473,5.47
5.6781564,5.7
6.295071,4.64
6.491243,4.09
6.375893,5.66
6.7103667,5.05
6.0600605,5.52
6.2423635,4.96
5.5997376,4.77
6.049791,4.96
6.3470216,4.28
5.9180202,4.89
6.1022353,5.73
6.015442,5.35
5.9289756,5.15
6.371265,4.74
5.5462365,5.74
5.9849453,6.05
5.4763184,5.43
6.1772804,5.7
5.083027,3.14
4.6955123,3.74
5.146439,3.44
6.046824,4.64
5.770684,4.47
6.1142344,4.72
5.5296154,4.7
5.325517,3.57
5.0285897,5.77
5.698011,6.28
5.3562007,4.1
5.558668,3.85
5.5709076,3.66
5.3031917,4.82
5.504461,4.51
5.7804804,5.1
5.698808,5.4
5.3753114,5.03
5.3393908,5.39
5.9698467,6.28
6.190371,5.7
5.716039,4.68
6.0231385,5.85
5.940843,6.08
6.0727983,6.05
6.1427646,6.86
5.7262053,5.72
5.690808,5.0
6.1579328,7.1
6.3143945,6.4
6.3240066,7.12
6.734291,7.92
6.4360886,5.87
7.126268,6.49
6.3562064,6.24
5.927913,6.76
5.9368806,6.72
6.0642915,6.11
6.0358825,6.37
6.2200065,7.12
5.675929,4.34
5.5636206,6.0
5.773877,4.04
5.6250196,5.38
5.845675,4.74
5.66242,4.17
5.9339285,4.11
5.635556,5.0
5.9891105,4.41
7.176284,6.04
5.190078,4.53
6.725318,6.52
6.768834,5.97
6.9145303,6.62
7.2310567,5.82
6.59831,7.24
6.782883,6.92
7.0016932,6.74
6.574824,5.92
6.9180155,7.0
6.7166705,7.06
6.3394055,6.8
6.709558,7.52
6.967806,6.98
6.566865,5.8
7.1028113,5.85
6.638491,7.6
6.706618,6.92
6.883532,7.6
6.615997,5.77
6.481513,7.35
6.932345,7.08
6.8331323,7.33
7.3719845,6.8
6.6530347,7.0
6.6066303,7.21
6.4381166,6.96
6.830416,6.96
6.0730157,6.85
6.689181,6.59
6.319431,6.66
6.596824,6.17
6.862929,5.74
6.1569057,6.48
6.9690523,7.01
6.9254746,6.96
6.841891,5.77
6.703737,7.09
6.732249,5.33
5.911652,5.77
7.114609,5.06
6.565574,6.4
6.845469,6.59
6.962093,6.37
6.6211104,5.17
7.1162896,6.77
6.7658973,6.36
6.393972,6.68
6.7801204,5.02
7.2063212,7.8
7.1075974,7.52
7.073173,7.38
6.849926,6.24
7.251282,7.09
7.0861297,7.02
6.649716,6.82
6.7582374,6.8
6.7016063,6.74
6.67565,6.7
6.8230247,6.68
6.864034,6.6
6.5298295,6.59
7.4036784,6.54
6.834967,6.47
7.17061,6.85
7.1433764,6.82
6.9059806,6.68
6.990246,6.68
7.1608934,6.68
6.9141936,6.64
6.4923525,6.59
7.069609,6.47
7.1529555,6.46
7.0651383,6.43
7.280223,6.29
6.472062,6.37
6.6990876,6.26
6.2271276,6.24
6.8656497,5.89
6.6744275,6.28
7.2191725,6.18
7.167724,6.17
7.007798,6.03
7.086985,5.96
7.096618,5.85
6.8598886,5.8
7.0296392,5.8
7.13627,5.52
6.7143016,5.34
7.0457597,5.01
6.972778,7.92
6.881479,7.52
6.7656746,7.26
7.00775,7.0
6.236181,6.92
6.661818,6.92
6.822209,6.89
6.677733,6.6
6.8887763,7.26
6.658668,6.82
6.871462,6.82
6.771671,6.77
6.0033255,6.68
6.7162623,6.64
6.932569,6.49
6.357568,6.48
6.4118867,6.47
6.770807,6.39
6.888545,6.33
6.776249,6.29
6.421847,6.26
6.6861835,6.17
7.4974856,6.17
6.311739,5.82
6.6136484,5.8
6.7464194,5.72
6.67537,5.72
6.9070387,5.68
6.778382,5.08
5.4034057,6.03
5.268967,6.07
5.568675,6.29
5.6481657,6.38
5.5755258,5.67
5.8442926,6.68
5.951217,6.8
5.5638356,4.82
5.5788074,6.01
5.2894316,7.19
5.366629,5.15
5.682547,6.27
5.979277,6.29
5.8413568,6.82
6.403085,6.82
6.3401074,6.92
6.556825,6.72
6.107218,6.52
6.9891257,7.1
6.0017247,7.64
6.7848215,5.81
5.966766,5.0
6.980286,5.0
6.0959897,5.0
6.557972,5.69
5.895682,6.15
5.790769,4.95
5.52558,5.52
6.476938,6.8
6.2169075,6.7
5.822394,6.52
6.086392,6.39
6.088013,6.8
6.6183825,7.3
5.404229,5.92
6.5949774,7.05
7.1216235,6.35
6.870437,7.22
6.677009,7.22
6.8354115,7.28
7.353618,6.6
6.0224543,4.46
6.9417443,5.46
7.6119146,8.3
7.2934537,7.64
6.569846,6.41
6.5029874,6.24
6.961859,7.51
6.881724,7.77
6.7254176,5.64
8.102862,7.05
8.185779,7.31
8.022093,8.05
8.012976,6.71
7.2304597,6.5
7.219914,6.09
7.024016,7.39
7.9671125,6.88
5.3707595,5.29
5.3664956,5.38
6.9643216,7.92
6.895058,7.68
7.093994,7.57
6.8424644,7.4
6.81193,7.54
6.9570723,7.68
7.13337,7.22
6.8164086,7.59
7.6169915,8.15
6.9886465,7.55
6.594152,7.08
6.8099065,7.12
7.123215,6.4
6.852007,6.92
6.8994627,6.99
7.0991597,6.82
7.24641,6.79
6.876288,7.1
6.498054,6.63
7.3621073,7.2
7.224045,7.08
7.316207,7.2
7.19107,7.32
6.890532,7.3
6.7141156,6.65
6.3551383,5.8
6.4924827,5.51
6.6284995,6.36
6.3362627,5.36
6.592142,6.6
6.458936,5.77
6.5808144,5.68
6.753404,6.47
6.661901,5.48
6.876286,5.13
6.581188,5.6
6.718828,5.96
6.782965,6.38
6.6032157,5.49
6.3129888,5.59
6.529346,5.44
6.2900243,5.24
6.498872,6.05
6.1724176,5.21
6.3663187,5.92
7.067741,6.36
7.949939,7.7
7.95275,6.8
7.952988,7.44
7.769122,7.32
7.751881,7.2
7.6908784,6.23
7.843555,6.09
7.7466874,7.17
7.1379743,6.1
7.001923,5.07
6.6721354,6.05
7.2336946,5.92
7.114782,6.49
6.5363426,7.24
6.7706094,6.8
6.656702,7.4
6.9063916,7.12
6.9526086,7.28
6.8215623,6.59
7.346624,7.74
6.6347103,5.92
7.4856772,7.25
7.544984,7.27
7.6155143,7.52
7.554318,7.23
7.6174235,7.4
7.472912,7.25
7.3432746,6.77
7.5473814,8.22
4.55693,2.31
6.7763853,4.52
6.1856465,5.56
6.857652,5.28
7.3407617,6.85
7.1505437,6.89
6.906792,6.96
6.8395934,6.85
6.9330053,5.6
6.9420123,6.52
6.8467827,7.36
6.757224,5.96
7.180529,5.82
7.0007515,7.27
6.588453,6.49
7.0195684,6.68
7.071709,5.3
7.1601396,5.41
7.14995,7.08
7.166906,7.49
6.924622,7.0
7.1040587,7.31
6.9844995,7.09
7.105855,5.92
7.026958,6.98
7.1872287,6.85
6.7073536,7.77
7.8139796,7.42
7.1240044,7.18
6.7977247,7.36
5.873228,5.87
7.2818117,5.19
6.4291077,5.77
7.025419,6.39
7.197163,6.7
7.0103965,6.79
6.8629823,6.87
7.2387605,6.15
7.073833,7.36
5.987691,4.59
5.341865,3.07
5.161832,3.07
5.796628,4.21
5.753108,3.78
6.4891057,3.89
6.4852643,7.36
7.287357,8.15
7.1457505,8.0
6.5796437,7.4
6.7901587,8.3
6.652308,8.3
6.583362,8.22
6.959308,8.0
6.6271844,8.1
6.8735948,6.98
5.922205,4.97
6.5426702,7.52
6.798531,7.26
6.233315,6.86
7.1546607,8.22
6.002506,5.85
6.3727694,6.84
6.187962,7.05
6.6564865,7.3
6.8079987,8.52
6.8570714,8.3
6.157224,6.82
7.1710744,7.1
7.1675506,7.22
7.1534696,6.62
7.525782,7.1
7.30094,6.56
7.5855308,6.85
7.16598,6.77
6.9741764,7.15
6.9193683,6.39
7.194017,6.55
7.199074,7.3
7.2396865,5.9
7.2434855,7.0
6.960014,6.4
7.306071,6.59
6.9968934,6.55
7.0125275,6.51
7.06626,6.57
7.6074615,7.1
7.024896,6.85
7.2891564,6.7
7.4534216,7.22
7.225831,7.24
6.535071,4.89
7.430738,5.6
7.243765,7.3
7.1614375,6.17
7.4313264,7.3
7.0020366,5.14
7.1853576,6.02
7.035214,7.28
7.0370116,7.13
6.90992,8.09
7.089945,6.8
7.0010867,7.36
6.6442184,7.14
6.762098,7.24
6.734362,7.55
6.4158716,7.8
6.547678,7.85
6.826778,8.14
6.1566887,7.32
6.5319343,8.07
6.4538093,5.96
6.3365083,7.62
6.3971953,8.02
6.780543,7.19
6.9257445,7.92
6.618234,7.92
6.2775865,8.13
6.838545,6.37
6.935484,6.96
6.9990644,5.52
6.385964,7.3
7.877478,6.33
7.91876,5.63
7.751762,5.41
7.7596354,5.78
7.63463,7.22
7.740271,7.05
7.979052,5.6
7.957669,6.89
8.061737,6.82
8.23944,7.05
5.587644,7.3
6.4586678,6.6
5.5868273,5.35
5.5754285,5.6
5.860686,4.92
4.734533,5.7
6.612045,4.48
5.0903907,5.85
6.60674,5.03
6.0938854,4.19
4.970897,4.04
6.4052854,7.17
6.4077845,7.4
6.4302897,7.04
6.4889503,6.52
6.4302897,7.1
6.46428,5.89
6.4579163,4.77
6.4579163,5.19
6.4889503,5.89
5.910333,5.82
6.391558,4.37
6.7957315,5.39
5.7362638,5.0
6.352899,5.18
4.2989116,5.54
5.261885,5.19
5.657138,5.0
6.348476,5.15
5.4687877,4.7
6.419025,5.09
6.238583,4.99
6.748278,5.44
5.2706037,5.1
5.4418077,7.22
5.574603,5.47
5.0983167,6.17
5.4853134,7.42
5.477866,7.29
5.539944,5.43
6.0800653,6.52
4.998573,5.21
5.3013673,5.43
5.705949,4.89
5.705949,5.52
5.705949,5.7
5.705949,5.52
5.6172113,5.7
6.06727,4.51
6.6372194,5.72
6.055526,6.6
4.1622405,4.63
5.3112545,4.86
5.5866847,4.49
4.887559,7.19
5.7144237,4.35
5.1300874,5.21
6.053329,4.76
4.763951,5.19
5.6459446,6.2
5.48204,5.7
6.266623,4.83
5.960081,7.52
6.6967626,4.68
5.5537224,6.41
6.166141,5.15
5.746095,4.77
5.5083365,4.58
5.6412954,5.1
5.604182,5.25
5.641295,5.82
5.5288234,5.68
5.313642,4.85
5.3674417,4.74
5.372325,5.19
5.951348,4.49
6.603107,6.47
5.6486897,4.57
5.341027,5.37
6.1919317,5.36
6.833101,4.3
6.8331013,4.57
6.82228,4.3
4.8462687,4.1
6.646128,5.0
6.7996607,7.52
5.5304465,5.75
5.6708617,5.84
5.733652,2.29
5.733652,5.01
5.7830534,5.28
6.277905,4.7
6.196873,6.52
6.277905,4.89
6.116246,5.1
6.117989,4.7
6.120444,4.77
6.204346,5.7
6.2043457,4.7
6.2043457,5.05
6.204346,6.0
6.204346,5.1
6.2043457,5.22
6.2043457,5.15
6.1183314,5.05
6.1249394,5.0
6.1923885,5.05
6.155109,5.15
5.8906407,6.26
5.8906407,5.55
5.855363,7.13
6.7220454,6.76
7.366941,6.49
7.2316566,6.71
6.8057075,6.84
7.06323,6.53
6.8677425,6.8
7.50565,6.53
6.719544,6.72
6.9175596,6.7
6.8351946,7.02
7.0082116,6.54
7.3991885,6.55
6.903296,6.45
7.0200644,6.75
6.9165597,7.3
7.4003444,6.77
7.4065003,6.99
7.390018,6.57
7.343311,4.66
7.8187737,4.66
7.808082,4.85
7.7974143,4.89
6.1381755,4.77
6.349346,4.96
5.4611278,3.87
5.777764,3.89
5.6335073,3.98
6.127294,4.04
5.3104725,4.11
5.4422197,4.15
6.2914987,4.18
6.3734083,4.2
5.238796,4.24
6.207809,4.24
6.0443645,4.28
5.333223,4.31
5.2260118,4.33
6.2673793,4.33
5.8818974,4.34
6.1837835,4.38
6.3567405,4.51
5.6547737,4.66
6.332748,4.8
6.254539,4.82
5.687817,4.92
6.8860383,6.49
7.007973,5.54
6.2422543,4.59
4.8473797,3.24
6.8996873,8.77
6.631548,8.03
6.296147,8.66
6.168266,7.47
7.278183,9.27
6.854493,9.32
6.9634547,8.03
6.669987,9.26
6.6796365,8.82
6.947483,7.66
6.0604663,7.25
5.6346755,7.15
6.1830697,7.82
6.0391264,7.64
5.749616,7.74
6.28011,7.46
6.201368,7.14
5.8838687,7.05
6.206738,7.35
5.898476,7.08
5.2047315,6.98
5.0323353,6.91
4.783671,6.59
4.451591,5.94
5.766796,6.09
5.15488,4.52
5.253293,4.08
5.926911,5.6
6.642336,7.89
6.3692174,7.7
6.576512,7.49
6.7452044,7.96
6.3194947,7.54
6.187474,5.12
6.54848,5.07
6.464848,6.0
6.7832437,5.26
6.506126,4.19
6.558353,7.02
6.6341753,8.0
6.967686,7.1
7.000593,6.96
5.9933386,3.75
6.2559085,3.61
6.3038135,5.14
5.4315815,4.97
6.24499,3.69
5.6159906,4.67
6.061953,4.51
5.401313,3.38
5.56082,3.17
5.5664563,4.74
5.4767213,3.02
6.147315,8.15
6.232785,6.22
6.570289,6.77
6.411897,6.4
5.4997716,7.26
5.8796287,7.74
6.6256504,7.82
6.4567075,8.3
6.1086097,7.96
6.387447,7.31
6.0809073,7.07
6.351687,5.4
5.1527257,5.3
5.825519,5.52
5.2566266,5.05
5.7547784,3.8
6.3841133,3.38
6.2660794,4.15
6.693437,4.06
5.6533794,3.3
6.1881647,3.36
6.665565,4.51
5.8243136,5.82
5.689346,5.15
6.5882955,4.89
6.4129057,5.4
5.9810524,5.04
6.7028346,7.0
6.0997424,6.77
5.5165877,5.89
5.299002,6.31
5.4476576,5.74
5.738214,5.62
5.105511,5.8
5.1287236,5.44
5.3564324,5.28
5.699197,5.47
5.9063478,6.08
5.4046893,4.92
5.490624,5.77
5.850456,5.96
5.338058,5.19
5.1895833,5.85
5.289891,6.15
5.237738,4.2
5.6162,4.9
5.233297,3.9
4.663395,4.1
5.083036,4.5
5.4650474,4.1
5.4376445,4.3
5.476684,4.4
6.1871467,4.9
7.492183,6.3
7.408586,6.22
7.3940015,8.25
7.430866,8.55
6.934906,5.62
6.9934487,5.85
7.094114,5.66
7.117283,6.36
7.5087867,7.72
7.4040294,7.36
7.2327437,6.92
7.2445254,7.15
7.3197646,7.3
7.165066,5.38
7.316294,7.42
7.488689,6.24
7.0450916,5.22
7.2253675,5.55
7.261852,5.66
6.8009133,4.96
7.0715613,5.08
7.1039143,5.16
7.117302,4.8
7.166825,5.66
7.3282332,7.55
7.384148,6.12
7.1512823,5.15
7.258576,5.52
7.1807733,5.52
6.9141803,5.4
6.900992,7.64
7.143089,5.89
6.9272876,5.76
6.8435817,4.38
6.8855233,4.84
7.017461,5.14
6.638102,5.06
6.5314755,5.0
7.255403,6.68
7.230066,6.56
7.2813697,6.94
7.1501594,6.47
7.115539,7.39
7.5457606,7.51
7.532229,7.23
7.447099,7.55
7.8555813,6.17
7.3198857,6.36
7.094398,5.98
7.2529044,6.52
7.739473,6.92
7.2982693,7.21
7.7741313,7.42
7.377916,5.61
7.621074,7.92
7.523086,7.41
7.767162,7.19
7.3592324,4.63
7.606835,7.09
7.184076,5.62
7.603853,7.32
7.586981,7.24
7.199512,6.0
7.7366543,6.05
7.6315737,7.77
7.3240347,7.3
7.295117,5.83
7.7032332,7.62
7.3649974,7.24
7.3302712,8.41
7.173363,7.51
7.4326005,8.52
7.0716195,7.42
7.863091,7.87
7.454167,8.0
7.3586717,7.34
7.781882,8.0
7.5925775,8.37
7.5453258,8.4
7.680967,8.43
7.854221,8.59
7.6983056,8.52
7.7687197,8.96
8.044362,8.72
7.334253,7.92
7.944299,8.62
7.6733255,7.14
8.020346,8.12
7.637702,8.38
7.659615,8.4
7.8980675,8.62
7.673761,8.89
7.8602595,8.74
7.8188252,8.0
6.314746,5.37
7.460441,7.4
7.5796094,7.44
7.178473,6.24
7.5542045,7.01
7.3589396,6.28
7.5461197,7.77
7.3035164,7.68
7.249905,6.92
7.4468913,7.72
7.4156265,5.57
7.7299523,6.34
7.342441,6.11
7.454634,8.09
7.1430087,6.33
7.5054255,8.06
6.6331296,6.55
6.7545023,6.67
7.904776,9.25
7.7818303,8.66
7.6151896,8.4
7.712646,9.29
7.8743453,6.37
7.7374988,7.96
7.83981,8.77
7.699434,7.92
7.7208943,8.07
7.5568643,8.0
7.685907,8.01
7.6815305,7.89
7.559651,8.07
6.645872,7.01
6.747745,7.32
7.3043804,7.08
6.8101506,6.83
6.7182126,7.03
6.6445174,6.81
6.9501066,6.95
6.858665,6.58
6.5542517,7.31
6.6222653,7.09
7.1192384,5.65
7.0388346,6.21
7.1207647,6.89
6.9526772,6.0
7.0605145,6.38
6.951235,6.16
7.451059,6.34
6.961806,5.84
6.9867644,5.99
7.0402045,6.35
7.082105,8.1
6.8190265,7.1
7.083866,7.0
6.802897,8.0
7.0362787,7.7
6.8640094,7.4
7.094446,8.3
6.819244,9.2
7.113152,9.1
7.0257144,5.9
7.1947064,9.1
6.754827,9.4
7.073908,9.0
6.9775953,7.7
7.2077136,8.7
7.3309193,9.8
7.209054,7.8
7.376923,9.8
7.295848,10.0
7.3513103,9.6
7.399612,9.6
7.708687,9.2
7.6732607,9.7
7.652298,10.1
7.1425138,8.0
7.708387,9.0
6.001528,4.43
5.498351,6.05
6.065659,6.92
5.84428,5.68
5.8321424,6.72
6.361298,7.33
6.163311,7.21
6.11466,7.22
6.1116147,6.89
6.2305274,7.4
5.8834186,6.35
4.803824,5.82
5.0629535,5.66
5.206138,6.19
5.3719926,6.26
5.584591,6.28
5.5972543,6.21
5.5262012,6.68
6.033749,6.25
5.2856746,6.21
5.785437,6.47
6.021981,5.22
5.090299,5.0
5.05475,6.11
5.448771,6.33
5.595326,5.7
5.7995725,5.8
5.125439,6.15
4.8026147,5.29
4.5550485,5.19
5.3637867,6.25
5.8599515,5.48
5.4416766,6.34
5.602635,5.96
5.6960883,6.29
5.6728415,7.0
5.835316,6.92
6.01557,5.32
6.2451186,5.1
6.758591,4.82
6.147696,5.72
5.8777556,5.74
6.5664787,5.89
6.073845,6.46
6.2144513,6.66
6.465399,6.89
6.0281606,6.89
6.3102665,6.82
6.6329293,5.77
6.6924777,5.85
6.2322974,7.4
5.93838,7.0
5.51083,5.82
5.521065,6.7
5.1270223,6.0
5.58857,7.22
6.5775504,6.25
6.763832,6.19
6.7045884,6.38
5.712394,6.14
6.1618323,6.92
5.905003,6.49
5.7246366,5.92
5.8897004,6.36
5.7233596,5.74
5.8784604,5.3
4.801084,6.31
6.9044147,8.5
7.0990634,5.88
7.383802,6.11
6.2578483,5.94
6.6746974,5.84
6.5017443,6.0
6.778205,5.92
6.278732,6.44
6.459788,7.19
6.482985,6.52
6.5421057,6.82
6.7284136,7.85
6.8698573,7.85
7.198339,6.6
7.3004403,7.3
6.988243,7.52
6.8507857,8.7
6.8972363,5.74
6.5583706,8.22
6.666831,8.52
6.8672338,9.0
6.3326826,8.3
6.931065,8.05
6.603482,6.87
6.4539065,8.22
6.419865,8.05
6.5674834,8.4
6.459966,8.22
6.8321943,8.0
6.304323,7.68
6.675835,7.34
6.6544986,7.66
6.4823527,7.47
6.675304,6.94
6.659293,6.93
6.7374263,7.28
6.538154,7.48
6.902622,6.71
6.0309253,7.04
6.39083,7.39
6.5064263,6.92
6.154687,6.57
5.9552903,6.66
5.9187264,7.46
5.991866,5.8
5.308954,7.49
5.016856,6.47
5.5501733,7.43
5.282566,6.48
5.3264093,7.49
5.926109,6.49
5.5488105,6.89
6.0435615,6.03
6.29401,6.66
5.991503,6.39
6.266002,6.6
6.247049,7.48
6.4585724,7.46
6.395272,7.64
6.6206784,7.96
6.469752,7.12
6.320213,7.26
6.4831834,7.66
6.7650485,5.02
6.667354,6.64
6.4287095,5.38
6.5922513,5.85
6.405478,6.39
6.536895,6.46
6.5941544,7.3
5.124171,7.1
6.7198052,6.29
6.5606837,5.96
5.8022723,5.77
7.165552,6.85
6.9310822,6.2
5.2908463,6.2
6.4813137,5.8
6.7319913,5.9
5.973497,5.9
6.4804335,6.0
6.626098,5.28
6.932687,8.3
6.783978,9.6
6.0725026,4.9
6.1758513,6.7
6.112206,5.57
5.2364993,3.77
7.680105,7.99
7.6431265,4.65
7.611817,4.69
7.1800427,4.72
7.408058,5.73
7.4894767,5.2
7.7042594,4.68
7.84108,4.42
7.7606406,5.86
7.7208633,4.96
8.171385,4.98
7.86976,5.09
7.9884963,4.87
7.805247,4.99
7.960718,5.19
7.9067235,5.1
7.908299,5.14
7.8438454,5.02
7.568476,7.56
7.55853,5.77
5.6280317,3.32
6.6958165,4.79
7.5450106,5.8
7.244353,8.39
6.9169745,8.72
6.932437,8.25
6.9643083,7.5
6.8540287,8.17
7.026752,8.19
7.0655565,8.2
6.62812,7.65
6.8917103,8.11
7.034782,8.39
7.2582974,7.94
7.165215,7.91
7.1013956,8.54
7.097139,8.46
6.9101667,8.06
6.7880473,8.1
6.9134192,8.27
6.807572,7.8
7.1342926,5.64
6.9454,8.34
6.8798494,7.32
7.0504594,5.72
6.8418345,6.3
7.097139,8.46
6.8825154,8.27
7.0976143,7.71
7.4792953,6.65
7.309815,8.39
6.9943194,7.41
6.9057956,7.87
6.995313,8.12
7.5305915,6.36
6.940434,6.21
6.5737815,6.62
6.9806705,6.42
6.894672,7.8
6.905412,7.54
7.4072413,7.66
7.2000785,7.54
7.05283,7.72
7.084493,8.54
6.719064,7.15
6.9313955,8.34
6.9169745,8.72
6.6185155,6.62
7.0486264,7.5
6.62812,7.65
6.900332,7.72
6.916966,7.54
7.090187,7.91
6.765963,8.06
7.170625,8.11
6.854029,8.17
7.0704927,8.2
7.0395064,8.21
6.9931426,8.34
7.1508107,8.39
6.986392,7.0
7.209785,7.0
7.235743,6.64
6.894672,6.6
6.9108567,6.59
7.05283,6.57
6.9794087,6.28
7.113726,4.69
6.782271,4.05
7.12689,7.8
5.963055,8.15
7.261948,7.7
6.6071258,6.05
6.63504,6.29
6.634071,8.17
6.6800947,6.38
6.8985696,6.51
6.8714204,5.85
6.858191,5.89
7.847289,6.51
7.663882,7.28
6.8298783,5.05
6.869204,6.35
6.448179,7.39
6.189334,5.64
6.022634,7.85
6.208976,5.51
5.634705,7.28
5.996341,5.23
6.393281,4.58
6.985728,9.0
6.856384,5.84
5.963055,7.36
6.9746394,6.74
6.8898535,6.96
6.7765737,5.47
7.5850015,8.78
7.041853,8.22
7.1978917,4.88
7.7313104,7.2
7.3703504,5.66
6.7356315,6.39
7.5527406,8.3
7.6285768,8.83
7.589421,8.49
7.5338273,8.07
7.4684024,6.48
6.6691804,5.59
6.9645543,6.63
7.426883,8.17
7.423802,7.64
7.4890385,7.46
6.945965,8.22
6.85169,7.55
7.8160377,7.51
7.976566,5.04
6.76687,5.19
7.0749784,5.07
7.038606,5.4
6.796209,5.47
5.5401616,4.91
5.92983,5.17
7.431221,7.22
7.4812455,7.1
7.496155,6.69
7.5411134,8.25
7.4667034,7.93
7.5899043,8.77
7.7150226,7.93
7.538322,8.24
7.4647803,8.54
7.427057,7.8
7.063645,3.9
6.6799254,5.72
6.645044,4.5
6.736955,4.65
5.6113973,5.24
6.58664,6.66
6.0132976,5.57
6.426021,8.46
6.335563,7.52
6.468905,7.05
6.0807567,6.33
6.169459,7.06
6.308656,6.66
6.250419,5.77
6.2175145,6.4
6.051252,5.21
5.971165,6.25
5.805422,6.21
6.1400585,6.09
6.2334,4.64
6.003429,5.82
6.2160945,5.89
6.0637774,5.6
5.925587,6.22
5.9758334,5.72
6.0786576,5.51
6.177342,3.12
7.085065,7.44
7.1919827,8.14
7.1541724,7.97
6.928103,8.0
6.8864293,7.86
6.644304,4.66
6.2323413,6.04
6.442445,7.49
5.534241,4.99
6.4422884,5.62
6.666531,5.49
6.636002,6.19
6.689088,6.13
6.572252,6.21
6.4712386,5.61
6.051717,5.37
6.0729814,4.87
5.96507,4.74
5.980805,3.59
5.6399484,4.63
6.553037,5.72
6.436169,4.98
6.175405,4.34
6.3984694,5.65
6.2960925,6.15
6.156595,6.47
6.39496,5.55
6.2717047,5.77
6.091479,6.41
6.1029716,6.24
6.8901334,5.44
6.9766355,6.08
6.968346,5.63
6.3910346,4.04
5.9979873,4.74
6.1578736,4.46
6.2714553,4.69
6.440439,5.47
6.4596457,4.61
6.4501185,4.97
6.7862477,5.58
6.2760806,4.54
6.7027116,4.37
6.9308,5.0
6.985599,5.52
6.9942803,5.55
7.4439273,6.46
6.223758,6.51
6.5765276,5.02
6.4259458,4.92
6.642916,5.33
6.1800294,6.15
6.472939,5.35
6.4420834,6.72
6.7437506,6.82
6.311246,5.04
6.381101,5.98
6.7729287,6.37
6.97425,6.74
6.567312,6.25
6.736323,5.81
6.2604823,5.15
6.955507,6.29
7.7106667,8.05
7.029302,6.68
6.9804034,7.7
6.950374,5.16
6.8124843,5.1
6.6900487,4.77
6.7831726,6.6
6.3834376,6.1
7.5348215,8.19
7.6411414,7.26
6.349044,7.22
6.5494666,4.8
6.9885383,7.4
6.956302,6.92
6.1146784,2.8
7.261948,1.92
6.935941,5.36
5.6906667,2.85
7.03656,6.22
5.9966307,3.81
6.267586,4.29
6.385116,4.19
6.415665,4.6
5.3835273,3.06
6.0592666,4.32
6.3060374,5.22
7.113755,6.38
7.0613875,4.61
7.1634974,6.48
7.2600403,10.45
6.9997077,7.0
7.0471606,7.04
7.0851154,7.37
7.1370897,7.42
7.146347,7.83
7.593489,7.9
7.559383,7.92
6.642444,6.0
6.9410267,7.4
6.837966,5.48
7.752307,6.86
7.785257,7.13
7.23383,5.18
6.926382,5.63
7.1891375,5.71
7.787521,7.21
6.4812145,6.07
7.532288,5.59
6.427585,4.58
6.8734365,6.77
7.706493,7.63
7.5285115,7.7
6.2323413,6.07
7.6231723,6.13
6.773745,4.61
6.5722156,4.85
6.761231,4.96
6.9748077,7.57
6.987292,8.57
6.9408255,7.68
7.425862,6.63
7.359044,7.02
7.239473,6.67
6.350667,5.55
6.6222186,5.39
6.620571,5.29
6.5208755,5.32
6.660153,5.24
6.576953,5.05
7.820531,6.4
7.4102864,8.33
7.4586387,7.99
7.4676366,8.16
7.59695,8.13
7.2091155,8.61
7.2884946,9.31
7.290718,8.66
6.8770924,5.53
7.0106473,5.57
6.9448166,5.46
6.3841696,4.49
6.170816,4.51
6.1968513,5.28
6.2330103,5.3
5.828935,5.03
5.594292,5.24
5.8441987,4.35
5.874289,4.59
6.6496387,5.78
6.5749083,6.02
6.899944,6.54
6.5605006,5.7
6.694493,5.52
6.71226,7.25
6.958094,7.19
7.0101666,7.1
7.4429235,8.7
7.0743237,8.1
7.0447817,8.22
6.5160294,5.48
6.894896,4.26
6.4454646,5.34
6.286919,5.91
6.6314144,6.86
6.905939,6.9
6.380391,5.59
6.8073015,6.42
6.908956,6.55
6.896422,6.77
6.0363374,5.8
6.7553725,7.7
7.0034556,5.72
6.4978976,5.8
7.1382203,9.22
6.4502277,6.15
7.088197,7.42
6.5059843,6.64
7.2999144,7.17
7.1484623,6.39
7.097861,7.74
7.1382203,8.99
6.860789,8.31
6.528426,5.42
6.5676203,4.82
6.8145823,4.8
6.3833756,5.89
6.2819777,6.0
6.6964755,5.28
6.655743,5.69
7.5305314,7.23
6.936361,7.92
6.866423,9.17
6.6252456,9.6
7.504299,8.34
7.684982,8.74
7.6026816,8.05
6.86737,6.68
6.3233995,5.35
7.311786,8.77
7.027645,6.58
7.368422,7.55
7.284911,8.96
7.5146356,5.79
7.4676633,7.72
7.150271,6.64
7.1049237,6.2
7.2357264,6.87
7.1249113,4.68
7.2558026,8.02
6.9731183,5.6
6.967136,5.75
7.1388936,6.34
6.9923396,6.63
7.1223116,6.99
7.13543,7.32
7.3931565,8.19
6.904612,6.71
7.2366505,7.64
7.083423,8.53
7.0558715,9.29
6.997688,8.22
7.1886806,7.45
6.548389,5.11
7.4128585,8.11
7.508158,7.89
7.4672112,6.85
7.465072,7.26
7.4988904,8.04
7.203195,6.91
7.391562,8.41
7.493211,7.19
6.9775815,5.53
6.643737,5.15
6.8419404,6.35
6.205158,5.34
6.7320724,5.26
6.4817386,5.41
6.6766334,5.52
6.6935763,5.51
7.147919,6.85
5.736502,5.37
6.0913377,5.26
6.411995,5.53
5.905088,5.06
5.941392,6.58
6.0263677,6.1
7.2357955,8.18
7.073437,8.05
7.0431294,8.7
7.137222,8.42
6.841907,8.25
7.1190963,8.55
7.626635,8.23
7.1817226,7.0
7.0818825,5.18
6.940902,7.66
6.709748,6.22
6.6089406,6.0
7.341806,7.12
7.522715,7.28
7.6422668,7.15
7.608667,6.54
7.567588,7.11
7.6927,6.99
7.0652018,6.08
6.7386975,5.84
6.796008,6.09
6.454031,4.34
6.9743915,5.35
6.1438184,4.07
6.190466,6.34
6.0825934,6.28
6.931688,7.19
6.7297025,6.75
6.713037,6.93
7.102285,6.35
6.891767,5.01
6.805098,5.84
6.0913644,4.63
6.3423796,4.86
5.9903784,4.77
6.3151236,4.68
6.0292435,5.16
6.188437,5.17
6.31731,4.99
6.384749,4.83
6.583688,4.49
6.0698733,5.72
6.358787,6.12
6.1452875,7.21
6.3155904,6.51
6.185266,5.07
6.3336196,5.54
6.4456,6.0
5.8772945,6.33
6.123696,5.36
6.4878707,6.1
6.6571326,5.24
6.9127955,6.35
7.5850754,7.17
7.691159,7.34
6.02886,4.27
6.5602326,5.79
6.520556,5.55
6.5531793,4.98
6.5513625,4.93
6.3259125,5.25
6.450276,5.72
7.0383983,6.26
6.9334884,5.87
6.9372745,6.69
6.962491,5.87
7.0613422,6.94
6.8787017,6.76
7.6598125,7.5
7.715807,7.37
7.709815,7.19
7.541159,7.13
7.596461,7.12
6.99556,8.22
7.276788,10.45
7.361595,9.58
7.3574767,7.59
7.3243384,9.75
7.3942695,6.92
7.34347,7.71
7.369716,8.46
7.4417033,7.08
7.440897,8.37
7.2006087,7.95
7.213384,8.43
6.76551,7.02
6.9242487,5.5
7.077567,5.65
6.8269496,6.3
6.797117,5.67
6.6912875,5.25
6.4881682,3.66
7.2773023,6.37
6.875685,6.77
6.910078,8.44
7.071963,8.22
6.9164023,8.33
7.0948195,8.29
7.093333,8.72
6.5018687,8.07
6.455196,7.22
6.988487,8.62
6.8009353,8.3
6.6852307,7.88
6.936511,7.08
6.295276,7.5
7.083683,6.97
7.225754,8.64
7.257317,8.39
7.0925574,6.67
7.093681,8.31
7.1250777,8.34
7.254638,8.2
6.9148703,7.53
6.7044888,5.77
7.180531,8.33
7.281388,7.93
7.0007873,7.47
7.146054,8.66
6.755569,7.47
7.2430444,8.16
6.9485283,6.6
6.982354,8.17
7.2535195,7.77
6.822428,9.06
7.604953,8.52
6.9328675,8.0
6.7510533,8.06
7.2100177,7.98
7.4299626,8.3
6.950559,5.39
6.787294,5.36
5.048632,3.7
6.9342704,5.52
6.9188943,6.4
5.2649307,4.94
7.1696672,5.7
6.0197573,6.17
6.91595,6.12
6.781442,7.4
6.1707044,6.17
6.809292,4.71
6.658797,7.28
6.7489104,6.28
6.710282,6.96
6.6030736,8.22
6.2121525,6.74
6.8356347,8.1
6.661905,5.0
6.4509563,6.27
6.6980243,5.57
6.730606,8.1
6.61048,8.35
6.1593137,7.87
6.469587,6.15
6.663266,6.85
7.135183,7.13
6.6548333,7.41
6.0705137,5.95
6.7377315,5.0
6.4397826,5.52
6.938247,5.89
6.182101,5.0
6.9190145,5.98
6.1396327,5.0
6.8844657,6.48
6.2261653,5.0
6.6400237,8.82
5.853265,5.22
6.035455,7.03
6.424524,8.28
5.597861,8.28
6.6417994,8.52
6.3466487,8.11
6.1418767,5.92
6.4325924,9.05
6.408049,8.38
6.2290454,8.08
6.406584,6.66
6.7186885,6.03
6.5782633,9.1
6.413217,6.49
6.6693664,7.3
6.282583,6.68
6.5610223,6.68
6.4662147,6.47
6.4661922,8.08
6.765894,8.06
6.3130116,8.15
6.4580483,8.14
6.395885,7.59
6.28468,6.92
6.5206447,8.11
6.607004,7.0
6.775658,7.0
6.7680726,8.55
6.6251664,8.24
7.1213446,8.1
7.0204663,7.08
6.2810025,5.18
6.8362055,9.32
6.0893703,5.37
6.191468,4.54
6.1548433,5.52
6.136169,5.23
7.0648217,9.48
6.2602887,7.0
7.736566,7.59
6.8060503,8.55
6.995364,9.02
6.2823586,5.34
7.0884657,9.24
6.1425323,5.41
7.615478,9.0
7.6098275,8.77
6.973417,8.44
6.316343,5.27
6.480881,5.92
6.77422,6.33
5.679162,5.07
6.3627086,6.68
6.4116883,6.05
6.4092174,6.09
7.1500387,7.24
7.162683,5.88
7.205877,7.16
5.94892,6.0
6.878799,8.42
7.0170274,8.86
6.64421,7.29
6.867553,9.11
6.9291515,7.53
6.815705,6.37
7.141834,8.66
6.6286235,7.42
6.904897,7.45
7.064114,8.3
6.968647,8.34
6.7078524,7.11
6.810394,7.93
7.1313705,8.75
6.6659245,7.52
6.857987,6.05
6.522927,5.73
6.600905,7.0
6.68917,7.38
7.0527453,7.48
6.8577094,5.84
6.8414903,5.57
7.068482,7.3
6.9321065,7.77
6.9532247,7.18
6.7646046,7.66
7.0910616,4.36
6.7295346,6.92
6.656078,7.92
7.057483,6.48
6.7380958,8.17
7.416916,7.52
6.823172,8.37
6.4548764,6.52
7.0123634,6.71
6.9301815,7.6
6.7090187,7.92
6.837301,8.1
6.807159,7.0
6.9998,6.86
6.6976004,4.34
7.471401,5.64
7.7848887,7.05
6.5350704,8.24
6.854253,9.32
6.6476817,6.6
6.8555226,8.1
6.773814,7.37
6.9444766,6.42
6.7949567,6.92
7.175052,6.28
6.735966,4.71
7.101999,5.57
6.61495,7.28
6.976045,7.49
6.8280206,7.55
6.5837736,7.1
6.9570584,6.41
6.9145103,6.0
6.659617,6.05
6.7438436,6.55
6.8698974,6.66
6.9909177,6.96
7.0435596,7.4
6.846116,8.15
7.071235,8.59
6.9981027,8.22
6.396594,6.47
6.997404,9.48
7.034392,7.05
7.0785565,6.12
6.904392,4.52
6.5676,7.27
6.8156066,5.59
6.705794,7.52
6.9235377,8.34
6.3461137,6.62
7.938954,9.35
6.8690057,10.48
5.721056,3.76
7.1243453,7.3
7.072719,7.01
6.909208,6.65
7.130451,7.39
5.515178,5.72
5.208116,6.0
5.1048017,5.74
5.090555,5.38
6.929183,5.63
6.72915,5.11
6.656746,5.2
7.040909,7.98
6.9606957,5.51
7.1246166,5.64
6.7097783,5.8
6.594663,6.55
6.5917077,6.83
6.8691773,7.31
6.825188,7.74
6.9324327,5.65
7.03513,6.15
6.771175,7.21
6.913348,6.51
7.0044723,6.91
6.7450786,6.44
6.8210855,4.61
6.925032,6.43
6.81737,6.01
6.683581,6.79
6.7552,6.52
6.7211804,6.05
6.9124427,5.64
6.767802,6.69
6.665238,4.52
6.005395,5.41
5.853435,2.62
6.7083554,7.49
6.1593137,8.08
7.45104,8.67
7.6222453,9.17
7.5254045,9.06
6.3706326,6.34
6.5957074,6.24
6.5399394,5.85
6.6720195,5.8
6.6733394,5.78
6.5135665,5.74
6.7209783,5.68
6.4717402,5.63
6.486672,5.43
6.590421,5.37
6.7161,5.06
6.6331553,4.71
6.317943,4.57
6.201284,4.43
6.674605,4.27
6.2189517,3.46
6.9563117,4.93
6.8809342,5.29
6.7015853,6.07
6.825933,6.18
6.88151,5.19
6.884107,4.3
6.9551167,5.6
6.874622,4.83
6.906903,4.65
6.821182,4.72
7.089828,8.02
6.9799724,8.17
6.8899684,7.36
7.024011,8.06
7.073903,7.86
6.782887,6.09
7.366409,7.51
7.3044047,7.51
7.3874965,7.66
6.964144,6.74
6.7172327,4.93
6.973739,6.2
6.8886423,4.54
7.017985,5.94
6.441577,5.68
6.1931486,6.0
6.8664813,7.28
6.796655,8.0
6.8599906,7.96
6.895778,7.66
6.9409027,7.54
6.9411926,7.33
6.98194,7.17
6.9728246,6.09
7.0600133,5.57
6.96174,4.88
7.006219,7.37
7.173821,7.8
7.065972,7.05
6.9372573,7.12
6.9906335,7.23
6.996819,5.2
7.095687,7.3
7.1137156,7.19
6.8610168,6.95
7.0624323,6.07
6.9021616,7.19
6.8875813,7.62
6.898643,6.78
7.0465903,7.27
6.923834,7.44
7.0407577,5.83
6.9356236,6.9
6.9385343,7.09
6.986225,6.42
7.0618615,5.88
7.164582,5.5
6.9836254,5.58
7.0475273,6.07
7.0467467,4.26
7.076774,6.48
7.1839466,6.84
7.106997,6.41
7.0301294,6.48
7.1108603,6.65
7.1338916,6.41
6.983679,6.9
6.7115617,7.0
6.3903856,6.92
6.8824897,8.1
7.1601024,5.88
6.4317307,6.25
6.3178782,6.77
6.7667246,7.74
6.855725,5.03
6.3970394,7.28
6.486788,6.08
6.3567004,7.34
6.4682755,6.15
6.6099553,7.19
6.5638537,6.69
6.4274254,4.92
6.294598,6.18
6.4887023,7.01
6.682365,7.1
6.5698304,4.57
6.7431893,5.52
7.025867,6.36
7.003559,6.62
6.6271167,8.06
6.959767,8.55
7.0417585,8.92
6.742478,8.1
7.135446,8.66
7.037019,8.62
6.7348332,8.05
6.574222,7.96
6.573789,7.89
6.541517,5.96
6.533916,6.0
6.644446,7.77
6.7791705,5.8
6.6658626,7.64
6.096786,5.92
6.421722,6.1
6.2581935,8.38
6.581672,7.89
6.5798326,8.35
6.339626,6.57
6.9953,9.32
6.627885,6.13
6.5338864,4.25
6.3596954,6.52
6.4447894,7.52
6.8190055,8.37
6.7300754,8.17
6.7830806,7.92
6.9607787,7.48
6.3197465,5.04
6.4913416,3.84
6.1272354,3.87
6.4520717,4.6
6.5271,5.68
6.687161,4.82
6.574207,8.24
6.52999,5.36
6.9579124,7.08
6.9165654,6.49
6.7869496,6.37
6.733426,7.68
6.8190002,7.57
6.2041726,5.2
6.9538245,7.48
6.5801334,7.52
6.87963,7.64
6.8895154,7.6
6.822848,7.4
7.235589,8.44
7.316322,8.01
7.2570815,8.6
7.3009715,8.89
7.157016,8.29
7.23099,8.31
7.13713,6.82
7.1475925,7.19
7.1479406,6.46
7.138252,8.96
7.154239,8.06
7.3844314,7.8
7.3824887,7.28
6.8036027,9.32
6.9282346,9.1
7.2002254,8.34
7.027388,9.31
7.142612,7.37
6.8573523,6.68
7.0943017,6.26
6.952214,7.6
6.760757,7.62
6.986631,6.97
7.045286,6.84
6.9241176,6.59
7.0670776,6.96
6.6476245,6.59
6.854194,9.63
7.8844,9.13
7.941175,9.51
6.8706822,9.37
6.8601375,6.49
5.303449,4.63
7.0461297,6.41
7.1071944,6.66
7.220431,8.03
7.2974143,7.15
5.8300776,3.97
6.654151,6.29
5.7171383,8.07
6.264338,5.79
6.782924,7.26
6.8328032,7.13
6.9184966,7.23
6.716834,6.11
6.8399124,7.65
6.7613893,5.98
6.8132877,7.66
6.728138,6.04
6.6177115,6.79
6.6570125,6.28
7.0333996,7.02
7.14444,7.15
6.8152204,6.7
7.0601854,6.9
6.946979,6.34
7.019691,6.63
6.8109155,6.04
6.8815236,6.63
6.806645,6.21
6.901954,7.21
6.8710556,6.64
6.7562294,7.16
6.898479,7.11
6.742893,7.21
7.0889153,6.66
6.6162705,6.29
7.118383,6.93
6.7391076,6.1
6.915013,6.97
6.7489257,6.39
6.8619256,7.42
6.7797947,6.39
6.8179846,6.86
6.7036066,6.3
7.196801,5.88
6.66089,5.87
7.179727,6.06
6.71091,5.8
7.034798,6.26
6.5211453,6.68
6.9266067,6.4
6.5965457,6.0
6.7895913,5.19
6.2667212,5.71
6.6783166,5.75
7.6706057,6.31
7.753489,4.82
7.4373517,4.92
7.561003,4.68
7.1103253,7.27
7.092935,6.51
6.8473864,5.27
6.743778,5.03
6.9177537,6.57
6.816848,7.0
6.7765336,6.89
6.8929467,6.72
6.363552,6.85
6.030549,2.5
6.6649613,2.64
6.6032596,1.02
6.626599,3.84
7.118632,3.8
6.7954736,3.54
6.3604527,3.86
6.859922,9.13
5.0990186,4.03
6.715361,6.7
6.8733377,7.47
7.586676,8.17
6.9126754,5.08
6.662923,5.96
6.902703,4.94
6.6907525,6.05
6.913057,6.0
7.007529,5.55
6.5211883,5.1
7.1344004,6.55
7.1848836,6.27
6.878716,6.52
7.137078,6.37
7.1273627,6.41
7.2675567,6.02
7.4478827,4.92
6.6183195,6.44
7.070644,5.7
6.8135147,6.27
6.5745406,4.87
6.6911464,5.02
6.7633805,5.34
6.8632617,5.31
6.819458,4.81
6.8691163,7.8
6.752678,6.39
6.80613,6.24
6.9096694,7.16
7.080239,7.24
6.7967196,6.93
7.2748203,6.49
6.5242715,8.07
6.8417373,7.35
6.7348666,6.92
7.0576987,7.62
6.9471717,5.99
6.580384,5.57
6.4635077,6.69
6.8551383,6.77
6.818974,6.57
6.9244456,5.5
7.109335,6.59
7.2083764,5.8
6.6311793,6.8
6.5425954,6.02
6.638552,6.3
6.6164374,6.04
6.7191324,6.35
7.0017276,6.48
7.0960436,7.72
7.166057,6.53
5.7457666,6.96
7.7326694,8.17
7.4854827,5.46
7.657434,5.6
6.7077537,5.25
7.588223,7.77
6.8406854,5.77
6.8062353,7.17
6.9890833,8.05
6.8624864,5.55
6.924413,5.55
6.6767793,5.37
6.674872,6.45
6.7555785,5.7
6.825736,7.46
6.70374,6.59
6.9497447,5.74
6.772798,7.54
6.7810264,6.01
7.03682,6.26
6.9338613,3.92
7.177257,4.76
6.9757056,4.4
7.069053,4.74
6.5537534,6.35
6.526013,6.63
6.82155,5.81
6.8544807,5.44
6.4400706,5.11
6.5788207,4.91
6.282311,5.08
6.307153,5.24
6.776509,6.2
6.8508687,6.61
6.9456697,7.06
6.849747,6.9
7.010956,7.49
7.0628104,7.27
7.0148816,7.39
6.858157,7.01
6.891705,6.94
6.831198,5.54
7.1211324,5.31
7.180788,5.67
7.155828,5.27
7.016963,5.51
7.0250907,6.19
7.016687,5.72
6.7332425,6.83
6.91678,6.95
6.8224797,7.14
7.1731763,6.09
6.97037,6.71
6.8098297,6.05
6.944997,5.7
6.9957404,5.24
7.2184286,4.53
7.272165,4.68
6.2593107,7.48
6.6700997,7.51
6.859922,9.37
6.8631463,7.87
6.4286485,6.73
6.631927,6.65
6.869491,6.69
6.635038,7.02
6.1804285,4.61
6.458686,6.15
6.402515,5.88
6.415051,5.22
6.5660233,4.85
6.4081798,6.29
6.7136025,7.52
7.162604,7.39
7.247109,6.37
7.2960725,6.19
7.029282,6.17
6.9281106,8.24
6.747502,7.59
7.1417427,6.58
7.1947436,7.04
7.376921,7.56
7.1559014,7.52
7.130588,7.22
7.166637,8.49
7.1264386,7.74
7.2785897,7.85
7.1408606,8.06
6.9868016,7.74
7.1670585,8.53
6.5865636,7.44
5.1813626,4.33
6.6561475,8.47
6.8810678,9.1
6.940538,8.54
6.956924,8.39
6.7734036,8.24
7.038962,8.4
6.8627925,7.73
6.863398,8.42
6.885902,8.28
6.866608,7.16
6.9838357,8.44
6.960382,7.23
6.9509926,3.1
6.8476863,3.41
7.240423,4.64
7.1956267,3.69
6.749722,5.35
6.6453376,5.92
6.6648564,6.17
6.6788096,6.55
6.569777,6.3
7.358274,5.31
7.243099,7.85
7.1677475,6.15
7.5392494,9.57
6.7162814,4.45
7.0083976,7.96
6.9800525,6.56
6.9004536,7.65
7.120299,6.62
7.1276875,6.42
7.2128916,6.05
7.042322,5.03
7.0939116,5.73
7.043324,6.05
6.511643,7.74
6.9104037,6.84
7.269839,6.68
7.3729987,6.96
7.187278,8.0
7.323935,7.26
7.304847,7.37
7.2383313,7.15
7.066462,7.62
7.241535,7.68
7.127027,6.93
7.508535,7.43
7.263425,7.78
6.845904,9.44
6.600042,6.77
7.1557927,6.03
7.3471084,4.57
6.0865946,6.45
6.762078,7.08
6.685142,5.19
6.6575828,5.52
6.6406045,5.49
7.091891,7.77
7.440121,7.8
6.7610197,6.92
6.6430755,6.64
6.5166707,7.74
6.777861,7.36
6.7664227,5.85
6.712664,5.14
6.449588,5.21
6.5319896,5.85
6.5220275,5.45
6.57287,7.48
7.4276776,9.0
6.358478,4.89
6.7363067,5.48
6.421972,4.99
7.0624595,5.49
6.9441056,6.35
6.879478,7.48
6.972644,6.77
6.9171968,6.06
6.6441264,7.24
6.9313006,5.44
6.6425877,6.52
6.5765495,5.13
6.9335904,6.18
7.0653205,5.61
7.0760694,7.04
6.810857,7.69
7.091381,7.54
6.6297436,7.88
6.958045,7.29
6.885293,7.03
6.7405767,6.15
7.0057673,7.4
7.0686984,7.07
7.1915092,6.58
7.111817,6.88
6.2150407,5.28
6.4030743,8.39
6.5297217,5.82
6.929357,6.86
6.8426056,6.27
7.689139,8.38
6.359655,6.07
6.879065,6.23
6.16651,6.14
6.555038,5.64
6.1852374,5.77
6.295914,5.66
6.0,6.05
6.580506,6.65
6.2100415,7.05
7.214002,5.17
6.723978,4.63
6.8356066,4.77
5.6576953,5.11
6.138532,5.36
6.0753927,5.65
6.079536,6.89
6.8881783,6.68
7.5524464,8.26
7.67104,9.03
7.5714965,8.36
6.5185437,6.34
6.838536,7.3
6.7891307,6.49
7.177153,6.3
7.339084,5.59
7.3578305,5.7
7.335312,6.27
7.290059,6.0
7.341082,6.32
7.18337,6.42
7.067393,5.67
7.1815853,6.27
7.1816487,6.27
7.1033683,6.37
7.1343665,5.96
6.093187,4.17
6.489448,4.14
6.9415975,5.39
6.5349326,5.65
6.064691,5.14
5.266149,5.69
5.616554,5.27
5.58441,5.76
5.7464437,5.47
5.4806657,5.54
5.5468,5.66
5.4966526,5.62
5.955534,5.51
5.9190583,4.98
5.94103,4.87
6.0646415,4.81
6.3453345,4.88
7.4613624,8.34
7.7055736,8.56
7.7361817,8.3
7.7496653,8.46
7.9078374,8.46
8.069719,8.28
6.2041726,5.0
6.9393964,5.58
6.2530165,4.3
6.0719895,5.29
6.1312084,4.46
6.4306207,4.28
6.4502244,4.67
7.4691772,5.66
7.655498,5.52
7.176536,6.92
7.7034645,8.74
7.5628734,8.62
7.5999475,8.62
7.5296626,9.39
7.6776066,9.2
7.0798116,6.32
7.030403,6.34
7.170237,5.92
6.903133,6.25
6.963062,6.6
6.7502413,6.21
6.7338023,5.88
6.901565,6.95
6.9237223,6.3
6.947945,5.96
7.586718,6.19
6.61461,9.82
6.4718647,4.75
6.5277247,4.51
6.9389567,6.47
7.1912727,4.9
6.382056,6.29
6.82509,6.12
6.8089337,5.9
6.5119767,6.06
6.808453,5.77
6.7453046,5.85
5.0370507,6.56
6.751138,7.47
6.6175323,7.21
6.838397,5.11
6.5689073,4.47
6.4398894,5.77
7.3076105,7.57
7.254714,7.74
7.247015,7.57
6.992354,7.42
7.141335,7.42
7.32931,7.52
7.2795606,7.36
7.0742745,6.17
8.238994,7.48
6.8586736,6.52
6.6436343,5.19
7.594972,5.6
7.5161123,5.57
7.730554,5.7
7.5015407,5.68
7.4368,6.27
7.6209397,6.49
7.444631,6.6
7.5415998,6.58
7.5958056,6.68
7.8443923,6.83
7.9868894,6.31
7.542108,6.53
7.2676806,6.7
7.488693,6.67
7.6548133,6.52
7.5400043,7.1
7.245358,6.66
7.1518683,5.81
7.653045,6.69
7.2223487,6.23
6.218677,5.31
6.406056,5.72
6.444649,5.28
6.5512652,5.64
7.2417665,7.96
7.3021636,7.62
7.2227635,7.03
7.1375294,6.89
7.0305686,8.0
7.3839355,8.46
6.689752,6.5
6.9881797,7.55
7.211333,7.92
6.9347386,7.7
6.8302007,7.59
7.2632046,7.23
7.0015836,8.46
7.270354,7.8
7.119851,7.72
7.1582036,6.8
6.8050904,5.87
6.785762,7.0
7.121386,7.8
7.2153177,8.52
7.2602143,8.26
6.952916,7.0
6.3533773,5.74
6.7246175,6.85
6.5371137,5.12
7.1744876,8.72
6.412882,7.2
7.023131,9.15
7.0667887,9.01
6.8006616,9.14
6.7934756,9.46
6.8906255,8.59
6.9128594,8.89
6.624032,9.0
6.787229,9.51
6.219907,8.6
6.637782,8.68
6.816952,8.33
7.0529566,8.57
6.930447,9.21
6.8316855,9.21
7.026544,8.74
6.7478356,9.0
6.912156,9.33
6.8186073,9.62
7.4391055,9.12
7.13032,9.68
7.2532754,8.43
7.4156084,9.68
6.8518453,8.77
6.6578918,8.68
6.926768,9.82
7.1336365,9.28
6.3342237,4.19
6.9231277,8.58
7.51364,6.9
7.1845098,6.84
7.0508614,7.02
7.154878,8.92
7.016033,6.87
7.3236256,8.72
7.362263,9.1
7.18424,7.49
7.1724296,6.98
7.170007,7.59
7.2081566,8.15
6.8724575,6.12
7.289463,8.4
7.4078064,6.88
7.3400187,7.19
7.184397,6.9
7.113086,6.66
7.364755,6.61
7.1361976,8.68
7.4187956,7.8
7.0514684,6.91
7.2259755,8.44
7.2873654,8.57
7.504064,6.81
7.5704474,6.72
7.2640314,7.24
7.5028725,7.7
7.3863792,8.09
7.313809,8.4
7.129599,6.79
7.3512826,7.2
7.6903024,7.62
7.1532054,8.82
7.1000137,7.54
7.1395698,7.25
7.26398,7.77
7.433105,7.88
7.2858152,8.4
7.232556,7.89
7.0747952,7.11
6.890183,8.0
7.0746317,6.75
7.3357463,6.9
7.3057127,8.6
7.1847534,8.08
7.4152036,7.3
7.25565,8.7
7.223079,7.0
7.1013875,6.89
7.275987,6.27
7.1453104,7.17
6.673044,8.43
7.1518044,8.46
6.9942293,8.57
5.7586045,6.49
6.396214,6.98
6.3562417,5.26
6.177952,6.07
6.1990576,6.27
6.0900793,6.13
5.9907746,5.25
5.8185573,6.28
6.5793014,6.08
6.813954,6.09
5.780866,5.44
6.189327,5.12
6.6415954,6.14
6.582826,6.46
6.650629,5.64
6.575809,6.11
6.577715,6.42
6.5258365,5.8
5.5169854,5.06
7.339851,10.0
7.327992,9.0
7.7577033,9.7
7.1934485,8.51
6.454554,7.72
7.3445044,9.21
7.212421,7.72
5.9949894,5.06
7.025863,6.02
6.4143915,6.11
6.8471484,4.96
6.433218,5.36
6.35634,6.48
6.7658486,6.11
7.5161605,8.68
7.0956225,8.24
6.722299,7.57
5.836427,5.7
7.39241,8.0
6.7919335,8.0
6.664723,8.3
7.093841,9.15
7.492642,9.54
7.6653643,9.24
7.5437055,8.98
7.55255,9.55
7.4473505,9.47
7.409946,8.68
7.5226593,9.49
7.526721,9.55
7.50141,9.74
7.451321,9.77
5.8126874,5.52
7.6594834,9.39
7.492471,9.03
7.6986384,9.15
7.719427,9.52
7.9227386,7.89
6.9090037,8.7
6.8211803,8.7
6.9727674,8.3
6.435451,7.4
6.467692,7.15
6.600917,8.52
7.225211,8.7
7.1884713,8.7
6.320699,8.1
6.731669,8.22
6.884195,8.4
6.644781,8.15
7.419704,8.52
6.8490677,8.82
6.95388,8.7
6.7572036,8.4
7.0058155,8.52
7.3801513,8.77
7.4298434,8.6
7.436602,8.52
7.3044496,8.6
6.949246,7.7
6.1861587,7.52
7.1962485,9.7
6.828738,8.3
6.9659753,8.52
7.125323,8.4
7.518624,8.7
6.734904,8.15
6.7879767,10.0
7.3689456,7.7
7.0637174,8.52
6.7640033,9.0
6.059861,5.46
5.979764,4.18
5.820666,4.5
5.8622785,4.65
6.790048,4.25
5.54392,4.64
5.7703204,4.2
7.375014,8.28
6.704867,7.63
6.659514,6.22
6.665846,7.96
6.45178,9.66
6.7073617,8.97
6.637045,6.95
6.363121,8.34
6.77488,6.93
6.2547383,9.24
6.458224,9.64
6.1340194,7.9
6.4477086,9.54
6.7572794,8.3
7.4108367,8.0
7.097338,8.1
7.047786,8.3
7.270254,8.15
7.067858,8.1
6.809401,7.7
7.4637065,8.3
6.7350087,8.0
6.0527763,6.7
7.1683145,7.7
7.635881,7.4
7.3577304,9.0
7.2608733,7.3
6.981961,8.0
7.162007,9.0
6.4226727,7.4
6.428435,8.0
7.188295,8.0
6.4482293,9.0
6.4593015,7.1
6.5866947,7.55
7.127376,6.06
7.0160832,7.89
7.26028,6.84
6.9204535,7.42
7.35245,7.82
6.253589,5.52
7.2281327,8.77
7.024052,7.77
6.943834,8.7
7.090442,7.6
6.6929793,6.3
7.3227224,6.82
7.54349,7.22
7.4517617,7.15
7.3179,7.0
7.371872,6.85
7.3204203,6.28
7.4063163,7.15
7.4177957,6.49
7.5261273,6.43
7.308763,7.3
7.393455,6.29
7.027075,6.7
7.1677976,5.23
6.537991,5.66
6.5996885,6.15
6.9270725,5.89
6.8657146,7.0
6.934733,7.52
6.993166,8.15
6.7107143,8.4
6.6105714,8.0
6.5819907,8.0
7.077562,6.04
6.789272,7.3
6.8037844,7.3
6.819915,8.1
6.617932,7.22
6.694907,7.0
6.5706277,7.52
6.63158,6.52
7.394831,8.68
6.1840534,6.0
6.1183095,5.35
7.3449755,8.38
7.6105294,8.25
7.5176024,9.21
7.5011287,9.05
7.69766,8.52
7.4448,7.11
7.545792,7.0
7.562118,7.0
7.391646,7.1
7.5105624,8.11
7.6032934,8.96
6.87454,8.54
6.658554,9.05
6.7429957,8.92
7.021276,8.92
6.9321694,10.15
6.9030876,9.47
7.2180123,8.64
7.4271126,9.52
6.9404035,7.65
7.104717,7.57
6.832151,7.48
6.7933702,7.47
6.387433,7.44
6.375262,7.6
6.9652457,8.4
7.021234,9.11
6.6501856,7.79
6.896064,8.95
6.7513194,8.93
6.721301,9.05
6.768569,9.77
6.734642,9.96
7.1615796,9.85
6.9182563,10.3
6.360684,8.53
6.255409,8.98
7.0007663,8.59
7.0437875,9.17
6.8642416,9.44
6.946351,10.4
7.1660476,9.55
7.1669507,10.22
7.0801187,9.89
6.877597,8.93
6.900694,9.82
6.9173217,8.78
6.967289,9.49
6.9938545,10.15
6.9160438,9.42
6.9948497,9.89
6.8785477,9.15
6.878385,9.59
6.895069,9.47
6.933542,9.27
6.942144,9.06
6.921796,9.26
7.0267377,9.6
7.1409163,9.49
7.2320695,10.3
7.4138722,9.52
7.4482427,9.48
7.180474,9.68
7.176086,9.64
7.15262,9.51
7.108338,8.97
7.116513,9.14
7.2022147,9.74
7.109627,9.7
7.0954294,9.66
6.974712,8.48
6.2619042,5.25
6.1786475,5.51
6.6489644,6.54
6.7093034,7.42
6.7770295,5.21
6.5547376,4.54
6.9204745,7.0
6.9793506,4.06
6.9714828,7.22
7.0354743,6.49
7.0317597,4.39
7.0192394,7.3
7.1783614,6.59
7.1625576,7.3
7.043837,5.47
6.972903,7.4
6.2516446,5.14
6.1944737,6.24
6.6541476,5.79
6.704034,8.0
6.731,8.15
7.0492663,6.82
7.0269437,6.52
7.028868,6.23
7.013637,7.15
7.2695637,5.73
7.276602,7.92
6.5408826,5.64
6.937324,7.3
6.992612,7.3
7.036376,8.7
7.100514,6.59
7.0694413,8.0
7.3261437,5.87
7.302552,5.69
7.2411118,6.57
7.2699842,5.95
7.261169,6.54
7.2976766,6.72
7.3113275,6.59
7.526127,5.9
6.3204036,10.0
6.462658,10.22
6.4009995,11.0
6.393268,10.4
6.7372127,10.7
6.6616416,9.57
6.716824,11.0
6.9412313,10.3
6.2741065,9.89
6.710981,8.83
7.196712,9.42
6.842549,9.36
7.0754275,9.44
7.4285946,10.4
6.6337895,8.61
7.0193963,9.19
6.53457,8.89
6.1944995,10.3
6.7723427,9.55
6.7182784,9.66
6.9305224,8.88
6.809917,10.05
6.6915727,8.79
7.04667,9.46
7.0354514,8.86
6.9744782,10.0
7.243727,10.3
7.1730037,10.3
6.984239,10.1
7.552562,8.87
7.5766745,8.75
7.5444407,9.0
7.4510894,8.54
7.577235,9.16
7.475715,9.16
7.54535,9.12
7.445336,8.82
7.460513,8.91
7.636931,9.0
7.6613455,8.61
7.6351676,9.13
7.7667966,9.07
7.88395,9.59
7.878947,8.9
7.752867,7.97
7.753474,8.61
7.420975,8.07
7.7676597,8.43
7.787832,8.56
7.0141654,7.9
7.327841,7.24
7.0843225,7.39
6.9639363,8.07
7.264282,8.32
6.8944693,7.86
7.1783338,8.52
6.999026,8.32
7.305962,7.46
6.937032,8.24
7.0379577,8.14
6.936992,8.18
6.6688724,6.51
7.018022,6.98
7.0038233,7.06
6.582585,7.5
6.9503875,7.19
6.5277085,7.15
6.777248,6.35
7.2691493,6.88
6.9859586,7.9
6.997625,7.76
6.660208,7.67
7.075107,8.4
6.790304,8.77
7.1148252,8.06
7.192119,7.74
7.05606,8.02
7.024712,8.35
7.037256,8.55
7.104544,7.95
7.11351,7.53
7.00983,8.21
7.2974067,7.59
7.2087207,6.57
7.0616436,7.13
7.2057543,7.11
7.1233773,7.99
6.650395,7.32
6.7168326,5.84
7.2625833,5.76
6.992259,6.12
6.8442445,6.38
6.724294,6.82
6.232366,5.62
6.5879173,6.21
6.9105396,7.47
7.06268,7.59
6.9224544,7.72
6.7146487,5.21
6.7572227,7.72
6.2166095,4.89
6.6226373,4.8
6.429399,4.59
6.810285,5.22
6.114425,7.0
6.437079,6.62
7.209746,8.82
7.1302433,8.77
7.05494,8.72
6.9576826,8.47
7.370019,8.41
7.216191,7.92
7.2099423,7.49
7.2188964,7.85
7.243473,8.59
7.4689293,8.8
7.2875795,7.8
7.2665157,7.89
7.3418875,8.48
7.4163585,8.28
7.311519,8.52
7.340403,8.7
7.853963,8.52
7.625611,8.7
7.6201873,9.3
7.9519157,9.22
7.241978,9.0
7.0056114,7.36
7.422098,7.66
7.4593253,7.7
7.83814,8.3
7.997124,7.77
7.248692,7.19
7.3676734,7.62
7.5170655,7.92
7.5192323,7.4
7.8742585,7.13
7.399573,7.96
7.2363296,7.64
6.730532,8.3
6.7961087,7.72
6.915646,7.34
7.257482,7.89
7.3010755,6.91
7.8327594,8.15
7.338927,7.24
7.3804965,7.42
7.365309,7.89
7.343291,7.66
7.237826,6.78
7.3444257,7.22
7.3365703,7.47
7.259939,7.35
7.5854945,7.41
7.210263,6.68
7.146123,6.52
7.315079,7.77
7.5948324,7.7
7.3463464,7.15
7.318581,8.4
7.339578,8.3
6.458311,5.87
7.107742,9.76
7.3819456,10.12
7.1772923,10.55
6.834973,8.4
7.3667946,9.13
7.30973,9.32
7.5444436,9.28
7.1569448,9.73
7.178726,8.94
7.1260233,9.03
7.068719,8.7
7.0939527,9.93
7.425389,9.14
7.4151025,8.68
7.2837586,8.84
7.326323,8.39
7.4868436,8.67
7.4578085,7.89
7.84773,8.33
7.6569705,7.76
7.3935843,8.37
7.485868,7.88
7.5780663,7.63
7.5947967,8.88
7.566324,7.57
7.4593377,7.76
7.7648263,7.33
7.490534,7.98
7.3744435,8.33
7.372273,7.46
7.4055595,7.33
7.487833,7.28
7.42486,7.48
7.40812,7.67
7.47189,7.93
7.4931703,7.64
7.4769807,7.81
7.4595904,7.83
7.3181286,8.3
7.518605,9.1
7.6905475,8.1
7.140165,7.22
6.7518353,6.43
6.7601614,7.52
6.338425,8.25
6.147589,8.27
6.601096,7.8
6.639746,7.3
6.2324595,7.11
6.522241,7.25
6.3772335,7.68
5.934311,7.51
7.0177226,10.25
7.1579337,8.82
7.2998405,9.49
6.8029704,6.96
6.634517,7.34
6.463265,7.19
6.764978,6.48
7.202105,8.05
5.780107,5.31
6.4657044,8.6
7.4603534,8.3
7.200721,7.32
7.31306,7.82
7.4370055,6.84
7.3621635,7.33
7.532935,7.51
7.524303,6.83
7.2213697,8.0
7.2082314,7.7
7.2490487,8.7
7.1695123,7.1
7.1714787,8.52
7.181293,7.96
7.2662687,8.52
7.170032,9.0
7.290336,8.0
7.1330514,8.15
7.7329593,7.57
7.786246,7.85
7.3843603,6.84
7.475979,7.28
7.406371,6.72
7.2002916,7.44
7.3794484,7.89
7.3356166,8.52
7.3649983,8.7
5.9369264,7.77
6.686177,8.98
6.8600936,8.36
6.7526755,8.85
6.6530313,8.17
6.7709565,8.39
6.774624,8.02
6.636512,8.42
6.945742,8.52
7.2130075,8.79
6.539389,8.58
6.6931524,8.62
6.562668,8.58
6.6638684,8.8
6.6057014,8.68
7.0027757,8.63
7.305371,9.1
7.316979,9.41
6.800352,9.49
6.894658,6.64
7.242348,7.4
6.770267,6.63
7.266875,6.75
6.78845,7.44
6.597794,8.15
6.740465,8.07
6.3960967,7.67
6.608662,8.28
6.7145514,8.53
6.579759,7.98
7.016998,7.21
6.8582077,7.01
6.871615,7.3
7.3827662,7.1
7.0198298,8.41
6.8938403,8.06
6.9223266,8.14
7.0954347,7.9
7.002376,7.43
6.6683416,6.62
6.9145827,6.77
6.5687785,6.8
7.1105504,7.07
7.4644017,5.82
7.408438,5.4
7.557242,9.0
6.954001,8.69
6.4449897,8.77
6.844815,8.27
7.118528,8.92
7.369459,9.27
7.338014,9.1
7.128122,9.04
7.367587,7.09
7.231665,8.84
6.975064,8.79
7.263268,8.73
6.8845077,9.08
6.941795,8.81
6.7172904,8.91
7.154243,6.96
7.0351186,5.77
6.9330273,8.92
6.075912,5.91
6.6715493,5.95
6.694863,4.92
6.681808,4.34
6.9915986,4.7
7.3570223,4.74
7.157915,4.69
6.1892524,5.87
6.4638734,6.01
6.6076455,5.88
6.35782,6.1
7.2728004,7.07
7.306235,10.6
7.2313447,6.05
7.4484057,5.25
7.3110256,5.74
7.0234547,5.57
6.6069117,5.38
7.0673995,5.21
7.0530534,5.18
7.5258203,5.19
7.1783543,4.92
7.295631,4.27
7.388361,4.2
7.1653123,4.49
7.1682553,4.49
7.29611,4.23
7.012262,4.07
6.229703,5.68
6.238985,5.89
6.448372,6.47
6.4477983,6.96
6.4469047,5.59
6.255253,5.77
6.2547975,6.38
6.6429353,7.28
6.694162,7.38
6.860194,7.46
5.7844024,6.3
5.889378,6.22
7.3849444,7.22
7.413051,8.08
6.2281604,4.36
6.3413568,4.48
7.224602,7.34
6.9036555,8.7
6.4775915,4.85
6.1534867,4.55
6.611666,4.82
6.306635,4.66
6.5423093,5.48
5.534517,6.22
6.3270273,6.32
7.2312903,8.92
7.059164,9.17
7.027081,8.96
6.822392,8.41
6.74248,8.68
6.6849113,8.06
6.8125253,7.6
6.3791738,7.22
6.1499276,6.2
6.4722643,7.39
6.2783523,7.21
6.4839025,7.06
5.992906,6.54
6.826647,8.7
6.225282,6.82
7.4034743,9.49
5.2655025,5.26
6.336697,6.13
6.6508403,4.96
6.949514,7.01
6.7707224,7.38
6.5517035,7.52
6.4840283,7.35
6.7828536,7.17
6.9493623,8.38
7.1877694,7.72
7.0824194,8.14
6.9347324,7.41
6.700832,8.25
6.7604256,6.42
6.6359344,8.3
6.725309,8.31
7.1994195,8.64
7.255667,9.0
6.873742,7.92
5.9586616,5.85
6.1802564,6.43
6.526813,5.33
6.329009,5.82
6.2581744,5.59
6.238237,6.37
6.1622825,5.89
6.6818466,8.36
6.4756923,7.92
6.9863467,8.19
6.7581563,8.34
6.7323194,8.12
6.9957886,6.72
7.0379386,6.77
7.3100452,8.17
6.8533554,7.7
6.672061,8.08
6.92856,8.09
6.9685636,8.82
7.1305075,8.57
7.026918,8.85
7.0696955,8.48
6.3886037,4.67
5.6832423,4.07
6.358931,6.29
7.1356273,6.28
6.887179,7.06
6.692142,7.09
6.9693394,7.25
6.9516535,7.39
6.916714,7.44
7.270453,7.46
7.2203603,7.64
6.93988,7.72
6.6104913,8.0
6.3942986,8.68
7.5815563,7.4
7.2355876,7.8
7.0014358,7.18
7.171169,7.96
7.7041965,8.74
7.0799623,6.81
7.6001554,7.96
7.3970647,7.91
7.132883,6.7
7.254782,7.2
7.5178633,7.95
7.4344935,7.54
7.6381555,7.82
7.1099534,6.28
7.344594,6.72
5.7870383,5.12
6.3632436,6.69
6.2135673,6.51
6.356972,6.63
6.738781,6.23
6.410093,7.68
6.5146585,7.28
6.172136,6.14
6.5006266,6.01
7.0252514,7.49
6.7567897,8.15
6.853357,7.2
7.260967,7.33
7.381175,7.72
7.420196,7.37
7.1200943,7.15
7.2476015,7.19
7.25909,7.24
6.961373,7.3
6.577868,7.66
6.8611207,7.48
6.883246,7.35
6.88584,6.83
6.869185,6.56
6.4856954,6.23
7.3254533,8.08
7.6800585,7.44
7.591372,7.23
7.5387187,8.42
7.05827,7.85
7.3422966,8.47
7.506417,7.77
7.5477057,8.92
7.323293,8.34
6.9907746,7.05
7.3265862,8.77
7.0387807,8.31
6.280783,9.0
6.7605305,7.3
5.9900613,7.28
6.567326,8.26
6.799472,9.22
6.6649423,8.52
7.2785954,8.09
5.8333573,7.59
6.1001134,8.98
6.341007,7.75
6.923637,8.96
6.825365,8.22
7.106485,6.96
6.3194103,7.07
6.807957,6.41
6.75515,7.19
7.0435143,7.52
6.9922123,8.3
7.8310027,7.06
7.0436544,8.01
7.0385957,7.49
7.1825247,8.65
7.7069135,8.03
7.1626434,7.91
7.047886,7.69
6.5952096,7.08
6.6959696,7.39
7.0230255,7.3
6.949798,7.38
7.153553,7.56
7.4019294,7.36
6.946986,7.38
7.53484,7.55
7.1513295,7.46
6.925325,7.37
7.0979667,7.5
6.871329,7.27
6.9104548,7.37
7.3988714,7.2
6.690652,7.22
7.0687423,7.9
6.9162593,7.66
7.327924,7.9
7.233165,8.11
7.0754185,6.77
7.2038884,6.63
7.1357307,7.53
6.9074845,7.18
7.3012395,7.29
7.1891255,7.49
7.26367,7.84
7.0676117,7.07
6.8367753,6.74
7.3546166,7.6
7.240995,7.51
7.317151,7.73
7.5701537,7.7
6.8383856,7.98
7.0682683,7.94
7.0379653,7.49
6.8345704,7.59
7.0702972,6.65
7.046702,7.13
7.254839,8.07
6.9650025,7.5
7.309928,7.26
7.276126,6.53
7.224723,7.21
7.3504767,6.12
6.9707303,7.14
7.314534,7.61
7.125243,7.24
6.959447,7.61
7.0907645,6.25
7.1345477,6.49
7.2419534,6.29
7.221932,6.39
7.184031,6.46
7.064532,6.76
7.221412,6.18
7.0012307,6.81
7.082857,6.53
7.005441,7.54
7.0776477,6.61
7.1904016,6.48
7.0475307,6.82
6.9605165,6.67
6.970526,7.46
7.4240737,7.27
7.3756804,6.9
7.048861,6.74
7.000358,7.76
6.640564,6.04
7.2222924,6.47
7.2670846,6.15
7.278831,6.16
6.847055,6.04
7.338347,6.47
7.2113748,6.82
7.135289,7.21
7.1939416,7.21
6.9700847,7.43
6.3474693,7.09
7.070479,8.02
6.9935308,6.87
6.9984717,6.68
7.287276,7.33
7.009206,7.81
6.906878,7.49
7.309673,7.68
7.01639,7.65
6.7697396,7.61
6.928145,7.78
6.8073936,7.37
6.989533,6.61
6.684743,6.59
6.799825,6.67
6.9939036,7.24
7.2631526,8.33
6.860578,7.64
7.0667224,7.23
6.842303,8.13
7.3245378,7.69
7.128777,7.86
6.8424687,7.57
7.2005687,8.27
7.1701064,8.34
7.100993,8.42
6.8079543,7.05
7.7643294,7.3
7.141727,7.62
6.925118,6.64
6.727863,6.23
6.840747,6.68
7.0698133,6.83
7.0920405,6.42
7.199766,6.51
7.168822,7.55
7.153954,7.81
7.1818223,6.95
7.122043,7.2
7.045361,7.07
7.105984,7.37
7.3905177,7.33
6.88473,7.28
7.0749593,6.83
6.9228635,7.46
6.985115,7.05
6.8769317,7.07
7.2223773,7.39
7.2156434,7.04
6.9743853,6.63
7.3430877,7.39
7.0882564,7.35
7.353971,7.15
7.0609527,7.04
7.122997,6.97
7.2189984,6.68
7.479135,6.96
7.051088,7.13
7.3082576,7.35
7.421209,7.44
7.315566,7.31
7.508452,7.29
7.1728663,7.0
7.0273805,7.49
6.947822,6.67
7.013943,7.92
7.1499615,8.3
7.403602,8.22
7.232563,7.82
7.385906,8.3
7.0825315,8.22
7.345824,8.05
7.381739,8.1
6.9925323,7.85
7.332969,7.92
7.511251,8.3
7.32157,8.3
7.2273684,7.96
6.6624513,7.74
6.754845,8.15
7.143869,8.52
7.549457,7.64
7.245092,7.74
7.421042,7.59
7.254503,7.68
7.043609,7.26
6.95674,7.57
6.8140197,7.35
6.717403,7.55
7.237269,7.62
6.909489,7.42
7.0982404,7.39
7.135015,7.51
7.077663,8.15
7.313764,8.15
7.171372,8.4
7.1745296,7.7
6.783976,7.42
6.863892,7.92
6.5341487,8.3
6.5136704,7.92
6.7395673,7.22
6.7694716,7.89
6.9599175,7.52
5.6845164,8.0
6.5074105,7.38
7.0239935,8.92
7.2456746,8.47
7.15233,8.52
5.7978597,8.7
7.6764407,6.35
7.052866,8.3
6.93882,7.64
7.8326125,6.62
7.719126,7.22
7.726454,7.24
7.61713,7.51
7.0007815,7.07
7.853387,7.72
7.192771,7.89
7.738664,6.63
7.6203494,7.1
7.6504445,8.15
7.5956683,6.33
8.005019,8.3
7.575249,5.87
7.589502,8.3
7.324034,7.51
7.7028346,6.36
7.7538934,7.68
6.7690225,7.64
6.6219983,6.66
7.0312495,7.96
7.166009,6.52
7.5256906,8.15
7.576167,6.41
6.8635154,7.49
6.904474,6.44
7.1499534,7.07
7.605207,7.17
7.454958,7.92
7.1626124,6.55
7.1799207,6.43
6.850237,6.18
7.6756988,7.32
7.228926,6.7
7.7224984,7.72
6.997063,6.49
7.7371936,7.39
7.8302197,7.62
7.1090703,6.25
7.634956,7.31
7.562439,7.28
7.042664,7.1
7.94194,6.87
7.712631,7.89
7.382916,7.6
7.0702786,6.47
7.7461104,7.68
7.6312833,7.57
7.6303544,7.33
6.3361015,6.42
7.1659226,6.81
7.548822,6.39
7.3832903,6.8
7.2608294,7.07
7.6756215,7.43
7.7493377,7.21
6.584352,6.82
7.0542912,8.0
7.0806675,7.33
7.5683637,7.55
7.4512515,7.2
7.3576303,6.89
6.649656,6.68
7.019922,7.04
7.8705344,7.6
6.82958,6.87
7.8425465,7.64
7.573218,7.49
7.72674,7.44
7.5912776,8.1
7.3134723,6.25
7.1424303,6.46
7.8305006,7.33
7.159043,7.66
7.2906623,7.24
7.6021576,7.66
7.629843,7.89
7.6844974,7.21
6.742433,7.27
7.3053045,6.92
6.9939313,7.03
6.893418,7.05
6.8013797,6.82
7.111681,6.96
7.2458405,7.09
6.746491,5.47
7.1836796,6.96
7.180285,7.3
7.649821,6.92
7.2731776,7.07
6.796476,7.08
7.0255466,6.44
7.3388357,6.62
7.1202855,6.52
7.313044,6.54
7.289329,7.17
7.360175,6.68
6.3112206,7.28
6.752332,7.26
7.0417075,7.8
7.5215397,8.55
7.693003,6.7
7.588986,6.66
7.153889,6.12
7.670563,6.23
7.8895183,7.19
7.922626,6.74
7.9686666,6.68
7.176668,4.47
6.8102365,4.49
6.6006227,7.31
6.6594825,6.95
6.520318,7.89
6.7293606,6.23
6.6892533,6.64
7.359479,8.06
7.3683877,7.7
6.8677216,7.06
7.0324216,7.82
7.384253,7.0
6.321758,6.99
6.5719457,7.04
6.94712,7.72
6.608314,7.62
6.80631,7.24
6.9122033,8.15
6.99909,8.68
7.0865335,8.7
7.019821,8.74
6.76873,7.26
6.4466734,7.31
6.416471,5.24
6.0724816,6.82
6.329925,6.83
6.6416974,7.59
6.663226,7.39
7.21219,6.89
6.756764,7.96
6.698272,7.59
6.7920327,7.28
6.9460297,8.27
7.4008403,7.92
7.523012,8.08
6.4231763,7.42
7.363878,7.62
7.1523776,7.66
7.5685496,8.15
7.2167068,7.85
7.3150964,8.09
7.562224,6.97
7.4360223,7.85
7.407395,7.77
6.2852683,6.62
6.0321674,3.83
4.9446006,3.95
6.2098427,7.05
4.251645,3.05
6.617924,8.27
6.9407115,8.25
7.4968486,7.85
7.0869794,8.16
6.696137,7.78
6.988237,7.97
7.506411,11.3
7.0795903,9.42
6.0482783,6.39
6.7317057,7.49
6.069142,7.41
6.055646,8.44
5.932612,8.23
6.3283134,7.81
6.546513,6.62
6.3159804,7.18
6.831287,7.31
6.734638,6.66
6.867133,6.48
6.624267,6.51
6.3910985,5.96
6.502696,5.05
6.49923,5.04
6.1780033,3.85
6.6752934,4.85
6.0330434,5.29
6.381989,4.92
6.2969375,5.77
6.659876,4.31
6.070941,4.65
6.010238,5.05
5.8652406,4.33
6.0118775,4.26
5.9439034,3.92
6.3013635,3.72
6.261924,4.17
6.259752,3.75
6.342357,4.86
6.3404145,4.91
6.7047086,5.28
6.839391,3.83
6.243175,4.01
5.845376,5.0
6.26183,4.81
6.731732,5.55
6.7149663,6.48
6.8224764,6.19
7.0278997,6.39
6.7810817,5.62
6.679156,6.44
6.6687217,6.68
6.57807,6.85
6.415128,6.85
6.519461,5.99
6.5594153,7.19
6.4892545,6.65
6.600084,7.11
6.3463902,6.57
6.556297,5.43
6.4897366,6.19
6.632936,5.27
6.8535495,6.23
6.8083167,7.68
7.036911,7.52
6.9724436,7.66
6.931352,6.32
6.523521,6.79
6.8305893,5.17
6.7154994,7.24
6.8325934,7.27
6.663337,7.35
6.9643073,3.95
7.093386,3.86
6.7039104,4.01
6.573175,3.91
6.8656197,3.86
6.9529862,7.25
6.740319,7.34
7.5793524,10.51
7.4096017,10.02
7.609457,10.51
7.511025,10.15
6.958779,10.24
6.9438386,10.28
7.3833833,10.57
7.4369907,8.23
7.874643,9.82
7.6294694,6.69
7.4747605,8.48
7.542476,8.85
7.339269,9.22
7.138421,7.74
7.133128,8.7
7.1669,8.82
7.139067,8.0
6.5766683,8.66
6.940717,7.32
6.6685653,8.3
6.903822,7.74
6.7497544,7.92
6.5744853,8.89
7.047513,8.4
7.2625713,8.96
6.9083586,8.44
7.0378966,9.1
6.9402437,9.05
7.0664043,8.62
7.037125,8.38
6.670152,9.52
6.9841228,8.39
6.525576,9.15
7.0598655,8.8
6.4926887,9.52
6.8255496,9.15
7.487904,9.92
7.899663,9.82
6.790142,9.7
7.193953,9.4
6.4953446,9.15
7.061316,8.44
6.644986,8.77
7.0697045,8.59
5.8725524,8.3
6.696616,7.92
6.647221,7.74
6.791316,8.66
7.778319,9.6
7.325827,8.41
7.860529,8.89
7.022368,7.61
6.9973607,6.88
7.2002854,5.54
6.523772,6.29
6.733249,6.61
7.110548,6.48
6.757813,7.06
6.831794,5.92
6.9693336,7.54
6.816586,6.79
6.9742637,7.89
7.4350677,8.59
7.1295037,7.74
7.305152,8.62
7.147447,9.02
6.6253204,6.97
7.2970843,6.25
7.361689,6.41
7.644634,6.71
7.3640103,7.55
7.6654234,8.89
7.698624,7.01
7.777151,8.0
7.65313,7.64
7.6991115,7.51
7.821489,9.24
7.765593,9.28
7.6666875,9.29
7.6947947,7.93
7.754226,9.0
5.8139763,6.0
5.7408137,6.96
6.2115064,7.24
6.216369,6.98
6.489214,6.92
6.1590977,7.19
6.4055586,6.81
6.0553446,7.34
6.690224,7.34
6.0470953,6.42
6.600104,6.7
5.2277865,6.72
5.2830462,6.23
5.530945,7.08
5.529219,7.59
6.663909,6.91
5.2801294,7.35
5.344529,7.08
5.2313695,6.83
6.9459853,6.61
7.007092,5.46
6.666397,6.93
6.9122744,7.89
7.460136,8.35
6.9130397,7.48
6.553154,9.4
6.7806306,8.79
5.946915,8.8
6.94371,9.05
6.183192,8.46
6.6037893,8.94
7.1186023,9.17
7.3832083,8.97
6.459102,7.85
7.1867833,8.75
7.415357,7.15
5.990908,8.4
6.5250187,4.77
6.4483943,5.1
5.7876544,5.0
5.4052587,3.47
5.6458097,4.19
5.8434386,4.43
5.433448,4.43
5.7559114,4.59
5.9216733,3.99
5.9550633,3.84
5.4990005,4.6
5.4871106,4.42
6.9076257,5.36
6.777596,4.59
6.973311,5.28
7.1000624,5.97
7.2989607,6.11
7.289933,6.1
6.7348986,5.61
7.2009463,6.77
6.425796,6.85
6.412796,5.82
5.894565,5.89
6.3730264,5.72
6.528316,6.21
6.503328,6.08
5.982523,6.09
6.2598,5.72
6.898125,3.85
6.173841,4.64
6.8371425,4.41
6.174127,5.07
5.696547,3.55
6.1375318,3.91
6.1577325,3.79
7.245403,6.85
7.2330184,5.77
7.063685,6.52
7.221206,6.45
7.225572,6.5
7.1647058,6.95
7.2003813,7.17
7.201079,6.45
7.2820153,6.18
7.1883826,5.76
7.3033614,6.09
7.3958335,6.62
7.545699,6.59
7.3904185,6.54
7.475042,7.24
7.246366,6.32
7.253269,5.13
7.2004247,5.03
7.138462,4.88
7.2274904,6.2
7.4518166,7.11
7.0893607,6.0
7.3207746,7.74
7.456001,6.59
7.45795,5.75
7.411095,5.49
7.4903398,5.35
7.3889513,5.37
6.9561567,5.45
6.8350635,6.45
7.005527,5.89
6.9345756,5.73
7.2012286,5.37
7.265502,6.77
7.2147794,5.37
7.3802066,6.23
7.353125,6.21
7.044844,6.49
7.1311646,5.96
7.059335,6.09
6.840094,7.5
7.1177416,5.99
7.067343,6.65
7.1095996,7.43
7.025271,7.05
7.048549,8.09
7.1553383,8.08
7.1327386,8.39
7.198384,8.24
6.8634477,5.12
6.9719276,5.4
6.9229674,4.55
7.1535435,4.89
7.054225,5.18
7.0492826,4.48
7.2243304,4.8
7.0732064,4.72
7.025257,4.6
7.1952796,4.85
7.2289457,4.64
6.5085473,4.36
7.101981,5.0
7.2572308,5.85
7.134993,5.24
7.2596884,5.57
7.003248,4.68
7.3509183,5.62
7.2398195,6.15
7.147617,6.07
7.2264767,5.89
7.2228293,5.38
7.21438,5.96
7.571108,6.0
6.7868752,4.68
7.041576,4.64
7.2104106,6.15
7.2769065,6.18
7.25372,5.96
7.257125,6.68
7.2021785,6.02
7.2694364,6.1
7.3263516,6.77
7.290879,6.43
7.326899,6.21
7.157597,4.44
7.171372,4.44
7.1853657,6.13
7.3195844,6.85
7.1027246,5.23
7.1172886,5.62
6.9899173,5.49
7.265198,4.7
7.330625,5.0
7.241235,4.92
7.272172,6.44
7.359059,6.44
7.847397,6.51
6.88323,4.92
7.297661,7.68
7.4998984,7.22
7.326128,7.68
7.1787868,6.96
6.4331045,9.47
7.1078672,5.29
7.303909,7.25
7.002541,7.4
6.3144326,4.65
5.50578,7.7
6.3946166,7.46
6.23406,6.79
6.1011205,7.57
5.7905326,8.15
6.62886,7.21
6.3106627,6.57
6.3048806,5.35
6.2165427,8.51
6.207518,7.41
6.5345564,7.12
6.2817283,7.02
5.8184714,8.74
6.1055293,6.56
5.964918,7.96
6.119155,5.81
6.3506155,8.7
6.3555255,7.03
6.4529686,7.57
5.8287416,6.98
6.1914887,8.4
5.694861,7.54
6.3233256,6.72
6.4278393,5.93
6.2358155,8.22
6.6040177,8.4
6.5318265,8.3
6.2809668,5.91
7.248051,7.4
6.334184,7.92
6.232638,8.7
6.048966,6.21
5.719785,6.44
6.4003577,7.8
6.6402407,7.24
6.0844865,9.3
6.009271,8.24
6.643924,6.71
5.9861975,6.71
6.5179806,5.96
7.289536,5.22
7.4263453,5.29
6.834217,5.17
6.5707736,6.65
5.323094,6.8
6.3783126,5.27
6.82005,9.8
6.7817826,10.1
6.9276037,8.21
5.8535028,8.29
6.546948,7.44
5.7607794,9.1
5.88913,8.74
5.95906,6.77
6.2122045,8.66
6.9761586,10.52
6.370643,7.07
6.211011,5.64
6.7515817,7.6
6.161151,10.0
5.152695,7.06
5.704085,7.6
5.861011,7.6
5.6743073,7.35
5.457869,7.6
5.1776676,6.14
6.273048,6.01
6.279694,7.6
5.948295,7.72
6.3237996,8.19
5.886994,6.9
5.4645696,6.74
5.1612067,6.0
6.3812065,7.56
6.7139277,7.44
6.715201,5.6
5.8741317,7.64
6.335895,5.39
6.733773,7.23
5.4801717,7.24
5.0534225,6.31
6.5732875,9.66
6.510058,7.19
6.5123425,5.7
6.3788123,5.11
6.1140766,5.75
5.957868,5.34
6.6468925,5.25
6.69224,4.97
5.593201,5.39
6.721824,5.71
6.880733,5.66
6.6531034,5.12
6.290442,6.12
6.115061,5.74
6.451159,5.13
6.431168,6.92
5.1426835,5.31
6.5102315,6.1
5.765604,6.66
5.437876,5.24
6.806129,5.81
4.8855243,6.74
6.26736,8.68
6.5511785,9.8
6.1693625,6.4
6.8968835,6.52
6.783518,7.05
6.520536,8.92
6.713936,7.32
6.7478943,8.48
6.8902287,7.22
6.614101,8.57
6.344412,7.85
6.4056125,6.83
6.7873483,9.11
6.7234426,6.05
6.096206,8.55
6.6936193,8.33
5.2267632,5.27
6.498191,4.98
6.468429,4.89
6.400874,5.44
5.161942,7.76
6.2584357,6.15
6.4774156,6.1
6.3462367,5.12
6.284926,6.3
6.086385,5.96
6.018942,5.3
6.199701,7.7
6.528012,6.15
6.4617124,6.92
6.7782407,6.42
6.079396,6.01
6.184098,5.8
6.422371,5.78
6.200889,6.25
6.3583484,5.0
6.513019,5.67
6.7800975,6.06
5.9060435,5.89
6.1697187,5.95
6.4482493,6.12
6.149665,6.36
6.4864335,5.77
6.990579,8.96
7.002561,7.89
6.8124733,6.92
6.692757,9.74
6.8160057,9.89
6.407224,9.37
6.6272683,6.85
7.0267196,7.72
6.5605617,7.0
6.641442,7.96
6.342605,7.25
7.1786304,9.23
5.9100738,6.92
6.7153926,8.88
6.584759,6.73
7.0305777,9.1
6.3192477,7.3
6.8587375,9.0
6.6989646,8.36
5.7179017,6.26
6.7518973,8.4
6.3828692,6.74
7.0628276,8.42
6.76405,6.92
6.375542,7.26
6.8319554,7.89
6.356382,8.33
6.8578506,7.8
5.8832297,6.44
6.8078704,8.22
7.0079656,7.12
6.8495083,9.92
7.0295925,7.07
6.640803,7.23
6.6692057,8.26
7.0806746,5.64
6.52067,7.34
6.728545,6.57
6.79997,8.3
6.5978165,7.42
6.52272,8.3
6.756434,8.28
7.125669,7.0
6.6681914,5.48
5.9562984,7.66
6.159515,7.91
6.4999504,7.67
6.3234563,5.49
6.61561,5.56
6.6551514,5.4
6.8442655,5.9
6.11596,5.64
6.283501,5.85
6.409992,6.4
6.35386,5.6
6.1120143,6.12
6.1456327,6.29
7.510028,5.21
7.2758203,6.11
6.858553,5.69
6.8312707,5.59
7.1356635,5.45
6.7908535,5.57
6.653039,5.57
5.648531,7.33
5.678472,8.48
5.509605,8.33
5.335558,7.08
6.206136,7.29
6.1574397,5.56
6.3034115,5.31
6.4677625,6.22
6.6454425,6.49
6.4875603,6.04
6.671127,6.83
6.6804137,6.53
6.864758,6.49
6.945679,5.65
6.9624734,6.26
6.236711,5.88
6.4174094,6.37
6.5967774,6.69
6.75016,5.3
6.2941723,5.71
6.702225,6.84
6.7122674,6.43
6.9917693,6.15
6.8953757,6.68
6.7783403,6.3
6.803801,6.89
7.141013,7.23
7.137775,6.82
7.035309,6.33
7.0284963,6.17
6.7111754,6.11
6.69828,5.67
6.8494596,5.61
6.685435,6.19
6.830918,5.96
6.887577,6.49
6.562856,6.19
7.676393,5.13
7.1835837,5.17
7.1264925,6.24
7.013806,6.27
6.930786,6.93
6.5584226,7.18
6.1493893,5.74
6.0377507,5.49
6.6781116,5.42
6.29834,5.77
6.373735,5.48
6.0800653,6.2
6.155941,5.39
6.3195868,5.31
6.845917,5.68
6.6247005,5.8
6.7686553,5.92
6.6056094,5.81
6.5867867,6.34
6.3958826,4.79
6.8937793,5.2
7.0008836,4.57
6.6283565,5.34
6.6333337,5.19
6.057886,5.28
6.7033687,4.73
6.8867917,4.5
6.652599,4.83
6.604287,4.74
5.906649,4.92
6.1586123,5.75
6.2834435,5.75
6.3973403,5.5
6.526652,5.57
6.577932,5.4
6.6669126,5.19
6.474294,4.45
6.342432,5.2
6.3547263,4.9
6.534655,5.74
6.2869325,6.57
5.6679425,5.5
6.0856166,6.2
5.9867268,6.43
5.8587375,7.02
6.26331,7.35
5.867518,7.88
5.7207704,7.96
6.160252,7.79
5.90617,7.25
6.1563716,7.16
6.02091,7.24
6.036463,6.38
5.6706014,6.28
5.686204,6.3
5.777283,8.03
6.302831,6.24
5.012724,6.44
6.454144,6.6
6.0000806,5.41
6.49692,6.6
6.25046,7.4
6.503534,6.82
6.422193,7.53
6.5888557,6.05
6.330272,6.3
6.27885,6.41
6.5707107,6.43
5.225847,7.35
6.2949395,6.47
6.6650224,5.93
6.493774,5.11
5.678661,8.23
6.238075,7.9
6.3974433,7.69
6.41993,8.0
6.4703126,8.03
6.5558686,8.7
6.1031394,8.43
6.6643147,9.05
6.7425385,9.0
6.449125,8.77
7.0388474,8.85
6.294255,9.4
6.728948,9.52
6.855945,9.05
6.70888,9.15
6.859107,9.15
6.7999907,9.4
6.691029,9.1
6.394561,9.05
6.263802,10.0
5.9743485,8.34
5.872606,8.77
5.9289203,8.34
5.7359204,8.82
6.0702534,8.77
5.9782443,8.39
6.313685,8.2
6.7960973,8.8
7.689757,8.96
7.617126,9.22
7.3586006,8.85
7.4504995,9.22
7.1244216,9.22
6.98532,9.3
7.0190673,9.0
7.255861,8.68
7.0626683,8.85
6.9957175,8.89
7.1609035,9.22
7.042005,9.22
7.3288,8.66
7.1727586,9.1
6.9995522,8.8
7.095124,9.22
7.354202,9.4
7.076985,9.5
6.0913033,5.19
6.434935,4.8
6.5864673,5.06
6.5975647,4.98
7.191241,6.0
6.8233657,8.05
7.6674423,7.96
7.1220593,7.77
6.600635,7.7
6.5516763,7.0
6.6631627,7.55
6.5653486,7.22
6.7177796,6.0
8.089734,7.48
7.843217,8.22
5.6188464,7.95
6.333487,6.51
6.207208,7.32
6.649467,5.69
6.6043863,6.39
6.8290696,6.86
6.278273,7.92
6.4695773,8.22
6.252395,8.3
6.018064,7.64
6.2007976,5.88
6.426926,8.4
6.529574,8.05
5.9849343,8.82
6.36058,8.7
6.7041106,8.72
6.0379243,8.06
5.973801,6.91
6.3457284,7.84
6.0150933,7.92
6.140614,6.08
6.381228,8.43
6.3023925,8.18
6.6286845,8.41
6.2052474,8.27
6.4652557,8.52
6.905388,8.07
6.2300434,8.09
6.1512365,7.39
5.118381,5.66
5.4066815,7.28
5.762224,6.52
5.218511,5.39
5.845948,7.13
5.2810254,4.8
6.0251675,6.41
6.2686915,5.22
5.491346,5.11
5.991261,6.14
6.0207825,6.14
5.4752445,5.32
6.5386806,6.18
5.491648,5.74
6.63611,5.72
6.5896034,4.82
4.683743,4.96
5.828205,6.21
5.221194,5.41
5.7757964,7.07
5.890446,5.96
5.1313353,5.07
5.0915403,5.07
5.8477435,5.21
6.4384446,6.38
6.367885,6.36
7.4510593,9.0
6.569671,6.08
6.8512907,5.87
6.908674,5.29
6.9945426,4.72
6.8777347,5.06
6.697336,4.93
6.4369426,6.1
7.0143137,7.83
7.5390697,7.75
7.1628165,8.3
7.484061,8.21
7.4791017,8.51
7.477759,8.8
7.3598695,8.7
7.1298356,8.32
7.4344916,8.7
7.4256325,8.72
7.4522347,8.48
7.414354,8.96
7.283554,9.15
7.2505655,8.7
7.392362,8.29
7.174269,8.49
7.3230805,8.6
7.2493086,8.82
7.558415,8.72
7.110255,8.39
7.1860256,8.15
7.144172,8.22
7.337271,8.27
7.178869,8.74
7.323766,8.89
7.236344,8.82
7.043362,8.55
7.097267,8.57
6.9902806,8.62
7.082091,8.26
7.028457,9.05
6.9537067,9.22
7.051229,8.72
6.9960623,8.82
5.9258885,5.32
6.2352395,5.78
5.9778075,8.55
6.3149858,8.24
6.5910816,8.74
6.037991,8.8
6.4648013,7.94
6.322229,7.34
6.5853243,8.24
6.708911,8.7
6.822761,8.52
6.775039,9.0
6.9631248,8.22
6.480037,8.55
7.1059837,8.85
6.540059,8.82
7.1986384,8.82
6.758632,8.02
7.3870506,9.0
6.946276,8.6
7.312382,9.05
6.82451,8.82
7.373739,9.3
7.007706,9.15
7.4731793,9.52
7.203148,9.1
6.5690293,7.4
6.6442585,7.6
7.425201,8.74
7.1655145,9.15
7.4254746,9.52
7.160147,9.52
6.5394397,6.58
6.645695,8.4
7.111862,9.7
6.826019,8.96
7.006453,9.3
6.268106,8.37
6.4635215,9.0
6.557463,5.18
6.2818747,5.85
6.409923,6.0
6.7789664,6.67
7.2043624,5.75
6.794906,6.38
7.035464,6.77
6.681851,7.06
7.0079913,7.02
6.3572545,8.12
6.70196,8.46
6.6146827,8.59
7.148478,8.06
7.088572,7.5
6.6884036,7.23
6.6873956,8.26
6.9731536,7.12
6.54597,9.37
6.336996,4.38
6.597489,5.15
6.705485,4.9
6.5511055,4.61
6.872797,8.52
6.702044,8.4
6.963835,8.3
6.096887,8.19
6.2000904,8.06
5.987323,7.91
6.5503263,7.85
6.6116776,7.8
6.224018,7.73
6.688359,7.64
6.3817782,7.51
6.495711,7.51
6.5589976,7.33
6.635059,7.31
6.3428364,7.06
6.692614,7.04
6.8159795,6.97
6.6154857,6.9
6.7501,6.23
6.6317124,5.95
6.972314,5.75
7.182544,7.82
6.964391,7.24
6.4807286,6.79
6.6433544,6.97
7.2156816,6.91
7.2234507,5.8
6.824817,6.32
6.7787366,7.74
6.557091,6.15
6.9466166,6.64
7.1111894,6.74
6.6618123,5.27
6.759801,5.26
7.034193,6.09
6.6662564,5.87
7.072374,5.86
6.949251,5.84
6.909689,6.07
6.5770926,9.92
6.6660466,10.8
5.611638,6.92
6.1344714,6.45
5.9262347,5.69
6.1648135,5.82
6.182195,6.71
6.5597143,6.9
6.38821,5.66
6.392264,5.85
7.082093,8.3
6.921372,7.35
7.8653684,8.15
7.7889304,8.3
7.2719254,8.0
7.0906186,6.52
6.9833875,8.0
6.914644,8.22
6.9041986,8.4
7.2672586,8.3
7.2404838,8.4
6.948356,9.4
5.9093843,6.92
6.152337,6.0
6.678867,5.68
5.8974233,7.89
5.9146075,6.72
6.214167,6.7
6.4540386,7.92
6.1160216,6.66
7.411445,7.91
6.954812,7.93
6.948231,7.88
7.031517,7.66
6.8962927,8.05
7.122768,7.84
7.0019007,6.51
6.97121,7.1
6.7896814,7.62
7.0710006,7.34
5.903591,5.75
6.46477,6.14
6.500361,7.26
6.0433316,7.14
6.101217,6.1
6.3913245,5.77
5.909055,9.0
5.9830904,8.15
7.546124,7.27
6.497685,7.02
6.281083,7.99
7.205133,8.17
7.428959,7.12
6.050715,6.12
6.0867863,7.74
6.927633,5.39
6.7474475,6.21
7.0868063,6.24
6.2824426,7.68
6.054065,7.23
6.207869,6.82
7.1539464,5.36
6.4934497,7.39
7.2459683,7.16
6.929993,7.41
6.856314,7.35
6.5003066,7.75
6.183389,7.69
6.808928,7.29
6.904923,7.28
6.5648136,6.99
6.5359836,7.56
5.959975,7.94
6.4170175,7.06
6.3842974,6.91
6.070597,7.02
6.0041213,7.18
5.7118344,6.55
6.4356446,6.67
6.0201797,6.46
6.5062656,5.11
6.310359,7.41
6.4016633,4.42
5.6842856,6.25
6.9373775,7.77
5.8377976,6.57
6.14773,7.05
6.273418,7.03
6.413629,7.23
6.803738,7.95
5.6665,6.7
5.7734895,6.8
6.289063,7.7
6.875872,7.3
6.013901,8.09
6.3285394,8.04
6.00637,7.2
5.751493,5.67
5.8764014,6.75
5.913406,6.31
6.0891533,8.42
6.305896,6.43
6.2883058,6.57
6.712746,6.77
6.7337537,9.3
7.800636,7.25
6.8124814,6.8
6.8138094,7.07
7.19363,7.06
7.177993,6.89
6.6981544,6.74
6.5340304,6.96
6.677827,7.0
6.7171087,7.3
6.6356645,7.2
6.5937366,7.47
7.001597,7.14
7.0302625,6.89
6.854794,6.96
6.860807,7.4
6.9695716,5.4
5.5111737,5.5
5.699165,5.0
6.0346656,6.4
6.2213645,7.3
6.4346347,7.67
6.2036624,9.74
6.4541802,9.8
6.444237,8.0
6.5557513,8.5
6.1943083,8.5
5.8244333,6.44
5.3552155,8.25
6.1175914,7.92
6.1911545,7.85
6.1958604,7.38
7.4536653,7.35
7.605001,7.85
7.2185483,8.18
6.370054,9.07
6.723731,7.18
6.848963,8.2
6.9828124,7.51
6.135116,8.69
6.298634,5.3
6.0060754,6.74
5.694639,6.68
5.3823667,6.3
5.8544745,7.3
5.999156,7.47
6.14967,6.19
6.320648,5.19
5.7333283,5.3
6.411793,5.7
6.339537,5.74
6.1371126,5.23
5.834435,6.0
6.6415205,8.74
6.2699494,5.8
6.9213643,5.8
6.7933307,4.53
6.4069,4.6
5.8830314,6.96
5.815067,6.49
5.724749,6.61
5.816093,5.84
6.044362,6.16
6.192126,5.78
6.0653253,6.31
6.460255,8.85
6.519013,5.99
6.329995,6.17
6.8451676,6.47
7.1900992,6.65
5.864865,6.68
6.3767796,6.76
6.2383895,7.17
6.125006,7.17
6.481694,7.38
5.8695397,7.53
6.0179257,7.77
6.6872234,7.94
6.7217383,7.96
6.8726873,8.14
6.90924,8.43
6.7079363,8.43
6.5014253,5.01
6.1510396,5.04
6.4619827,5.58
6.8665133,6.74
6.343815,6.74
6.254444,7.3
5.7807536,7.39
6.0980086,7.41
6.2512174,7.52
6.6075945,4.59
5.8048825,4.26
6.5099072,7.56
6.7438626,6.49
6.475452,6.71
6.3844295,8.18
5.8313966,7.92
5.7055116,7.28
5.441977,7.19
7.3598213,5.29
7.3552494,5.21
6.868029,5.17
6.283863,8.12
6.022122,7.1
6.431956,6.6
6.2874,6.4
6.5711837,6.3
6.213224,6.1
6.458861,6.1
6.529568,5.9
6.2644296,5.6
6.0068374,5.5
6.657208,5.4
6.751658,5.3
6.921279,7.96
6.975094,7.88
7.0232053,7.54
6.804688,7.52
6.762186,7.34
7.5139966,7.26
6.6870875,6.92
6.5256057,6.6
7.1346188,8.4
5.909647,5.62
6.0186167,6.67
6.149505,6.81
6.108409,7.05
6.220483,6.28
6.050305,7.26
6.2849746,6.82
6.4704714,6.83
6.3682246,6.1
6.3208203,6.99
6.3988066,6.84
6.2825418,6.14
6.8761067,5.92
6.159295,7.82
6.4796066,7.95
5.856913,8.48
6.329149,6.99
6.5693364,7.49
6.0161695,5.43
6.2612777,5.12
7.0640206,8.5
7.178265,8.5
7.159698,6.57
7.1918044,5.83
7.054995,7.23
7.3456035,5.82
6.7091565,5.07
6.704576,5.76
7.55356,5.75
7.4853415,6.04
7.3212667,5.95
7.2914367,7.49
7.077572,6.87
6.9139905,6.36
7.673246,7.74
7.499861,7.45
5.739084,8.09
5.500342,6.59
6.110151,6.11
5.7424116,5.47
6.5799966,6.84
6.3363805,6.56
6.4908724,6.26
6.159522,6.06
6.7072845,6.65
6.5094304,7.04
6.416923,7.54
6.455523,7.6
6.6587377,7.01
6.9154315,6.01
6.783647,6.18
6.420038,6.63
6.0646076,7.26
6.8099904,7.44
6.615809,7.62
6.5565567,7.06
6.4285035,7.37
6.3363786,7.25
6.159167,7.52
6.334744,7.08
6.456421,7.64
6.26513,7.14
6.6361237,8.11
6.433909,7.74
6.743916,7.02
6.368496,6.56
6.776715,7.47
6.7050285,7.59
6.7170415,7.48
6.962024,8.26
6.8976026,8.32
6.5452237,7.62
6.2532954,6.17
6.353086,6.13
6.56574,7.48
6.7863917,6.63
6.8912086,7.62
6.5674243,7.79
6.096063,7.28
6.883126,5.59
6.913106,5.13
6.465936,6.32
6.7186904,5.6
5.3555202,8.43
7.0562086,5.26
6.8053565,6.37
6.6952605,5.42
6.9587846,5.17
6.594664,5.03
6.604672,5.64
6.825971,5.27
6.5273137,4.6
6.5992312,5.56
5.774344,6.82
6.1670804,7.44
6.655504,8.18
5.7122874,6.13
6.4377675,7.57
6.0310187,5.04
6.6327558,6.55
6.8190613,6.95
5.8504405,7.07
6.550484,7.25
6.8804865,7.79
6.7459855,8.16
6.6625743,7.79
6.815779,7.93
5.9053035,5.43
6.7088437,7.68
6.4988003,7.88
6.555761,6.52
6.6036215,7.02
6.956888,5.99
7.08217,8.1
6.017927,8.95
6.5869436,8.45
5.8741918,7.19
5.781075,7.31
7.116611,7.63
6.712862,8.27
6.9879413,6.95
6.1711016,6.25
6.6399627,6.04
6.9106956,6.4
7.320243,6.75
6.8160253,7.82
6.471469,6.4
6.3998446,7.69
6.5910068,6.63
7.0854907,6.95
6.754484,7.66
7.1414247,7.36
6.1202536,6.94
5.6492696,6.52
6.825228,4.8
6.80399,5.24
5.5845037,7.7
7.015513,9.15
6.375197,7.5
6.454009,7.31
6.152245,6.19
6.533813,8.21
6.6980586,7.24
6.4647694,8.44
6.2010436,8.03
6.1145234,7.77
6.0647373,6.49
6.1497188,6.29
5.9060216,7.0
6.4510884,6.44
5.9976826,5.36
7.267657,5.66
7.172617,5.73
7.1987453,5.82
7.368485,5.57
7.373588,5.4
7.544797,5.36
7.074799,5.8
6.3508286,8.89
6.2914433,8.33
6.0437427,8.89
6.714852,7.44
6.1209583,6.97
6.371383,7.01
6.3708053,6.6
6.284398,6.81
6.1618204,6.92
7.1243324,8.11
7.2054033,7.19
7.1579967,5.86
6.4138875,7.04
6.1908364,7.24
6.083917,6.11
5.9712157,7.66
6.227222,6.77
6.3675795,7.7
6.522154,9.09
5.89516,7.77
6.228101,8.09
6.273749,14.45
6.250547,14.27
6.6091676,7.94
7.315972,9.28
6.598618,7.89
6.5766892,7.0
6.760979,5.57
6.8887696,5.43
6.657202,5.36
6.0122876,8.92
6.515404,5.69
5.100693,6.31
7.336902,4.54
7.48939,4.71
7.3276687,4.84
7.4184937,5.82
6.355981,6.58
6.3589706,6.51
6.498697,6.28
6.7579837,6.07
7.115636,5.88
6.748408,6.95
6.146978,6.48
6.315983,6.47
6.382175,6.54
6.83598,7.13
6.64094,6.62
6.663152,7.53
6.4395804,6.96
6.7712374,7.61
6.458012,7.24
6.9488935,6.6
6.7109556,6.06
6.0285764,6.2
6.101396,6.6
5.7481794,5.7
5.8144073,6.82
5.815332,6.94
5.9813275,8.33
6.11985,7.38
5.764659,7.55
6.1153884,6.39
6.3083835,7.1
6.5821395,6.01
6.2414184,6.66
5.6168895,6.27
5.88717,6.67
5.6181607,6.5
5.8744884,7.11
6.8259892,8.27
6.965285,8.2
7.011535,8.56
7.029157,8.41
6.871947,5.2
6.190444,7.7
6.3216095,9.62
5.9659934,8.67
6.2249646,8.29
6.128591,7.92
5.813386,9.38
6.541773,9.6
6.0763116,7.47
6.160961,8.65
6.546793,7.66
6.0028863,8.0
6.012258,10.44
5.8783765,10.4
6.3077807,10.23
6.260802,10.35
7.029185,8.82
6.6701913,8.19
7.3357577,9.4
7.0463963,8.92
6.905471,8.35
6.953037,8.77
6.9676433,8.51
7.221367,8.72
7.3741803,9.3
6.9545174,9.22
7.3163495,9.0
7.089931,9.52
6.995916,9.66
6.7955937,8.68
6.84374,8.82
7.319903,9.22
7.5063605,8.92
7.0182033,9.15
6.9566054,8.7
6.7933817,9.3
6.7663045,8.7
7.0560994,9.52
7.1341634,9.4
6.757606,8.85
6.6629934,9.0
6.7069592,6.0
5.7731223,5.0
6.5945525,6.32
7.1707377,8.2
7.585336,7.64
7.303534,8.2
7.320798,8.19
7.215979,8.03
7.0155516,6.77
6.929807,7.09
6.8152623,7.68
6.564626,7.88
6.367349,7.2
7.3509398,6.85
6.0679774,8.63
6.066086,8.47
6.1077046,8.79
6.3101497,8.11
6.145963,8.72
6.212007,7.95
6.169146,8.11
6.1509233,8.68
5.7884455,8.52
5.8539195,7.65
5.6182246,8.77
5.7063713,8.3
6.1771917,7.47
5.686465,6.96
6.009601,7.28
5.3490705,7.72
5.377739,6.61
6.65451,7.28
6.228789,5.42
6.316168,8.07
6.3776145,5.88
5.9966216,7.21
6.398134,6.1
6.144356,5.79
6.407017,8.26
6.177255,7.0
6.1804614,8.19
6.0941005,5.18
5.834908,6.1
6.0402384,5.88
6.159529,6.68
5.7937446,7.7
5.6107388,8.08
5.7185283,7.15
5.980433,8.06
6.2084317,6.62
5.889187,5.84
6.180625,8.39
6.709483,8.2
6.52685,7.76
6.098812,6.17
6.8523965,5.45
7.1278906,5.28
6.7150035,5.59
6.859285,5.87
6.7956476,5.69
6.1906657,5.76
7.6875787,6.28
7.2296395,5.37
5.329583,6.33
6.1637883,5.77
6.4978156,7.06
6.5298057,6.53
6.8713117,8.24
7.013017,7.07
7.2739387,8.69
7.3902035,7.24
7.4128175,6.31
7.314611,7.39
6.2926164,6.55
6.4306407,8.48
6.987834,8.89
6.128198,10.11
7.5310435,7.7
7.4818983,8.7
6.337008,6.19
6.5335183,8.32
6.6971493,5.15
6.151501,5.69
6.553907,4.13
6.640882,4.84
5.9534845,4.66
6.331574,5.62
6.576953,5.64
6.525786,8.2
6.7429967,7.42
6.8701262,8.22
6.975472,8.24
7.1281,9.02
7.246547,7.95
6.819692,8.36
6.97862,8.62
6.579992,7.07
6.6545916,7.57
6.8456745,7.7
6.6828837,8.08
6.5429673,7.99
6.7484603,7.8
6.8367805,7.67
6.907147,8.38
6.8350425,8.37
7.3299327,8.7
7.3643813,8.31
6.827927,7.08
7.5206146,8.43
7.6099906,7.22
7.60442,8.25
6.652843,8.41
6.6030107,7.46
6.793201,8.41
6.6854215,8.31
6.9644985,8.66
6.7696376,7.36
6.9469833,8.02
7.142753,8.55
7.1989264,7.73
5.2150683,6.25
6.3568196,7.57
7.357448,6.41
7.277308,6.3
7.3810563,7.24
7.2962127,7.53
7.3638625,8.31
7.567181,8.07
7.474355,7.68
7.584256,8.26
7.1575933,7.43
6.4746194,4.95
6.52138,5.17
6.963445,5.68
7.27461,5.04
6.7863107,5.24
6.6325192,5.96
6.7321906,6.26
6.7945075,4.86
6.9667997,5.48
7.131744,4.84
7.068109,5.2
7.12489,4.58
7.147162,5.67
7.0271554,5.86
7.223269,4.86
6.3513656,8.76
6.5687203,8.2
6.4034505,7.97
6.287348,8.43
7.107243,8.06
6.171228,8.0
7.134993,7.74
6.3688316,6.82
5.7973495,7.6
7.0584617,9.4
6.6729608,7.2
7.3790216,8.4
5.3080516,8.04
4.9917455,4.66
6.497057,8.57
5.822104,8.35
6.1110024,7.55
5.765618,9.52
5.8206544,8.75
6.089289,9.07
5.765618,10.09
7.585258,6.23
6.4465227,5.23
7.8524785,8.5
7.5651565,8.52
6.3014903,9.01
7.344773,6.2
6.4985023,7.95
6.6448812,6.73
7.3441453,6.32
6.5686364,8.52
6.9322267,8.64
6.8494954,7.45
7.557239,7.42
6.463393,8.69
7.4649243,8.8
6.961531,9.62
7.5384936,8.43
7.24027,8.88
7.2526517,8.18
7.4217544,8.82
7.2868342,8.25
7.1757483,7.8
7.210604,7.7
7.845819,8.26
6.7809877,6.53
7.2781873,8.68
6.9814396,7.89
7.193745,7.91
6.882605,7.44
7.302361,9.82
7.0321784,8.33
7.399381,7.82
6.965682,9.07
7.2252383,8.38
7.9672256,8.0
7.0909867,7.66
7.2292395,9.03
7.079505,6.45
7.051657,7.38
7.2309155,9.6
7.1373177,8.11
7.1631527,7.95
7.4524336,8.11
7.054546,7.31
7.9939423,7.11
7.7163405,9.15
7.846188,8.51
7.9145823,7.42
7.716924,7.4
7.988506,8.59
7.5449567,10.7
7.9207544,7.66
7.8787136,8.12
7.936899,7.56
7.476687,8.21
7.816726,8.28
7.6277914,8.96
7.7737594,7.7
7.961614,8.65
7.533817,9.15
7.8505454,8.13
7.929849,7.23
7.742759,9.85
7.9523625,8.45
7.671454,8.62
7.872287,8.43
7.8791366,7.77
7.7849913,9.05
8.109961,8.13
7.703634,7.95
8.051782,8.61
7.7862973,10.7
7.6020293,9.22
7.736384,6.26
7.0324616,5.72
7.800074,8.28
7.83701,8.31
7.889613,7.81
7.917561,7.82
7.8777966,7.15
7.813147,8.3
7.9419007,7.74
7.892179,7.72
7.7542706,8.17
7.8469467,8.07
7.826631,8.14
7.2269707,7.08
7.39734,5.75
7.347689,7.82
7.601959,10.42
7.471246,8.67
7.6541085,8.28
7.7308407,8.15
7.7161803,6.75
7.6008763,8.44
7.3922343,6.82
7.809646,6.75
7.611423,7.54
7.6047435,7.72
7.331061,7.28
7.4078536,7.72
7.2620816,7.89
7.4569983,8.19
7.7796006,7.44
7.200423,7.49
7.7560472,7.32
7.4310236,8.96
7.6353908,7.7
7.501824,7.52
7.637037,7.6
7.36764,8.57
7.367824,7.62
7.2254963,7.91
7.3474936,8.38
7.42394,6.74
7.3354974,7.11
7.2790318,8.85
7.593005,7.96
7.499342,8.26
7.4360085,7.72
7.724259,8.01
7.354049,6.06
7.868382,9.1
7.743179,9.0
7.1874204,7.15
7.98395,8.82
7.4404445,9.64
7.523672,7.77
7.2753606,8.89
7.586165,6.38
6.6972675,5.62
7.010183,5.24
7.6125903,6.04
7.949096,7.63
7.8427367,8.96
7.790408,8.18
7.354856,6.23
7.753797,8.86
7.788874,9.14
7.866405,7.13
7.813804,8.71
7.9616475,8.66
7.83044,8.54
7.682812,7.99
7.2340074,6.55
7.560865,8.96
7.806447,7.26
7.8580194,7.96
7.9005847,8.81
7.7951202,8.37
7.7023044,8.68
8.019879,8.32
7.978686,7.43
8.052479,8.57
6.9648833,8.2
7.3820167,10.8
7.1333594,7.96
7.8851023,9.11
6.780607,8.23
6.415926,10.64
6.845347,7.78
7.5382013,11.3
6.8896165,9.42
6.750641,7.62
6.6934333,9.3
7.6151214,9.8
7.1937976,8.87
7.0376544,8.13
7.6281457,9.4
7.1142936,11.0
6.948807,8.49
7.854382,7.56
7.489084,9.36
7.5616007,9.74
7.5641336,9.12
6.827201,10.6
7.735729,8.0
7.8669896,8.62
7.4923997,9.59
6.147706,7.46
7.069284,8.46
6.9294057,7.62
7.71601,8.75
6.5213227,9.44
7.7326827,9.26
7.3349037,7.31
7.0918503,8.87
6.9645066,7.88
7.99399,9.05
7.5890822,9.39
7.4784446,8.58
7.612947,7.72
7.5504446,9.62
7.107384,8.53
7.6214013,7.89
7.8026733,9.09
7.9071345,6.42
7.3298697,8.19
7.2652335,8.58
6.6844735,9.25
7.7449903,9.4
7.2890477,7.06
7.69196,8.19
8.112366,7.8
7.527123,5.62
8.030211,7.08
7.408952,8.09
7.489918,5.47
7.6126685,6.3
7.9504642,6.59
7.423539,7.36
8.101303,7.63
7.449919,7.4
7.6358685,8.33
7.633198,7.21
8.103623,7.9
7.595536,5.79
7.994987,6.99
7.709885,9.02
7.487504,9.06
7.6085267,9.0
7.337809,7.25
7.5954485,8.19
7.4443965,7.68
7.6051917,8.51
7.464247,7.66
7.457504,7.92
7.77064,8.02
7.5098567,8.74
7.7665353,8.3
7.4546247,7.67
7.6389995,7.33
7.5433187,9.15
7.5770907,7.86
7.5558066,7.38
7.7564836,8.62
7.633165,7.8
7.497174,6.48
7.5724998,7.66
7.5465765,7.34
7.4644237,7.82
7.5564513,7.31
7.486322,6.54
7.373679,6.03
7.519607,7.96
7.433214,7.96
7.5234575,6.48
7.0059533,8.94
6.7908416,8.1
6.6813884,7.71
5.8577075,6.51
6.88343,8.35
6.0124145,6.6
6.7092376,7.0
6.6283917,8.09
7.8901362,7.27
6.9911623,6.88
6.586708,7.71
6.3922486,7.01
7.0328307,8.39
7.6094666,8.43
7.4165463,6.39
7.700377,9.0
7.4916177,6.74
7.4770026,6.82
7.2986712,5.82
7.6735053,8.4
7.4047313,6.22
7.3843665,6.82
7.0120473,6.95
7.1873713,6.8
7.6250415,6.98
7.6354613,7.86
7.573278,7.76
7.7400603,7.63
7.5686398,7.67
7.7051463,7.66
7.906505,8.72
7.5193496,6.49
7.438175,6.94
7.5014253,10.89
6.4683266,5.62
6.376369,6.07
7.417259,8.3
7.287997,7.89
7.3265605,8.1
7.330802,8.38
7.292276,7.58
7.31613,7.74
7.3760505,7.42
7.21827,9.27
7.06195,7.57
7.9985447,7.67
7.676224,7.65
6.6478343,7.35
6.9337544,8.14
7.3416605,8.74
6.8820167,7.94
6.8805757,6.38
7.005901,7.89
6.739856,8.39
6.886337,6.44
6.8386784,8.13
6.229216,5.09
7.004754,8.85
6.637929,8.26
6.9836206,8.24
7.2422714,8.96
7.5964675,6.92
7.0965242,6.07
6.847874,5.72
7.403451,9.27
7.8731246,8.26
7.833876,7.55
7.877695,7.42
7.630781,8.04
7.6648498,9.6
7.6668134,8.59
7.799499,6.32
7.4480395,6.89
7.981467,9.96
8.013231,8.64
7.997667,8.14
8.063539,8.89
8.046441,8.9
7.966546,8.4
7.5434957,8.9
7.802939,7.23
7.385631,6.57
7.8117647,8.72
7.6322265,8.82
7.460523,8.66
7.7135444,8.68
7.7217164,8.18
7.70758,8.41
7.90676,8.49
7.629329,7.47
7.7048645,7.28
7.50252,7.25
7.697202,7.61
7.634805,7.02
7.689813,7.05
7.876336,6.98
8.013632,6.62
7.7642384,9.22
7.55353,7.5
7.9709134,7.35
7.8071313,9.2
7.5233455,8.3
7.6247487,8.38
7.500857,7.74
7.4207416,8.57
7.3240314,8.79
7.693184,8.74
7.7241735,8.51
7.6836257,8.53
7.7099137,8.74
7.621204,8.78
7.5238056,8.7
7.6010566,8.53
7.572852,8.47
7.6472993,7.46
7.408688,8.38
7.713569,9.77
7.7520432,9.72
7.5663433,9.46
7.7977777,8.06
7.7257442,8.82
7.752683,7.38
6.997275,4.86
7.0161805,6.23
6.880653,5.75
6.7361197,5.78
6.631359,5.24
6.470912,5.7
6.435948,6.01
6.7967486,5.35
6.5073986,5.53
6.6660438,5.84
6.5366845,5.78
6.554595,6.63
6.6901903,4.99
6.6467605,5.9
6.4783587,6.3
6.6945586,6.26
8.052062,8.65
7.714808,6.57
7.7867455,7.3
7.6736956,6.8
7.617006,7.64
7.0914946,5.43
7.196627,5.09
6.5222135,5.78
6.6273904,5.48
6.6644363,5.25
7.245644,5.25
6.748121,4.8
7.2198815,4.94
7.6445603,8.42
7.612061,8.07
7.5714765,8.29
7.678002,8.64
7.551912,7.55
7.6900654,7.8
7.534451,7.91
7.685399,8.09
7.8222604,8.07
7.6972556,7.44
7.7557807,7.75
7.693491,8.37
7.878432,9.1
7.7204766,8.85
7.319011,7.0
7.45707,9.04
7.524117,9.31
6.9646134,5.28
6.9872675,6.62
6.8697667,5.34
6.8641896,7.93
6.883843,5.05
6.729732,5.36
6.77165,7.18
7.750091,6.03
7.610972,6.3
7.588265,6.31
7.351744,7.64
6.975262,6.92
7.6834083,7.85
7.5728307,6.0
7.6406364,7.17
7.829084,7.53
7.889496,7.94
7.6981807,6.56
7.922851,9.52
7.892244,10.6
7.239204,7.42
7.517481,6.59
7.3626695,8.08
7.340549,7.1
7.629659,6.2
7.5286965,8.38
7.6597753,6.55
7.7065334,8.41
7.5673413,6.82
7.5891194,7.11
7.6419444,8.59
7.322412,6.93
7.3738723,6.77
7.364674,6.39
7.5416408,7.64
7.5761547,6.09
7.5119767,6.04
6.906046,5.27
7.093945,3.72
6.8174767,4.54
6.9457746,6.24
7.133117,5.94
7.390595,9.32
7.209808,9.15
7.725248,10.74
7.5724287,10.33
6.838735,4.94
7.6277137,7.66
7.650313,8.35
7.889052,5.95
7.8178253,6.57
7.4643064,8.29
7.3170323,6.67
8.071637,8.8
8.123234,8.27
8.115446,7.19
7.7479854,6.87
6.951696,7.49
6.9914184,7.42
6.9161735,8.75
6.8430867,8.86
7.054444,9.39
6.723717,8.7
6.9912915,6.96
7.016485,7.71
6.990869,9.54
6.755999,7.22
6.569425,5.86
6.871208,7.93
6.8113804,6.35
7.0151334,8.77
6.8377414,8.47
6.7792773,9.38
7.6159835,7.54
7.7266507,7.72
7.331508,6.74
7.125826,7.36
7.263101,6.26
6.9802947,9.38
7.2004676,9.15
6.931445,9.01
6.6795135,8.99
6.84326,7.64
7.12269,7.85
6.8633246,7.3
6.871941,7.95
7.011231,7.74
6.8302565,7.3
7.068365,8.99
7.5850315,8.6
7.799289,8.66
7.4924073,8.85
7.8269057,9.0
6.959025,9.1
6.870354,7.41
7.1200347,8.15
7.4746385,7.27
7.68619,7.33
7.719947,7.15
7.841683,9.62
7.823343,6.22
7.8586745,6.76
7.6120076,7.05
7.6049933,6.06
7.5552015,6.53
7.7616096,6.28
7.6331177,5.59
7.574343,8.8
7.44519,8.9
7.550266,8.63
7.5649486,8.75
7.7456203,9.72
6.853081,8.28
6.9487195,8.7
6.9499426,8.33
7.2975917,8.39
7.1429853,10.03
7.2231164,8.85
7.151976,8.89
7.2048926,9.11
7.277282,9.46
7.562871,9.05
7.553508,9.54
7.2263637,9.11
7.1036296,9.7
7.1002088,9.15
7.1228333,6.7
7.295673,9.59
7.129272,9.35
7.312261,9.66
7.278748,9.6
7.182016,8.74
7.1886506,10.09
7.190972,9.12
7.0451794,9.8
7.100079,9.57
6.9385333,9.17
7.043138,9.2
7.0345716,9.55
6.789222,9.34
7.6313844,7.89
7.6924024,7.39
7.5932403,7.52
7.545673,6.8
7.548866,7.21
7.806651,8.41
7.6258435,8.38
7.6590443,8.88
7.6954923,7.06
7.8984957,8.79
7.8240895,8.68
8.18461,8.43
8.002595,8.72
8.12799,8.71
7.8159614,6.28
7.76441,6.56
7.6262336,5.59
7.5646625,6.53
7.5826955,6.06
7.787459,6.98
7.8612466,6.89
7.8076653,6.79
7.6400237,7.05
7.85016,7.12
7.8753166,6.76
7.8247123,6.22
7.5380173,9.38
7.414806,9.47
7.090236,7.41
6.9416056,7.12
6.973572,7.54
6.6311994,6.26
6.6351523,7.19
8.09805,7.98
8.096814,8.83
8.086336,7.82
7.9170322,7.24
7.9899755,7.96
8.055976,7.4
7.9675817,7.02
7.025471,4.0
7.34416,4.1
6.9506288,4.89
7.044978,5.4
6.969358,5.49
6.927796,5.6
7.045827,7.1
8.168418,7.6
8.06036,7.4
7.9406753,7.02
7.9152017,9.43
7.631744,8.04
7.596573,8.41
8.083434,7.98
8.106072,8.83
8.063281,7.82
7.911592,7.24
7.9894443,7.96
7.4835153,6.04
7.323259,6.39
7.4134216,6.77
7.3100166,6.93
7.7801204,8.34
7.8315263,9.19
7.55176,7.89
7.4619966,8.22
7.7344184,8.18
7.7767053,9.11
7.5788345,8.71
7.7514443,8.79
7.6655707,8.85
7.655569,8.91
7.653526,8.96
7.8635206,8.98
7.7601676,8.6
7.6324935,9.28
7.150147,8.7
7.631009,8.81
7.228437,6.85
7.451735,8.19
7.498449,9.01
7.6554055,9.21
7.6412873,9.07
7.6169276,9.1
7.585737,8.92
7.856736,8.92
7.6388955,8.72
7.959631,8.73
7.4344263,9.04
7.301999,8.03
7.412438,8.55
7.5248427,9.07
7.5567846,8.8
7.695871,9.15
7.6466956,8.62
7.648799,9.44
7.733006,9.55
7.1445317,7.09
7.3364463,8.0
7.059336,8.26
7.046539,8.04
7.1723304,7.82
7.1004634,8.14
7.1625113,7.8
7.0747104,7.62
7.466548,7.42
7.539834,7.74
7.702374,8.25
7.5082164,8.56
7.592238,8.05
7.69511,9.39
7.4311585,6.87
7.5799584,7.81
7.6618834,8.71
7.472812,8.95
7.527719,8.57
6.78163,7.96
7.196894,7.09
7.4753222,7.31
7.698864,7.82
7.205729,7.7
7.815729,8.71
7.1401935,6.68
7.6555266,8.58
7.7855315,10.02
7.7621713,9.52
7.641548,8.56
7.589994,9.19
7.5888624,9.23
7.6692767,8.01
7.7079206,5.36
7.718533,5.0
7.6179004,6.96
7.7712855,6.71
7.766249,7.82
7.5759773,6.31
7.6906533,7.09
7.2532268,6.82
7.712498,6.87
6.765592,5.37
7.0250025,5.56
6.949784,5.58
7.028191,5.21
6.557128,5.47
7.256677,6.79
6.562552,6.5
7.343374,5.46
7.2466736,8.06
7.248898,7.89
7.669935,8.08
7.5784516,7.0
6.9355073,5.77
7.660752,6.46
7.7352495,7.58
7.426854,6.75
7.636699,6.94
7.2194657,6.98
7.2150054,6.58
7.5043674,9.21
7.5418243,9.0
7.0317926,7.51
7.1563888,8.0
7.433966,8.68
7.216552,8.17
7.3455644,7.8
7.3588114,8.13
6.992169,8.4
7.0287395,7.93
7.0208206,8.01
7.2656083,8.26
7.266845,7.74
7.431543,8.24
7.498735,9.04
7.426684,7.95
7.484841,8.17
7.5113263,7.72
7.348081,5.46
7.904769,8.71
7.859687,8.86
7.9536185,7.62
7.93535,8.27
7.845036,8.87
7.8173614,7.41
7.853461,8.04
7.7661443,8.08
7.3840737,7.38
7.6513467,8.38
7.546407,6.49
7.7855678,7.71
7.8576407,8.47
8.033957,7.27
7.9982743,8.12
7.834635,7.01
7.9502344,7.57
7.852149,7.46
8.101453,8.42
7.956064,7.19
7.9699044,7.03
7.797297,7.53
7.900277,7.32
7.932989,7.16
7.890658,7.85
8.049554,6.4
7.7449117,9.77
7.92275,8.19
7.866511,8.19
7.880796,7.2
7.8829966,8.46
7.9179955,7.66
8.015226,8.29
7.942784,7.4
7.8609743,6.59
7.875501,8.1
8.011973,7.19
7.830959,8.09
7.876862,8.28
7.96105,6.76
7.9848123,7.49
7.776006,8.23
7.8225694,7.53
7.9367485,7.96
7.789062,7.89
7.798843,7.19
7.7982845,7.84
7.8362556,8.13
6.5576444,7.7
6.954169,7.69
6.633945,7.61
7.5209937,8.4
7.8154798,7.84
7.4546285,7.75
7.6706614,7.45
7.83294,7.43
7.5340734,7.25
7.756593,7.18
7.7194705,7.1
7.748956,7.04
7.7646646,7.01
7.742106,5.79
7.5785604,7.61
7.5617595,8.12
7.6286454,8.06
7.615842,7.17
7.8024106,7.07
7.5237327,7.34
7.577376,7.48
7.883389,7.54
7.718102,7.14
7.6914296,8.45
7.741712,7.31
7.5058093,8.65
7.499245,8.31
7.812049,6.82
7.6070504,7.4
7.5875373,7.44
7.692908,7.29
7.5315595,7.36
7.752608,8.01
7.6392226,7.58
7.6696506,6.39
7.303922,6.11
7.5001616,5.19
7.459789,5.17
6.633426,6.38
6.478607,5.77
7.2929673,6.24
7.550956,6.12
7.3935905,6.48
7.7618723,6.23
6.8624234,5.77
6.608145,5.3
6.5590615,5.32
6.2084312,5.62
6.581037,5.74
6.3867116,6.28
7.0691237,7.09
7.1962323,6.37
7.2201333,6.92
7.1915603,6.82
7.265452,7.41
6.913979,7.48
6.9413185,7.64
6.9282002,7.24
6.8114705,7.6
6.8606334,7.72
6.931812,7.7
6.872535,6.14
6.845794,6.74
7.086639,6.74
7.422529,7.64
7.1252446,4.98
7.1122184,4.96
7.0246553,4.99
7.330777,4.94
7.3648953,5.1
7.0276804,5.15
7.486865,4.7
7.332985,4.55
7.118959,6.57
7.1995063,6.36
6.9973345,9.48
6.7416806,9.3
6.5246196,9.9
6.749947,9.0
6.2022767,9.5
6.70897,9.7
6.6402326,8.6
6.7905784,6.23
7.402002,9.3
6.90859,8.6
6.907974,8.9
7.024718,8.4
7.2773557,7.7
7.462204,9.52
7.335796,9.27
7.0729756,8.89
7.120365,7.72
7.0223103,8.74
7.326482,8.83
7.1356845,8.8
7.0639644,8.7
7.0988803,7.74
7.155791,8.82
7.2197347,8.52
7.049299,7.48
7.1590014,7.85
7.512447,8.47
7.1613626,6.85
7.139044,8.6
7.2379394,7.92
7.3100305,8.55
7.2578015,7.05
7.3610506,7.89
7.26883,7.32
6.493526,5.15
6.777432,5.9
7.0716977,7.36
7.267218,7.81
7.3068986,7.27
7.233517,7.8
7.0204215,6.07
7.137028,7.68
7.312377,7.82
7.278028,7.38
7.2404094,7.71
7.379522,7.68
7.3937707,8.55
7.4611244,8.29
7.3272595,8.49
7.3198504,7.8
7.2725587,7.53
7.2253385,8.13
7.276665,8.15
7.242115,7.97
7.239305,7.66
7.2104087,7.86
7.190928,7.91
7.1077147,8.01
7.6179547,5.78
7.386648,7.12
7.6890397,9.52
7.6348586,8.74
7.6992726,9.15
7.791126,9.33
7.8793087,8.74
7.7225766,9.1
7.647688,8.89
7.695688,9.11
7.602902,9.05
7.7469907,9.05
7.6727595,8.7
7.6577106,9.05
7.701508,9.14
7.0417743,7.85
7.4616923,5.55
7.5024705,7.55
7.3441453,7.43
6.9735885,6.96
7.629376,7.46
7.100151,6.52
6.945666,6.89
6.4990516,6.1
6.444136,5.8
6.804702,6.25
7.616241,9.52
7.057633,8.88
7.1387825,8.82
7.188576,7.68
7.6335373,5.77
6.9987235,5.69
5.8127217,5.57
7.0471177,5.13
7.6968064,7.27
7.602155,8.12
7.617664,7.91
7.7526984,7.75
7.583784,8.8
7.5416484,7.42
7.43776,7.31
7.4567914,7.31
7.284475,7.34
7.3350167,7.32
7.2695956,7.71
7.466297,8.07
7.4741874,6.73
7.530694,6.52
7.3090386,6.69
7.127139,7.01
7.6965795,8.0
8.022155,5.53
7.9037223,6.88
8.015651,6.87
7.1902757,6.33
7.0972376,6.96
6.5493045,8.6
7.0002327,7.25
7.158238,6.99
7.2918477,8.72
7.070558,8.77
7.1277394,8.09
7.1054683,6.1
7.5411477,9.23
7.946439,7.66
7.512574,6.47
7.647227,6.59
6.995733,6.09
7.0535955,5.7
7.131635,6.68
7.4071755,6.43
7.5675344,7.31
7.6440086,7.27
7.3321624,7.96
7.3415236,8.47
7.74744,5.89
5.5914273,9.33
4.858692,5.77
5.677717,6.04
5.3199887,5.05
5.883806,8.5
6.818985,6.61
6.7085824,6.59
6.661505,6.61
6.7338824,7.57
7.273812,8.03
6.965154,5.62
5.53851,5.66
6.6364703,7.01
6.056166,4.3
5.867031,4.3
6.718806,4.3
6.451034,7.21
6.280391,5.27
6.30838,6.58
7.3736835,8.01
7.1059575,6.6
7.341088,6.75
5.647864,7.02
5.632055,5.3
5.972458,5.96
6.517677,5.82
5.8333526,6.7
6.364926,6.34
6.585743,5.59
5.5841327,5.82
5.8903565,6.69
6.2717767,6.48
6.963569,7.15
6.2208467,6.38
7.9200053,8.22
7.5478673,7.09
6.3364863,7.76
7.3533425,5.89
5.410356,8.57
7.142423,8.35
7.0672336,5.27
6.4319553,7.39
7.0639215,5.38
6.3603406,7.96
6.981767,5.55
7.0698204,4.82
7.199038,4.82
6.908815,6.12
7.3231273,6.0
6.8459654,6.68
7.168594,4.44
6.6589437,5.92
6.336202,7.55
4.9589,4.3
5.483187,4.82
4.851295,5.01
6.4478717,9.3
6.2539186,7.4
7.0436873,7.8
7.121179,8.7
6.4868913,7.4
6.9711027,8.7
6.8555593,8.4
6.9796805,7.0
6.665525,8.2
6.661014,7.4
6.6847587,9.1
6.6352744,9.1
6.532944,7.5
6.8099194,6.5
6.806894,7.3
6.695721,9.4
6.776607,9.3
7.3900504,6.2
7.0178595,7.3
7.2710934,8.3
6.7246876,6.3
6.900373,6.9
7.2713566,7.7
6.6510987,5.5
6.5467086,6.6
6.4583306,7.6
6.383162,7.4
6.6843915,8.5
6.7544427,8.49
6.7492385,7.6
6.7134995,9.1
6.4896774,6.6
6.1113396,8.31
6.8871293,8.47
6.895681,9.33
6.1500764,8.56
6.215028,5.74
6.088056,6.06
6.715875,7.32
6.2911634,7.41
6.5052004,7.08
6.377132,5.85
6.2983327,5.87
6.257795,7.04
6.1531653,6.6
6.751849,7.25
6.776384,7.96
6.868385,7.27
6.8817105,7.22
6.796987,6.0
7.015329,5.83
6.9163013,6.28
6.73047,7.52
6.6974535,7.9
4.3670297,5.65
6.5173564,8.99
6.2606854,7.4
6.7024236,8.2
6.3240414,6.8
6.7663097,7.5
6.630154,8.5
6.581788,7.7
6.5515485,8.6
6.729028,8.8
5.773135,5.55
6.146469,6.56
6.435658,6.64
6.911292,6.85
6.953816,6.71
6.4144187,6.25
6.690698,7.13
7.201882,6.19
7.260147,8.35
7.2319446,8.46
7.2468505,8.27
7.2492776,8.4
6.5822864,9.3
6.8405237,10.3
7.096771,5.81
6.76037,5.46
6.4825296,5.67
6.375588,6.62
6.53943,8.3
5.8928275,8.55
6.3406596,7.1
6.2443647,8.94
5.761609,9.59
5.5065813,9.4
5.646623,9.59
6.20351,9.64
6.0957837,9.27
6.7712092,8.35
6.528972,8.65
6.7342105,8.97
5.96126,9.34
6.561598,9.44
6.026438,7.92
6.200111,10.1
6.2674546,9.42
6.5054965,9.37
6.3417916,8.74
6.3880415,9.27
6.5326653,9.44
6.1843705,9.36
6.825393,9.0
6.5437045,9.57
6.788906,8.68
6.1071286,9.46
6.5662265,9.74
6.663713,9.14
6.2182117,9.77
6.106711,9.51
5.911529,7.53
6.665083,8.34
6.594896,7.22
6.5731664,6.44
6.5683413,5.49
5.7883887,7.19
6.2820773,7.5
6.691568,7.99
6.6827683,7.7
6.681039,6.12
6.1644063,7.87
6.6803336,7.76
6.6987076,5.9
7.7101674,5.6
7.26382,5.4
6.1023126,8.8
6.1032176,8.2
6.242281,7.1
6.3314943,5.56
6.102589,8.43
6.1892614,7.38
6.1779275,8.74
6.1668706,8.33
6.0134745,6.46
6.0992837,7.64
6.2046847,7.87
6.0413947,5.86
6.4416394,7.05
6.55479,7.64
6.422738,7.12
6.4109755,6.71
6.3066983,6.94
6.725615,7.57
7.054912,7.34
7.239465,7.01
6.555803,6.24
6.5114117,7.29
6.6438975,8.4
6.614125,8.12
6.4947867,8.41
6.3642564,7.48
6.570556,8.49
6.7063494,8.96
6.653522,8.08
6.5404134,8.8
6.530906,6.92
6.5052447,7.75
6.644428,7.96
6.581791,8.05
7.2574525,7.53
7.2831764,7.55
7.4401193,7.84
5.2262006,7.12
5.8259406,8.03
6.5125914,7.92
6.3592696,7.72
6.187185,9.8
7.0356193,10.0
5.561873,7.02
5.624042,7.78
6.120161,4.1
6.1709647,4.55
6.237568,7.48
6.221026,8.55
6.243288,8.24
6.7819123,5.82
5.848642,6.13
6.725899,7.86
6.01903,8.1
5.879303,8.81
5.4600444,6.46
6.547857,6.66
5.5106664,9.35
5.4936404,8.68
5.0730805,6.07
5.5920014,8.34
6.4810834,7.32
6.509458,8.77
6.1884418,7.45
6.152037,5.19
6.9518967,8.38
6.2792187,6.64
7.033049,7.0
6.792497,6.46
6.894912,9.22
6.777133,9.22
6.985969,9.05
6.8169227,8.32
6.659036,7.04
6.8853707,7.53
6.989101,6.86
7.2342544,6.85
5.038087,6.07
7.738993,8.31
5.521848,6.15
5.6351123,5.91
5.717905,7.02
5.6895137,5.64
5.8727956,6.8
5.7592397,6.7
5.619741,7.21
6.116128,7.24
5.749463,6.45
5.861868,7.48
5.480521,7.02
6.6636977,6.92
6.422089,6.92
6.3352246,7.52
6.6903615,6.66
6.8882647,6.52
6.616094,7.0
6.6959233,7.52
6.1920485,6.46
6.2289906,6.89
6.438623,7.89
6.060123,9.17
6.1229014,9.4
6.2706404,7.92
6.004291,7.92
6.153711,8.64
6.362804,9.14
6.24507,7.92
6.4747806,8.15
6.357432,9.16
6.273266,8.68
6.430076,8.04
6.4296737,8.85
6.3540063,9.31
6.1784196,9.96
6.262347,8.8
6.368944,8.96
6.8934245,9.74
6.3065367,9.04
6.69538,8.59
6.089291,9.0
6.650554,8.21
6.3913274,8.7
6.38669,8.77
6.90005,7.51
6.5569954,7.51
6.6921535,6.89
6.917018,7.97
5.58382,8.95
6.582166,7.36
6.5266695,7.91
5.718777,5.06
6.0520244,5.87
6.127724,6.06
6.270448,6.62
6.4460464,5.67
5.840574,8.94
6.411872,7.88
6.496408,7.17
6.4940286,8.1
6.6320558,7.86
7.261004,9.5
6.7225966,5.94
6.496859,9.1
7.282911,9.06
7.531116,8.08
7.0395446,7.97
7.4916916,7.7
7.0946465,8.2
7.3478417,8.1
7.3202405,8.1
7.1397386,7.3
7.47241,8.5
7.0634522,8.8
7.6051993,9.72
7.698457,9.68
7.5699315,9.6
7.65111,9.72
7.955751,9.46
7.6444745,9.17
6.6552677,7.89
7.0897384,8.28
6.906115,9.05
7.242962,8.54
7.220909,7.6
6.813155,7.17
8.009913,8.34
8.019987,8.54
8.085388,8.48
7.940865,8.52
7.1107593,7.64
7.5175476,8.96
7.246264,6.9
7.2707095,7.5
7.204595,7.89
7.373175,8.66
7.2579575,7.82
7.320286,9.0
7.068651,8.3
7.183678,6.42
7.4766464,6.21
6.722361,8.62
6.801739,7.7
6.8734117,9.89
7.0316586,7.7
7.309528,9.4
7.5859365,9.4
7.381229,8.44
7.289664,8.82
7.290652,8.51
7.201665,8.77
7.1434793,9.3
7.5509143,9.05
7.57721,8.8
6.9687805,6.65
7.50037,9.4
7.684365,8.92
7.5009503,9.3
7.3367195,9.22
7.2438173,8.38
7.588446,9.85
7.575214,9.37
7.586157,9.48
7.7243934,9.36
7.713536,10.05
7.608789,9.92
7.6868606,9.19
7.440888,6.19
7.578361,8.89
7.532644,8.89
7.602882,9.3
7.599808,9.37
7.693353,9.4
7.5381866,10.0
7.2451487,9.52
7.2073903,8.62
7.4580665,8.72
7.028876,8.14
6.9288344,8.1
7.4263077,8.01
7.2922792,8.21
7.237487,8.72
7.1866045,8.57
7.6238456,9.42
7.684443,9.37
7.65537,9.55
7.6733828,9.17
7.8126063,9.52
7.753975,9.77
7.8041844,9.62
7.739425,9.4
7.5988955,9.28
7.513079,9.6
7.5698056,9.6
7.4949875,9.6
7.7433596,9.8
7.8138576,9.85
7.89809,9.7
7.9013305,9.47
7.854797,9.57
7.760659,8.85
7.611139,9.15
7.622912,9.22
7.564905,9.26
7.647878,10.22
7.371522,10.22
7.3846498,9.06
7.481543,8.57
7.3523765,9.48
7.3586392,9.0
7.345897,9.22
7.7029815,9.4
7.754939,9.7
7.7109723,9.7
7.798577,9.3
7.814125,9.7
7.6691756,9.52
7.5653224,8.59
7.5761933,9.22
7.5454717,9.52
7.5461073,8.7
7.421637,9.4
7.372051,9.3
7.6932845,10.52
7.668709,9.37
7.5544114,8.14
7.597713,7.77
7.877006,8.01
7.616574,8.11
8.179211,7.96
7.951213,7.66
7.6752043,7.2
7.671736,9.3
7.624704,9.04
7.6710963,9.1
7.9340224,8.74
7.5708814,8.68
7.67394,9.28
7.9099207,7.28
7.885452,8.68
7.8721967,7.47
7.897833,8.64
7.915095,8.27
7.6818414,8.29
7.851414,7.96
7.871307,8.49
7.838798,8.92
7.8379426,8.77
7.8411593,7.89
7.8316827,9.0
7.826867,9.0
7.813344,9.11
7.8233275,7.33
7.7893095,8.49
8.072522,9.0
7.55599,9.46
7.221034,9.23
7.4999204,9.48
7.4672017,9.66
7.266669,9.72
7.474971,9.59
6.9077635,9.52
7.819611,9.62
7.822585,9.03
7.896878,9.19
7.8233857,9.7
7.8884125,9.48
7.8796744,9.68
8.179025,9.5
8.038253,9.6
8.038253,9.8
7.1788917,8.7
7.1154695,6.96
6.9072433,6.39
7.229051,7.49
7.0194764,8.14
7.100192,8.6
7.0887713,5.77
7.869199,9.12
8.023843,10.19
8.092203,9.86
7.061233,7.51
7.3809066,6.92
7.4424634,7.03
7.419914,6.92
7.26885,7.42
7.3363175,7.32
7.3020997,7.85
7.281981,7.8
7.8255467,9.0
7.8663244,9.0
7.296535,9.11
7.5561385,9.18
7.2246566,10.0
7.3067517,9.42
6.391187,8.82
5.452106,7.26
5.6203465,5.87
5.7678685,7.6
5.9982753,8.74
7.1907277,7.8
7.110975,6.53
6.1772275,7.6
6.095883,7.6
5.970442,7.98
6.5472856,8.77
6.029614,8.25
6.668938,6.82
6.2132535,6.91
6.455702,5.55
6.6903048,5.5
6.457937,6.3
6.409534,6.3
6.6847878,5.87
6.682012,5.96
6.2952724,5.05
6.461481,4.85
6.3827753,5.98
6.612643,5.85
6.544929,7.85
6.1891747,6.55
6.4136205,6.99
6.614897,6.43
5.9440713,6.66
6.6802516,6.76
6.1685357,7.01
6.6007037,6.36
6.515513,7.27
6.621011,6.04
5.941726,6.39
6.360968,6.44
6.7181206,6.07
6.844621,7.26
6.441257,6.69
6.853812,7.16
6.497979,7.1
7.049222,7.89
6.5538373,7.51
6.514661,4.95
6.5043807,4.96
6.80648,7.43
5.6143975,7.89
6.0842376,6.35
5.9145865,8.3
5.4924893,8.3
5.505,8.0
5.7273135,7.48
5.9024367,6.96
5.849889,7.22
5.6281652,6.7
5.4783106,6.01
6.1862855,5.42
6.236254,7.16
6.192486,7.15
5.8756733,6.87
6.4671626,7.46
6.064661,6.47
5.9018826,7.15
5.562572,5.36
6.6521096,7.05
6.0979943,7.8
4.6557755,6.82
4.9772773,6.38
4.977447,3.43
4.662796,3.52
5.2299566,6.0
5.0678334,6.7
4.793177,5.22
5.1245418,5.82
5.644592,4.43
5.618595,5.22
5.744931,7.23
5.900452,7.43
4.9649243,6.68
4.963197,6.44
5.273858,6.68
5.59796,6.89
5.612628,7.02
5.6419644,5.25
5.912436,5.59
5.6357303,5.34
6.558329,5.35
5.9259324,4.18
6.546472,5.74
6.895326,5.82
6.4099364,5.52
6.2504177,4.82
6.4126587,4.0
6.303579,4.82
6.362781,4.92
6.2522526,4.0
6.1911683,4.8
6.1477137,4.66
5.9798026,5.16
6.1067443,5.0
6.1161942,4.0
6.046577,4.74
6.136592,3.92
5.9968324,8.49
5.7068877,7.89
5.441793,6.77
6.92452,5.32
7.2298017,5.12
7.258243,5.55
7.3113675,4.85
7.1353335,4.8
7.0563655,4.76
6.635589,4.92
6.894861,4.89
7.5692873,3.98
7.2305417,4.72
7.3204083,5.14
7.3603725,3.78
7.2715235,4.41
7.289325,4.35
6.9462323,5.12
7.243418,4.82
7.2717257,4.65
7.098621,4.75
6.9537096,4.91
7.2957764,4.81
7.362692,5.19
6.869738,4.35
6.834309,4.33
7.1422954,4.61
6.8212004,5.33
7.132114,6.35
6.7737727,8.93
6.915526,8.7
7.163049,6.1
6.2380342,3.55
6.8235793,7.15
6.9817986,4.6
7.1139216,5.27
7.116835,4.89
6.835834,4.7
7.079038,4.73
6.8572373,6.8
6.642161,5.85
7.00125,6.48
6.987191,6.43
5.373709,6.04
6.3974996,5.65
6.326651,5.45
6.5106196,5.87
6.4281673,5.39
5.451224,5.66
6.224092,5.91
6.062688,6.67
6.4575086,6.64
6.1324244,6.57
6.9310837,6.31
6.47483,5.64
6.39684,6.2
6.0588226,5.12
6.563521,9.59
6.4891634,5.04
6.5253196,8.7
6.7545495,5.96
6.425599,6.96
4.934547,7.49
6.9953938,7.06
7.6912365,5.44
7.735709,6.27
7.58783,9.15
7.4576077,6.61
7.5987062,6.53
6.250837,6.2
7.095308,7.0
7.138996,5.8
7.079758,7.1
5.9048767,4.26
5.2848535,6.7
5.863689,6.01
5.560897,4.7
5.9928055,7.0
5.759726,7.0
6.0442805,6.5
5.815967,6.4
5.7872705,7.89
5.9315124,6.5
5.554602,6.9
5.1033635,6.9
5.2848406,5.8
5.673099,6.2
6.1028857,7.51
6.340483,6.48
5.5101852,6.23
5.9063125,6.57
6.386741,6.54
5.3093495,5.85
5.5151343,7.0
6.28278,6.57
6.1394105,6.54
6.007887,5.51
6.2134495,6.47
5.8699465,5.93
6.356453,5.98
6.1378713,6.1
5.909718,6.29
6.038688,6.37
6.902614,5.57
6.1938233,6.86
6.2278953,6.18
6.2789054,6.18
5.8421335,6.17
6.260016,5.17
5.9839034,5.65
6.3021274,7.85
5.465971,4.82
5.0841956,3.98
4.6539807,4.42
4.829889,4.04
6.483138,6.57
5.62714,7.3
5.622683,7.5
5.741466,7.0
6.1702604,6.5
6.3828273,6.8
5.743819,7.0
5.981772,7.0
6.1702695,6.5
5.3877244,6.0
5.6110883,6.3
5.7641597,7.2
5.899017,5.9
5.8489323,6.1
6.0590014,6.9
5.8053823,7.0
5.7776465,5.7
5.6954675,5.9
5.6767077,7.1
5.7015567,6.7
6.0916424,5.5
6.2813725,5.9
5.824465,8.3
5.8196473,7.8
5.7022667,9.5
5.706449,6.9
5.729878,7.1
5.623623,6.9
6.020284,5.4
6.9597282,6.8
6.4314103,6.96
6.4166293,7.28
6.4429097,6.6
6.5757756,7.92
6.3221364,7.92
6.3343906,7.82
5.473042,7.77
6.607634,7.41
6.4144716,7.26
6.2501364,7.28
5.4467607,7.54
6.309923,7.62
6.375506,6.77
6.3255887,7.03
6.2376347,6.74
5.8024535,7.0
5.7009525,7.25
6.5958314,6.42
5.1758137,5.92
5.1660295,5.66
6.7861533,6.24
5.023868,6.72
5.1403594,5.68
4.8533177,5.32
6.562945,7.22
6.306331,6.66
6.0855594,7.82
6.638288,7.36
6.194103,7.21
6.333304,4.96
6.0574555,5.15
5.97804,5.01
6.3740273,5.57
5.66818,4.48
5.727011,4.96
6.4539886,4.74
6.5188513,4.7
6.118342,4.74
6.579988,4.72
6.779546,4.35
6.0542026,4.44
6.223944,4.77
6.285526,4.8
6.116389,5.36
5.8786483,4.57
6.2025704,4.63
6.540464,5.0
6.374168,5.7
6.5420375,5.36
6.484348,5.77
6.367953,5.06
6.4723907,4.98
6.4219837,3.71
6.1194425,3.66
6.3979106,6.85
6.006126,6.76
6.3282723,5.8
6.3004746,5.82
6.432486,5.94
6.1674232,5.61
5.44013,6.3
6.135773,5.46
5.970912,5.92
5.820436,5.29
6.0555167,5.88
6.1667004,5.43
6.061525,5.62
5.699113,5.53
5.5797625,5.77
5.905355,5.7
6.7986994,5.57
5.87675,5.95
5.881696,5.56
6.0894713,5.45
5.7439017,5.62
5.5190997,5.1
5.9531765,4.3
5.4915524,6.42
7.065376,7.43
7.129066,7.15
7.283336,6.03
7.2960267,6.38
7.1794305,7.02
7.1252327,6.04
7.3296337,6.06
7.1550355,5.67
7.0631833,6.21
7.3194113,6.61
6.956062,6.99
6.8763213,7.2
7.121445,7.09
6.881306,6.17
6.7665706,6.44
6.876632,6.82
6.720282,7.0
6.536883,5.82
6.696172,6.13
6.45036,6.35
5.7781243,6.11
6.3465466,5.59
7.547739,6.0
7.653422,7.0
6.947923,6.0
6.062035,8.0
6.969068,7.0
5.5633035,6.23
