predictions,targets
5.8610253,5.47
5.1937857,5.74
4.5888944,3.89
6.1129465,4.57
6.014293,7.47
5.18587,4.6
5.5063624,4.41
5.674019,4.52
3.722547,4.03
5.485461,5.6
6.0906067,4.4
6.2695737,4.9
6.943577,3.31
6.399191,4.5
5.481757,4.1
5.4653177,4.3
6.3513393,7.39
7.3178935,7.02
5.7367153,7.0
6.8775625,8.3
6.9425764,5.9
6.677513,4.5
7.3824883,7.3
5.8302803,4.17
6.0430555,6.54
6.6586523,5.3
6.6461186,4.6
5.4460063,5.29
6.0198236,4.31
4.8640575,4.92
4.838374,4.36
5.6961937,7.57
5.766403,4.24
6.5143766,5.34
5.96056,5.55
5.2950635,5.32
6.1713295,6.26
4.8119407,6.37
5.859899,4.73
5.5083895,4.68
5.024267,5.73
6.824359,7.24
4.887681,5.8
5.691264,4.74
5.20247,6.64
6.0050564,6.79
5.3688087,4.7
5.103245,4.16
5.0971503,4.19
5.667592,4.1
4.7216353,3.54
5.455686,5.38
5.709867,5.82
5.4200153,5.19
6.357769,6.11
6.521016,7.49
5.968212,7.18
5.928284,7.74
6.2347884,7.41
6.665922,7.2
8.021032,6.89
5.0856304,3.77
5.8114963,4.68
5.789689,7.43
5.7944374,7.0
5.1202636,3.76
5.9324355,5.52
5.404287,6.44
6.347904,6.54
5.352994,5.08
6.2471566,6.36
6.1939754,7.4
6.2959604,6.41
7.11463,7.15
6.84209,8.05
6.707286,6.64
6.085494,6.3
7.0677085,10.7
7.931061,10.57
5.3955183,7.0
5.745614,5.82
5.9775734,6.1
5.7991943,6.7
5.9316516,6.02
5.583829,6.58
6.684207,5.96
5.6265216,7.72
4.7624135,6.77
8.154885,6.49
4.8897114,4.44
6.9163365,6.22
6.9163465,6.41
5.6171737,5.03
4.9721828,6.23
5.282774,5.71
6.8791256,8.01
7.652915,7.51
6.536424,5.57
5.10109,6.8
6.1631136,6.1
5.8815866,4.4
6.8860207,8.13
6.041845,7.3
6.29929,4.97
7.202422,8.0
5.7330117,4.7
7.2539754,7.14
6.8759575,5.83
7.708113,7.52
5.7525487,6.8
5.906936,5.9
6.1322684,4.9
7.1982136,6.35
6.1110735,7.2
6.2927785,7.02
6.39564,6.5
5.631183,5.13
7.2435546,6.8
6.2649703,7.15
6.30689,4.89
5.339078,4.64
5.413738,5.21
7.840794,7.67
6.8487153,6.65
6.4833555,5.8
4.9744115,4.47
7.5985737,7.12
6.3808327,4.71
7.240708,8.77
6.2598715,7.22
7.1955976,6.91
6.5708275,8.0
6.441381,5.21
6.9637527,8.06
6.190789,4.32
7.346011,8.19
5.488092,5.72
6.2939777,4.14
6.9713683,8.59
5.4086394,3.6
5.552807,5.6
5.698632,6.08
7.535372,7.6
5.149952,4.6
6.750358,8.01
6.364661,6.08
5.6598783,7.36
5.382893,5.26
6.4060526,7.8
5.7668037,6.89
6.500547,4.5
6.4603386,6.53
6.8398943,6.55
6.6981635,6.57
6.077144,7.09
7.102814,6.6
6.5310555,7.0
6.839794,6.78
5.3793564,4.4
7.9616036,8.33
6.444971,4.97
5.6574607,7.24
7.360845,9.06
6.960135,7.0
7.7947564,7.1
5.817525,5.35
6.0410767,4.5
7.2073054,7.64
5.768882,6.3
6.9058275,5.19
5.965208,6.96
7.245321,6.74
6.9775476,7.65
6.223816,6.5
5.8538113,4.88
5.4880133,5.14
5.547523,5.82
5.5173764,4.29
4.95525,4.5
6.280425,5.56
7.568067,7.02
7.2968626,8.1
5.938002,7.21
6.7132607,4.3
7.1607304,6.52
5.9089665,4.6
7.185722,7.44
6.010593,6.41
6.5289273,5.2
5.9249225,5.87
7.4102473,7.57
6.550716,6.1
8.909107,6.6
4.5811954,4.2
6.188383,4.8
5.8672323,5.98
7.0063562,6.38
5.7766094,5.29
6.25385,5.15
7.756604,6.57
7.230376,7.82
5.2596264,7.57
5.8969526,5.23
6.000796,4.73
7.137036,7.42
5.4425917,4.37
5.627898,5.36
6.673751,6.72
6.849701,7.72
6.191977,4.4
5.933134,6.53
6.59867,6.26
7.467108,6.66
7.36263,6.74
5.8383665,4.6
6.224329,5.33
7.581518,7.85
5.772533,4.73
6.3457923,7.49
6.8712797,6.99
6.875841,6.51
5.769187,4.92
7.427269,8.03
7.069154,8.26
5.430182,5.09
6.4778028,8.48
5.6960545,4.56
5.549817,8.49
5.85703,6.1
5.6062226,5.78
7.2025404,5.0
4.7617426,6.32
7.65473,9.15
5.8230343,6.3
5.6681566,5.72
6.5073752,8.66
6.2022023,9.7
5.823542,5.34
5.9948916,5.07
7.782135,5.47
6.73607,5.22
6.6620626,6.33
6.415413,4.46
6.5922475,5.33
6.634617,6.39
6.076811,5.27
6.118339,6.19
6.69534,5.79
6.871094,5.28
6.784379,6.72
6.2558703,6.51
5.5005927,5.21
5.6166735,5.76
7.4480176,5.99
6.442035,6.89
6.714177,7.59
5.5172677,4.07
7.0079894,7.49
7.0626683,5.67
5.0988646,6.34
5.6025143,5.4
6.485009,5.43
5.7306643,6.04
4.710968,5.81
5.6707735,5.77
5.3502603,5.7
5.388619,5.36
6.7227683,5.1
5.7342787,5.74
4.956908,5.89
5.3480463,4.4
6.1728363,7.92
6.6623707,7.31
5.4725733,5.15
7.025276,5.33
5.587913,7.44
5.996322,8.46
5.7868223,5.85
6.311898,8.85
5.532305,4.01
6.0127726,4.2
6.666105,4.2
5.185844,4.54
5.758548,4.4
4.993636,5.14
5.706887,4.32
4.8214803,7.07
7.1497436,6.74
7.359739,7.32
6.4137793,5.93
7.297984,8.46
6.6254377,6.76
6.256267,6.67
6.335259,6.55
7.5331287,8.47
6.7151914,8.74
7.3188624,7.47
5.206952,4.13
6.120572,4.76
5.627623,5.76
5.4240036,5.46
5.2325597,5.51
5.6337113,5.16
5.237245,5.49
5.459296,5.76
5.377549,5.46
5.1454825,5.19
5.4783406,6.11
5.452285,4.49
5.2439423,5.29
6.476835,4.74
5.3113174,5.23
6.527708,4.87
5.1751227,4.29
6.659404,4.78
5.4314456,4.45
5.282611,4.34
5.6541004,4.45
5.27278,4.31
6.4895144,5.31
5.0422907,4.79
6.189597,4.64
6.6140885,5.17
5.8498764,4.77
5.0978603,5.11
4.9745226,4.52
6.4381514,6.89
6.9006453,6.43
5.9552035,6.89
7.298088,5.0
6.356476,6.3
6.760539,7.28
5.670004,6.61
6.285363,7.2
4.8515363,5.96
6.0792828,7.74
6.855393,7.0
5.8104815,7.28
5.0722013,5.22
7.0481467,4.17
5.7646074,4.54
4.7412453,3.88
7.1615977,6.11
4.5627213,4.78
5.0139256,4.88
4.7360864,5.15
5.26823,4.79
4.2384305,5.53
5.5675135,5.66
5.163825,5.09
5.408083,5.69
4.9220605,5.12
5.265625,4.19
5.08283,4.31
5.281012,4.69
4.8728895,4.19
4.3431225,5.15
5.9163537,5.27
6.315011,5.04
5.869461,5.45
5.234605,5.39
5.0547104,4.87
4.6401596,4.79
4.7956915,5.9
4.53037,5.01
5.0088334,5.17
5.7008247,4.67
7.073157,7.49
8.221926,7.59
6.198429,4.8
5.582471,3.64
7.431501,6.71
6.5153184,7.63
5.3868175,5.27
6.471663,5.49
4.765974,5.97
5.8573666,5.18
6.820279,4.96
5.1648817,5.29
6.069894,4.76
5.265723,4.86
6.7473497,4.56
7.024135,6.74
4.6461096,4.12
4.202137,5.9
6.272026,5.2
6.746346,3.74
8.013268,10.59
6.2797117,10.7
6.7954745,7.17
7.1634364,9.07
5.5016136,4.33
5.9969068,6.72
6.7749143,7.33
6.4405026,4.91
7.4973874,8.68
7.7467375,7.55
8.151846,7.82
7.253807,8.32
7.660457,5.88
6.2737412,6.62
7.4428368,5.17
6.5432267,6.87
6.772963,7.29
5.8995953,6.05
7.3075676,6.19
6.9786406,6.53
7.6006947,7.19
7.0404882,7.54
6.5403905,5.52
6.846009,7.47
6.6785154,6.66
6.262398,7.91
6.798067,4.92
8.04975,9.25
6.996216,5.55
7.5563245,7.77
5.7328005,7.18
6.8500934,7.89
6.8390446,5.66
7.874526,6.92
5.6713653,6.09
7.8318624,7.3
6.453475,7.17
7.100262,7.24
6.7237306,6.39
6.9758234,4.89
6.4838305,7.96
6.4317107,6.81
7.6539865,7.46
6.9751577,7.67
6.6991277,6.01
6.8396945,5.88
7.386041,6.59
6.8446345,7.79
6.831819,7.13
7.504503,7.46
7.6633515,7.92
7.275429,5.74
5.9370623,7.28
7.1862135,7.04
8.370769,7.6
7.048414,6.86
6.505388,6.67
6.5290833,7.27
6.325398,6.23
7.7805095,8.89
6.5088115,6.91
6.8301554,7.57
7.327322,9.11
6.3780646,6.87
6.751155,6.84
6.7989388,7.39
5.8076463,6.1
7.9596925,7.92
7.424645,6.84
6.989374,7.33
6.817053,6.48
7.031167,6.57
7.287016,7.54
7.459423,5.92
5.955863,6.11
7.8070765,8.35
6.987466,6.54
6.9618406,5.95
7.0918856,6.8
7.033112,7.54
6.483747,7.47
7.240885,7.4
6.9748654,6.82
7.4790635,7.62
6.5851665,6.67
6.461759,5.96
7.592973,6.6
7.7201257,7.96
6.81992,7.0
7.1038184,7.07
6.796891,7.46
7.085295,8.01
6.2822723,5.84
6.2897377,6.01
5.034445,5.1
5.989053,4.83
7.2916155,5.55
7.2167945,6.53
6.9185724,5.38
5.350588,6.62
6.3743916,5.31
5.38873,5.55
5.23108,5.39
6.903146,9.0
8.718374,7.74
7.7881203,7.09
6.555723,6.43
6.5183134,7.47
7.7507772,7.03
8.218762,6.08
6.57759,6.31
7.340797,6.66
5.614548,5.47
7.4575367,7.27
7.627557,7.3
7.015461,8.43
7.2996054,6.69
8.484189,7.65
7.7184324,5.95
7.916882,7.29
6.7918897,5.7
7.681597,7.58
7.617648,7.92
7.161888,7.07
7.2378635,7.31
6.335079,8.01
6.712268,10.29
6.8418946,8.12
7.470689,6.85
8.082343,8.24
6.9267635,6.22
7.8585215,6.12
6.17506,4.44
7.9219837,8.12
8.003939,8.52
7.3677077,8.12
7.4422936,7.47
6.601454,7.07
7.4878874,8.8
7.7461042,8.05
6.7252874,6.85
7.6886206,6.72
6.655341,7.31
7.61593,6.43
7.608042,8.04
6.9000635,6.24
7.572977,8.7
7.0628796,7.58
7.124032,8.14
5.3347254,7.56
6.762863,6.39
6.661024,7.23
7.66875,8.38
6.718109,5.65
6.417535,5.64
7.201063,7.61
6.771221,8.21
7.4378953,8.4
7.4900503,7.92
7.2800074,7.44
6.9587054,7.55
5.1317654,3.89
7.481703,7.03
9.045704,6.68
7.3502245,7.69
7.57252,7.11
6.7272167,6.08
7.3382072,6.66
7.5937524,6.97
7.035868,8.0
7.338196,8.52
7.822608,7.46
7.6168737,7.53
6.5580773,7.71
7.6629333,8.04
7.4220114,8.06
6.652944,7.48
7.289115,7.21
7.204759,8.31
7.2398853,6.67
6.3893976,7.24
7.0556803,8.59
7.4351645,7.74
7.621516,7.77
6.842373,6.26
7.409309,6.49
4.8409123,3.63
5.124204,4.85
5.4716687,5.11
5.0144777,5.19
5.743183,5.55
6.5535254,5.36
5.756793,5.95
7.2799616,5.92
7.3469067,5.66
6.4415493,5.74
6.6589527,6.89
6.6287537,8.4
7.5044103,6.61
7.0221972,7.8
6.65636,7.66
7.1179366,7.85
6.165896,7.0
4.8645687,4.88
6.3581443,7.46
7.3976555,6.4
6.565886,4.35
7.447798,4.48
5.8823113,6.51
6.364713,6.82
5.385312,7.55
6.95192,6.72
6.377093,6.07
7.0152383,4.52
6.055065,5.48
6.3802543,5.6
6.9782314,5.37
7.0402074,5.82
5.471565,6.16
7.226435,5.64
6.7312617,5.39
5.569547,5.72
5.2080107,5.62
6.7477875,5.66
6.0370884,5.09
7.065338,9.64
5.8059063,7.26
6.5234466,6.63
7.376687,4.21
6.393289,6.46
6.097827,6.34
5.7010245,4.31
6.8068027,5.6
5.904254,7.83
7.133112,8.51
6.653538,6.24
7.4880166,6.71
6.6394463,7.42
6.5452275,7.09
6.197282,6.27
6.5669847,8.42
6.0114584,6.18
6.860821,7.0
6.584942,9.39
5.754051,4.9
6.826342,6.12
6.99476,6.52
6.02963,8.96
6.1054296,7.85
5.0287924,5.23
5.5375524,5.39
5.6189685,5.17
6.0142946,5.1
6.4894857,5.21
5.9806013,4.98
5.365582,4.64
5.104352,5.2
7.2107797,4.9
5.2503037,4.58
5.882752,5.37
6.375133,5.05
7.1662016,3.66
5.551978,5.66
5.187276,5.24
5.283207,5.49
5.2807126,5.07
5.4495673,5.05
6.216941,5.34
5.3366604,5.29
4.9814262,5.0
4.8645964,5.17
5.364993,5.15
5.0200596,5.27
5.2028413,5.75
5.711139,5.09
4.9584365,5.24
4.9993873,4.98
6.247214,5.23
4.8328133,5.17
3.945757,3.14
3.9275405,2.19
7.0402927,4.43
5.9131055,4.3
5.602079,4.6
7.7458324,8.0
5.819757,7.24
6.506634,5.97
6.6463127,5.18
6.7981815,6.06
5.7136483,5.48
6.3426657,5.1
5.1658154,5.51
6.972348,5.31
4.4076614,5.45
5.027123,6.08
4.9742303,5.82
5.6263857,3.89
5.9765625,4.34
5.266801,6.82
5.177085,4.95
5.4227467,4.5
6.0883536,5.85
6.548666,6.43
6.34349,6.47
6.891334,8.19
6.0845714,6.92
5.186692,6.0
5.851342,5.23
6.609126,6.89
5.793746,5.2
6.3417635,7.0
6.6726985,7.46
6.397643,6.43
6.6200795,6.1
6.5079627,6.1
6.3154163,6.94
6.847761,6.96
5.384374,6.3
7.5254555,8.0
6.7951503,7.09
6.5927787,7.08
6.6613026,5.68
6.9691358,10.3
6.1204863,8.52
5.2738814,9.52
6.8264484,6.92
5.6052594,6.48
7.541475,7.64
6.691003,5.59
6.4248304,4.51
6.5477314,7.92
7.1402416,8.54
7.485151,7.56
6.5566635,7.21
6.547933,8.44
7.6120253,7.32
6.4292417,6.28
6.630379,7.59
5.0701027,5.97
6.8060584,5.06
6.99603,4.8
7.074046,6.68
7.033282,7.6
6.5892205,8.05
6.254796,7.86
6.123265,8.12
6.5725417,7.21
6.903791,6.33
7.0189023,7.0
6.735484,8.38
6.4338746,7.2
7.4583254,7.05
6.9879894,7.89
6.4772205,7.59
6.9154024,6.91
6.9036922,8.54
7.892495,7.51
5.5099516,7.32
6.828143,8.36
5.2390084,6.43
6.8656774,8.51
5.735795,8.13
5.5568876,6.56
5.660843,3.28
6.7902265,6.01
6.369518,5.82
6.6549215,6.03
5.526456,5.3
6.0908465,4.85
7.940098,4.42
6.980547,5.57
6.1621413,4.92
6.684563,5.8
6.3823066,5.84
5.4640837,5.33
5.722953,6.85
6.9601865,6.47
5.6382723,4.6
6.83586,3.13
8.085943,9.15
6.8158417,9.26
5.795684,5.55
6.706807,6.29
6.9520364,5.0
6.497401,5.77
5.225474,4.22
6.2944546,4.12
4.9447556,3.84
5.061356,4.6
7.106042,8.15
6.543795,7.66
6.893101,6.74
7.7264047,7.89
5.984173,6.82
5.8760724,5.03
5.4869795,6.6
7.8643456,6.68
5.090452,4.58
6.709876,8.28
6.6063166,8.96
6.3214626,9.64
6.1453605,8.01
6.407582,8.7
6.3877726,8.64
3.7351544,2.07
5.5992765,8.6
5.607813,8.39
5.275429,8.8
6.72602,6.51
5.383262,7.82
7.593196,9.05
6.5703382,7.39
8.549904,8.6
5.687431,5.2
5.3407946,5.07
5.8484426,5.0
5.9522276,7.25
6.6665473,7.5
7.1992235,6.18
7.008382,7.74
6.675652,5.36
6.9198728,6.89
6.4114766,8.01
6.654235,6.9
6.496259,6.5
7.1191196,7.11
7.565088,6.25
7.0080895,7.0
5.945604,5.02
7.3626995,7.28
5.431574,5.6
6.067305,6.0
6.7240176,7.0
6.526536,6.5
5.815281,4.76
5.8045726,4.51
7.682068,7.16
7.5677953,7.08
6.3213067,6.55
6.8000774,6.0
6.6047406,5.42
6.4859567,6.77
7.0158253,6.92
6.231748,4.9
7.530416,7.23
7.9496007,8.27
6.2006254,6.44
7.3255634,7.17
6.9623556,7.0
6.1343355,6.39
6.9323077,7.07
6.792385,6.74
7.1590395,7.66
7.320521,7.82
6.6912603,7.01
6.984432,6.77
6.5944295,5.33
7.0308695,7.92
6.9318547,6.7
7.3852882,7.23
6.2901173,7.54
8.23173,5.28
7.6505146,7.05
6.972409,7.62
6.3146577,5.9
6.895603,7.92
7.0821705,6.85
7.7654715,7.3
6.74915,4.89
7.2996054,6.4
6.564283,6.44
7.364336,5.57
6.936752,8.3
7.3091145,8.97
6.9260416,6.25
6.900461,7.72
7.3229876,6.73
7.2061725,7.06
7.708232,7.7
6.4918656,6.0
5.92925,5.43
7.673326,9.04
7.247137,5.89
4.963213,5.3
4.896535,5.79
7.578351,9.59
7.017033,9.0
4.9614463,8.57
5.1620555,5.67
5.511773,4.95
8.289168,9.08
7.1860003,6.02
7.687554,9.63
6.2589855,4.84
4.801142,4.32
8.370117,9.77
7.504611,9.28
6.784641,8.7
6.0446334,5.6
7.0211287,6.91
5.0209303,6.35
7.9974513,10.01
8.2716255,7.41
7.2369876,10.3
5.594866,5.55
6.7657137,7.47
8.044785,8.4
6.658993,4.59
8.227208,6.36
6.799853,5.06
5.241764,4.66
6.5370855,9.46
8.334764,9.74
5.905323,4.24
6.0679755,7.15
8.027914,8.1
6.2523003,4.43
6.330763,5.89
7.6924305,7.76
7.4843884,8.96
7.113965,5.04
5.8185606,6.07
5.457852,5.51
6.558359,5.34
6.2278357,4.74
5.306769,5.47
5.954595,4.7
6.5257373,5.83
6.4806046,5.28
7.779239,7.1
7.508769,7.7
5.9627066,8.17
7.8109045,6.88
6.64569,9.4
5.917351,6.63
8.050774,8.93
7.1513987,6.46
6.1143765,7.0
7.184363,7.53
7.0801573,9.03
6.9113984,10.06
6.0964127,7.6
7.586418,9.2
6.674812,4.71
5.6309385,6.7
6.755031,6.1
5.8057218,6.6
7.780917,9.08
6.689151,6.89
8.446994,7.88
5.897168,5.21
8.262754,10.22
6.9174337,4.72
6.268021,8.85
8.038847,7.9
8.1837225,8.6
7.8425713,8.8
8.158035,7.4
7.0102754,8.8
7.3986115,7.19
5.924905,5.5
6.474115,5.73
6.6443653,8.48
5.4976616,5.92
5.6400833,4.45
7.180741,6.48
6.3240557,6.13
6.6391606,6.87
6.920022,7.9
6.6560793,5.79
6.5539975,5.39
6.5967183,6.73
6.523456,6.14
6.410963,6.1
6.559865,5.9
5.743648,6.61
7.026666,6.19
6.383743,7.1
6.2523384,5.24
6.8136964,7.47
7.206376,7.35
7.1117063,5.71
6.4253445,6.5
6.7941046,6.97
6.205705,7.25
7.0933576,6.6
6.0573764,7.13
6.478522,5.7
6.2084527,5.98
5.8547173,5.44
6.927581,6.07
7.2599764,7.02
6.527787,6.49
6.1908617,8.47
6.2117233,7.5
5.693821,6.62
6.5647154,6.2
6.7521315,7.02
6.5644073,7.7
6.9675055,8.17
5.2561417,7.03
6.720613,6.6
6.1685014,6.29
5.6449137,8.2
7.118266,7.39
6.774189,7.8
7.467581,7.28
6.935343,5.71
5.755893,7.05
5.871555,6.06
7.5773716,8.7
7.132208,6.7
6.8659253,7.3
5.397716,8.89
5.596633,6.59
5.9280663,5.75
7.497471,6.52
7.488737,8.0
6.199438,7.39
5.4499636,5.36
6.1643777,9.43
6.479996,4.84
6.7415433,10.23
5.8090954,4.74
6.6637664,8.84
5.1968594,7.35
6.0903273,6.7
5.582094,8.92
5.9770894,5.92
6.534523,8.62
5.5385523,6.4
6.5735483,8.32
6.6427436,8.28
6.140203,5.34
6.5747995,9.51
7.075685,6.15
6.4581866,8.08
7.0589995,5.64
7.0345507,7.89
5.993709,5.8
6.140055,7.41
5.5731587,6.53
7.2941785,5.91
6.7376866,6.8
5.36287,6.3
6.2083325,9.0
5.89738,6.14
5.8983703,6.48
7.039327,5.08
5.394135,4.51
5.454884,5.7
7.078731,5.71
6.294272,7.1
7.1670566,5.52
6.102105,5.41
6.358151,5.0
4.7119837,4.0
7.168043,8.11
6.321689,7.64
7.190476,8.46
7.3090396,6.38
5.6202307,6.74
7.5871286,8.0
5.190422,4.5
7.595658,9.1
6.911004,7.1
6.3499446,6.57
6.679607,6.89
7.2396836,8.96
5.887335,6.2
6.8569126,8.89
5.582948,6.9
6.7714367,9.1
7.846309,8.0
7.868005,6.73
7.3302364,7.92
7.2169704,8.0
6.877061,9.03
7.4142222,8.31
7.2646403,7.55
5.5763125,4.2
6.7082777,9.52
6.540686,7.82
6.850409,5.8
6.76545,8.4
7.545861,8.2
8.392823,8.0
8.001589,6.5
6.4006896,4.85
6.8723054,7.95
7.755381,8.0
6.4726243,7.6
7.4597597,8.68
6.466227,6.46
7.108756,7.19
7.2342486,7.79
6.046487,5.6
7.391753,8.26
7.380406,8.0
8.099373,8.0
6.491841,6.43
7.5447984,8.89
7.592969,7.85
7.7282743,8.0
7.1478505,8.0
6.1905346,6.83
6.4198465,6.96
6.022861,6.0
7.376839,8.89
7.1500587,7.12
7.989766,6.58
6.9595985,5.9
7.6293707,8.3
7.225272,6.52
6.9982653,9.0
5.727207,9.7
4.784528,4.62
4.8637013,5.21
5.564711,8.15
6.210239,7.86
4.830518,5.08
6.9187927,8.52
4.766347,5.44
6.512716,6.55
6.0138702,5.54
8.102173,9.0
7.232724,9.4
7.9967356,10.0
8.461933,10.0
8.725312,10.0
6.5466595,6.1
6.642067,8.4
5.9158688,5.8
7.7366495,5.49
7.0939965,8.14
8.765587,10.05
5.6038437,5.02
7.0623417,8.11
5.933341,7.6
5.882702,7.48
5.355502,6.19
5.3961945,4.36
7.079945,6.41
7.4591517,6.9
5.739746,6.52
8.407635,7.82
5.3969965,5.2
7.9660735,6.6
7.7420435,8.37
6.352879,6.33
8.260161,9.4
7.851368,8.52
6.7027025,5.96
6.3609843,6.3
7.1624527,7.04
7.304353,6.59
6.135225,7.0
6.6883383,6.8
6.1351027,4.82
6.316315,6.04
8.296051,9.4
6.36791,8.37
6.3267236,7.33
7.13741,6.99
6.542239,5.8
6.4265695,10.15
5.8216887,6.32
9.034117,8.52
5.5097466,6.08
8.116804,8.7
6.832167,9.3
7.3446727,8.52
6.479824,7.77
6.342564,6.36
6.0274515,7.89
7.939161,9.4
7.2248383,7.38
5.956234,7.0
7.105509,8.11
5.4162464,4.7
6.31496,6.01
6.243428,8.49
6.2959094,9.1
5.8742423,4.6
6.098214,4.68
7.540255,8.4
6.012996,4.6
6.6923766,6.75
7.0135813,10.4
5.986507,5.9
6.8959208,6.51
6.7078996,5.98
5.730773,6.12
6.5635686,6.17
5.6902747,5.46
6.686221,8.05
6.0148177,6.01
6.0631247,7.51
6.7361436,6.3
6.398966,5.66
6.153318,5.6
7.777505,8.22
6.3287845,8.18
8.174967,8.52
6.4962177,7.18
8.106396,8.25
7.6429777,7.89
6.5880356,6.4
5.58828,6.31
6.00891,6.79
7.361797,7.9
8.474776,9.22
5.0681844,5.2
5.51769,4.6
6.520122,6.18
5.991763,7.05
7.4696846,9.0
7.015667,8.7
6.9659185,8.03
6.1969604,4.64
6.5373583,9.76
7.9619317,8.15
7.144717,7.57
6.1323433,3.9
6.83283,7.3
7.055435,8.23
7.131014,5.88
6.781478,6.89
6.587911,8.7
6.6384497,8.18
5.1164303,6.68
6.6026354,7.85
8.013645,7.28
7.6408167,7.34
6.555635,8.59
6.7439814,5.94
6.57219,7.92
7.1647224,7.94
7.8073483,6.68
7.0226917,6.44
7.044758,7.54
7.508957,7.4
7.0698743,7.2
7.1126075,8.55
7.782094,5.76
5.937718,7.33
6.2390575,6.76
7.5825305,7.39
5.7615128,8.27
5.721058,5.04
7.003816,9.34
6.05225,7.09
6.445304,6.8
5.559456,6.09
7.34369,6.67
5.152061,5.51
6.4944625,6.73
5.0652566,5.24
6.792155,7.51
7.690751,7.89
7.2640076,7.06
7.202715,5.73
5.656552,6.53
6.3857045,7.86
7.0026746,7.89
6.4026346,6.57
8.128293,8.55
7.965765,5.72
6.393602,6.45
6.7954507,6.7
7.0957384,7.48
7.669092,6.24
6.7268114,8.52
6.8610926,8.3
6.544068,6.37
6.9906693,6.0
7.2371883,5.85
7.6903415,7.54
6.124272,8.39
5.909375,5.84
6.4254036,7.77
7.259196,6.91
6.274943,6.71
7.126741,5.72
6.488783,6.26
6.963407,5.45
6.416881,5.38
7.0857973,6.57
7.0462694,8.3
5.850133,9.06
6.159475,6.5
6.085055,7.52
6.0224957,5.4
7.703085,8.8
7.185122,6.12
6.563866,6.6
6.187651,5.9
6.630638,7.9
5.2688055,7.64
6.3203025,8.59
7.6497946,8.21
7.871165,7.24
6.2628803,5.82
7.8344927,5.56
7.7270713,8.46
7.018494,4.48
6.1927595,7.1
6.74286,7.85
7.5548463,7.28
6.6870637,5.97
5.427808,6.37
5.6011333,5.77
6.4642305,6.66
6.4809923,6.9
5.8883924,5.96
7.245718,8.52
6.4899945,7.24
7.760953,7.31
7.2970715,7.03
7.5094604,7.51
5.848796,5.97
5.3137374,4.19
8.004511,7.28
8.102651,8.18
7.500822,8.4
6.9202995,7.72
7.2830167,6.8
7.9858694,6.97
6.387804,7.94
6.2101407,6.22
6.97793,4.5
7.4056244,8.22
6.3564734,5.8
4.9273467,4.92
5.3641014,4.64
6.2215343,6.15
6.535175,9.0
6.562779,6.69
6.340756,7.82
6.7655625,6.4
7.669912,6.64
6.441167,6.59
7.6827354,8.06
7.30417,7.74
5.2223735,6.33
7.171928,5.59
7.3941765,8.5
6.78116,5.9
5.3811064,7.8
5.799829,6.0
6.6819887,6.92
6.4817247,6.35
5.6785445,6.2
6.826583,8.19
5.365879,6.6
5.492256,4.48
7.4741855,8.2
6.2460117,8.0
6.6746426,6.01
6.4247613,7.0
7.4244995,5.55
6.0079327,7.55
6.492796,7.92
6.7982526,6.44
6.622373,6.5
6.5687523,7.3
6.220355,5.5
5.0922155,4.4
6.027888,6.6
6.5276246,7.96
6.402469,6.0
6.1110015,6.19
8.153294,7.2
6.3508782,6.19
6.4559736,5.48
7.134695,6.17
5.6935015,5.5
5.491745,4.61
6.485207,4.66
6.9927278,8.52
5.8202963,5.52
7.0957613,6.4
6.397925,6.11
6.797331,8.62
5.4749565,4.73
6.2873693,6.7
5.6641774,4.8
5.935851,6.62
6.7714987,7.12
7.220744,7.48
7.2453394,9.6
6.453383,7.25
7.475564,8.35
6.0027685,7.15
7.237615,4.31
7.2534323,6.6
6.3174562,7.35
6.1168666,6.45
6.340167,6.01
6.44709,5.99
7.6376143,8.52
5.586807,4.52
7.7013097,6.69
7.3439384,5.4
7.2907476,7.66
7.3908896,4.78
6.3979735,5.79
6.0785723,8.46
5.9961967,5.14
6.3850126,6.52
6.905424,6.5
6.4754314,5.89
5.8969855,6.63
5.4891205,5.62
5.108126,5.06
6.2840714,5.89
6.196367,5.61
6.991233,6.07
7.2546883,7.01
6.819093,7.13
6.6538897,7.21
7.1190996,7.8
6.8215065,6.32
7.358223,7.12
6.3742824,7.19
6.771584,6.26
7.0091257,5.8
6.2728596,5.55
6.1530557,8.07
7.504328,8.43
6.555292,6.16
5.757542,5.74
7.281877,8.64
6.9633822,6.2
5.9788146,5.9
5.7846956,5.22
6.523104,6.77
6.1914263,7.7
6.6621475,6.43
6.47453,5.2
6.355477,9.52
7.449633,7.1
6.452256,6.17
5.294975,4.95
6.004258,4.93
5.6883593,5.66
5.818529,5.64
5.6569443,5.23
7.1458106,4.77
6.4934773,6.3
7.1793714,6.85
7.2099123,7.92
6.922126,6.05
6.4610496,8.74
6.7413983,8.96
6.7162313,9.31
5.7795744,5.47
7.0212398,7.05
7.1611967,5.99
6.450941,5.93
5.474267,5.8
6.3296723,4.82
5.204205,5.41
5.963687,5.6
5.674404,4.54
5.8614354,5.21
6.999025,5.06
7.986416,5.39
5.803883,3.37
5.549764,5.6
6.6149726,4.98
6.9003167,5.64
5.0549784,4.39
6.526929,6.74
6.5096135,8.1
6.5119777,7.01
7.3168483,6.92
5.359619,5.55
5.6999264,6.85
5.9876494,7.0
6.1504145,8.6
5.109915,6.4
6.9573827,7.41
6.908742,5.07
6.7299414,8.02
6.974456,6.92
6.9456744,7.89
5.863309,5.93
5.9860864,7.15
5.148112,5.64
5.599802,5.72
7.0025377,6.24
5.7482185,8.64
8.089086,9.55
4.254263,5.51
5.1257496,5.84
4.859041,6.49
5.2267966,5.22
5.7824254,9.0
6.2349405,6.41
7.19465,6.92
7.262639,8.2
7.2372255,8.5
6.687026,7.55
6.960735,6.26
6.591168,7.93
6.697014,6.19
6.9140625,10.0
6.808231,6.68
7.14373,9.7
8.258481,6.0
6.313469,9.3
6.187984,5.09
7.6769104,8.7
7.5675154,6.85
7.2897725,8.49
6.908781,9.1
7.473643,7.35
6.7868857,7.9
6.5120025,5.64
7.334239,9.05
6.3167768,7.1
7.0812497,7.42
7.0852494,8.8
5.4816236,5.56
7.2275267,7.96
6.750319,7.74
5.238077,7.96
7.0817976,8.02
6.892282,7.2
7.495164,6.44
7.796358,7.89
5.488522,6.82
5.0099673,4.18
7.1384616,6.15
4.904918,5.68
5.4952135,6.18
6.969096,7.15
5.5878167,6.44
6.9484463,5.6
7.1033134,7.34
7.8836784,8.0
7.268472,7.26
7.5651765,4.45
7.799027,7.71
6.7134104,6.76
4.8981667,5.71
5.9086175,6.37
6.30622,6.51
6.7698703,3.95
6.2075324,6.44
5.2308693,4.3
4.994233,5.07
4.8891616,5.38
6.5668387,4.65
6.6335607,6.92
6.8503127,9.25
6.3442683,5.5
5.4153237,7.4
5.470944,4.9
6.3033094,7.2
5.7518373,5.1
7.0118957,6.95
6.5039816,6.4
6.584725,6.73
6.7061534,6.33
5.8984723,9.35
7.1524863,6.88
5.7619553,3.64
5.72875,6.76
6.7978344,6.12
5.483316,4.56
6.797426,6.22
4.3821535,4.41
5.4008603,7.31
5.4835153,3.54
5.2973742,6.74
5.76224,7.4
5.837689,6.58
7.3666673,7.05
6.4090676,6.1
6.2854395,6.14
6.292746,7.13
6.1728,7.96
6.380892,7.57
5.860297,6.65
5.5238914,6.94
5.448778,3.95
5.7179875,5.48
5.89799,4.36
6.3252068,5.8
4.994391,7.82
5.6185293,6.4
5.6698556,6.76
5.6811395,5.0
5.275303,8.27
5.737887,5.03
5.643297,4.21
4.775438,3.76
5.432831,5.24
5.852269,8.68
4.9819984,4.96
6.4044538,4.42
6.915627,6.51
6.7444873,7.32
6.470928,7.09
7.310159,6.68
7.168883,9.05
5.916671,5.53
6.3499494,7.22
7.0343866,6.77
6.5541897,5.79
5.31435,8.4
6.911677,8.7
6.6153436,8.15
6.5976825,5.39
5.2834883,5.89
5.7956815,7.34
5.9551873,5.43
6.0399294,5.94
6.1540747,7.66
6.0190134,5.89
6.378208,6.0
6.1584287,6.36
6.1650715,5.41
6.948006,8.26
7.0904894,5.36
7.664022,7.24
6.090944,5.64
6.4152455,6.55
6.5207295,6.16
6.7949295,5.01
6.3425198,5.82
7.2066393,6.86
6.4371486,6.11
5.640818,8.31
6.146166,6.04
5.8889174,6.66
6.338211,5.62
6.81298,7.34
7.0318213,8.7
6.8469596,7.19
7.8945694,7.55
7.0630083,6.81
7.8831286,8.53
7.804564,6.88
7.4272785,7.45
6.709409,7.24
7.4289412,8.24
6.6011524,8.15
6.7737722,6.67
7.400423,6.93
5.7140913,7.66
7.1220655,9.0
7.255166,6.32
6.534131,5.92
7.770903,7.97
7.0117407,7.65
5.9867887,8.52
7.2750645,6.96
7.9689374,8.02
5.3617973,7.96
6.6543417,8.11
5.2434754,7.34
6.349263,5.52
6.565297,8.31
5.4124603,5.37
5.8207564,5.56
4.461976,3.4
5.375312,3.92
5.8590465,6.69
5.916113,5.2
6.553626,7.28
5.590087,6.09
5.6118793,6.23
6.301489,7.07
7.1174726,8.32
6.1188064,6.6
6.255881,7.08
5.9162874,7.89
4.8692737,3.98
5.2769423,4.15
6.9910593,6.1
6.8704085,7.77
6.0984645,5.3
5.5105577,5.55
5.775452,4.36
7.3128757,5.28
5.179036,4.57
6.457981,6.21
5.7142334,7.46
5.3237677,6.1
5.6560183,5.17
6.35363,5.25
7.1605663,6.65
7.450962,6.55
5.8211412,5.52
5.374223,3.79
6.44769,8.48
5.2116146,5.77
6.050787,6.44
6.5706744,5.88
5.401084,4.86
5.475305,6.08
6.555161,7.45
5.199834,5.22
7.398718,6.77
5.739773,6.3
5.4043183,6.22
4.7021847,4.62
4.929316,5.74
5.874838,4.51
6.3813715,5.21
6.8881264,6.54
5.441414,4.87
6.594303,5.74
5.552847,8.09
6.034872,10.19
5.240724,2.1
6.1625915,7.26
6.159473,7.77
6.0283895,9.11
6.550541,7.0
5.6371684,5.48
5.479301,3.82
5.3350277,5.35
6.316565,10.0
6.2201924,6.75
5.9113927,4.09
6.8186183,7.32
6.3928256,6.26
6.5826554,8.09
5.725767,4.48
5.3083963,4.47
6.7762465,6.21
5.6176157,7.11
7.185442,8.73
5.590514,4.24
6.1908703,6.18
5.955646,5.14
5.0863385,5.7
5.9724016,7.66
5.597129,5.07
7.632826,7.51
5.583823,4.96
6.3131194,7.24
4.993244,7.49
5.248835,6.9
5.275793,4.5
6.9818463,4.09
5.715706,6.74
5.370085,6.15
6.1476707,8.52
6.012415,7.89
5.3468833,7.42
6.3791747,6.35
6.347563,5.46
6.7714605,7.19
6.0985255,9.65
5.6186614,5.52
5.1649046,2.92
6.2951365,8.46
5.592308,5.32
6.2132306,8.42
5.8543944,6.29
6.535805,4.8
7.8389773,6.08
6.0302505,4.86
7.5215826,8.1
6.7664113,4.3
6.311475,8.0
8.054194,8.0
5.317474,5.6
5.4732685,5.8
7.392934,6.57
6.279951,5.19
7.450681,7.46
6.6389947,6.82
6.458565,5.6
5.962183,8.68
6.7329726,7.68
5.806473,7.71
6.086622,5.59
6.050189,7.77
6.1112394,4.33
6.241163,7.38
7.7477326,5.51
5.795414,5.7
5.116036,6.47
5.557983,5.36
4.7677417,4.92
5.88802,7.21
6.990675,6.3
5.657263,4.92
6.3731556,6.6
6.0371733,6.48
6.672192,7.4
6.062615,5.51
5.394493,4.56
5.5541496,6.1
5.984928,5.57
6.335825,5.24
5.4191527,4.85
6.232667,7.64
5.0491924,5.84
5.952306,5.05
6.5659547,7.82
6.648029,6.4
7.2785516,7.48
6.698219,6.2
5.599264,5.34
6.944728,9.0
7.054488,6.39
7.0390973,7.22
7.376116,8.05
7.0469136,7.04
6.4179597,7.55
6.5241523,6.1
7.274125,8.41
7.2864933,6.2
7.120335,7.0
5.5645256,6.7
6.9771585,7.42
6.605405,7.55
6.9059157,7.66
6.229187,8.05
6.9526463,6.57
6.530969,6.88
6.2155294,8.59
6.1797147,7.25
7.553836,7.19
6.2202816,5.8
6.9185534,8.36
7.0497093,7.24
6.060239,5.8
6.9230084,6.62
7.401017,6.39
6.4684887,5.44
7.1948752,8.18
6.8366218,7.59
6.436432,5.51
7.0543227,7.7
6.145671,6.8
6.911927,7.52
6.963046,7.85
6.929694,5.19
7.283179,8.61
6.977243,6.64
6.9428883,7.55
6.44993,6.69
6.9050975,7.62
7.345594,8.34
5.745778,6.19
7.398078,8.96
6.195245,5.94
7.9420033,7.99
6.1975117,6.37
6.0820227,6.3
6.437081,6.03
6.5999374,7.54
6.957898,6.14
6.0066338,5.92
5.4673357,5.47
5.968204,6.5
6.3162827,5.28
6.214544,6.3
6.257708,6.49
7.032388,9.21
5.665709,6.59
6.5336776,5.92
6.1947074,9.92
8.012691,6.93
5.779397,7.55
6.219238,6.67
5.930014,6.4
7.375068,5.59
5.814576,6.92
6.26777,6.26
5.5530167,4.74
5.250281,5.92
6.958189,5.57
6.077537,6.87
5.789467,5.08
5.1610923,5.31
5.3635244,5.24
5.6059937,9.29
5.783278,5.33
5.938194,4.92
5.5933022,6.95
8.661421,6.87
7.460899,4.94
4.8512964,6.07
6.57114,6.33
5.9248633,5.31
5.92237,4.14
6.0667763,5.92
5.581094,6.69
5.2774353,5.68
5.069664,8.41
5.5763855,5.44
5.3776784,6.3
5.3478065,6.03
5.614085,4.4
7.4224806,7.23
5.5444717,6.72
5.6749096,5.32
6.98224,6.37
5.7354565,6.76
5.7278075,6.44
5.5633516,6.79
5.6099925,7.1
6.230443,7.82
5.123335,3.41
4.790709,3.74
4.2496786,5.0
4.465139,4.4
5.802246,5.59
5.1376824,4.57
6.1964936,7.99
6.0528827,6.55
5.264064,5.01
5.5640235,7.0
5.05678,4.82
6.2704268,7.58
6.418655,6.91
6.9991336,8.0
6.7834377,8.51
6.3901916,4.82
8.326966,8.11
8.881931,5.39
5.7576623,10.1
7.261949,8.05
6.221142,6.05
6.156088,5.2
5.8723087,6.15
6.2128277,8.62
5.208783,8.05
7.860141,6.69
6.413321,9.15
6.6789804,5.0
6.2874885,7.72
6.5920386,4.54
6.8679132,7.1
5.854257,5.44
7.6386786,5.89
7.397652,6.32
8.143491,8.0
6.8148603,7.14
6.748697,8.68
7.5985885,8.87
6.6254964,6.59
7.1122675,8.05
6.3712497,7.06
7.1298656,7.44
6.376306,6.58
5.601698,5.72
7.172084,7.01
7.155115,8.09
6.812179,8.24
6.5448112,9.48
7.049034,11.0
7.4156613,8.3
7.2332006,7.08
6.0427256,7.21
7.28851,7.98
8.345413,9.59
6.9091015,6.74
7.9623513,10.24
6.587469,8.0
7.3984513,10.0
6.6116786,7.8
7.0724974,9.7
7.280638,7.93
5.718916,6.02
6.3454814,7.46
5.6934204,6.72
5.7150145,10.0
7.9124327,7.17
7.1495066,6.86
5.461318,6.32
7.499206,9.4
6.596618,7.7
6.23907,4.62
6.5536633,7.33
6.229289,7.87
6.6550593,7.39
6.157105,7.89
6.7711687,7.32
5.8577538,7.05
7.2763553,5.0
5.9886227,5.04
7.072758,6.34
6.2867246,3.91
5.5790577,3.29
5.655729,6.49
6.3847404,4.05
5.6364985,5.0
5.038127,4.13
6.9589105,8.4
6.4877715,8.3
5.6175876,3.96
7.274094,6.99
6.584906,5.15
5.7518344,5.54
6.5286646,4.19
6.348857,8.07
6.129508,3.11
6.066824,6.27
5.4718294,4.39
5.680794,7.82
5.8592124,7.37
4.726368,5.51
6.465696,7.27
4.7212524,6.3
5.374454,5.89
4.9651628,4.81
4.9471426,4.86
6.5680757,5.29
6.4295125,4.08
6.5280647,4.03
8.202805,9.44
7.328132,9.72
6.639759,5.2
7.0410843,4.72
6.3302507,6.3
6.9922395,8.8
5.567065,6.12
8.651469,7.15
7.9959893,8.7
7.291526,6.3
5.73309,6.17
7.011298,6.3
5.9426146,6.08
7.7547865,7.89
6.0203547,5.85
8.050086,6.3
7.1131134,5.55
6.2205133,6.11
5.81602,6.0
6.1131525,7.3
5.4988008,5.77
6.730279,5.6
7.6132727,9.0
6.786285,6.3
5.4870358,5.34
7.1262345,7.06
6.761669,7.3
7.808317,6.68
6.868169,6.3
6.1755676,6.3
7.9346123,8.3
8.740066,8.52
7.3619595,8.3
7.4641423,7.19
6.9518824,8.3
6.8613696,6.3
5.7358384,8.72
7.703027,8.1
8.595533,9.64
7.492291,8.3
6.8020515,5.9
7.141232,5.36
8.407972,8.52
6.8023524,7.0
6.684554,7.82
6.8582196,5.27
7.264568,6.24
7.0398717,6.02
6.225984,6.3
7.7744026,7.23
7.6671424,7.8
5.002685,7.21
8.090755,5.68
6.3898025,5.96
7.382253,8.3
7.6799912,8.4
6.2039866,7.3
6.6732616,6.3
6.4208384,6.13
7.405719,6.31
7.3460045,6.21
6.870166,6.19
5.8750787,5.98
7.3396664,7.12
6.6323857,6.91
5.767964,6.35
7.4326067,9.52
6.752104,7.0
6.5267444,7.3
8.682025,9.82
7.9670644,9.64
6.4296174,7.3
6.179048,5.54
8.64459,9.0
6.2873487,5.6
6.0976124,6.8
6.9700327,5.26
6.9273887,8.7
6.0607095,5.98
5.974795,5.96
6.898084,6.39
7.420917,8.25
7.073492,3.86
5.548783,5.4
7.070997,8.52
7.005585,6.87
6.739532,6.25
5.3594484,5.43
5.63359,5.22
7.4161806,6.41
6.37064,5.63
6.510585,6.92
5.425024,5.2
5.530537,5.0
6.7385097,6.64
6.177784,7.62
7.5035973,7.12
7.5009017,8.21
7.510382,8.05
6.168042,7.31
6.758345,6.17
5.1452045,4.65
8.709108,8.64
7.11226,7.51
6.3463445,6.59
7.257985,7.46
5.930088,5.22
5.4711785,6.3
7.3470893,9.65
6.763322,5.68
5.134528,4.14
6.0032225,6.0
6.1614914,8.1
6.714784,5.22
7.3135624,8.0
7.5033994,7.43
6.3026757,7.5
6.2840924,7.72
6.8137407,8.85
6.0640335,5.13
6.533635,9.3
7.50134,8.52
7.1440916,7.09
6.323444,6.2
6.470617,5.42
6.057817,5.09
6.451112,4.8
6.2124634,5.09
6.063987,5.11
6.7753406,8.13
7.2517323,7.74
5.847,7.36
5.8067627,5.0
6.952793,6.82
6.5008907,8.52
7.206277,8.7
6.4662604,5.14
7.390036,7.23
5.9971075,8.1
6.413057,6.51
6.4579673,8.49
6.228695,6.68
6.228235,6.48
7.2936254,7.41
6.389801,6.14
5.6198473,4.5
6.774902,8.57
7.0378222,7.01
7.707823,8.4
7.2681065,7.7
6.2782373,5.7
6.35679,7.08
7.60789,7.28
7.740998,7.14
6.9992003,6.15
7.458169,7.82
6.809623,7.82
6.3035436,8.89
7.5052767,6.24
5.844932,5.73
6.546508,8.51
6.616793,7.48
8.122145,7.89
7.233663,9.18
6.8192916,8.52
6.798223,9.32
6.422472,8.52
5.723654,8.22
5.3087955,6.26
5.7371736,5.15
6.0670147,7.92
5.8521867,7.18
6.7068977,7.3
6.8730645,7.4
7.973001,7.5
6.726766,8.15
6.1903005,7.3
7.9001513,5.82
5.8982816,4.99
6.462047,6.34
5.933289,7.2
7.3724036,7.62
6.844556,5.8
6.900512,8.3
5.492052,7.86
6.585479,8.52
6.2660637,7.4
8.31223,7.7
6.4395933,6.17
6.0903835,6.6
7.449896,7.66
6.936561,5.86
6.294251,6.49
5.833701,6.46
6.4660125,5.27
6.095437,8.59
6.7565875,7.01
6.9253364,6.98
7.4477234,8.3
7.0351834,4.8
7.1413207,7.05
5.7505755,8.85
6.9410005,6.89
7.769965,6.7
5.8969307,9.48
6.1839037,5.12
6.693913,5.64
6.655024,7.89
7.408339,7.11
7.6357126,6.49
7.319515,8.66
7.604124,5.45
5.595001,4.4
7.049186,5.74
7.2935324,8.08
8.662434,9.16
6.979232,5.23
6.410714,5.54
5.0852437,5.02
8.269822,8.06
7.4313183,7.08
5.571123,6.28
6.053587,7.48
5.6188054,5.24
5.5404577,6.8
5.673703,5.6
5.9686065,4.94
5.9502487,5.24
7.3226285,7.44
6.492026,7.68
5.8544674,6.22
6.2951846,5.0
6.4340653,7.15
6.138197,4.82
5.601859,5.22
7.733245,6.14
6.990043,7.42
5.7514496,6.29
4.998162,6.7
6.195814,4.9
6.787159,5.48
5.9434357,8.34
6.116644,5.25
6.004179,4.57
6.336613,9.74
7.7294126,7.12
5.383362,4.32
5.7381487,5.7
6.6598396,6.34
6.1873775,6.46
5.097592,4.78
5.9349723,6.08
5.921612,4.0
7.545833,8.0
5.7569356,6.42
5.8484497,6.32
7.730582,4.82
6.728981,7.72
5.2995124,6.1
5.8591514,4.29
6.4381347,8.26
6.077689,7.21
5.459118,7.32
6.096217,5.85
6.183376,7.03
5.8009377,6.07
6.1686273,6.8
5.4239902,4.5
5.6565495,5.34
5.272826,5.74
5.5748615,4.9
7.567954,6.46
6.176389,6.89
6.1687913,4.85
6.1601224,8.77
5.753169,7.13
6.88236,7.57
6.1463623,5.67
5.587984,5.1
5.0820217,5.92
7.0241685,8.57
6.3830543,5.3
7.82939,6.59
6.016511,6.62
7.180351,8.0
6.3377385,7.54
5.581831,4.52
6.881542,6.77
6.8382525,5.5
5.4324822,6.2
7.1820226,7.0
7.039549,6.15
7.141509,5.66
7.154375,7.0
6.947736,7.0
6.6679106,6.48
5.31312,5.28
6.995647,5.72
6.600857,5.4
7.973814,5.22
6.888384,5.72
9.599393,7.0
7.2843266,6.25
7.2980137,6.89
7.416324,6.49
5.5603123,8.25
6.3244267,5.5
6.768064,6.3
6.842433,5.83
5.8720756,7.05
5.4837403,4.8
5.5023065,4.55
7.310952,7.07
7.2727575,7.56
6.214402,6.12
6.1362934,5.59
6.6077557,5.21
6.508415,7.05
7.376071,6.39
8.051502,7.49
6.44465,6.14
6.932531,6.86
6.0516925,6.32
5.754733,6.72
6.6042504,8.96
7.110338,7.24
6.573115,7.74
7.536,7.71
6.7005725,6.17
5.5174093,5.31
6.2446933,6.0
7.9461403,8.1
6.620301,7.44
5.875894,6.53
6.564777,6.09
8.052067,7.52
7.0018864,7.77
7.1950645,7.67
6.9227395,5.29
6.4824553,6.3
6.475638,6.82
6.0478697,5.54
6.46868,6.86
5.5829444,6.21
6.4913993,5.34
6.8965926,5.21
6.811453,5.43
6.293527,5.66
5.179095,5.58
6.390185,6.3
6.9462776,6.52
5.582976,8.1
6.159257,6.22
8.297863,9.3
6.7782135,6.1
6.047695,5.0
5.358283,6.12
5.789945,5.85
7.4242187,6.96
6.2170615,7.6
6.110804,6.0
6.234267,7.57
5.649172,6.28
5.3076,4.29
6.666704,6.48
7.957773,8.37
6.3424134,6.51
6.987957,6.2
6.418146,7.1
6.6630654,6.57
6.997924,6.32
6.1715145,5.25
7.224307,7.19
7.9351387,4.85
6.0276394,5.0
5.754404,5.32
6.029062,5.02
5.974873,6.5
6.8917584,5.94
5.181885,6.63
6.1167326,4.52
5.9084954,3.76
4.6006365,4.74
4.516752,5.6
4.856657,4.39
5.362696,4.93
5.402407,4.01
4.7919292,3.57
5.9105906,6.22
5.7323656,5.01
7.4050064,6.3
6.596407,5.65
6.9119396,6.49
6.8422985,7.7
6.8272195,6.48
6.305367,7.92
5.2107897,7.41
6.992715,5.4
6.553003,7.01
6.994611,6.94
5.218054,6.26
7.0579996,5.31
5.2683077,5.58
7.044782,9.3
6.091986,6.07
6.108152,6.21
6.285182,6.4
6.6558065,5.8
5.440483,6.24
6.8244767,8.55
6.8309174,7.89
7.201413,5.81
6.518221,6.46
5.968819,8.21
5.366747,6.44
6.7616453,5.6
5.96582,5.2
6.07573,7.07
5.8777547,5.28
6.2135777,4.67
6.4621224,7.17
6.1606913,4.04
4.9928813,3.66
6.2983522,3.94
6.395935,8.52
6.927955,8.52
7.970313,7.82
6.920469,7.04
6.52786,7.72
6.803768,9.0
6.1399975,6.0
6.1994977,8.03
6.774465,5.89
6.2424464,7.05
8.050747,7.43
6.236035,7.02
7.708027,8.24
5.0927014,8.4
6.6725397,7.81
6.492982,7.24
5.919168,6.89
6.3212686,4.37
6.605879,9.0
7.8211565,9.4
7.3783913,6.89
6.935745,8.49
5.5042415,5.0
7.7131686,7.32
5.9684825,7.49
6.0310555,5.09
6.39833,8.41
7.527644,8.62
6.253761,6.07
6.560805,7.8
6.1215367,5.32
6.0246496,6.66
7.1699314,6.93
7.163482,5.52
7.147488,7.11
7.391049,8.12
5.9282274,7.0
6.8945127,4.92
6.50567,6.57
7.4528594,8.89
6.3601627,6.14
6.542543,8.92
7.679418,8.48
5.2053585,5.72
7.9081793,9.1
5.2553215,5.53
7.4589314,7.82
6.1658616,7.3
6.7660775,8.1
6.3686695,8.59
6.199664,4.15
6.78724,7.54
6.969507,8.3
5.2114396,2.98
5.341011,6.54
6.6054087,7.01
6.37914,6.36
6.199625,5.53
5.5879354,7.82
6.4668303,5.4
8.287998,8.44
7.664714,7.77
6.736628,7.34
6.2467594,6.27
5.1159086,6.0
7.024673,6.76
7.2302384,6.27
6.5510607,8.07
8.054106,8.12
6.6619444,7.52
7.371378,8.05
5.9683356,7.04
6.616718,8.3
5.433014,7.22
5.383909,6.48
5.6514874,6.59
5.910246,7.37
6.21909,6.8
5.0352664,6.7
4.866587,6.3
5.593333,6.19
5.767462,6.22
6.576138,6.14
6.1970544,7.04
6.033964,7.35
5.498675,6.7
5.8965154,7.6
6.880422,6.59
6.284117,6.98
7.882211,5.49
7.1740456,7.44
7.375411,5.21
7.1844444,6.88
5.876718,6.68
7.985528,6.7
7.1108356,5.69
6.6987453,5.0
6.921481,5.87
5.428382,5.3
6.797388,9.39
6.9392934,8.52
5.659658,4.3
7.0655184,4.56
6.8898935,5.95
7.4236774,8.62
6.6579466,7.23
6.6265445,8.48
6.941937,9.0
5.862817,4.95
6.7577376,7.89
6.718329,6.08
4.998227,6.0
6.222605,7.35
5.784918,6.07
7.084503,5.9
5.5228477,7.25
6.328092,8.44
6.4439235,6.86
6.006364,6.66
6.598682,6.98
6.3113914,6.02
6.540011,7.61
6.719407,6.13
6.580395,5.2
6.5012035,6.98
6.1502647,7.19
7.6390944,7.0
6.756954,6.95
6.06945,6.83
6.7201447,6.74
7.752871,6.92
6.9944863,5.96
7.0756674,7.26
6.848037,7.0
7.0183964,6.22
5.999925,4.99
6.5405993,7.3
5.3673725,6.38
6.6691003,7.0
6.5169363,6.06
6.802436,6.79
5.7489314,5.2
6.7289658,6.92
5.550631,4.94
7.122654,7.03
6.1245933,5.27
6.9553213,7.0
6.1428223,8.35
6.6932373,7.13
6.528989,7.1
6.1151514,6.25
6.264678,6.62
6.633406,7.3
5.641061,5.51
6.8470016,4.57
7.2572765,7.0
5.732858,5.16
6.85749,4.92
6.402891,4.51
6.099311,6.86
6.7287145,6.06
6.187604,6.63
5.844885,6.52
7.0603733,7.3
7.091284,7.0
6.6819363,7.33
6.8217525,5.51
5.9144826,7.1
6.4590507,7.65
7.3305926,7.0
7.124898,7.3
6.737145,6.77
4.6712923,4.49
4.4127336,5.04
4.8784313,4.6
4.5663633,4.89
5.3751965,4.62
5.9516373,4.7
4.2644773,4.6
7.544216,4.96
5.9168754,4.85
4.932721,5.29
5.2470446,5.43
6.7491074,5.25
7.0694466,5.08
7.2065716,8.3
6.370658,6.6
5.9517736,7.11
6.245747,6.85
6.6050277,7.05
6.68676,6.72
7.113568,9.2
7.0942225,8.3
7.3236938,5.1
7.174088,6.7
6.3762603,6.2
6.9182,6.08
6.615283,6.54
7.857869,9.05
7.6718493,7.99
7.16095,6.9
6.2364154,8.05
6.7261367,7.17
7.388692,8.54
6.2357216,5.95
7.9372234,9.4
7.237033,7.64
6.9830647,7.82
7.485715,6.99
7.624836,5.0
7.593555,7.68
6.906085,9.0
8.131388,7.74
7.1447473,9.04
7.081213,6.72
6.7484055,9.52
7.0283465,9.43
6.152481,7.72
6.970633,5.95
8.066477,7.62
6.972691,8.68
7.815772,7.02
6.360622,6.39
6.4958315,8.6
5.7037873,6.64
7.261145,8.92
7.0226407,7.77
7.215067,6.39
6.698102,6.0
7.4297104,8.89
7.125209,7.38
6.0457153,5.99
6.7560625,7.77
6.619368,7.25
7.2493777,8.23
6.84827,6.6
7.0598993,6.11
6.9307585,6.1
7.313997,8.4
7.5743647,7.54
7.572358,6.92
9.163338,7.33
6.189938,7.52
5.835965,6.47
6.1800327,7.01
8.138432,8.97
5.401784,6.57
6.61552,3.89
6.9049573,5.02
6.991832,9.26
7.5908303,7.81
6.463542,7.7
5.381377,4.95
7.653984,7.73
7.213911,5.48
6.382765,5.2
8.00931,6.57
7.5864763,8.1
8.4634905,7.86
5.9960938,4.6
6.6749516,6.88
6.130538,3.8
5.7644114,6.24
5.84854,4.34
6.355829,5.22
5.119919,4.96
5.813668,4.66
6.1510477,5.39
5.7755857,6.68
6.6510377,5.4
4.7246666,6.05
6.5504217,7.3
5.9405675,6.5
5.4480596,5.78
6.151493,5.69
5.521903,6.6
5.6841736,4.41
6.188581,6.87
5.7898417,7.9
4.9657717,7.24
5.689554,6.08
7.864027,5.3
5.7988644,7.74
7.082998,7.94
6.436526,6.54
6.8402267,8.7
7.6195736,7.46
6.4862156,5.75
6.3140945,7.05
6.7387075,13.0
6.299643,5.22
6.4321694,7.51
6.680721,4.18
5.5664806,5.77
5.475406,5.96
4.4562902,5.45
5.6692634,6.15
4.966949,7.2
5.235904,3.1
5.432866,3.3
5.088665,5.7
5.031265,3.39
4.8156466,4.59
5.0040174,4.74
5.258245,6.3
5.6602287,3.52
6.2518125,5.77
4.6491103,3.4
7.595007,8.16
6.347858,6.6
6.7008877,6.35
7.4459057,7.51
6.0930247,5.7
6.6292176,5.31
6.5998425,4.87
6.7678537,8.05
7.3226595,8.39
5.4969144,6.02
7.5601916,6.65
5.501455,5.24
7.889203,7.8
6.7280536,4.52
6.4967227,7.77
7.2096868,7.86
6.794527,7.0
4.6699038,3.1
6.919032,8.33
6.8582473,8.7
6.2076116,8.4
7.1885257,6.06
7.791438,6.71
6.793982,5.35
7.1309147,6.57
5.254811,5.49
6.6808677,7.46
6.498903,7.0
6.4078903,6.09
6.7749186,8.49
7.5466537,9.57
7.1200333,7.18
7.2074456,6.69
5.715379,6.92
5.5587425,4.67
6.3928924,6.3
6.0248237,7.8
7.0067406,8.85
6.72814,7.2
6.2390056,7.7
4.5536175,4.31
8.467384,10.1
6.349606,5.57
5.4102564,6.09
6.284781,8.52
7.3292365,7.92
6.643774,6.06
7.015085,6.09
6.7795806,6.15
6.210824,6.1
6.2313533,5.21
7.29905,7.15
6.7752256,6.85
8.084763,3.75
6.9037347,7.49
7.063994,7.3
6.7349167,6.11
6.238583,5.27
4.9419065,9.52
7.4670806,9.0
7.0337176,6.77
7.332973,6.96
6.752361,9.16
7.082883,6.76
4.7218857,3.71
6.6710753,7.7
7.1149654,7.05
6.123301,5.56
6.497777,6.48
7.22836,8.11
7.138468,4.81
7.1086164,9.3
6.0627375,5.77
4.920104,4.57
6.335206,6.48
6.307824,5.49
6.863939,4.15
6.1449404,7.92
7.358082,7.4
6.779208,8.7
6.846319,6.94
6.7112374,3.84
5.911135,6.05
5.7142873,8.0
8.532641,6.78
6.9357324,7.89
5.6843076,5.85
7.396966,9.15
6.612976,6.24
6.401588,7.7
5.771151,5.37
6.85254,8.0
6.7621183,7.57
6.513543,4.82
6.7498045,5.92
6.897355,7.05
5.0467334,4.68
6.41121,5.15
6.395029,6.85
7.5262637,8.21
7.030387,7.42
6.9254017,6.17
7.04117,5.87
4.670924,4.21
6.4668794,5.1
6.8815413,7.05
6.252339,6.24
7.299194,7.92
6.9684258,7.61
7.269606,8.8
5.923293,3.8
6.6601677,7.16
7.092507,8.35
7.3604546,6.24
6.8028455,6.45
5.5741887,8.07
5.8811073,7.74
6.9308014,7.64
6.5266595,5.18
6.2903004,5.49
7.3560786,8.3
7.407735,7.17
7.4156446,8.82
6.432979,6.0
6.4762,4.41
6.9276543,5.0
6.6897473,6.7
7.7128315,7.11
6.8048177,6.04
6.0193663,7.7
7.478373,8.64
6.0093102,5.74
6.582373,5.49
7.1368113,8.28
5.8166847,5.29
6.0381722,8.93
6.3791633,7.62
7.5226955,7.18
4.3658915,9.05
5.785604,4.0
6.608226,5.38
7.229355,7.44
7.3206363,6.45
6.5588393,4.64
6.6388392,6.52
7.2854285,5.74
6.666258,7.55
6.590887,6.89
6.503931,8.07
7.0898514,6.09
7.0409937,8.17
7.1923323,6.44
5.64779,5.24
7.5176935,6.02
5.266734,5.24
6.9384627,9.0
7.703212,7.85
6.280933,6.0
5.6475477,6.01
7.1978774,5.29
6.599626,4.87
5.413429,5.55
6.715353,6.23
6.810523,7.89
6.7394423,6.1
6.679176,5.53
6.9708867,6.09
6.667701,6.09
7.1383443,8.8
7.7421484,5.96
6.4746985,6.13
4.90835,5.76
6.783718,7.59
7.074263,6.26
6.490481,6.23
7.003925,7.47
5.7598977,6.8
5.7050056,6.63
6.564503,4.52
7.167103,8.82
6.928131,6.84
5.0946307,5.09
7.3113074,6.77
7.030307,9.36
6.1186776,8.21
6.3191085,5.0
6.574245,7.65
6.2548285,5.12
6.2903395,6.07
5.3457665,5.52
6.429009,9.17
6.636068,6.95
6.4279766,5.38
7.299323,6.24
5.7490435,4.85
6.556118,8.17
6.975995,6.62
7.043138,6.34
6.413682,9.57
6.125898,4.53
6.988606,8.26
4.9089975,4.86
7.560201,7.67
7.100212,7.92
7.3732224,7.07
6.587773,6.82
6.543161,9.09
5.931913,5.04
7.117947,6.7
6.879188,6.54
7.0860257,7.2
5.8911095,5.06
6.307156,5.3
6.917716,7.17
7.513337,7.36
7.0358458,8.68
6.797835,8.08
7.184711,7.77
7.253476,7.49
7.8160467,8.1
6.6791167,7.7
6.318285,6.74
6.7419314,5.39
6.219115,4.32
6.888495,6.61
6.212963,5.48
7.020611,6.76
7.314883,6.83
5.3502464,5.47
7.7794065,10.0
7.2259026,4.5
7.6901007,8.43
7.292704,6.96
7.2151203,7.41
7.629316,7.66
8.365887,7.82
6.5006323,9.0
7.3962054,8.08
6.6524477,6.12
5.5590973,6.93
7.7672677,7.22
6.697714,8.66
7.391896,6.6
6.539653,8.3
5.56047,7.07
7.539719,8.0
7.3517923,7.76
6.656857,7.42
7.880065,8.29
6.002898,4.85
5.6166506,6.87
5.5854874,5.6
8.121848,8.44
5.691969,7.11
7.7845545,8.01
7.2759633,8.05
7.66112,7.59
7.4016705,7.59
7.6343365,7.92
7.6002884,6.97
8.361447,9.18
6.379697,6.16
8.238711,8.51
6.8280225,6.76
7.983877,8.1
7.763938,8.33
6.370286,6.4
6.2281528,5.72
7.7661247,7.92
8.068764,8.34
6.121547,5.84
6.3327074,5.7
7.9544754,8.0
8.024807,7.71
7.0788827,9.1
6.7035127,9.7
8.262277,6.77
6.3032627,6.74
6.9158726,6.71
6.9560485,6.85
7.509493,9.5
8.299714,8.35
7.331322,7.91
7.5365276,8.2
6.162052,8.41
7.400373,7.96
5.9097075,7.26
6.266554,6.89
7.8944845,8.82
7.761373,8.47
7.1091676,7.47
7.5466948,6.59
8.230477,10.05
5.493858,5.17
6.900023,5.57
7.5746956,8.12
7.591321,7.85
7.866753,7.52
8.462727,7.68
8.032506,8.54
7.1982527,7.0
5.485461,7.62
5.950132,6.52
6.3593273,8.36
5.3721175,4.54
4.86377,4.86
5.377223,5.71
5.469697,3.89
5.471074,3.52
5.0843377,3.95
6.020399,6.95
5.152829,5.1
6.6442924,4.36
5.7234855,5.19
5.9800897,5.1
6.320665,6.47
6.7962465,4.52
5.7474003,5.6
5.2262974,5.33
6.3243837,5.94
5.126064,5.17
5.9033256,6.06
6.40388,6.15
6.4844084,6.84
5.559642,4.7
6.108145,4.79
5.963519,6.22
5.8083935,6.15
5.7845163,5.72
5.4935145,4.62
5.63956,6.76
5.9180512,4.89
5.520117,6.62
6.203192,7.27
5.5326366,5.59
6.1892033,4.66
6.7309847,6.65
6.3447027,7.14
5.505808,4.86
5.50319,5.43
6.382481,5.06
5.4434423,4.99
5.650494,6.18
5.9210835,5.13
5.5206876,4.55
5.6447487,5.6
6.5972157,6.25
6.174115,9.11
6.8449273,6.7
5.554674,5.6
5.907827,9.32
5.78193,4.36
5.4020185,4.76
5.343626,7.1
5.502985,4.09
5.4248533,5.52
6.5381427,5.36
5.7168756,4.99
5.9751563,6.02
5.4933257,4.99
5.6126275,6.11
6.1372113,6.85
5.8376293,4.78
6.336958,9.2
6.5283523,7.11
7.001459,7.02
5.350606,7.94
5.2309055,4.38
5.891966,7.25
6.616903,9.05
5.710373,8.12
5.2633104,5.08
6.9559536,6.74
6.3802505,8.43
4.8604374,5.54
5.7489595,5.03
7.2894244,7.32
5.87422,6.96
5.7779484,4.22
6.0184026,4.78
5.3843446,4.85
5.461397,5.97
6.001228,5.78
5.8188763,7.48
6.2454567,4.27
6.6604743,9.24
5.0792193,7.09
6.328235,4.05
6.4321227,6.79
5.1527243,6.44
7.0825353,4.93
6.8446665,5.84
5.9916005,6.4
5.4036155,5.82
5.77265,4.51
5.854343,6.71
5.6815224,5.29
6.3219066,4.75
6.316591,4.77
5.031202,4.84
5.203767,6.69
5.8928638,7.17
5.582455,5.47
6.256645,5.85
6.4852166,6.42
6.428973,6.96
6.5017185,6.41
5.9297957,5.72
5.456379,6.89
7.2850237,7.85
5.2118354,5.27
5.98273,4.74
5.4354205,5.5
6.0096045,5.26
6.5315857,6.01
5.8799553,3.72
7.004379,5.11
4.5150375,4.7
5.5109425,7.0
5.403286,5.95
5.8361697,6.12
6.139275,4.75
5.7223105,4.08
5.6351748,5.75
6.4944286,7.77
6.653764,5.4
6.2028766,3.43
6.795799,5.21
6.575171,5.8
6.61907,8.43
7.3357677,6.96
7.336043,9.8
7.379086,9.42
6.8671722,7.66
6.3628893,6.21
6.9154983,8.1
5.342486,5.62
6.554934,6.66
5.5661793,5.68
6.3299074,5.33
6.6770215,5.47
7.1715517,6.25
5.7993803,6.89
7.801698,9.48
7.144856,6.8
6.6973968,6.65
6.343269,5.22
7.204447,6.06
8.05213,10.82
4.9396524,5.36
6.7425623,7.8
7.714499,7.0
7.337926,6.92
6.9569654,6.85
7.3528523,5.36
5.3514423,8.82
6.093872,8.17
6.985613,4.71
7.799691,7.59
5.550696,6.6
6.857222,9.74
7.7841835,9.03
6.202822,5.4
7.8340693,4.77
5.561296,5.39
5.1261506,5.0
5.655107,5.93
5.5830474,5.7
6.064228,6.46
7.499929,7.42
5.952692,5.6
7.224513,8.52
5.324304,6.96
7.5720983,8.7
6.9766893,8.96
6.880779,5.74
7.3937387,8.2
6.176815,5.22
4.4404106,7.04
7.22964,7.49
4.9171653,4.18
5.2581005,6.31
7.004301,4.77
6.315232,8.0
5.4351735,4.66
7.706668,9.07
6.4275045,4.99
6.0862103,3.37
6.9316545,7.2
7.3520594,6.7
6.899477,8.31
5.4135423,6.55
7.2207274,6.24
6.962567,7.49
5.4061375,5.6
6.2054706,7.24
7.7266006,8.49
5.8046603,4.43
4.477126,3.4
6.2655897,5.84
7.9441266,7.72
6.113782,5.86
7.2711964,6.66
6.222958,8.05
8.426972,7.47
8.328236,8.3
6.4606824,5.66
6.86055,8.04
7.3487573,8.52
7.263472,12.19
4.7932625,6.08
6.3899536,5.42
5.8142757,7.68
6.055672,6.74
5.735818,8.29
6.101712,6.54
5.4232492,5.56
6.689863,6.92
5.9140763,8.17
6.722918,9.0
5.5261173,6.0
7.675281,7.1
5.8818707,5.82
7.894138,8.39
5.8967896,8.03
5.4201264,5.1
5.702836,9.05
5.9143643,6.8
5.101796,6.3
7.022876,7.54
7.2388635,8.7
6.0913363,8.23
6.075457,5.42
6.4804316,6.42
7.179388,5.85
7.491419,5.64
6.9331017,4.4
6.1506877,6.39
5.2184677,4.21
6.067943,6.65
6.7221413,5.89
7.536688,9.3
5.248945,2.66
6.0646644,4.82
5.6518474,5.14
7.151,7.12
7.6621647,8.02
6.214307,3.53
5.706414,11.1
7.087906,8.57
5.362906,6.14
7.1586914,6.0
6.631807,7.47
7.1188774,6.11
5.259082,6.82
6.749935,5.21
5.296839,6.24
5.865894,7.02
6.964943,8.4
5.933978,2.63
6.265881,9.22
7.2454143,8.77
5.356111,4.48
6.5139875,7.07
4.0592766,2.8
6.3410454,5.27
4.810711,4.54
6.984946,8.49
6.348835,8.1
7.0087347,8.1
7.2996454,8.6
6.824977,7.14
7.6427197,8.74
6.96011,4.88
5.6593604,6.65
7.2932777,4.22
6.743815,6.13
4.851544,5.11
6.9237204,7.4
6.2507424,4.4
6.3698874,8.04
6.667572,7.2
7.771804,9.15
7.7511725,8.54
6.275653,5.96
8.051561,8.3
5.684575,6.4
4.74644,5.6
6.225513,5.9
7.290336,6.85
6.1121736,5.0
6.1349926,5.43
4.9933515,4.11
6.7102876,6.06
4.8278184,5.0
5.3864803,7.2
8.6425705,8.96
6.40094,6.89
6.2118416,5.64
6.519906,7.3
5.6393204,4.16
7.3882666,7.21
7.4465575,9.0
6.6424994,8.41
6.582317,5.38
4.746707,4.6
6.618308,6.05
5.816592,4.27
6.812378,9.4
7.026896,8.96
7.7665324,8.14
6.9679227,8.3
6.430859,7.8
5.5432596,6.6
5.480117,7.39
6.948972,5.98
6.4867477,7.27
5.9707756,6.0
6.134203,5.59
5.8279147,4.79
6.2345257,7.4
6.6334233,4.93
6.2551,6.77
6.314425,7.27
7.287543,6.3
6.0296264,5.9
5.6768656,7.35
6.043964,4.79
6.960797,6.46
6.1342163,7.09
6.347112,7.43
6.5537663,6.2
6.528918,5.06
6.6876264,5.15
6.686225,7.92
7.1862836,8.38
7.1895785,6.54
6.849222,4.89
7.340205,6.64
6.7365117,6.64
6.326114,5.52
6.664963,6.44
5.9972467,4.96
6.3234186,5.53
7.3236794,6.85
6.8774447,6.4
6.43511,7.23
6.584777,4.79
7.110252,5.04
4.969425,6.28
5.923048,7.66
6.2047067,6.3
6.9724784,6.0
6.3407683,4.56
7.4134684,6.07
6.7552,4.53
7.492692,7.06
6.9642363,8.0
8.307558,8.15
4.750531,5.75
7.0737553,7.49
5.0936723,5.23
5.788812,6.03
7.7378654,8.3
7.520316,7.21
7.5335584,7.7
6.663945,6.67
6.7330723,7.64
7.070114,6.0
7.797978,8.4
7.3046465,6.64
7.5306134,8.14
7.766442,5.28
6.999399,6.35
6.1334414,5.38
7.235889,9.05
6.9959526,6.28
6.208381,7.81
7.980221,8.08
7.4386396,6.54
7.113501,7.83
7.583919,7.85
7.32885,6.48
7.487741,8.28
6.434813,7.96
7.649325,7.52
7.800555,7.89
5.324328,4.2
7.5968614,7.68
7.2556334,7.96
7.6944227,7.6
7.4594474,7.21
5.7425456,5.59
7.8056436,6.83
7.0235906,7.06
7.5502634,7.8
7.6302967,7.96
7.6723733,8.4
7.70819,8.19
7.427588,7.96
9.052058,7.85
7.782839,8.05
5.7057714,3.11
7.215357,7.05
7.5073175,7.82
7.279011,6.06
7.703466,6.63
5.6354465,7.04
8.412507,7.43
6.653587,6.85
5.2700043,4.03
7.368911,7.74
6.870799,8.22
5.0454473,5.06
6.5898266,9.05
7.129021,7.18
7.4146285,6.91
6.4648223,6.34
7.3877325,6.72
7.223,6.44
6.2922254,9.01
7.1888385,6.08
7.9247904,7.62
7.4615,7.2
5.9429317,5.03
7.421947,6.63
7.5628815,6.1
5.7483344,8.15
7.0090957,7.49
7.585718,6.05
6.8305883,7.82
8.300755,8.92
8.101959,7.09
7.330088,6.45
5.673114,5.02
5.9979777,5.02
7.6902704,7.49
6.475993,9.02
4.994044,5.49
7.3251877,7.49
6.4395423,4.12
7.603984,6.04
7.5477986,8.3
7.1944504,8.0
7.489276,7.74
5.644279,5.34
7.296532,8.15
7.2274833,9.34
5.1741734,7.31
5.8705053,8.15
6.984183,7.7
6.573125,6.8
5.1850595,8.28
7.7445855,7.21
7.582651,8.05
7.7854643,8.28
7.0759892,7.87
7.326565,7.4
7.0164332,7.54
5.0702944,4.39
7.2044263,6.64
7.588253,6.12
6.028058,6.78
7.263449,9.36
7.3013735,7.51
7.5068235,7.28
6.8401875,0.95
7.208354,7.92
6.8944745,7.02
8.227917,7.74
6.7085414,8.38
7.675267,8.59
7.2955594,7.26
7.421792,7.57
8.532969,7.0
6.833993,7.0
8.095399,6.53
7.604796,8.66
6.9381385,7.46
5.886906,5.44
8.403869,8.4
7.2319136,7.66
7.10001,6.81
5.7550573,9.54
7.3888617,8.32
8.657098,8.7
7.8640256,7.47
5.7472553,6.41
7.374955,6.18
6.038523,5.1
6.019968,7.11
8.36625,8.7
8.093121,7.96
5.5807295,6.61
7.2341495,9.54
6.3609395,6.42
7.3079033,7.34
6.705329,7.8
7.292806,7.82
6.4622664,7.34
7.1754866,6.63
5.878891,6.25
7.755387,7.29
8.219022,8.22
7.4235477,8.15
4.8676977,6.18
6.612357,5.52
8.152929,8.29
7.40394,6.96
7.354489,6.18
5.4600945,7.1
6.714799,4.11
7.3287616,9.55
7.1010337,7.59
6.9732037,6.58
7.572018,6.56
7.3307943,6.77
6.9308786,7.44
5.13614,5.08
6.9267664,7.26
6.0569024,8.35
7.5968456,8.62
4.9736185,3.47
7.3876348,7.64
5.985283,7.18
6.993556,7.64
7.3685937,7.6
7.275522,7.4
6.360744,8.38
5.8792496,5.17
8.376183,6.7
7.744631,7.74
7.137688,7.48
7.4996223,6.42
5.3585196,8.11
7.637274,8.05
7.3692236,6.81
6.811698,6.27
7.618771,8.12
5.4360766,5.36
8.080182,11.0
7.306202,6.55
7.159839,8.17
7.9482584,9.15
7.6164775,7.33
7.809862,6.58
7.1924,7.95
6.1375384,6.23
7.4503837,6.3
4.98615,5.56
6.6459084,6.67
7.628912,6.52
7.7343884,7.05
6.924623,6.31
7.525125,7.43
5.4345684,5.99
5.8993583,6.03
6.9394913,7.82
7.139619,7.62
7.0220575,6.34
7.1382113,7.8
7.7804394,7.82
6.058875,4.58
8.341746,8.52
6.348825,6.66
6.294498,5.08
7.122332,6.9
6.894085,7.11
7.541158,8.12
7.6042624,6.18
6.4167356,5.97
5.4295955,4.35
7.294525,7.6
7.072182,5.77
7.5403275,7.49
6.9552965,7.14
7.0951943,6.75
6.9962807,8.22
6.217715,5.6
5.230384,7.22
5.773555,7.49
5.8865337,5.85
5.610942,4.74
6.315365,7.54
5.473614,5.66
5.5257063,5.24
7.9809957,5.89
6.8004174,6.13
5.609926,6.08
6.7775893,6.62
6.6284204,7.89
5.777012,5.56
6.057962,7.01
7.3245077,7.34
7.1188135,7.17
6.475767,5.92
6.2389197,5.74
7.988946,7.49
6.32809,4.4
6.8279066,6.6
8.503894,7.42
8.798502,7.89
5.8877106,7.12
6.2929378,8.7
5.6788516,5.02
5.650613,4.74
6.8033752,6.5
6.15832,3.47
6.0042477,4.96
6.3149986,5.92
5.992381,5.16
6.837683,6.72
7.2790575,7.94
7.0095153,7.08
7.3946214,8.85
7.6651187,7.81
5.676419,4.9
5.2372785,4.49
5.781475,4.52
6.9656425,8.33
8.814338,8.52
6.959466,5.45
7.0656133,7.6
7.256418,8.99
7.9150133,9.0
7.3643084,9.22
6.7519326,6.99
6.249422,6.74
8.45247,8.85
6.781044,5.17
8.324264,6.9
7.809257,10.28
6.5181375,7.15
6.2538004,6.28
5.424732,9.66
8.021722,8.44
7.2239366,8.66
5.5381374,9.62
8.4310465,9.7
5.993675,6.11
5.2867856,4.49
8.067028,9.15
8.208639,8.49
6.697904,6.55
6.653594,5.41
5.5338774,4.9
7.653225,6.98
6.870433,6.43
8.225981,8.8
5.2898827,4.36
6.1988893,8.89
6.5665765,7.7
6.049437,4.56
7.5779495,6.62
6.3269663,6.21
7.1644807,5.99
6.355758,5.54
7.711136,6.52
6.275445,6.7
7.707747,9.4
6.4056616,4.92
6.658489,6.19
7.96252,6.93
6.119789,5.72
5.7086964,6.92
6.318803,4.53
7.285926,7.96
6.9586463,7.97
6.7336273,7.61
6.179575,6.35
6.132117,5.02
6.184164,4.81
5.897643,5.89
6.3352046,6.15
6.5228734,4.99
6.5788436,7.51
6.556154,7.04
8.828806,9.3
5.551282,4.83
7.247789,8.21
5.3048906,4.94
5.9701657,5.51
6.8653855,7.04
5.922172,5.32
6.1991706,6.39
7.0086594,4.65
7.414703,6.91
6.5986586,5.53
8.135733,8.06
8.768358,9.15
6.422047,5.66
6.9513035,7.82
7.4707513,6.77
5.989958,7.51
9.084896,9.0
6.743004,5.89
6.753132,7.59
5.43327,5.17
6.8558903,8.05
6.2090144,5.89
7.2249446,5.62
7.058812,5.55
6.180645,5.32
7.1438026,7.3
6.7064257,8.22
7.625436,8.52
5.6543455,7.66
6.7671604,6.63
6.5502405,6.2
5.471005,4.28
6.628141,5.57
6.781074,8.4
6.4580894,5.92
5.5214133,4.77
7.2697263,6.0
7.559667,6.0
6.814009,6.1
5.1734657,4.56
6.459474,7.3
6.038684,7.7
7.466941,7.3
7.245517,8.42
6.849176,6.5
6.8536353,7.3
7.1475773,7.3
6.5933127,7.7
7.05566,7.3
7.2597485,7.3
6.9946785,7.3
7.072343,6.0
5.682792,5.59
6.9094257,5.01
7.190415,5.47
5.453652,5.64
6.697508,5.01
7.3654647,5.45
6.882923,4.57
6.2696095,5.37
4.5272493,3.05
5.7397094,6.72
4.852449,3.52
4.0780783,5.85
5.274374,4.58
5.4981885,4.85
7.117423,6.46
6.2734804,5.46
6.7022257,4.85
6.002271,4.82
7.027467,8.05
7.176382,7.46
8.47442,7.28
8.167206,8.7
8.641602,5.18
7.4519606,6.96
7.682976,7.55
6.8805265,5.57
7.670615,9.48
6.558267,7.4
6.2405567,9.22
5.2033534,7.67
6.41504,5.35
6.666472,5.48
6.4795046,8.92
6.199321,5.34
6.313051,6.39
6.662089,6.15
6.76519,6.95
6.893978,8.15
7.0645556,7.48
6.2341976,6.22
6.7680573,8.17
7.3702445,5.79
6.7811437,6.0
6.9265127,5.49
6.1997547,5.68
6.8124857,7.52
6.6101675,6.5
6.8500075,7.04
7.4573865,8.46
6.250676,6.24
5.533291,5.05
7.3553414,6.1
6.380863,8.46
6.730627,6.89
6.986978,6.77
6.3576174,6.46
7.0589457,6.21
7.1012535,6.68
6.6895537,6.74
5.8317456,5.77
6.6609135,6.78
5.79837,7.62
6.80173,6.26
6.709225,5.52
6.0619445,5.09
5.6338663,5.96
7.632636,7.22
8.167893,9.36
5.890415,7.35
7.2951856,6.4
6.9435215,5.82
7.659111,9.05
7.1809225,7.59
6.6533837,5.17
7.735137,7.44
6.618682,7.64
5.983789,9.01
5.9238195,5.4
7.6006145,6.51
6.3970695,7.45
7.266661,7.89
5.7467217,7.08
7.1829453,7.52
6.815883,9.49
7.695257,8.43
6.334781,5.3
6.6329756,7.11
6.943649,8.02
6.828406,7.6
5.6767287,7.08
5.9005537,5.71
6.1361394,7.1
7.3606715,5.11
5.4735403,6.64
5.512626,7.3
6.587299,5.29
6.1496096,6.04
5.6922526,6.82
6.606642,7.89
5.957246,5.53
7.406786,7.43
6.798826,4.13
6.22343,4.9
4.871098,7.0
4.5187416,6.38
4.2223835,5.3
4.2739296,5.17
5.1837244,3.59
4.183626,4.21
6.716176,4.66
6.427551,4.96
6.6706614,8.44
6.8535924,6.29
7.5911407,8.26
6.389906,6.64
9.192245,9.6
5.901991,6.0
5.8044815,4.63
5.835434,9.1
6.955248,4.3
5.7206798,6.01
6.7852817,8.8
6.731235,6.24
7.2227287,6.02
5.880878,5.7
7.8709917,10.7
8.088701,9.91
7.506816,5.55
7.3940463,9.76
8.160613,7.13
6.645126,7.99
7.9039717,7.2
6.145723,6.71
5.46408,6.0
6.2951207,6.1
8.121704,6.78
6.663782,6.0
8.258493,7.8
7.41933,7.74
8.86577,10.65
6.3653584,5.17
6.852117,5.6
6.303074,6.2
7.4888363,6.3
7.374467,5.78
6.4133854,6.11
6.3616695,6.33
8.398883,8.8
7.7602034,8.76
6.255906,6.34
7.527896,7.52
6.1452875,7.28
8.359598,8.72
6.5076585,4.68
9.50066,10.51
6.5987754,5.64
6.7503476,7.89
6.2097387,6.0
7.0105305,5.96
6.131482,5.4
6.429304,7.0
7.286093,7.72
9.124051,10.0
7.2146587,7.28
5.9218383,6.48
5.9618073,7.47
8.120711,10.74
6.233321,6.2
6.571425,7.92
7.4948387,6.9
7.328328,7.19
6.400076,7.44
5.284088,4.51
5.70554,4.93
6.5935206,7.35
6.0094924,6.2
5.1135764,7.78
7.752286,7.81
5.429804,2.3
6.7286286,7.33
5.9210243,7.01
5.8580775,7.72
6.8473654,6.91
6.0910707,6.6
6.297241,7.22
7.303154,7.75
6.425727,6.66
6.45628,4.21
6.0182285,5.46
7.3342323,8.83
6.1994843,6.32
5.399943,5.9
7.008641,5.64
5.808511,7.65
6.9430046,6.39
7.290301,7.32
6.5329294,6.85
5.338154,4.81
7.62549,8.27
6.8533053,6.09
5.107554,6.02
6.1274652,8.49
6.5450063,5.74
6.7225237,6.37
6.6197567,5.7
6.8787026,5.07
5.829761,5.61
6.969731,8.89
6.8538227,6.67
6.4307094,7.76
6.1751914,6.53
6.5220757,9.53
5.9796467,6.9
7.3240476,8.03
6.363729,6.97
6.371901,6.8
6.654919,9.05
5.75742,6.07
4.714085,4.92
7.0272064,6.9
5.802074,8.4
6.917193,7.46
6.339661,6.62
5.280218,6.4
7.69989,8.6
5.1315837,6.93
6.324704,6.64
6.93664,5.83
6.7808385,6.44
6.4181576,6.38
5.327832,4.68
6.4405475,5.44
5.057165,6.39
6.1991706,4.81
7.04815,5.72
7.405363,5.99
5.2206225,7.36
6.2344728,7.1
6.1547875,7.77
5.097792,5.48
7.4522653,8.62
6.7505407,9.15
7.9354877,9.22
6.2414756,6.45
5.3364053,4.7
6.6745725,7.22
7.3141713,8.29
5.525178,5.0
5.514994,4.02
4.623583,3.61
7.2376432,6.3
8.041864,8.95
4.2771006,4.72
5.880822,5.52
5.1173077,6.97
5.7496014,6.47
6.6009235,7.82
6.5265245,4.33
4.814737,7.54
5.2065516,4.27
5.964283,6.77
5.794587,4.68
5.8626666,4.96
5.802442,6.3
6.205414,6.35
6.072139,6.3
5.774594,4.77
5.6116667,4.98
5.4056373,4.81
5.5714808,6.35
6.0365777,5.46
5.64321,6.68
5.785471,6.25
7.7802606,8.0
6.357376,6.7
7.8972406,6.62
5.611766,6.1
8.320819,7.68
7.799356,7.12
6.905577,7.68
4.9371552,5.47
4.8349953,6.02
6.2765417,5.08
5.717825,5.2
8.230927,8.0
5.433839,7.3
5.755315,5.1
8.020458,6.62
6.870234,6.65
7.673093,8.3
6.61332,6.37
6.486721,6.92
6.3038626,6.42
6.371656,7.19
6.5608,7.76
8.1679535,6.96
5.6682906,5.89
7.7919455,8.02
5.7201614,5.07
6.688431,5.2
7.2468185,8.8
7.9747415,7.8
8.653557,9.95
6.3556557,7.12
8.299267,7.63
7.001516,9.0
6.9054847,7.33
5.403123,4.5
6.023375,6.12
8.763443,6.61
9.939111,10.89
6.4749637,7.76
6.9621606,8.7
10.054945,8.45
7.6017895,5.25
8.16475,7.77
8.110549,8.64
5.931304,6.3
6.443884,7.68
6.078348,5.15
9.947726,9.08
5.6407037,5.1
8.237082,7.44
7.1386623,7.8
9.047258,9.41
8.222944,8.65
6.545369,8.07
9.697186,8.73
9.986853,12.0
7.9177876,8.17
8.583807,7.94
7.1430545,9.02
9.563526,9.65
5.9718947,9.52
9.86167,8.16
5.872921,4.1
6.5672894,5.3
7.850565,7.96
5.7034,6.2
7.6373706,8.1
8.794385,8.05
8.2666235,6.59
9.74278,8.43
9.492331,10.0
7.289902,8.4
6.0378923,5.94
8.161068,7.24
9.50553,10.4
5.2670355,5.2
7.4029126,6.44
8.1597,8.66
8.866417,9.0
8.907545,10.89
8.103586,8.31
7.3501906,5.0
6.100418,5.96
6.5454535,5.5
4.454207,7.6
8.819365,8.3
9.026202,8.91
7.0955734,7.86
7.8993583,7.68
9.010085,10.4
9.5037155,10.41
5.4535108,4.11
9.360142,9.4
8.594363,8.8
7.2694407,6.51
9.338148,9.95
7.9731627,6.11
8.915442,9.55
6.814217,7.92
7.2432384,6.51
6.5477314,7.28
9.131714,7.29
9.047633,9.66
8.56782,6.63
8.895401,8.7
6.2232027,6.7
7.4819965,6.99
9.0428505,8.7
8.38063,8.7
7.671705,8.15
6.640481,6.88
7.216315,7.7
7.7974954,6.4
8.499853,8.7
8.791733,7.96
7.2359133,8.3
7.6511827,7.6
7.8224945,7.54
8.781854,8.85
8.45176,8.81
9.009902,8.52
7.434141,8.7
9.260867,12.0
7.5850053,6.58
7.2559814,7.1
9.146531,9.02
9.219591,10.19
10.129627,10.08
8.783354,9.67
6.9316955,7.89
9.324234,9.01
6.508609,6.0
7.4851155,6.97
5.790156,6.97
9.795684,11.0
7.176725,6.94
9.074478,9.98
8.296537,10.15
8.253815,8.61
6.7985682,8.33
6.4175205,6.77
8.734433,8.7
6.8683743,8.03
8.83659,9.14
9.126603,9.24
8.467127,7.74
7.4267073,6.9
9.465904,8.25
7.806453,9.4
6.1448693,7.7
7.3453593,8.82
8.62125,10.0
5.4118247,4.7
7.507684,9.0
7.337528,8.22
5.637419,5.6
6.814078,7.24
10.123996,10.7
9.711518,9.64
5.296307,6.34
6.2813287,6.6
5.9539785,5.8
7.0186877,7.14
8.6635,8.7
8.359022,9.7
9.01598,8.82
6.9144483,6.24
7.356865,6.7
6.5973063,6.35
7.2076597,7.26
6.1122704,5.0
6.8315454,7.46
7.3975377,9.3
6.817893,6.36
6.9994793,6.4
6.6645255,6.11
8.225376,7.6
6.6992555,6.01
6.5522165,5.3
7.259016,10.3
6.3200135,5.59
6.2972016,6.8
6.5798507,6.59
7.0748715,5.24
8.218154,8.39
6.954519,6.72
7.5423985,9.41
8.356287,9.22
6.481065,5.4
6.1347933,6.6
6.550071,7.68
6.2597413,6.01
7.5681286,8.17
6.575202,7.85
7.1128154,6.33
6.5411673,8.34
7.271242,5.91
7.212585,8.15
7.344195,9.26
7.25901,8.3
6.5786214,5.49
7.2666197,7.25
6.917758,6.17
8.104931,7.21
6.293439,6.68
8.14126,6.4
6.9347663,7.49
8.071263,11.42
6.974247,6.37
5.4707828,4.92
6.3901143,6.31
7.0718555,5.47
6.701396,6.57
6.3263454,6.5
7.3462367,9.26
7.236598,8.05
7.2367506,7.66
7.4866567,8.15
7.281519,8.49
6.5301046,6.46
7.4887724,11.92
5.948036,5.92
7.281609,10.26
6.196398,8.52
7.154386,8.03
7.5318537,7.94
5.8493595,6.77
7.6493964,6.8
5.6840787,6.67
7.013624,6.32
6.94895,6.61
6.0325875,6.3
6.260211,6.19
7.5059094,7.08
6.271985,6.57
7.6840706,7.43
7.0286403,6.61
6.780594,4.77
7.2396584,6.86
7.154228,6.89
6.7827954,7.43
6.0280285,7.42
7.5001454,9.4
7.7527127,7.37
7.0016193,9.0
6.547397,7.02
6.927495,7.96
7.0177307,5.68
6.018668,7.0
6.2399654,7.2
6.4587893,5.3
7.1359186,7.08
7.0818424,8.54
7.396257,7.7
6.4605446,7.18
7.5553203,11.07
7.573158,8.17
7.341131,7.62
6.189398,7.0
6.036483,6.24
6.6976895,6.77
6.447755,6.74
7.6664453,6.64
7.6052184,8.52
7.0189266,7.1
8.00575,8.77
7.5350986,7.12
7.746364,6.49
5.4841385,4.54
6.9004555,6.95
5.8901253,6.5
6.8381243,6.91
7.4097977,6.8
7.817171,7.7
6.3975053,6.14
6.0725846,6.0
6.9568014,7.32
6.3424935,5.62
6.087093,6.77
5.3931394,7.3
5.4170628,5.05
5.9738264,7.27
4.653613,5.92
7.1002913,5.59
5.9316506,6.38
4.836605,5.62
4.7820916,6.03
5.430417,7.0
6.2916713,6.28
6.263119,7.04
6.337554,7.43
5.8687305,5.77
7.250973,6.72
6.161826,5.64
6.728064,6.85
4.432803,6.0
5.3337717,6.35
5.290476,6.68
6.025093,6.0
6.156216,5.52
6.270891,5.15
5.5987678,5.24
6.004435,7.22
5.5617046,4.09
5.632717,6.0
4.780523,6.35
4.922235,5.02
6.2062216,6.36
5.368172,7.85
5.834249,6.03
6.6902823,5.28
5.487334,6.33
5.7897367,4.4
6.3285475,6.79
5.801678,5.36
7.3800035,7.1
5.7241745,5.66
5.9784203,6.1
5.721971,5.26
6.5238905,7.52
5.6803865,5.28
6.3217874,5.49
8.053388,5.3
5.7554274,6.48
5.9675994,7.15
4.980487,6.42
5.9759016,5.99
4.8074894,6.01
5.7000523,6.07
5.3531218,6.7
5.464081,4.71
5.9040422,6.0
5.7167726,8.0
6.635242,5.7
6.171459,7.14
4.988156,5.85
5.052807,5.1
5.6166344,6.7
7.4784327,7.18
5.52652,7.1
7.050513,5.22
5.5043564,5.4
4.8646555,3.4
6.9459114,6.1
5.926297,5.0
5.75797,4.3
6.1678414,5.3
6.9063416,7.3
7.6596413,6.03
6.7202125,7.23
6.123649,7.59
6.129136,5.55
6.7314253,7.05
6.7165904,7.06
6.302398,7.28
6.4965277,6.7
6.249589,6.7
7.286624,6.7
6.585699,6.7
6.2213364,6.7
6.4098816,4.87
5.0368433,6.21
5.015915,6.28
8.061457,6.05
7.508935,7.02
6.780903,5.6
5.496226,4.9
6.0213637,4.12
4.767766,3.89
6.0980763,6.33
5.3933563,4.77
6.579996,2.87
5.139479,4.79
5.464794,4.38
5.18103,2.7
5.1208634,6.41
5.665309,4.03
5.1945868,4.67
5.147568,4.49
6.270112,5.17
5.382965,7.29
6.8615856,5.08
7.1338964,7.3
6.9095616,4.59
7.036324,6.94
4.143682,5.04
4.5597315,4.44
5.73533,4.12
5.6830544,5.42
5.2153296,4.82
4.681134,4.55
4.9245467,4.26
5.5108585,4.32
5.5033555,4.95
5.381914,6.59
5.518864,5.3
5.7223296,6.07
7.0693736,5.49
7.0829515,7.41
6.0435395,5.05
7.704525,8.52
5.4293175,4.85
5.5482674,4.76
7.1117945,5.98
7.1292267,6.88
6.1561027,6.0
6.445825,7.3
6.8059177,4.26
6.439874,7.46
7.8313675,6.61
7.240232,6.85
7.401403,6.63
6.594191,7.15
6.0242906,6.26
6.089913,6.73
6.6305957,7.48
7.2529187,5.66
7.6197376,7.29
6.2477727,7.12
6.5292354,5.98
7.643347,8.4
7.513318,5.59
7.291384,5.91
6.964713,7.92
6.6737447,7.3
6.488379,6.49
6.651318,6.63
7.0050764,8.4
7.367215,7.62
5.6540895,3.97
6.3702183,6.42
5.5817337,6.12
7.2037206,6.94
7.6380115,7.82
6.747394,6.92
6.5286865,5.33
5.291442,5.62
7.860874,8.52
5.7627287,6.2
6.0716677,6.05
4.9649525,5.17
6.862916,5.6
6.1088524,5.05
5.879136,9.0
4.5685873,3.97
4.2745266,4.49
7.301202,5.7
6.756061,6.3
6.359142,6.4
4.403432,7.01
6.878427,6.77
3.7650464,7.08
6.5823684,5.19
5.029776,7.1
5.6007996,5.6
6.0684323,5.58
6.1655087,6.06
5.165182,5.2
6.7938514,5.39
6.3057804,4.92
6.0922437,2.4
7.2549767,7.2
7.1212144,7.42
6.6526403,5.93
7.172792,7.15
6.913151,7.6
6.9101815,5.78
7.3197055,7.43
5.678726,6.6
6.26759,5.32
8.164043,7.26
6.173629,6.15
6.115985,7.37
7.5841236,7.27
6.141977,4.93
6.9822807,7.7
6.956844,6.92
7.338172,8.1
6.9527655,6.15
6.365043,8.0
5.3789883,6.1
6.006742,8.29
6.108053,6.25
5.915494,6.0
5.3195205,5.66
6.3090787,7.06
7.9147058,7.85
6.1613903,6.44
7.090256,9.0
7.2264247,5.47
6.4317427,7.48
6.626981,8.46
7.1563654,5.37
5.250258,5.43
6.500426,6.82
6.9854503,6.72
5.7350454,6.5
6.8509154,5.82
6.2789965,7.87
7.9625964,8.4
7.2239847,6.78
7.293845,6.09
6.493956,7.09
7.3494306,6.57
6.2226396,5.62
7.6769056,7.85
6.8784237,5.0
5.9438596,6.89
5.4753666,5.52
6.1451488,5.31
6.5583587,6.89
6.637649,7.4
5.825297,8.6
6.6371107,6.07
6.361102,5.96
7.6983786,6.68
6.71048,7.82
6.533464,6.18
7.342502,6.35
6.545393,8.4
6.5047398,8.15
6.420945,8.4
7.156083,8.24
5.5842357,5.96
6.145918,6.12
5.8395114,5.77
6.2895193,5.35
7.4167433,5.54
7.3752275,8.62
6.5927157,5.5
6.883207,6.01
5.86109,4.99
7.6761527,6.86
5.8587995,9.24
7.6760335,7.8
7.270543,6.19
6.070611,7.76
6.167176,9.0
7.1308684,8.15
6.4185762,4.4
6.3999834,5.19
6.4367237,7.72
6.250542,6.74
6.6483865,5.04
7.468505,9.37
6.698187,6.8
6.1576495,7.12
7.1825438,6.17
7.486818,7.76
7.945383,7.96
6.5575104,5.26
6.5920787,8.21
5.591481,6.22
6.604223,6.18
7.23164,8.23
6.088592,5.77
7.0136986,5.51
7.076,6.84
6.5827427,5.22
6.6238694,6.21
6.9919987,5.37
7.2251925,6.34
6.646509,8.82
6.3784823,6.39
6.362025,6.51
7.3063374,4.99
6.5603704,5.49
6.1686306,5.3
5.4269876,5.3
6.871312,8.6
6.121081,5.5
6.712629,5.68
7.2519007,8.52
7.3539653,8.28
7.7660565,7.7
6.88158,7.64
6.8346167,7.89
7.293303,5.8
5.6919365,5.19
5.6451173,7.45
7.2008877,8.55
5.5399823,5.29
6.192047,5.7
7.110858,8.14
6.5732026,6.66
6.46016,5.82
6.5996037,8.05
7.5739045,8.2
7.4076295,8.7
6.7131615,5.6
5.8719635,6.88
6.524357,6.52
5.704275,6.29
6.7243137,6.6
5.62442,5.22
7.5195904,6.67
7.641148,8.4
7.1640673,8.19
6.1070514,6.22
5.692633,6.16
6.4728193,6.43
6.531364,7.08
6.0562024,5.7
5.8565664,6.22
6.0926394,6.02
5.729916,7.48
6.192152,7.8
7.1392226,7.39
6.675996,7.89
6.294137,6.1
6.220522,5.52
6.976763,6.17
5.6760626,5.21
6.910562,8.41
6.082218,5.82
5.6933894,7.59
7.104741,7.11
6.8499646,8.7
6.9969287,6.42
6.237789,6.7
7.0898013,7.95
6.057959,6.99
6.6836476,5.85
7.4584403,7.49
7.5203867,6.82
7.2948804,7.26
6.6690607,6.05
4.78038,6.57
6.469482,7.85
6.8507586,4.74
5.291807,7.01
6.5402784,8.29
6.485208,7.25
7.1272635,7.19
6.1041603,9.13
6.7711473,6.46
6.426517,7.09
7.6374555,9.15
7.0626497,8.49
7.881418,8.74
7.087323,9.7
7.541308,9.7
4.983328,4.02
5.9428735,7.48
7.9277787,7.11
7.061727,4.86
7.886735,7.73
6.5988283,4.39
7.6775007,9.0
7.8211894,5.68
8.678597,6.03
6.9081507,6.82
7.792824,7.62
6.9031215,7.98
7.50262,4.66
7.0324078,7.31
6.485415,6.82
6.516651,6.94
6.3717484,4.62
6.9682884,5.07
7.27666,7.19
5.6711516,8.96
6.0490317,6.82
6.168488,3.63
5.415514,6.68
5.23792,4.22
5.466175,5.21
4.9475718,5.1
5.9417243,6.01
5.934054,6.43
5.381323,7.64
6.885705,6.3
6.619237,6.95
2.9648871,4.93
7.743231,7.98
7.748888,6.42
7.189271,4.8
7.3493934,7.4
5.0181537,6.72
6.8703704,6.8
4.882607,6.19
5.8945656,5.28
5.6533327,3.86
6.000686,4.3
5.0672565,4.04
6.2083807,8.06
7.168479,5.09
6.3534975,7.1
4.2887964,4.28
7.518446,9.6
5.8044934,8.65
6.5847692,8.08
4.840618,8.07
6.9951406,6.37
5.9993033,7.4
6.1660047,4.64
4.8246374,5.65
8.867954,9.3
5.1043973,5.75
4.8931594,5.05
6.43364,8.39
5.5247316,5.23
4.41663,5.61
6.8393407,7.1
5.916242,4.05
6.0343847,9.09
6.323699,5.36
5.5752006,5.17
5.653972,6.14
6.233021,6.55
4.7017937,3.76
5.348649,7.38
6.1269426,6.15
5.018097,5.43
5.058633,5.42
4.3326755,4.66
5.1712046,6.29
5.5354958,7.39
5.4352674,6.15
7.229444,5.0
6.7353497,5.85
6.405603,6.67
6.077221,6.14
6.3312387,7.68
5.157325,5.93
6.376701,6.0
5.6421947,7.13
5.5926323,4.39
5.4775147,7.11
5.139594,5.08
5.739226,4.98
4.9607277,5.43
6.3799896,6.19
5.5606484,6.3
4.7798595,3.91
5.1439238,6.41
4.9741025,6.5
6.2720895,6.37
4.5648656,5.08
5.5707536,4.33
6.4367976,6.04
5.4881186,6.84
5.964689,4.86
5.190019,8.22
6.566832,5.6
5.2747726,5.47
4.939705,5.17
5.7750416,6.23
7.2858963,8.26
5.9254365,6.8
5.873833,3.76
5.8971734,3.0
7.8472505,9.22
4.7710195,5.05
5.7177887,5.28
6.063497,5.66
6.148691,7.34
6.3483057,6.6
6.4207573,4.88
7.293815,5.71
5.0842123,7.34
6.2664685,6.07
6.2324576,6.0
4.965794,3.92
5.887521,9.1
5.2590876,5.0
5.4516354,5.94
5.0980253,7.72
4.3265886,4.77
5.0674,4.52
6.2426987,5.24
5.0808353,5.29
7.434874,8.9
5.5320377,3.9
8.395617,8.4
6.1506953,5.89
4.955409,6.8
4.7081556,7.0
6.549635,6.52
5.918925,5.34
4.6183014,4.52
6.5898037,6.32
7.1216016,8.17
5.372308,6.42
5.583516,4.34
5.7593465,5.99
5.2367215,5.87
6.6841736,6.44
5.7260914,6.69
6.3956947,4.46
5.103784,6.56
5.2152042,5.51
5.6669536,5.78
5.870368,6.04
5.3451643,5.82
6.712185,6.88
6.042395,11.2
5.9681187,6.52
5.9697323,4.86
4.7675896,1.22
5.70321,7.38
4.7222195,4.3
6.105303,4.43
6.6894403,8.79
6.4701357,6.77
4.960428,4.86
6.3335605,7.04
6.1835775,5.92
5.8694954,7.62
7.7828097,8.59
6.5510697,4.3
4.9604816,4.39
6.3373265,4.21
6.5333743,5.72
6.5633307,7.01
6.289353,3.73
5.34233,3.85
5.281059,4.91
5.177161,6.19
4.104772,3.91
5.4038877,2.92
6.237658,6.77
5.5727186,6.84
5.481703,7.67
6.9261007,8.47
5.175539,5.14
7.812397,7.49
6.462486,8.39
6.9959493,7.68
6.04434,7.41
5.4416213,4.4
7.420485,5.82
6.5570855,6.01
7.0748386,6.96
6.6040573,5.0
6.785609,7.85
6.5051527,6.11
7.672734,6.21
5.589707,5.8
6.9806633,6.52
5.6947126,5.22
6.9359646,5.92
7.0221686,8.29
5.961341,4.33
5.9908156,5.2
7.1224556,5.74
5.411316,5.6
6.5229516,5.43
6.3655114,5.89
5.162512,6.42
5.733981,7.13
6.520905,5.89
7.8322515,6.4
7.6468854,5.85
7.531951,8.0
6.8593993,8.15
6.3216896,5.82
6.511435,7.77
6.941113,5.19
6.7416162,4.51
6.9704905,6.95
5.452501,4.68
7.8068953,6.63
7.7218056,7.25
5.9837303,4.82
8.050632,7.73
7.556774,7.07
6.2175455,6.52
5.240033,4.06
5.423822,5.6
5.7640676,4.42
8.158548,7.41
5.9746165,5.72
8.798692,8.22
7.198477,7.19
6.1957064,4.57
5.7878137,7.96
7.9027267,8.08
6.843991,7.92
5.7346654,6.86
5.453146,5.4
7.1723704,6.73
7.331915,8.29
7.778592,7.72
6.1137047,5.7
7.6583605,9.27
6.2523746,9.89
6.9314756,6.02
7.168405,6.44
7.692794,7.88
6.4759445,4.13
6.8425303,5.71
6.9890304,8.48
6.3511667,5.52
5.632144,6.77
7.5522847,6.44
7.1061606,6.81
6.084139,6.21
6.480039,6.04
6.6399913,9.29
7.7054043,7.42
6.9471545,8.79
7.912258,8.25
6.3438654,6.24
6.2852435,7.89
8.254446,6.12
7.419174,9.04
6.8085833,6.05
6.2700157,6.81
8.078656,8.29
6.401209,8.59
6.772419,6.92
6.5974083,5.82
6.887595,7.28
7.559835,8.79
6.916291,6.91
6.9630327,7.48
6.591626,6.42
6.2195373,6.8
6.870065,6.52
8.047556,9.55
7.489101,8.11
5.263706,5.52
7.0443034,6.78
6.708719,6.15
5.7521815,6.07
6.484271,5.02
6.4481525,6.34
7.6310377,7.93
7.356921,7.17
7.106693,6.64
7.900959,6.5
6.1482806,6.23
6.5385375,9.06
6.2617292,5.33
7.2959976,7.31
6.2451787,8.24
5.5335116,7.26
8.232506,8.5
6.9182763,8.52
6.251458,8.25
7.929624,7.12
7.3750157,6.36
6.062337,5.84
6.318222,6.96
7.2378173,6.27
7.32632,5.49
7.006023,7.15
6.896689,7.14
5.884865,5.09
7.353474,7.51
6.0759377,5.4
7.787176,8.82
7.3228674,8.24
6.8422527,6.41
7.3214936,9.32
6.7498436,7.74
6.0038886,9.39
7.3099165,6.5
6.513215,7.44
6.9776216,7.6
8.268711,8.61
6.6964,7.04
8.532262,5.66
5.998278,5.6
5.8427205,5.72
6.730225,7.1
6.7934074,8.04
5.8487024,6.54
8.696067,9.72
5.921516,7.51
6.4287577,6.19
7.3504543,6.2
6.552564,9.07
6.3285894,7.76
7.160637,5.84
6.1478887,5.82
6.4736724,8.04
8.171883,6.71
8.0464115,7.07
7.264971,9.22
6.252724,5.68
7.2174406,7.54
7.7345834,6.43
7.7925625,7.34
6.775183,6.55
5.691567,5.81
6.97929,5.9
6.136402,6.51
7.439743,7.45
7.180446,5.45
5.5467587,9.28
6.327053,7.77
8.226224,8.08
5.8981385,8.02
6.5261364,8.57
5.5113764,6.34
6.4967313,5.66
6.013982,5.54
5.859701,7.82
6.4582257,7.19
6.5601573,6.45
7.4940434,8.62
7.687239,8.1
6.659619,7.85
7.87415,6.79
6.591431,5.28
7.025294,6.43
7.3494816,7.79
7.27673,6.49
6.7191396,7.91
5.9989305,8.2
7.4158344,5.68
6.477968,6.34
6.5032587,6.73
6.3915524,6.41
6.827246,6.91
6.009146,6.31
7.441304,6.52
8.33313,8.61
6.820111,5.4
8.218885,7.91
7.978276,8.42
7.3676186,8.02
6.431489,5.63
5.8495445,4.7
5.937928,8.7
7.090358,7.63
6.9449873,8.72
6.292327,6.26
6.3736176,6.59
6.6858406,7.7
7.4440336,8.21
5.58996,6.92
5.6691103,5.07
6.779779,6.01
6.2634945,6.33
6.6666846,7.4
6.68322,8.22
7.2210107,5.44
6.936144,4.78
6.7665696,7.03
5.604358,6.68
7.0659666,7.17
6.753615,6.82
7.313796,7.2
6.726756,6.8
6.20944,5.4
6.727305,7.96
6.5952106,6.72
6.496312,5.89
6.3881645,7.07
6.727125,8.15
6.275996,6.57
6.84174,7.05
6.737952,6.5
6.775832,5.86
6.2061086,7.7
5.7787714,5.79
7.4859366,9.3
6.958007,6.55
7.66923,7.08
7.181939,6.81
7.12066,8.3
6.113471,7.61
6.488865,5.91
6.4623065,6.28
5.47984,7.7
6.754802,7.92
7.042298,8.64
5.9324536,7.23
7.0541005,6.29
6.941686,6.59
7.0366254,7.44
6.400959,5.18
7.5503645,6.34
6.8809004,6.8
6.5940385,6.17
6.069096,6.35
5.14223,6.59
6.808753,6.36
6.07968,7.96
7.5129914,6.78
6.9917316,8.64
6.8032713,7.7
6.319606,7.9
7.2811284,7.92
6.173153,5.74
6.603016,5.77
6.9922695,5.48
6.156571,5.6
6.6583176,8.4
5.7308364,6.22
7.1171627,8.3
7.035947,6.99
7.4313607,5.57
6.2651167,7.13
6.7168884,5.82
7.455151,8.8
6.8984275,6.57
6.4271517,5.86
7.235203,6.52
5.3352036,5.11
7.336535,6.36
6.1140275,8.7
5.874792,5.28
6.713855,7.21
6.5297613,9.3
5.1643653,5.73
6.3525834,6.29
6.786732,7.0
6.590264,5.96
6.263923,5.48
7.0285892,7.62
7.2919774,7.09
7.1145062,7.67
7.0118575,8.0
7.047961,7.74
6.2819448,7.7
5.155514,5.41
6.604047,7.6
7.163246,7.89
5.6050854,6.0
7.354867,6.84
6.2611895,7.11
4.619483,5.37
6.9137764,6.78
6.5807157,6.74
7.331192,7.35
6.75448,7.85
6.6448345,5.4
7.0314794,7.99
7.4207554,8.8
8.097044,7.4
4.5544786,7.29
8.24532,8.8
8.259903,7.06
7.937107,8.03
6.5154195,5.91
8.122867,8.07
7.7471776,8.57
7.856517,7.36
7.812299,8.0
8.182539,7.57
8.054438,6.67
8.662487,8.06
8.589523,7.81
7.7839394,8.4
7.5222025,7.62
7.9791174,7.41
7.709228,7.59
7.4099126,6.74
8.768011,8.34
7.7225876,7.85
6.407021,7.13
6.579518,6.05
7.810285,8.35
8.056612,8.08
5.620444,5.94
5.4626,4.32
5.9533095,5.51
5.5202346,5.22
5.623993,4.52
5.3702035,4.91
6.8808513,5.6
5.2991486,5.46
5.4291,5.52
5.4626026,6.7
6.4170275,5.1
4.885255,6.68
5.9970016,7.52
4.4405975,2.54
4.1997423,2.79
5.44951,4.84
7.361647,8.57
8.547286,7.98
8.785915,7.82
7.7417264,8.0
5.8815117,5.41
8.991718,8.74
6.1215963,8.46
8.0289955,9.19
6.334646,4.54
4.934163,5.1
7.9532704,7.5
6.0237627,5.01
5.958988,5.68
8.497116,8.22
5.159959,5.65
8.25224,8.8
7.5027294,8.02
7.2348843,7.32
6.5292325,6.66
7.5301104,7.3
9.553164,8.85
5.9631085,6.98
7.3126407,5.48
7.7218823,8.85
8.721495,8.82
7.933462,8.46
7.743897,9.7
6.9020824,6.46
5.2113113,5.39
5.4331017,5.02
5.495672,4.15
6.9197273,6.48
5.7082686,6.46
5.766267,7.74
6.9256744,6.79
5.2935476,5.74
7.4056625,6.4
6.5366325,6.05
7.001886,9.0
5.658961,4.9
5.122577,5.6
6.5631003,6.18
6.080481,6.68
5.5951056,5.19
6.547727,6.37
7.623091,7.26
7.060481,7.36
6.3582106,9.0
6.432052,6.08
6.8512897,7.03
6.3135834,7.13
6.1426716,7.42
6.9548826,7.24
7.6580677,7.26
6.947157,6.92
4.875291,4.1
5.298378,7.3
6.7215447,8.15
6.8121276,5.74
6.2693458,8.4
5.8885665,7.37
6.4490657,6.58
6.4455514,6.77
6.5087304,6.0
5.5473757,5.55
7.046977,7.92
6.2016907,6.12
6.0321417,6.5
7.1053123,7.57
5.4602456,5.49
6.7472615,7.4
6.2472568,5.14
6.1952305,6.19
6.368241,5.8
6.2259073,6.15
5.855853,5.5
6.9312105,5.35
6.4020176,7.26
5.9815254,6.3
5.826125,6.04
5.9958596,5.61
5.7471685,6.8
7.844042,7.28
6.8427844,6.0
5.9674044,4.28
6.287639,7.1
5.826332,5.61
7.170279,8.44
5.965175,5.03
5.7989964,6.21
7.697253,6.72
6.732346,7.14
7.0236015,7.15
5.389186,7.22
5.7660275,6.72
7.3609886,7.85
7.4507656,8.72
5.5340095,5.51
7.2273674,6.42
6.5893373,5.82
7.6376524,8.3
6.377507,8.57
6.985864,8.0
6.708894,9.51
6.644473,6.96
6.3668756,5.31
7.2831664,6.1
6.919182,9.3
8.026868,7.6
7.2138934,4.54
6.669935,6.85
4.992236,5.71
6.3756523,7.07
5.9345784,5.83
6.4014597,6.66
5.27412,6.0
6.8284645,8.01
6.4166403,6.01
7.399863,7.54
6.9753113,8.76
6.035818,6.67
7.1648893,6.54
6.987704,8.06
6.7140155,7.74
6.518394,4.33
7.60503,8.0
6.6684475,7.62
7.552689,7.03
5.986882,8.1
5.91833,7.19
6.1488943,6.93
6.9159613,8.46
6.9880524,8.0
8.100538,6.15
6.748302,6.19
7.540521,6.08
6.6516786,8.37
7.4797072,8.64
6.796808,9.1
6.8862495,5.43
7.248157,8.6
6.4463797,5.97
7.96072,8.37
6.5143785,7.0
6.231307,5.68
6.954712,8.42
6.7486935,7.44
8.218268,8.9
5.861559,6.26
5.6008368,5.91
6.512221,5.16
5.772964,5.8
8.206055,8.7
7.182781,9.82
6.8872232,7.08
7.2798915,9.36
5.737273,7.92
6.9202433,6.98
6.4090805,8.9
7.08553,8.2
6.489709,7.46
6.524958,6.82
7.4424286,8.33
8.457023,7.16
6.791816,8.0
6.947283,8.14
6.125493,5.26
7.569894,8.5
6.3980913,5.1
6.5733223,8.3
8.717488,7.35
6.461668,6.22
6.347986,4.73
6.6548123,8.1
7.6241384,6.11
7.5576177,9.64
7.468547,8.18
5.663367,6.41
6.5484786,8.11
6.9146285,8.66
6.698905,8.93
7.088766,6.94
6.7543454,6.4
6.2479362,7.85
5.8168936,6.09
7.485896,7.5
7.133284,5.72
7.163842,7.51
6.2148004,6.04
6.9659576,9.7
7.1768484,8.23
7.1914897,6.34
6.999652,8.7
7.6509166,6.27
7.536083,7.47
6.011385,5.49
7.3016677,5.55
5.8274984,5.97
6.2294607,5.48
6.422483,4.42
6.7619805,6.88
6.7118244,7.34
6.608131,5.22
6.7287345,6.36
6.726606,7.47
7.1402416,6.82
7.0940137,6.18
7.0262265,6.29
6.7891135,7.92
5.753381,5.96
6.1501026,7.74
6.9926767,5.35
8.205817,9.7
7.489482,9.0
7.195134,6.96
6.8185477,8.4
7.059214,8.5
7.3481307,7.73
7.138854,6.59
6.1121254,6.14
5.815717,6.08
7.4388447,5.84
6.960937,6.75
6.320321,6.2
7.067133,7.43
5.289171,4.92
4.5482674,4.2
5.930983,2.05
5.2603927,4.15
5.3537326,6.1
5.5452566,7.04
6.020688,5.18
5.915292,5.28
6.307517,5.34
8.208763,7.26
5.2418413,5.77
6.443886,6.21
6.871706,7.28
6.194374,5.82
5.5893106,7.77
5.174946,5.28
5.129509,6.34
6.5545206,5.8
5.103506,4.0
6.2936287,5.17
5.1746035,5.6
6.2481146,4.79
5.700369,5.31
5.133041,5.41
6.865106,8.1
6.5906706,7.17
6.1880403,4.98
5.149967,5.0
6.300157,4.93
7.531617,8.7
6.04804,6.96
7.384492,9.0
7.172286,8.0
6.2016225,8.36
4.9785113,5.8
7.3571057,8.52
7.3472514,7.7
6.571764,7.12
6.2655144,7.96
6.888667,6.74
6.536895,7.42
6.8694134,8.7
8.24691,8.52
6.5217624,5.9
7.6714234,7.48
6.153739,7.92
6.4332476,5.8
6.73968,4.79
5.5018067,6.6
4.5588083,4.53
6.419948,6.77
6.2762003,8.1
6.0470953,5.35
8.192909,7.82
6.3760476,5.2
6.007876,4.63
7.753233,7.92
6.789063,5.7
5.8706784,5.05
7.2269664,6.88
5.745213,6.17
5.710087,5.8
5.979383,6.34
5.5382247,5.42
5.7794995,6.05
6.965471,7.4
6.114655,7.08
7.955583,7.44
6.7471414,5.48
4.778411,5.2
6.75463,5.46
8.418264,8.22
7.6465535,8.7
5.0681114,5.89
5.530389,7.22
7.1975713,7.48
5.4932313,5.8
7.1253214,7.37
7.6762877,7.89
6.185836,4.82
6.9678445,5.52
7.960783,8.05
7.187861,7.25
7.22771,8.4
7.990065,8.7
6.1304274,6.74
6.429774,9.01
5.5360126,4.39
6.552687,5.82
7.59192,7.05
7.9012356,7.26
6.6990695,8.0
6.6609387,6.39
7.858733,7.01
6.1554966,5.0
7.915974,7.5
5.966781,5.55
5.606061,4.59
7.6343203,9.0
7.0762997,7.03
7.984309,8.52
6.5773473,6.33
5.532665,6.82
6.224546,5.0
5.0775976,5.64
5.81867,5.68
6.7953215,8.85
5.8301797,7.63
7.0929394,6.72
6.5133615,5.02
6.7953224,6.22
5.59731,5.01
6.323724,6.06
6.26495,8.92
5.847625,5.81
6.72989,6.64
7.1115212,6.0
6.259068,4.79
6.4937663,4.25
6.420667,7.4
6.6097074,7.22
7.1705294,6.25
6.3798003,4.39
7.1966643,6.49
5.093604,5.24
6.2427793,6.85
6.028304,5.37
6.656994,6.94
5.9481883,6.49
5.740174,4.05
6.9200068,8.1
6.6232553,5.23
5.9684005,4.49
7.6056795,5.77
6.10417,6.09
5.9817104,6.28
5.892918,7.32
5.808421,4.92
6.0155177,6.03
6.2600083,7.66
5.8601093,4.7
5.839807,7.4
5.098016,5.17
5.255983,4.94
6.4451923,5.77
7.106393,8.0
6.9671016,6.52
6.5210066,8.3
6.034872,7.64
6.5670376,5.59
6.2685175,5.69
6.0564027,3.89
6.6738696,5.71
6.6774015,6.37
5.6081123,6.42
5.534387,5.21
6.393753,5.72
5.7627254,5.46
7.290194,7.28
7.022119,5.97
6.4529657,4.44
6.3129153,5.01
6.678854,6.34
6.183212,6.7
6.2421513,5.8
5.226891,7.34
5.136298,5.7
6.044746,6.96
5.0398903,4.3
6.770338,5.33
6.146431,6.11
6.907317,7.8
6.618086,7.52
6.1181808,6.45
7.4821386,5.44
7.9861746,3.96
6.8707037,5.41
5.4086523,5.4
6.230281,6.07
5.5393763,5.24
5.8748455,4.96
5.272129,4.43
7.098192,5.0
5.34839,6.72
7.129769,5.25
5.1121507,5.01
6.454276,3.53
5.5568986,6.01
6.2366614,6.37
6.3199506,4.35
7.719103,8.3
6.9042506,8.3
6.7410283,5.4
5.9141593,5.53
5.8475876,5.59
5.754121,6.04
5.375971,5.4
5.645422,1.52
5.988675,6.55
5.344312,5.9
5.409112,5.57
5.838568,6.51
5.2896347,5.12
5.571099,4.89
5.460302,6.21
5.28034,5.56
5.618407,6.85
5.7000637,8.3
5.5891614,6.34
6.0788937,7.7
7.050832,6.47
5.946698,6.62
6.442846,7.0
5.8264513,6.96
6.1877007,8.24
5.7233615,4.66
5.1859655,6.04
4.745568,2.24
6.5153394,6.38
5.7126627,6.4
7.2866507,5.45
5.835548,6.86
5.3392143,4.82
6.482291,5.68
6.330676,5.9
6.437251,6.4
6.450808,5.67
7.856347,6.84
7.5242586,8.3
5.038267,6.44
6.7756853,8.09
6.040591,4.74
5.52175,5.37
6.7675905,8.24
6.4314623,5.59
5.900909,4.7
5.99757,5.22
6.772718,6.79
8.216701,9.74
6.0384374,7.22
5.35262,5.76
5.6710787,5.85
5.984979,6.4
5.7615366,6.47
8.54689,8.0
8.261933,9.0
5.9992533,6.0
5.2313266,7.0
5.0947304,6.89
6.142185,6.19
6.5059257,4.16
7.2480206,6.15
6.4766793,5.09
7.152111,6.21
5.0674405,9.37
6.7582583,7.35
6.1486564,7.65
4.820345,4.49
5.8276577,9.62
7.682417,6.77
4.8473787,8.54
7.143732,8.29
7.435081,6.61
7.6583185,7.15
6.00551,5.36
5.377452,6.14
6.645348,4.6
6.4046,5.07
7.7677317,8.04
7.331348,9.2
7.6264644,7.5
7.1537433,6.7
6.81618,5.37
7.420516,6.06
7.3919835,6.11
7.485509,7.13
6.5974298,8.05
6.662525,6.38
7.2673154,6.36
5.889016,5.38
7.8606396,8.03
7.1429143,8.19
7.322887,7.48
6.7544727,4.74
7.6257467,7.19
7.298852,8.14
7.782583,8.07
7.605048,9.96
6.577782,8.7
7.397695,7.77
6.2256207,6.09
7.0150247,7.24
7.010727,6.96
6.9271674,6.3
6.596549,4.9
6.6666174,4.31
6.4407163,6.3
6.6272106,6.3
6.5699573,6.3
6.8093586,6.3
6.6088705,4.12
6.3016777,6.07
5.362457,5.29
6.0156026,4.92
5.0842237,6.0
5.742509,4.52
5.3851542,6.0
6.402733,5.94
8.21111,7.25
6.2563906,5.14
5.134691,4.47
4.330539,5.82
4.847495,4.79
5.7057443,4.67
7.212661,7.97
5.219586,4.54
6.1029634,4.76
7.3326035,6.54
7.555302,7.87
5.408231,6.15
6.6169667,4.64
4.8163977,7.0
5.950296,4.57
6.9349017,7.54
6.729232,7.52
7.7037106,5.03
7.69145,8.1
6.8274994,7.68
4.9702578,4.57
5.1925,4.76
7.616818,3.3
5.598359,4.15
5.3031993,5.79
5.0024023,4.77
5.0038795,3.73
5.6105127,3.87
5.5864124,5.46
4.581396,4.26
7.491239,6.8
6.29126,4.53
6.2293644,3.79
5.3322635,4.6
4.5810747,5.43
7.6376696,7.85
7.4209747,7.96
6.1473536,5.64
5.11058,6.53
5.220001,4.59
5.0924597,4.77
4.5334992,4.15
6.610839,6.11
5.4330115,4.46
5.3616533,5.22
6.384316,6.28
5.9921036,5.46
4.734429,5.68
5.5552883,5.15
5.982974,3.26
6.6082716,5.74
7.8311915,6.9
5.605526,5.0
5.279901,4.42
7.1566324,4.09
4.7286363,4.67
7.0982423,4.87
5.679674,4.72
6.46647,5.07
8.091557,4.24
5.763915,6.0
6.336857,9.05
8.156998,7.68
7.293704,10.02
6.5280695,5.3
7.7436914,7.65
7.60184,8.91
6.817531,6.08
7.6102076,7.2
8.013373,10.0
8.6203785,7.99
6.9187474,4.55
7.7774353,7.65
7.1032233,6.18
6.903137,6.85
6.94119,7.2
6.53741,6.5
6.9569707,5.59
6.542112,5.08
8.158282,8.29
6.422778,6.85
7.9893713,8.0
7.4756827,7.82
7.4882956,7.25
7.103979,7.0
5.924906,7.47
7.6266203,7.57
7.2688546,7.61
7.230379,9.3
6.397918,8.37
7.8699794,8.24
7.940517,7.12
7.2953367,5.22
7.1185174,8.62
7.237721,8.6
7.5740185,7.15
7.409288,8.57
6.918416,5.97
7.9795327,9.2
7.8956413,8.55
7.8643675,7.47
7.530165,5.7
7.2089677,6.96
6.5959973,5.04
7.6263223,7.89
7.7755117,7.7
7.386108,6.7
5.757722,7.55
6.9332747,9.1
7.3329754,8.8
6.9014196,8.37
6.3934736,8.15
8.349598,8.21
8.653471,8.45
7.806886,7.9
7.391937,6.65
7.8515563,8.17
7.07875,7.1
6.6338873,5.4
7.652109,8.64
7.949732,9.6
7.8168755,8.1
7.380336,7.5
8.017489,7.71
9.01491,9.76
6.5181613,7.64
7.566022,4.68
7.27688,8.2
7.8074174,6.9
8.077751,7.3
6.7766776,6.19
7.6881723,7.83
6.988408,8.0
6.8505907,5.4
6.693103,7.43
7.790409,6.96
6.652001,6.49
8.106813,8.02
6.337563,8.03
7.1427875,5.54
6.354759,5.98
8.416798,7.49
7.0109115,6.23
7.195034,7.4
7.9321346,8.5
6.8782644,8.35
7.2126718,8.96
7.7153387,5.94
8.147424,7.98
6.5630784,7.96
7.14516,9.28
6.640886,6.06
7.942909,7.01
7.682021,7.25
6.8176756,7.38
7.413751,8.3
7.167805,7.89
7.17531,7.51
8.21268,6.47
7.9241495,7.11
8.3972025,8.55
7.564433,7.52
7.6479144,7.22
7.6048098,5.67
7.4997916,9.29
7.695367,7.5
6.9753394,7.55
5.5870585,5.5
7.7103376,8.27
6.327958,7.87
7.266882,8.72
6.7164273,6.43
8.194943,7.66
5.4899073,7.51
6.693274,7.91
7.8941617,8.22
7.0644994,8.0
7.065737,7.12
7.854904,8.85
8.030104,7.46
7.3898883,9.5
7.8922706,10.34
7.5184107,7.3
6.4157724,7.44
7.127258,7.8
7.4638124,7.68
7.043285,7.07
8.025252,8.32
6.903798,6.36
7.0895023,8.23
7.31758,5.77
7.758834,7.8
8.224162,7.73
5.7880273,7.25
7.548148,7.9
7.5418596,7.89
7.620056,9.09
7.50465,8.27
6.396729,6.04
6.393785,7.37
7.383981,6.7
7.9054375,10.37
8.299799,5.82
6.5694523,8.52
6.9043546,7.28
7.5552425,8.36
7.6935806,7.4
7.263815,7.9
8.1345415,8.5
8.197122,7.39
8.045485,8.24
6.961813,8.12
6.197788,4.59
7.5799747,7.5
6.8717904,8.93
6.6985106,8.7
6.2874846,6.7
5.9371805,4.72
6.9621105,7.51
6.665431,6.0
6.1034784,5.09
6.152383,5.3
7.126976,6.3
6.9281096,6.2
6.4756517,6.1
7.5632925,5.2
6.091884,5.17
6.482263,5.8
5.8859315,4.92
5.701336,5.6
5.6021643,7.37
6.7094584,8.33
5.8257895,4.2
6.862627,5.52
6.317226,5.9
5.859586,6.44
5.6321654,4.84
6.257035,5.68
5.2867627,4.03
5.6354594,5.6
7.342697,8.52
6.3665686,6.74
6.8273616,5.77
7.250105,5.0
5.559237,5.8
5.4887643,5.8
7.945572,6.08
4.722596,6.23
7.350412,8.05
7.386689,4.11
5.8030353,6.0
6.6494393,5.85
5.936191,5.05
5.9037642,5.3
7.5610237,6.6
6.24377,5.8
5.931977,5.39
6.6665573,8.3
5.831298,7.3
5.5803504,6.5
6.728855,6.53
5.5335617,6.52
7.2655373,5.62
6.1900196,7.59
7.737975,6.52
6.5634995,5.1
6.102341,3.83
5.9576445,4.88
6.017443,6.4
5.3639627,5.92
6.536837,6.89
6.4204435,7.44
5.4374824,5.52
6.6316376,5.49
5.1792083,4.44
5.8887997,6.7
5.9961815,6.73
6.042639,5.77
5.1925154,3.91
5.4424877,5.52
5.963504,6.76
6.7453747,6.65
6.991314,7.23
6.346114,6.79
5.562698,5.77
6.739519,7.68
6.395618,5.88
6.374791,5.24
5.667621,6.17
5.6322713,5.5
6.715781,7.11
6.9290504,6.31
6.165025,5.88
6.103572,4.88
5.6505547,6.13
7.0623674,4.48
5.7334228,6.09
6.174477,5.64
5.6039257,0.92
6.4251056,5.2
5.7552156,5.23
7.5872183,7.96
6.5126653,7.2
7.03448,7.6
6.585137,7.07
5.28731,6.05
7.228708,6.55
6.183885,5.66
5.772669,7.48
5.4291716,5.81
5.40212,6.52
7.577858,8.15
7.6235533,7.92
6.5798144,5.23
6.946184,5.3
5.740739,5.04
5.2341995,5.43
6.545519,6.38
6.6544223,7.24
6.1251564,5.42
6.0636272,6.37
5.985134,6.84
5.6751647,7.22
6.0965447,7.43
5.4621797,0.77
6.3969235,7.68
6.0071573,7.68
6.99578,6.82
6.0856967,5.22
6.7587442,6.74
5.864295,4.72
6.1243067,7.27
5.3980303,5.57
7.1730356,8.05
7.0793147,6.83
5.617591,5.78
7.2211018,6.49
5.4558325,5.97
6.842571,5.28
6.146053,0.83
6.495062,5.41
5.303295,5.64
7.152769,8.4
7.0951986,8.7
5.6465306,6.52
7.1810446,5.37
7.7327867,6.61
6.9448953,5.42
6.2115993,5.59
7.361865,5.79
6.838374,5.82
5.660796,5.35
6.3039117,6.86
6.1249866,5.11
5.674969,5.02
6.367414,5.98
7.2381716,7.3
7.024066,8.05
5.4743724,5.35
7.133646,6.74
7.1059113,7.14
6.1045227,4.72
6.0272436,7.37
6.112326,6.4
6.2472253,5.7
6.251028,5.15
5.3596497,4.52
7.4447274,5.98
6.0716586,6.66
5.8531175,5.37
5.9760528,5.47
6.1610074,5.44
5.75681,4.37
8.097783,6.51
5.7038984,4.28
6.5716066,6.65
5.9084206,5.35
6.9053993,6.38
6.3487835,6.6
6.6507597,5.59
6.129795,5.17
5.0074897,5.85
7.138497,5.49
7.3018513,6.91
7.126048,5.25
7.03594,8.08
8.583768,7.1
5.702689,7.7
6.92121,9.0
6.37993,8.89
9.080563,7.0
6.032881,5.39
5.6347003,4.61
6.097724,4.64
6.104224,7.0
7.1689544,5.98
8.507897,6.8
5.6395454,5.11
7.431343,7.27
7.2541575,7.9
7.6575775,7.53
7.4259286,7.17
6.628079,6.04
7.0919576,7.0
7.2880397,7.17
8.998823,7.99
9.212238,10.42
6.339946,7.05
6.369956,7.89
6.474606,7.12
8.3750305,8.34
8.803778,9.38
6.6083145,8.28
8.1545925,8.87
7.1964345,7.68
7.057178,7.7
6.6581807,6.16
8.120562,7.01
7.4573107,7.88
8.184441,6.98
7.4938116,5.68
6.557224,7.46
7.7341347,6.77
6.2696986,4.58
8.354905,7.95
6.636729,8.06
7.107429,7.74
6.2160025,8.47
6.605633,7.63
8.47342,8.53
7.5892653,7.74
7.208208,4.86
7.879614,8.15
6.70345,7.3
6.6317534,6.85
6.67788,5.73
6.5657845,6.82
6.2979507,5.26
8.3578825,9.06
8.934637,6.7
8.015381,6.94
6.926272,7.47
7.001052,5.58
6.841935,7.24
7.2880063,7.0
6.9852962,5.4
7.07945,7.72
6.112695,5.24
5.3917127,7.8
6.6125317,9.0
8.017904,7.89
5.613529,6.27
7.1463957,9.0
6.949742,4.94
7.5831714,7.01
6.435534,5.35
7.402337,6.2
7.0247874,7.56
5.676107,6.02
7.5000896,5.77
6.694471,8.06
6.3787227,9.1
6.259584,7.36
5.4774356,4.66
7.8474383,3.22
6.494775,4.68
6.056176,6.05
7.5092354,5.96
6.64854,8.74
6.8417993,8.17
7.04152,5.07
6.947837,7.12
8.075994,9.1
6.0539103,8.3
6.5866156,6.05
7.4058466,6.19
6.758861,8.44
6.504689,9.7
8.556185,7.68
6.9911895,6.69
6.063326,6.66
7.708007,8.96
8.480048,8.64
7.885689,7.15
7.238394,5.86
8.206402,6.14
6.6113467,9.52
8.302871,8.4
5.785589,5.71
7.4169846,6.89
5.9131203,5.5
6.8436522,5.54
6.9544644,7.2
7.5115337,9.24
8.862377,6.93
7.206954,6.29
6.634916,7.28
8.083243,7.06
5.7658625,6.62
5.9575996,5.5
6.331981,7.82
6.253799,7.52
5.020296,5.52
5.534846,7.25
6.374124,6.3
5.848951,4.43
4.816739,4.49
6.2921033,3.88
5.2506056,4.82
3.8691258,3.62
5.8705254,3.95
5.059141,4.43
4.5516777,4.72
5.178086,4.28
5.4096413,4.02
5.267991,5.17
5.9383373,4.69
5.8766294,5.11
6.904979,6.19
3.6552424,6.92
5.4258833,4.99
7.904571,9.08
7.577076,6.75
8.401502,9.24
6.6045256,5.17
6.7622933,5.65
6.7208223,9.04
7.2779875,8.85
6.3579288,6.25
8.084169,5.26
6.18401,9.39
7.3367214,5.97
5.7260346,7.77
4.4293504,4.91
5.564786,6.59
7.1357884,6.14
6.630008,8.89
5.68246,6.0
5.7190075,6.11
8.275601,8.66
5.9707007,5.41
7.767212,7.84
7.5039625,6.45
6.8781476,7.77
7.665685,6.64
7.592011,9.21
7.2581086,9.42
7.3752604,7.08
6.4758325,6.87
5.390068,6.66
5.842255,5.0
8.441594,8.49
6.596138,7.63
5.5365686,7.68
5.2254095,4.86
5.511296,5.21
5.7205405,5.99
6.2605343,7.29
5.90259,7.85
4.8295507,5.34
6.4324346,7.05
6.5830655,6.79
5.6962714,5.94
6.572711,5.8
5.3689275,5.63
6.9707108,5.99
7.3191385,9.23
5.791141,6.64
7.2964425,7.7
5.4231105,7.31
4.858337,4.93
7.8030176,8.62
7.131182,6.24
7.3677635,8.85
8.290368,7.6
6.8757453,7.7
6.179041,4.88
6.582998,9.0
5.159215,5.24
7.3471265,8.85
6.169086,8.4
8.689858,8.3
7.13678,7.93
6.1036468,5.91
6.5922966,6.68
6.974612,4.62
7.545207,6.13
8.463417,9.37
5.510053,6.73
7.0554123,8.41
6.9769363,5.64
6.4170566,6.82
6.5581865,5.63
7.448247,8.17
6.3645988,5.87
6.2487836,5.66
8.180725,7.68
7.950181,8.64
6.3877,9.41
5.551061,7.6
6.119893,9.09
5.441975,8.54
5.376183,5.1
6.3906074,7.37
7.2243767,5.02
7.396509,5.52
5.507286,6.51
6.9218054,9.49
6.1394143,5.17
6.655865,5.88
7.286364,6.03
6.50311,6.28
5.88068,7.8
7.251828,5.19
6.6272335,6.82
6.327153,7.31
7.22023,5.96
7.259005,10.1
6.245259,5.59
8.652782,7.6
7.106392,8.94
6.7502584,5.38
6.0235944,6.35
6.7793365,5.09
5.81703,6.08
5.8114676,5.0
7.251375,7.72
8.661136,9.54
6.1827626,6.15
6.334064,7.64
6.095784,5.87
4.7982903,5.01
6.747764,8.41
6.5180197,8.39
7.138883,9.31
6.588547,9.52
7.3591933,4.78
6.400717,4.87
6.80411,6.3
8.950022,9.7
6.6941433,7.16
7.044271,6.07
6.0941944,6.34
7.824492,8.2
6.670626,6.25
6.3118353,5.64
6.390581,5.7
6.06313,5.26
7.271988,7.9
6.7912664,5.12
7.316262,5.96
6.2358756,7.02
6.5452304,5.28
7.748245,9.0
4.941262,4.88
6.254938,5.45
6.805067,10.4
6.5545874,9.42
7.0601125,6.32
5.1525097,7.6
4.8377314,6.74
4.9720144,6.8
5.29129,6.64
5.874246,5.05
7.037065,5.21
6.168253,6.66
5.966739,4.0
6.5813837,7.51
8.7814865,8.4
7.737707,9.3
6.288395,5.43
6.823949,5.92
7.1421847,7.74
5.355551,7.0
5.4049397,4.85
6.182372,7.96
5.982536,7.64
5.466734,4.19
5.339738,5.77
6.7171044,6.92
5.1474333,6.94
6.1470084,5.83
5.397913,5.8
6.187469,6.2
5.5891337,2.05
6.448406,7.34
6.293254,6.03
6.4306016,5.3
5.3715653,5.02
5.730735,4.88
6.605167,6.87
5.74684,5.85
6.389435,5.58
6.1902413,5.85
5.6233373,5.7
6.1038585,5.77
6.0478888,3.81
5.5829515,5.96
6.152193,5.35
5.6985464,4.77
5.7467756,6.37
6.877665,5.55
6.2310867,5.73
5.72172,6.56
6.6557264,6.98
5.8257976,5.06
6.0170183,5.0
6.558995,4.7
6.541568,6.54
5.597573,6.79
7.140882,6.7
6.7547665,8.3
6.5175195,6.49
6.0261273,5.72
5.8290896,6.41
5.6422367,5.96
5.7191677,5.96
7.0915294,7.1
6.5274825,5.22
7.1841564,7.7
7.1298046,5.74
6.482219,4.3
5.2855625,6.01
6.9165425,5.68
5.5218234,6.55
5.2881236,6.66
6.47699,5.77
5.8830237,6.39
6.8155537,6.91
6.0602546,5.36
6.5543365,6.14
6.856211,7.0
6.0290985,4.52
6.334803,10.05
6.2566476,5.0
6.697127,7.49
6.9006195,5.7
5.839679,5.69
7.1161203,8.0
5.5036554,3.92
6.7418942,1.6
6.2342505,6.06
6.0789824,5.17
6.6248393,5.28
7.15096,5.4
6.178813,6.34
6.709916,5.0
6.4347196,6.4
7.209814,6.89
5.5829196,1.72
6.2367854,4.96
5.757825,5.07
6.182204,4.74
6.993836,6.25
5.6415186,5.41
6.0679245,4.97
6.4990764,7.28
5.792238,7.3
4.503277,4.72
6.8553996,3.75
7.050104,5.93
5.3334723,5.99
6.2061462,6.64
5.158203,6.15
6.5472383,5.21
6.698716,4.8
8.486107,6.43
7.9348207,8.83
7.213897,6.62
6.3486795,5.34
6.7948327,8.05
6.4176764,5.6
6.8655143,7.82
6.5788035,6.39
6.899175,8.19
7.4444494,6.49
6.413462,6.7
6.971305,5.81
6.2094936,5.52
8.252913,9.3
7.125589,7.22
5.7918634,7.38
7.5036964,7.7
6.9048505,6.77
5.613989,4.84
8.764128,9.4
7.7385573,8.32
7.7788258,8.52
7.9638367,8.96
7.311292,7.55
8.072728,8.59
6.847335,8.25
6.0298347,4.62
7.202374,7.95
8.654923,7.59
6.6723313,6.1
7.9991226,9.0
6.375308,6.51
8.414772,7.64
7.501699,6.49
6.9123664,7.66
7.0744214,7.55
8.500875,7.89
8.139954,8.4
7.4497643,8.51
7.9199214,6.66
7.3060713,4.62
7.9726424,8.82
7.386858,8.29
8.470222,9.0
6.4278154,7.51
7.1645803,6.53
6.5206614,7.08
7.8265944,7.08
6.821906,7.79
9.179477,8.76
8.068025,9.05
7.1386685,7.66
6.7369094,8.91
8.086652,9.3
6.3422775,5.3
6.865764,5.66
7.8314605,8.19
6.2822433,8.11
5.4751396,6.52
7.2256794,4.43
6.0440884,5.57
5.675011,6.55
7.2993383,6.61
7.7346687,7.77
6.109604,8.27
7.6011715,7.43
8.654547,6.64
8.199281,8.7
5.808222,5.71
8.117509,7.96
6.982293,8.92
7.0842876,6.83
5.336399,4.31
6.8995934,5.65
7.1035786,7.8
7.040232,5.46
5.983175,5.49
5.9489098,4.14
6.937771,5.24
5.5311427,4.45
6.610779,7.36
6.925359,7.62
5.4311275,4.66
6.374733,7.42
6.317904,9.33
7.1370807,7.27
6.366261,6.22
7.633676,8.55
6.3431563,4.96
8.274315,8.59
6.0390434,6.6
7.768735,7.37
5.369383,5.05
5.07627,4.67
5.6364546,5.84
5.3918986,6.03
5.8178625,7.09
5.9097033,5.91
5.5438986,4.43
6.618803,7.37
6.0712175,5.67
7.0090575,7.8
6.8978844,8.92
6.936606,5.52
6.2805214,6.77
7.548972,7.29
7.48815,6.37
7.4130263,8.77
6.81183,5.63
8.065475,6.69
6.0240817,5.41
7.8784294,7.69
7.148489,4.84
5.957799,4.03
7.585683,7.18
7.4231176,7.02
6.503925,6.74
6.2793684,5.42
5.5016074,6.89
7.7631497,8.89
6.3570395,5.99
7.5536675,8.28
6.710419,5.55
6.6721835,7.89
6.890439,6.67
6.872058,7.24
7.274956,8.22
7.366217,5.74
6.31188,5.41
5.559264,7.14
6.393689,5.52
8.086044,9.52
5.274029,3.99
7.119636,7.72
6.451356,7.64
6.8646226,5.2
5.867572,5.53
6.0781956,9.9
7.7959776,8.02
5.9514904,4.98
7.022345,6.21
6.8506036,4.6
6.013537,5.89
4.927372,5.92
5.4430075,4.73
5.0463095,3.74
5.1146517,4.41
5.94165,5.09
5.169538,3.47
5.7342405,5.01
5.509399,4.87
5.1736937,5.23
6.766806,6.69
6.881485,7.0
6.9234633,6.59
6.8171964,7.0
6.4683585,4.84
6.2034583,4.72
5.63224,5.68
7.174901,5.64
5.953737,7.72
6.6653523,5.06
6.676977,5.74
7.15998,6.59
6.510532,7.82
6.8481708,8.0
6.6832137,6.8
7.5550675,6.04
6.716493,7.51
6.6875377,6.7
6.3599186,8.12
7.029275,7.4
6.9116864,7.3
6.7271733,7.54
4.767898,6.82
6.5119305,7.32
7.0745983,8.51
5.416964,5.72
7.5730457,6.77
7.220505,7.85
7.1704054,7.96
7.611325,6.52
6.4271564,6.15
6.980109,7.05
6.777642,5.6
5.1030874,7.5
5.0171847,7.7
6.8887863,5.7
6.198402,5.6
5.300147,5.43
6.6267414,5.71
6.0165405,5.74
5.371378,4.85
6.9507117,5.74
5.7984786,6.14
7.5744667,9.05
8.807613,8.72
9.544933,8.11
6.4269366,4.22
8.560582,8.0
6.3839865,7.7
5.539935,5.64
7.2053638,3.41
8.149977,9.52
6.930263,7.46
8.221689,8.6
8.811377,7.89
9.40123,9.49
7.3712773,5.61
8.124029,8.26
8.493398,9.4
8.443041,7.64
7.604464,9.23
9.122591,8.28
7.531868,7.64
7.68141,7.06
8.904862,8.31
9.573986,8.96
8.27731,9.01
6.850602,7.51
7.7552786,7.22
8.051438,9.72
7.893612,7.17
7.350755,4.92
7.201599,8.8
6.157617,5.2
6.137725,11.3
8.540042,8.26
6.0838447,6.52
8.079373,6.99
10.024942,6.46
7.3653994,7.05
7.4230947,8.16
6.8907366,8.85
9.136926,9.77
8.535684,10.7
7.469428,7.39
8.159582,7.89
7.7646294,7.72
8.545368,10.2
8.093353,7.44
8.547538,9.4
9.502814,9.74
9.067369,7.45
6.6754208,5.96
6.052592,4.7
8.785137,6.05
6.931081,6.3
7.8079357,8.57
8.432271,8.82
9.153897,10.15
8.655563,8.34
7.732446,8.22
7.6512127,6.59
7.6159987,5.0
8.444021,7.7
6.099849,9.76
8.244482,10.24
7.767948,6.0
7.136161,8.52
5.694954,6.13
7.2339525,3.92
9.582888,10.0
8.6635,7.62
8.601422,10.64
9.180889,9.74
7.001004,6.12
8.942703,9.36
8.275658,9.55
6.0146685,6.83
6.79778,5.94
7.623021,8.44
8.498741,8.3
8.879488,10.54
7.597065,8.92
7.5646796,9.72
7.852093,8.21
7.7455025,10.24
8.202389,7.52
9.343838,10.0
8.482576,4.68
7.661313,8.3
8.432472,9.79
8.201447,7.46
7.4488754,5.57
6.8032017,6.33
8.185493,8.68
8.672805,9.7
8.660955,9.16
9.72458,8.09
7.2494454,8.0
8.148998,6.06
9.172512,9.6
8.056988,7.98
7.864238,8.37
7.857064,8.6
7.9943233,9.1
6.347386,8.1
6.7311354,7.07
7.4643946,7.74
8.737003,8.9
8.892483,9.04
7.90364,9.0
7.1737037,6.83
7.4279466,8.05
8.933363,7.85
6.1679683,9.0
7.636311,6.01
7.5917854,8.85
8.859863,9.4
7.4786935,4.28
7.722797,9.15
9.428892,9.42
9.092491,10.43
8.928348,7.11
6.4394674,8.15
8.432029,6.82
8.0319605,6.53
7.4618516,6.29
7.0467443,7.09
7.5458417,7.8
6.436118,6.5
6.3338757,7.0
7.050432,7.68
6.9168572,6.7
5.96681,5.96
6.606936,7.41
5.873188,6.59
6.6965394,7.14
6.2680817,6.28
6.821329,7.96
6.340483,7.92
6.959689,6.86
5.8804197,7.64
6.9040003,7.85
6.335742,7.32
7.0380144,9.26
6.11256,7.1
7.2585573,6.32
6.9854717,7.68
6.6805534,7.77
6.618428,5.7
6.5773106,7.7
7.2933316,7.4
7.1710706,7.7
7.054487,5.55
5.9805403,5.1
7.726155,9.15
6.8448644,5.3
5.1853466,6.31
5.567881,6.57
4.737602,5.42
5.5530214,6.47
5.4943914,7.54
5.046861,7.59
5.2536383,6.8
5.0037403,6.19
5.290408,7.68
4.753919,6.97
5.6518097,8.3
5.98516,5.42
8.537191,9.01
6.3133225,5.23
8.688588,8.72
8.423058,8.92
5.0485916,5.18
7.62512,8.7
6.5566792,4.52
6.4626374,6.5
6.076572,5.19
8.360723,7.73
8.108385,8.3
6.6740756,5.85
6.771845,5.25
6.5942354,4.66
6.0865684,8.85
8.518421,8.55
5.0338917,4.74
5.6256733,5.13
7.1544104,8.46
7.992804,10.22
5.9456744,5.26
7.6764283,7.89
7.9472876,10.24
8.442755,8.52
8.893134,10.7
5.966548,4.49
8.621763,8.82
9.302689,6.3
7.450371,7.21
5.5018816,5.98
8.360813,7.54
8.729714,8.7
5.23463,6.27
7.959498,8.3
6.2243905,7.74
7.231941,7.59
6.494149,8.12
5.079505,5.89
6.7720904,6.51
8.39875,9.26
7.133403,8.6
7.5192413,8.77
5.887305,6.84
6.2286263,6.57
4.978572,5.99
6.4241242,5.65
5.8840694,4.42
5.0629106,5.25
9.188837,10.92
6.7606406,6.28
6.7449117,7.22
6.0111628,6.05
6.0344567,5.76
7.0700855,6.89
8.277679,9.47
7.1537046,7.27
7.759145,10.0
6.5604186,4.85
8.617687,9.27
6.117546,7.7
6.786053,6.06
7.2811832,5.85
5.8327246,5.14
5.6635714,5.94
6.46124,8.96
5.642514,10.48
5.7851553,7.1
6.3253284,8.02
6.939615,6.93
7.171664,6.12
9.195812,8.89
7.033896,8.0
7.2151856,6.3
5.0544796,8.7
6.485221,5.35
6.001305,5.21
8.147472,8.43
6.3121104,6.31
8.408199,8.96
7.391861,8.05
7.010683,5.0
7.1742625,7.39
7.592682,5.26
6.44345,5.96
7.312906,7.82
8.243998,5.32
7.0122385,4.78
5.6822243,5.51
5.539386,6.91
5.68873,5.66
5.271769,4.46
5.72111,5.22
5.9888234,4.15
5.495378,6.52
7.6792755,7.82
5.090598,5.44
6.24395,7.34
6.4577665,5.57
6.570088,4.77
8.824007,9.74
6.833981,5.6
5.3468466,8.34
6.241828,7.0
5.7936907,6.93
8.050703,8.68
7.690756,6.23
7.162103,6.04
6.546772,8.14
5.288951,6.02
5.9240427,7.85
6.834213,7.03
5.7220354,6.85
9.173193,7.46
7.245939,8.59
7.0889897,7.34
7.8300295,7.55
5.270882,4.08
7.209639,7.02
8.119574,8.62
8.044037,8.2
5.345661,4.55
8.471931,8.15
5.108899,6.29
6.315133,9.15
7.55274,7.4
7.196018,6.51
6.909973,6.51
8.150095,7.68
8.708799,10.51
6.75176,5.96
8.995749,8.46
5.9159822,4.57
8.397508,9.14
6.7270026,6.84
6.905174,9.34
7.6722484,7.33
8.941031,9.82
8.542275,9.01
8.262783,8.66
7.2303743,5.68
6.7360854,6.46
7.460376,6.19
6.49704,5.69
7.6327295,9.47
5.6564827,7.14
8.466908,6.84
6.288104,7.85
6.0063086,6.04
7.517538,7.24
6.744698,4.96
6.819377,6.1
6.0929623,7.05
7.988247,9.28
7.0510674,7.7
6.99869,7.85
6.3454185,4.05
6.371579,8.8
5.8308682,8.52
6.7351995,6.66
8.855965,8.52
5.6164994,4.37
8.283682,6.33
7.97338,9.82
6.85611,9.25
6.496712,6.08
5.7490945,5.0
5.1598997,4.23
5.539297,5.37
5.10316,3.78
5.0875874,4.11
6.7982025,5.16
5.3036404,4.84
5.2144985,3.6
5.564424,4.8
6.914515,7.72
6.324585,6.64
5.89089,6.3
7.9109483,10.1
6.620294,9.66
6.808104,8.7
7.011071,9.05
6.5781026,7.0
6.238682,8.23
7.0082903,5.04
5.5760555,4.21
6.549494,6.98
5.796822,8.3
6.150168,9.6
7.4267745,7.51
6.4522715,8.42
5.442689,4.99
7.549259,8.0
6.217959,5.16
6.6540585,11.0
8.225442,9.5
5.988863,8.18
6.627333,5.5
6.3880873,7.2
5.568649,5.81
5.0931273,7.18
7.0153093,10.1
6.130162,5.6
6.9926744,7.4
7.170109,9.5
7.071129,7.4
5.633494,7.6
6.0978146,6.54
5.612688,4.85
5.7326913,7.34
5.3153114,7.72
6.1247973,5.51
6.2068973,8.82
6.161257,6.5
6.813309,9.7
5.7699485,6.58
7.393242,8.98
5.7961063,7.0
6.251414,5.09
6.3561034,9.5
6.0456424,8.77
7.0011983,9.9
7.7519317,9.7
5.5201664,4.07
5.9502125,4.96
7.8030496,9.4
5.8743653,6.24
5.690336,8.6
7.1282625,6.15
6.055307,7.44
5.9141803,8.14
6.49026,7.9
6.760931,8.42
7.9182982,7.48
6.435288,6.64
6.5785093,8.98
5.648552,8.98
6.8319836,7.85
6.18974,6.9
5.511142,4.1
5.7242594,6.6
6.2248864,7.2
7.0523467,6.5
6.088768,7.0
5.0788674,4.8
6.120041,6.24
6.532202,7.1
6.7102656,6.1
5.613249,7.0
6.9815135,5.9
7.727062,7.77
6.2907705,8.0
5.6881804,4.96
6.1926394,5.46
5.324998,8.22
5.6323895,4.35
6.7920847,7.12
5.817879,5.2
5.964791,5.1
7.0442896,5.16
5.2448955,5.37
6.312632,6.52
5.579058,7.22
5.824951,6.3
6.9309154,7.23
5.430398,4.85
7.463359,7.38
6.5165668,7.29
5.9125752,6.57
6.6999993,4.06
5.679639,4.77
6.5502424,7.52
4.638733,4.16
5.552143,4.72
7.2324467,7.52
7.1195393,7.35
6.8005667,7.89
6.1458616,5.3
5.048682,4.09
5.8688226,6.89
5.534028,7.03
5.7048016,6.05
4.9647865,11.45
5.4520817,7.14
5.9298983,4.04
5.8312955,6.1
6.784415,7.92
6.0019417,5.72
4.908829,4.28
6.957145,5.54
5.9657135,6.92
5.572258,5.15
6.0529466,4.15
5.2395425,4.54
6.029603,8.22
5.4827833,6.68
7.347888,7.52
5.9511266,7.17
6.8553133,6.17
5.7473774,5.06
6.9778295,7.48
6.572838,8.26
4.833246,5.23
5.6297417,5.47
6.6132603,7.49
7.0384192,7.28
4.912554,4.53
5.7294693,5.24
7.025806,7.37
6.7031345,7.4
4.875126,4.69
5.813532,5.94
5.0998783,5.03
5.859185,7.3
6.516705,4.49
6.2941966,7.1
5.7095284,4.53
5.5745935,5.52
6.2137294,5.88
5.6644325,5.7
5.011955,6.46
5.5372033,4.9
5.602838,4.96
6.282447,5.33
7.3204036,6.19
7.3661704,9.05
5.3102436,5.89
5.5182476,4.43
6.503062,8.07
5.535558,5.32
5.6419473,4.65
6.228852,6.03
5.104059,4.52
6.5888653,6.64
6.40608,4.24
6.3459916,4.14
6.4257045,7.15
6.104932,4.98
6.8016405,5.3
5.8937335,5.92
6.582708,6.95
5.418217,7.2
7.903936,7.08
6.711017,7.46
4.9980655,5.54
6.5386724,6.8
6.0576,7.54
6.4358296,4.64
5.2344747,4.74
5.233778,4.13
7.175699,6.77
7.3509297,5.82
6.923374,5.12
7.9435515,8.05
6.4336796,6.22
5.0933595,5.55
6.57122,7.11
5.6767015,4.88
5.077531,5.38
5.9553204,4.48
6.1994686,4.85
6.642051,6.85
6.7476234,8.88
7.0764847,4.33
5.851421,7.8
6.966931,7.24
6.1283383,5.78
6.0959992,4.43
6.53561,7.22
6.0052214,4.94
6.486466,5.96
5.516305,8.0
6.2701273,7.1
5.0229273,3.97
6.0957203,5.82
5.1674986,5.41
6.246112,9.4
6.7440715,6.99
4.9618855,5.08
5.1394596,8.0
5.067934,5.02
5.693229,4.2
4.810544,5.06
5.795247,5.92
6.997716,6.39
7.560754,6.57
6.7716513,9.29
5.28769,5.72
4.7489934,5.82
6.845875,6.14
5.4173627,7.7
5.502745,4.6
5.4423065,5.27
5.2051945,4.72
4.6099005,5.07
6.350808,5.37
6.0080547,6.44
5.4249916,6.74
6.769266,7.14
6.0202665,6.9
5.789912,6.4
6.3412867,7.2
5.7736397,6.35
6.3880897,5.4
5.627596,6.92
5.193734,6.0
6.2649674,8.12
5.778278,6.49
5.576688,7.29
4.7751083,4.72
6.6695848,5.7
6.2138243,5.3
5.036357,4.39
5.379219,4.62
6.529061,5.89
5.7369003,3.41
4.673576,5.3
7.035328,7.1
8.076482,9.05
6.5847263,5.14
6.5004463,9.51
8.178836,9.0
8.397317,8.06
8.880375,9.0
6.4391823,6.59
7.969845,8.03
8.1206045,8.2
4.9861245,2.22
6.706723,4.02
6.668108,6.68
6.4231286,7.1
4.979802,7.55
5.567392,8.74
5.049898,7.52
7.453676,8.96
5.721368,7.3
6.563704,7.67
5.1605506,5.03
8.622836,8.77
8.608673,9.0
6.3240705,11.15
6.172137,5.74
5.2981243,3.8
7.303669,8.09
5.439039,6.81
6.1372633,2.05
8.012592,9.0
7.3062468,8.34
7.7685595,7.57
7.174437,8.25
6.6145434,4.72
8.500784,9.0
6.3442535,4.52
9.152157,9.0
5.8267264,6.89
6.009679,5.23
6.1950574,6.7
5.534241,4.02
8.489858,8.26
8.863078,9.0
4.7415223,7.19
7.1066008,7.7
8.263518,9.0
7.964451,8.15
8.39766,9.0
7.2651315,7.64
4.897581,4.74
7.699707,8.43
8.932534,8.96
5.3578196,5.2
6.1535797,4.96
8.215044,8.1
6.4352913,6.2
6.747439,5.0
6.623314,6.82
6.9955287,7.82
5.302821,7.7
8.076725,7.48
8.143753,8.48
5.267909,6.82
6.411049,8.55
7.257158,6.82
8.02246,7.77
7.4945917,6.08
7.6749473,8.42
5.3259726,4.51
6.086252,6.96
8.239555,7.01
7.8985386,8.82
5.5720363,1.87
6.7644825,9.07
6.397085,7.52
8.987539,9.0
6.252146,6.4
7.090502,8.39
7.176604,8.0
7.0149817,8.6
6.7264667,7.24
7.1920943,8.64
5.7118874,7.46
5.3657665,5.11
6.945495,6.3
6.4957333,7.09
8.368432,7.6
6.7005625,8.89
7.2329354,9.0
5.957058,6.28
6.9848976,7.27
7.070018,7.69
5.83195,4.34
7.2784567,8.39
6.957537,8.14
6.539388,4.27
5.7728896,5.25
6.0841236,4.08
7.75768,8.6
6.3175755,9.52
6.728449,8.64
5.409382,4.97
5.9886966,7.82
7.11106,4.31
6.3063126,6.05
6.948053,5.9
5.981064,3.99
5.920274,5.85
5.6932683,4.14
6.5459495,4.1
7.906141,7.85
8.491941,7.57
6.043891,4.8
7.7100015,7.72
5.498022,4.62
6.442192,6.73
5.7177296,4.81
6.7792563,5.88
6.120143,5.15
5.7189507,7.08
6.4229574,9.25
8.095908,8.15
7.977289,6.87
6.1817284,8.05
6.365988,9.28
8.40962,7.41
6.372434,6.8
9.030479,8.7
9.127085,7.8
6.7691183,8.7
7.9909143,7.62
8.98208,8.8
7.181293,7.64
7.2105637,8.3
7.6182413,9.41
7.4844556,7.64
6.5863323,9.38
6.159658,7.47
6.477116,7.19
6.695173,8.74
8.084206,8.85
8.864374,9.72
7.648814,9.4
5.5411954,8.19
8.350316,7.89
6.4574656,5.37
8.528791,9.48
5.8153605,6.82
6.9606867,5.24
6.143846,9.0
8.471848,9.07
8.412293,6.2
5.291689,6.6
8.938997,8.58
7.8674726,7.1
8.576249,6.9
6.860316,8.92
7.5437355,7.2
8.29863,8.01
7.774398,6.8
6.7105184,7.1
6.5035343,6.85
8.037006,6.6
6.355028,7.14
6.593897,6.95
7.4156437,6.77
8.86901,9.72
8.025718,6.24
7.4158125,6.9
6.378511,7.82
8.462237,9.39
9.629525,9.7
7.1660624,7.73
7.718199,7.72
5.8589816,9.52
7.882816,7.37
8.745955,8.1
9.178706,8.65
7.7273884,9.43
8.536421,6.33
8.9444065,7.33
6.510916,7.03
7.7994566,7.54
7.7275424,7.72
6.506751,7.09
8.023991,7.7
9.431647,9.64
7.1904974,7.62
6.7011952,6.64
6.3916903,8.01
6.501087,6.92
5.051714,5.2
5.956463,5.89
6.4531293,5.5
6.4957466,5.5
5.896243,5.0
5.7835274,7.6
5.889483,5.1
7.142883,6.04
5.719672,7.89
6.5321255,6.74
6.434183,6.92
5.800155,5.25
6.1749525,5.54
6.8551154,6.7
6.4164605,5.35
6.8416047,7.23
6.758482,6.33
6.908445,4.0
6.216675,5.16
5.005863,7.03
6.887603,8.15
4.7390122,4.17
6.883634,5.0
7.0037365,7.62
6.1073766,4.9
7.866845,5.4
5.9997454,5.27
6.556379,7.14
6.8994217,4.59
7.164621,5.82
5.887537,5.15
6.697735,6.95
6.990303,6.29
6.8669243,5.58
7.220995,4.97
7.0710864,5.16
6.473408,7.23
6.0861993,4.42
6.880531,7.97
6.73627,8.11
6.3481197,8.25
6.1070786,6.79
7.3541603,5.9
6.0533147,6.74
6.468335,8.08
6.139906,7.16
5.717254,6.8
6.4727545,6.2
5.7933993,6.98
5.8630223,7.4
6.246721,5.62
6.624527,8.7
7.2595077,5.42
7.552957,5.53
7.3369055,5.05
7.4829493,5.84
7.3176484,7.3
7.825313,8.32
6.626469,8.11
6.761947,5.85
7.603983,6.26
7.5265408,7.8
7.5231075,7.51
7.8173385,8.29
7.4915776,7.8
7.865828,7.74
7.19314,7.22
6.342711,6.6
6.791353,8.18
6.310965,6.17
7.3941317,7.62
6.9305086,8.4
5.3026915,5.89
7.214627,5.1
6.380606,4.45
5.65852,7.0
6.31348,5.94
5.5801125,4.84
7.087776,8.22
6.946503,6.8
6.451296,6.97
6.26839,7.92
6.537652,6.83
7.109153,6.87
6.755107,7.8
5.7065134,5.36
7.8440886,7.39
7.760443,5.95
7.6775007,7.21
7.7670245,9.52
6.7603683,5.44
7.0027223,7.16
5.7119813,5.48
6.5942707,5.72
7.278754,5.3
6.108453,7.92
6.547614,7.6
7.3633695,5.4
6.4614735,6.0
7.6586976,7.97
7.5001025,7.31
7.074225,5.28
6.016246,5.71
7.765107,8.2
6.6630573,6.55
7.452297,8.26
5.4857187,5.12
6.3199058,5.73
7.734867,7.67
5.2002735,7.7
4.870751,7.42
6.232302,5.14
4.680538,4.86
6.877512,7.09
6.345853,6.56
5.620075,7.6
5.9569964,5.4
7.174526,7.68
6.561261,7.07
5.919562,8.0
7.419613,8.0
7.799753,8.04
5.7334385,7.19
7.901549,7.82
6.7500563,7.24
7.4315014,7.77
7.1004095,7.41
7.337306,6.8
5.034035,6.31
5.733681,6.41
7.731738,6.36
6.895007,9.0
7.0623426,7.14
7.0670247,8.08
6.8817663,7.96
5.530492,5.7
5.3227677,10.38
7.04592,7.12
6.86705,7.34
5.4982004,6.36
6.341158,7.5
5.9780264,4.19
7.684632,9.06
4.884574,5.95
5.450268,5.95
6.4242034,6.52
6.885968,8.34
6.1390467,8.23
7.5647573,7.24
6.987341,7.12
6.990401,8.19
6.6331167,8.22
7.7795095,6.91
7.032712,6.37
6.813689,6.25
6.285623,4.79
6.829395,5.43
6.977461,7.59
6.8127337,6.62
6.0110765,6.56
5.9948597,5.69
5.6550574,6.5
6.382852,7.44
5.2414107,6.97
5.9366374,5.41
7.9680896,8.07
7.199109,5.78
6.643006,6.89
6.5063667,8.57
6.313297,7.24
5.738639,6.85
6.237243,7.32
6.7776985,8.12
7.341764,8.96
6.709543,6.4
5.965774,5.05
8.696037,7.69
6.5172496,4.83
5.8638144,11.38
6.398516,8.19
6.1151137,5.66
5.66778,6.9
6.158996,5.23
6.665713,8.05
6.0789657,5.3
6.424129,6.61
7.5499463,6.81
7.6962996,6.71
5.658399,5.13
6.0553675,5.42
7.43914,8.14
8.172198,7.96
5.3708835,5.6
6.313305,6.4
7.0575085,8.52
6.331164,6.97
6.4560747,6.26
6.062016,6.79
6.7523565,6.98
7.036937,6.96
5.738869,6.79
5.923889,6.3
6.2572236,5.16
6.171864,5.48
7.6516404,7.34
5.5354533,7.72
7.853009,9.07
5.348138,5.15
6.884936,6.57
6.713556,9.0
8.572576,8.92
7.813325,7.58
7.0507083,8.57
6.563377,6.05
6.086406,4.0
5.239327,7.23
7.6344733,8.32
5.5256186,6.98
4.9904523,5.12
6.9231386,8.2
6.7234674,7.27
6.8399906,7.56
6.6601315,8.51
5.408118,6.49
8.050983,7.8
7.0762863,7.8
5.728893,4.77
4.215891,3.74
4.7639184,3.14
5.9865737,4.52
6.533262,7.39
5.4998593,5.13
7.4339976,7.17
6.3752613,6.66
7.414912,5.0
5.4538527,4.48
7.234297,7.92
7.7562637,8.7
8.097046,7.64
7.0038257,4.63
5.1827135,6.38
7.619923,8.47
8.1039715,8.96
6.940787,7.52
6.267909,5.6
5.9015017,7.22
6.6746683,5.97
7.137815,6.35
5.5676336,5.94
6.858298,5.42
7.163893,8.0
6.6313787,6.21
7.062502,8.15
7.7184076,8.77
6.7261214,5.0
6.993184,5.68
7.812322,8.46
8.328086,8.22
7.652347,6.7
5.611144,5.62
6.677631,5.2
7.3043137,7.89
5.776352,4.1
6.605839,5.25
6.297721,8.05
7.0660663,4.38
7.542377,7.15
5.3816557,6.82
7.6881633,6.58
5.916176,7.7
7.0702553,7.52
7.4207735,7.2
7.1531844,7.49
6.1977706,5.74
6.8753123,4.52
7.451492,7.55
7.7471294,7.74
6.3962317,5.77
6.106629,6.46
7.214733,7.28
7.101386,7.43
7.5608363,6.79
5.780329,6.8
6.092335,6.3
7.011959,6.56
7.473742,6.4
6.1474996,5.64
6.5040293,4.64
5.912016,6.1
5.827332,5.52
6.3583956,5.96
6.1905975,6.0
5.9576626,6.28
6.6864095,5.5
7.284441,7.75
6.088584,7.08
6.8240356,5.79
5.6368847,5.05
6.471083,5.68
6.517455,8.05
8.030823,8.59
7.17484,5.44
6.5996923,6.82
7.2105455,6.22
6.982854,8.89
6.538274,7.85
5.9921026,7.2
6.161329,5.33
7.3610315,6.05
6.251926,6.2
5.899357,5.96
7.5591817,7.38
6.6308317,6.39
7.569564,8.55
7.163811,7.43
7.0771127,7.09
7.1559668,6.22
7.3868694,6.09
6.6786056,6.91
7.693552,8.82
7.1114573,7.74
8.191158,7.56
6.8404794,8.35
6.563493,6.87
7.938478,7.14
7.5660057,8.14
6.534779,5.13
7.55619,7.1
7.157487,5.6
7.2999654,6.6
7.756237,6.64
7.6654263,7.19
6.640362,5.0
7.2306323,6.45
7.3533034,7.8
5.8043575,5.25
7.270055,7.27
7.496548,7.98
7.2349916,6.05
7.0429354,5.32
6.9842896,6.47
7.126205,5.87
7.8597565,7.33
6.7668543,5.2
6.5695233,8.68
7.0824766,7.92
7.553479,7.24
7.2993965,6.0
6.5550694,5.43
7.9187264,6.67
7.4684477,8.13
7.765898,7.4
6.6628304,7.68
7.1163397,6.37
5.5451045,6.0
7.770464,6.67
6.985196,7.72
7.9917593,6.3
7.5208883,6.97
7.050266,5.59
8.097128,7.04
7.450356,7.7
6.185221,6.74
7.9724917,6.57
7.3970585,5.52
8.663717,7.92
7.678363,6.73
7.3503532,7.93
6.166595,5.4
6.9500017,8.4
7.3260427,7.02
6.357573,7.92
7.025096,8.4
7.1339455,6.86
8.096839,7.89
7.787122,7.92
6.930049,8.8
6.5800657,6.18
8.299239,6.44
7.1853986,7.13
7.634925,6.69
6.9031577,4.0
7.1686935,8.41
7.078227,7.5
7.5536404,7.42
7.2163267,9.38
6.945711,6.74
7.2368946,8.97
5.34452,7.01
7.1620636,5.85
7.3243647,8.13
6.65673,6.04
7.199209,8.02
7.4001613,9.0
7.5660996,9.32
7.6031094,8.82
7.1511865,6.03
6.7140775,6.62
5.9722953,7.84
6.6583023,9.1
6.866052,8.3
8.50408,7.44
7.1731215,9.15
6.8571825,7.3
7.2629433,8.53
6.787445,7.3
7.628887,6.85
6.822678,6.87
8.715189,8.13
7.9199247,8.99
6.1052876,6.62
7.2783155,6.16
7.1488466,7.47
6.9896507,6.7
6.7991486,10.28
7.982613,7.1
6.8830376,7.08
7.391495,7.92
7.5283484,6.74
6.2233334,6.66
7.193612,8.89
6.5781255,7.0
7.030156,7.51
7.5289345,7.08
6.4409547,6.18
6.3273473,5.76
6.479777,5.89
7.4494753,8.15
6.935235,5.68
7.911894,8.08
6.696224,8.05
7.2649865,9.39
7.965721,8.03
7.4144053,7.6
6.1237645,5.0
7.628052,5.9
6.6779685,8.0
6.651578,6.51
7.070369,7.7
6.1150684,6.71
7.1518965,7.86
6.6270747,6.49
6.3995686,5.96
7.5882196,6.11
6.657633,5.7
6.255936,5.63
7.7787657,7.77
7.421674,6.26
6.9730844,7.72
7.283919,6.31
7.716994,7.06
7.8588896,9.12
6.708252,5.3
7.265348,7.85
7.609404,9.31
7.4286895,8.24
5.476606,6.31
7.5695634,7.19
7.2913294,7.31
7.042745,8.11
6.7555466,5.6
5.7726326,5.28
6.915262,7.87
8.477694,8.28
6.4719796,6.23
6.455455,7.74
6.989019,8.6
5.6167607,5.6
6.3565707,8.21
7.2580276,9.3
7.540821,8.4
6.608514,8.19
5.858673,6.42
7.747359,7.16
8.199129,10.49
7.107645,7.51
7.395814,7.03
6.4464583,7.76
7.278274,9.3
6.2802825,7.0
7.8126006,7.76
6.899421,6.31
6.391313,4.9
7.120265,7.74
7.9213696,6.89
7.689969,9.1
6.6928797,5.0
7.3124256,7.33
8.819139,7.0
7.010673,8.23
6.38447,6.12
7.1352186,6.8
5.192972,5.8
5.2940564,3.5
6.3759813,5.4
6.9416137,6.43
6.49275,5.55
6.455137,7.3
7.1718764,6.31
6.627748,7.7
7.5225005,6.45
6.688847,8.4
6.626193,4.08
5.701282,5.96
7.445553,5.23
7.198385,6.29
7.1372423,7.11
6.710589,7.82
6.314774,6.51
6.8763013,5.05
6.683941,4.68
5.985237,7.0
6.656936,6.1
7.3305397,6.8
6.701392,7.82
6.0170183,7.7
6.1651015,4.1
7.2217445,7.72
5.537031,5.1
6.166135,4.52
6.730849,4.96
5.738977,5.3
5.920394,4.0
6.401856,5.0
6.647263,5.25
5.2495327,6.1
5.548704,5.35
5.4353395,6.29
6.4606233,5.52
6.3684354,5.17
6.8675222,7.44
5.7116003,5.0
5.726388,5.64
5.1568565,5.35
6.905344,6.64
5.6123104,4.0
6.043859,4.85
5.4731846,4.98
6.498038,5.0
5.8131495,5.26
6.730167,5.0
5.862464,5.0
5.58701,4.11
6.1154013,6.26
5.7369227,7.72
6.703825,6.55
6.840811,6.26
6.450518,4.91
8.714814,8.74
7.5343857,7.8
7.047708,8.52
6.074005,6.8
7.433695,8.22
6.6996193,6.8
7.357872,9.4
8.054278,5.32
5.356575,5.7
7.3841934,9.7
6.678731,5.0
7.3745723,6.97
6.1493025,5.54
6.0351286,8.8
5.5058513,5.7
7.0225754,6.2
5.687361,5.2
6.0302052,5.6
6.3017015,5.4
6.2500887,6.13
6.393789,5.39
6.7810903,8.4
6.240288,6.2
6.1840544,5.53
6.9001613,5.07
6.4746757,5.37
5.955712,5.26
6.9782166,6.47
5.495569,5.82
5.471361,6.0
6.567018,7.14
6.611566,4.84
7.025168,7.72
5.734113,7.35
6.4333243,5.38
6.8391075,6.49
7.1115136,7.64
6.171333,4.35
5.506665,5.54
5.654772,6.77
5.9557886,4.0
6.563298,6.29
4.665332,5.56
6.7216144,5.94
7.002937,6.68
7.2169437,7.09
7.6688437,6.71
6.4735637,6.66
7.055629,7.4
6.159341,6.01
6.2673936,6.11
5.3687334,5.7
7.765028,10.39
5.1478357,5.4
7.1716013,10.0
8.095419,6.3
7.449238,7.51
6.326187,5.7
5.466326,6.5
6.1385584,7.6
6.701118,7.33
6.1450257,6.48
6.0171337,5.6
6.9049034,6.34
7.153565,5.8
6.595789,5.62
5.7908654,8.38
6.2907815,6.99
6.578516,5.57
6.465709,6.41
6.646251,5.43
5.9770308,8.41
7.191263,5.66
6.2355614,6.23
6.878659,7.0
6.600521,4.92
7.3920317,6.82
6.926212,6.3
5.3995266,3.51
5.1892576,7.3
5.0345974,7.0
7.3938155,5.74
7.8294773,6.22
6.6506977,7.1
4.3288016,5.74
6.3172264,6.48
6.05955,6.4
5.997658,5.96
5.6114583,5.92
6.916769,6.7
7.0290875,7.51
7.2438483,9.0
6.9800234,9.0
6.868301,8.7
7.346776,5.5
7.7464476,8.0
5.9089217,5.89
6.862955,6.0
6.6495824,6.64
6.2806616,6.27
5.9903164,8.74
7.121496,8.0
4.805271,6.1
6.868843,6.5
7.2255864,8.7
6.6359158,7.22
6.9336643,7.6
7.155398,6.41
6.3652463,4.8
8.029678,7.57
6.721649,6.7
6.8342986,7.0
4.9217424,5.7
4.46805,4.8
7.1832714,5.41
6.0806565,5.7
7.1784325,6.74
7.852601,7.59
6.5737457,7.62
5.599564,7.35
6.5203133,8.22
7.195726,6.87
6.678968,5.41
6.24664,5.19
5.859758,4.35
4.6722565,2.91
7.081087,6.12
6.006752,5.6
6.366348,5.37
5.297553,4.8
6.7708263,5.21
4.5190916,3.12
7.5498905,9.08
6.56874,3.18
5.8893437,4.9
5.7470837,4.88
5.860969,2.71
6.3909817,5.5
5.354263,4.67
6.707741,4.74
7.2475877,6.7
6.4682903,5.02
7.5869074,4.65
5.8724246,3.88
6.2853913,4.78
5.5817275,5.22
4.7595406,2.76
5.953676,6.19
7.6360774,6.18
6.3586164,5.84
5.748342,5.62
5.342013,8.24
6.109958,4.96
5.4993715,6.19
6.546833,4.71
6.695483,7.05
6.5648913,4.84
6.9024982,5.65
5.373782,3.39
7.2755527,8.05
5.5314655,3.12
5.7899423,5.59
5.2177343,5.74
6.9952645,6.03
6.445916,4.94
6.979549,8.38
6.702596,6.12
7.042351,6.11
7.2374425,5.0
6.72457,3.44
5.6122694,4.3
6.7859116,6.6
4.9373446,3.18
6.008172,5.59
6.42136,5.55
5.450602,3.68
5.815003,5.46
6.328664,5.18
6.0627537,3.4
5.1010213,3.29
4.729267,3.48
4.6548333,3.32
5.219736,6.68
4.961872,3.87
5.35225,6.38
4.435443,4.68
5.630082,5.64
5.2708097,6.6
4.4845366,3.0
4.7947607,3.15
4.55475,7.25
4.388507,5.64
4.505466,3.96
4.2963552,5.22
4.140358,2.54
4.446604,8.39
4.691681,3.85
5.536436,6.68
7.3973336,2.87
5.137922,2.98
5.092154,6.02
6.224045,6.19
4.8377204,6.51
6.3618693,8.31
5.1309686,3.62
5.1980147,4.24
5.921321,4.95
6.9965367,5.17
5.9321017,4.08
5.700201,5.64
5.057562,3.52
7.7066307,3.52
7.374461,7.09
6.893909,4.47
7.060008,5.68
7.500467,7.3
7.2234325,6.82
6.8565674,5.64
6.2877398,3.97
6.153807,8.05
7.3714786,4.34
4.054764,2.08
8.171192,7.52
6.251117,5.0
6.4878993,6.0
5.714549,6.0
5.9392004,7.0
6.1917944,5.0
7.1590886,6.0
6.9465756,6.14
6.654872,7.0
5.520872,4.37
5.732708,6.0
6.6551695,6.0
6.4422646,5.0
6.7872777,5.0
6.8272595,5.0
6.193118,5.0
6.0731106,3.98
6.6298194,7.0
5.845238,5.0
6.720352,7.0
6.889094,6.61
7.4600906,8.3
6.6469765,6.4
6.956559,9.0
8.088994,7.93
7.654049,8.62
7.427779,7.92
6.896113,7.01
6.1084876,8.35
7.9599586,9.62
6.3927827,8.43
6.335185,5.74
6.6594267,6.32
7.1312675,8.37
7.7749853,8.0
6.313733,6.27
7.4823217,7.12
6.194914,7.96
8.043731,8.52
5.936399,5.9
6.8072,7.22
7.8924303,8.7
6.67921,6.82
7.424221,7.61
8.4910145,5.84
5.7738304,6.64
8.171228,7.71
6.4403796,4.41
7.180958,6.65
5.830801,6.87
7.890741,7.84
6.468667,6.15
6.4835567,5.29
7.649602,6.93
6.8080873,7.4
8.082651,8.61
8.712257,9.34
7.2992334,7.87
6.033958,5.52
6.5847073,6.3
8.432783,7.0
8.174734,7.85
7.888819,8.7
7.0319786,7.0
7.7950797,8.37
6.7591767,8.4
6.1865387,5.54
7.735873,7.52
7.701659,5.9
8.025036,10.05
6.119122,8.2
6.604313,7.94
6.422425,6.26
6.5035853,7.24
8.350758,8.06
6.128468,6.02
6.2316527,6.6
7.0811577,7.46
6.8410177,6.04
7.8986645,9.3
8.769321,9.17
7.5774026,8.1
6.8919206,9.0
6.6770253,5.1
6.2076983,6.03
7.9028378,9.05
8.304329,8.72
6.6421485,6.16
8.095357,9.42
7.351387,5.95
6.955578,6.33
7.2831993,8.72
7.6268415,7.33
7.6114154,8.4
6.8356586,9.82
7.9904513,7.9
5.9372854,7.0
6.958338,7.31
7.7599735,8.08
7.668861,9.7
5.7500668,7.55
6.83981,7.22
7.9477563,6.8
6.3734355,6.94
8.534115,9.39
7.7669287,7.57
8.502793,9.59
6.646017,6.35
6.803229,5.07
6.4062414,7.04
7.206812,5.47
7.4177084,9.3
6.699691,7.19
6.958432,5.19
6.4752293,5.7
6.706935,7.26
7.413953,6.59
7.6953707,7.95
6.556844,6.68
6.472285,7.12
7.91164,7.38
8.319764,8.19
6.7612486,6.07
6.3101215,7.85
5.7395287,5.77
7.0384617,7.28
6.919163,7.07
7.728145,6.74
6.2150054,6.1
6.9882207,6.7
6.9738145,7.06
6.8314633,6.47
6.441271,7.33
7.1224914,7.82
6.968232,7.3
6.858676,5.43
6.6724615,8.2
7.663511,8.1
6.9568033,5.5
6.819269,5.4
6.3018312,5.78
7.307195,7.22
6.858524,5.29
7.1597033,6.54
5.9183064,6.46
7.6123476,7.55
6.7794495,6.4
7.4383364,10.52
8.05364,7.47
6.8817396,7.18
6.226285,5.4
6.998917,6.3
7.7787704,9.52
6.444296,7.48
6.183552,6.77
6.9457326,6.36
6.974807,7.29
7.01236,7.92
7.752472,8.52
6.132473,4.57
6.2377768,7.7
7.826412,6.53
7.549771,7.42
7.6356173,4.39
7.324118,9.52
6.311114,5.48
6.6081944,7.77
7.942358,7.93
6.461444,6.44
6.8336844,7.5
7.1442976,7.1
6.9181623,6.78
7.18595,6.67
6.410801,8.48
6.669348,6.25
5.590046,4.99
6.0497375,5.68
6.85462,7.44
7.599339,8.74
5.993986,5.6
7.362811,9.22
6.4779735,4.9
6.840812,7.59
6.860208,6.51
6.2658143,5.8
6.590057,6.66
7.69374,8.48
7.0055404,6.51
5.6355953,5.61
7.1103497,7.69
6.453318,6.19
6.913511,7.3
6.1050963,6.7
7.0399613,8.3
5.8578925,6.17
7.28391,8.64
7.3075547,7.85
6.163511,6.55
6.0853186,6.82
7.3874674,7.43
6.6932044,6.0
7.359557,6.34
6.149759,7.66
6.691757,6.29
5.984231,5.27
7.282365,6.8
6.6724358,6.46
6.6134067,8.07
7.1402597,7.3
6.2848105,6.67
7.0741096,7.44
7.9921875,7.01
7.9402,5.1
7.7737365,7.32
6.2957497,6.4
6.9019213,8.89
8.156838,9.3
7.323995,8.36
7.2166634,7.8
7.942035,9.52
7.1433835,7.44
5.3087373,5.28
7.140248,7.52
7.622777,5.76
7.342284,8.7
6.834852,8.17
6.633455,6.59
6.83377,5.7
8.048061,8.17
5.9065056,6.21
6.085224,6.54
5.9173717,6.57
5.8248854,5.36
7.2014627,5.73
5.389671,5.17
7.275416,7.03
7.4953995,7.64
7.3565755,7.28
7.0313063,7.52
7.1973586,8.05
7.209158,7.34
6.394085,7.0
8.951736,9.52
7.6446486,8.04
7.21436,7.66
7.077385,7.0
7.922061,8.22
7.1415367,6.75
8.282113,7.89
6.8854237,4.73
6.566335,6.66
7.3253117,6.74
6.2280493,8.74
7.502782,8.52
7.0370297,6.68
7.2149434,7.0
8.315555,7.24
6.440206,6.13
7.291937,6.89
6.568882,4.95
5.761068,7.82
6.2685223,7.99
4.726038,7.16
5.456813,7.72
5.11447,7.83
6.949238,7.03
6.234788,5.11
6.237406,7.56
5.9300566,5.53
6.180498,6.3
6.935017,7.8
5.655991,3.09
5.0058603,4.52
5.7813554,5.73
5.0963225,5.1
5.863771,6.74
6.3147016,6.17
6.7028146,7.89
6.44306,5.08
7.053503,8.66
6.8646774,6.2
6.3180337,6.04
5.961367,7.57
5.7619176,3.64
6.1783347,4.56
5.992678,8.12
6.403973,7.05
6.005673,6.7
5.725208,3.51
6.180492,5.99
6.381932,7.11
6.4748507,6.8
6.60503,7.02
6.4001646,6.09
6.362016,5.53
6.180323,6.76
6.220125,6.14
5.9193563,4.71
5.41346,5.64
7.100776,6.74
6.0077085,7.82
6.401517,8.26
6.7878966,6.11
6.34802,7.15
6.2821064,5.58
6.5018773,7.56
5.8590508,4.96
6.494623,8.11
4.8742037,5.06
6.407564,6.76
5.6144156,7.92
6.4056215,7.13
6.1791615,6.23
5.0017366,4.25
5.768763,5.93
6.39532,7.03
5.981609,5.6
6.20167,7.21
6.44592,7.04
6.308289,7.15
6.3663726,6.08
7.2447433,7.18
6.4334793,4.88
6.643374,5.53
4.7610373,8.25
6.245833,6.33
7.064894,6.2
5.5690875,4.3
5.888032,6.66
7.1434493,7.85
7.021948,6.38
8.033527,7.32
6.250359,5.48
7.210799,5.65
5.086923,7.2
6.299318,6.48
6.6593704,7.68
5.703709,6.27
5.9163322,5.61
6.3331594,7.6
6.067056,6.96
7.485147,6.7
6.729494,7.9
6.607036,7.3
7.334177,7.55
6.2026052,6.06
6.5627174,6.29
6.1655498,6.65
6.875841,7.52
6.3999906,6.5
6.2753983,5.56
6.175805,6.07
7.7699795,6.15
5.8593574,7.21
6.732781,7.91
6.202654,7.08
6.3260717,3.12
6.3028097,8.0
6.0203614,5.43
6.4394407,6.95
6.1883554,6.5
6.186144,7.38
6.9554777,7.8
7.042916,5.59
5.822495,7.47
7.1865716,6.62
6.5392346,5.92
6.853622,5.46
6.358007,4.82
4.7359266,7.72
5.918645,6.08
6.1283674,5.12
6.1952543,7.48
7.159741,8.89
5.5751023,5.85
6.115746,7.47
7.191076,7.03
6.5262165,6.05
6.857613,6.71
6.8747025,3.7
7.0110555,6.03
5.4302754,4.25
6.5965266,7.82
6.012607,6.05
7.2622123,5.7
5.8528967,6.49
6.081028,7.11
6.378474,6.42
6.404829,8.51
6.354693,6.43
5.589034,5.19
5.877524,6.05
6.3572717,8.04
7.271344,6.28
6.6436105,4.42
6.209258,4.68
6.0019774,6.12
7.2817163,8.31
6.3357253,6.13
6.1369057,6.34
6.0093403,7.62
6.221661,5.23
6.3795886,3.28
6.85048,7.17
6.295725,7.09
7.4119496,6.82
5.938965,7.68
6.111031,7.12
6.266659,7.05
6.9466434,5.41
6.103679,5.15
6.3081636,6.26
7.091325,7.12
6.743265,7.14
5.153013,5.42
5.8271604,5.27
5.011875,7.13
6.104472,6.11
6.120122,6.62
7.1700583,6.4
5.869599,5.04
7.9034863,6.57
6.465613,6.42
7.677124,7.39
6.117564,5.39
5.6948614,7.52
6.0003443,5.4
5.9314337,5.27
5.5322843,3.9
6.599102,5.6
6.0808425,7.15
6.173779,3.04
6.7121267,5.18
6.9117217,6.6
6.1322603,4.56
5.9278173,6.14
6.2574797,7.08
7.6445765,6.85
6.515497,7.0
6.2074366,5.85
6.7275696,5.68
5.129119,5.47
7.307055,8.16
5.3897085,5.41
6.5312114,6.09
6.9754577,6.96
6.580091,7.17
6.057086,6.73
6.583265,5.03
4.8145285,4.54
6.2654266,8.17
5.6252155,6.04
6.4808216,7.15
7.410045,6.71
5.468522,7.41
6.2662244,6.04
4.815347,6.16
6.0737305,5.26
4.0455914,3.56
7.0314493,8.22
6.0208015,5.71
5.3609824,9.96
5.38689,5.86
4.965665,5.33
5.754503,8.54
6.0279155,8.3
6.6658845,6.57
5.4804945,5.01
7.069849,8.19
6.528465,7.23
7.1620817,5.7
6.6980963,8.12
4.9465847,4.2
5.9041033,5.68
6.09419,5.7
4.7927427,5.3
6.6021533,7.72
7.826927,7.74
7.581028,3.98
7.1683316,7.38
6.297795,5.82
5.913741,6.7
5.618149,6.85
6.4685173,4.77
5.1847563,6.41
5.8057523,5.24
8.023832,7.33
5.9855614,4.91
7.092048,7.8
5.709455,6.85
5.4134502,6.66
5.7108107,5.26
5.6451387,5.19
5.553007,6.24
7.0909047,7.8
7.352729,4.33
6.900521,8.0
6.220327,5.41
6.6617045,7.2
6.611758,6.68
5.6305346,5.55
6.005144,7.12
7.460895,9.7
6.609907,4.77
6.9557953,6.65
6.1600847,9.14
6.3971033,6.8
5.157727,5.3
6.4281235,6.2
6.3479834,7.17
6.7198806,5.3
6.2957745,5.7
6.3226385,5.17
5.049225,5.31
5.178701,6.7
6.506095,5.2
6.585421,5.82
6.6582704,8.72
5.78959,6.05
5.29165,6.09
6.6329904,7.2
7.0375824,8.43
6.9575143,6.57
4.8014708,6.25
6.2719574,6.2
5.9529433,4.66
5.98367,8.08
7.01634,6.44
5.8796535,5.9
5.8218327,5.8
6.835172,7.1
6.388823,6.3
5.523082,2.44
6.2978544,6.8
6.2832017,4.96
5.7506638,7.26
6.433792,6.76
6.4966063,6.85
5.68699,5.7
7.3661265,7.55
5.221178,4.65
6.479182,6.32
5.082118,5.7
6.218481,7.36
6.260298,7.1
6.2621374,7.7
5.9447217,5.55
7.6369576,6.4
7.7177653,9.22
6.639152,7.7
6.1700063,7.46
6.3607106,7.33
6.4830637,6.51
6.611725,6.08
7.9368505,4.92
6.9219017,6.1
6.186926,6.63
5.251916,6.45
5.6191645,6.69
7.009554,7.8
6.653916,5.66
6.565608,7.64
6.944471,5.95
6.710454,7.66
6.7234335,7.35
7.5693398,8.59
5.754146,5.6
5.3786926,4.17
6.600879,6.07
4.938523,4.74
6.3109593,8.35
5.0857167,5.6
4.272156,4.35
6.3720565,4.87
5.6833706,5.52
4.633554,4.07
5.5835466,5.33
5.6062174,5.29
5.593603,4.97
5.079653,5.81
5.3371224,5.91
5.214563,4.59
5.636509,5.07
5.284657,5.46
7.1397176,5.49
5.870837,4.14
6.277249,6.6
7.5298195,7.44
6.3568206,6.92
6.3254485,5.0
5.55836,5.84
5.8243093,4.17
6.08302,6.2
5.908956,5.52
5.8381867,6.08
7.3486605,8.47
6.100271,4.44
6.814223,5.34
5.3180876,5.16
6.354154,5.37
7.2430377,6.29
6.657518,6.49
5.5124426,4.9
5.566126,5.2
6.8953657,7.05
5.0766215,4.33
6.725288,5.85
6.0081754,4.64
6.7379227,4.43
6.4900756,6.22
6.9189734,5.51
5.8384614,6.44
6.1034617,6.0
5.6428533,6.21
5.993481,5.44
5.499234,5.77
6.956668,7.55
6.519108,6.85
6.606694,7.64
5.101667,4.42
5.389435,5.01
6.0696764,6.88
5.080772,6.15
5.473536,6.89
5.484291,8.48
6.9641995,4.64
7.7468414,7.52
7.2341814,7.76
7.378363,8.32
8.333166,7.53
6.3977985,7.49
6.843911,8.22
7.03669,8.52
7.6121287,7.01
7.4714994,6.37
5.751531,4.4
8.828112,8.26
7.5519247,7.09
6.4545937,9.12
6.0448027,4.52
7.836464,6.25
7.946044,8.25
6.944408,7.68
6.5129886,4.85
5.195301,3.32
7.7268133,7.61
6.542993,5.47
8.00146,8.03
6.479352,6.1
8.404813,8.05
5.1596985,4.38
5.644629,3.92
7.694445,8.07
6.333924,7.7
5.8827095,4.91
5.352869,5.35
5.493278,4.8
5.3478246,7.74
5.7516274,3.91
6.050492,7.15
7.1051855,7.43
6.2346387,6.97
6.745184,5.42
6.2521424,6.1
8.764477,8.05
5.6472883,7.6
6.6787376,5.0
5.337315,4.03
6.9154477,3.52
7.648984,7.38
5.3062344,6.34
6.5905333,5.51
6.573284,6.66
5.4584074,4.87
5.952151,4.81
6.8923097,7.22
7.6900635,6.66
6.3230314,5.7
5.606131,5.3
6.997144,7.0
5.4644833,6.75
5.823239,6.21
7.23573,7.69
6.663322,8.3
6.5194407,5.14
6.172269,7.96
5.956312,6.84
5.7395163,5.2
6.7662463,6.7
6.4263835,5.56
4.832896,4.52
7.7076693,5.92
6.59308,9.3
5.801853,4.24
6.998145,6.26
7.771829,6.92
5.285523,6.28
5.4035444,6.3
7.468257,6.46
7.2741637,7.82
5.1009917,3.53
6.8425355,7.57
7.118672,7.55
6.9644065,7.13
5.728512,6.68
5.375074,6.3
5.2182508,4.55
7.1149335,7.4
7.1957994,5.89
6.7817545,6.8
5.5759687,4.49
5.9080935,4.05
5.890168,5.15
5.113143,3.15
6.1475363,8.15
5.8281865,6.2
7.035884,7.4
7.112072,7.38
8.366592,8.4
7.3769693,6.92
6.0864205,4.6
6.6648827,6.0
5.875261,5.28
6.6445694,6.88
7.326392,6.56
6.1435556,5.7
5.4690714,6.39
6.411637,7.28
5.8141804,6.34
7.424599,2.46
6.9057407,6.32
6.707547,5.41
7.3660407,7.96
6.3293095,5.31
4.216596,2.41
5.662674,4.23
7.560071,6.26
7.1825476,8.27
7.05641,7.15
6.845819,5.24
5.491019,4.78
6.8067875,5.6
8.305735,8.46
6.7114887,6.52
6.2225833,4.64
5.736342,4.05
6.194277,6.4
7.062149,7.85
5.838922,3.99
6.202349,5.28
7.1253977,7.22
5.8856373,5.92
5.857498,5.7
6.396803,6.7
5.686637,7.4
6.191183,7.99
5.04663,4.89
4.808844,5.35
5.1142025,2.92
6.626342,6.16
6.5974126,4.28
6.707833,6.5
7.6793885,6.49
7.2192416,7.77
6.872983,6.82
6.6661367,7.41
6.1733103,7.4
6.964187,8.26
5.999277,8.57
4.921302,7.46
7.7423944,8.3
6.978868,10.15
7.453378,9.7
6.9005857,6.9
6.3425293,6.6
7.1109576,8.4
6.139081,7.1
7.0968127,6.55
6.1636167,7.59
5.308001,6.32
6.0013847,7.36
5.442297,7.92
7.7094975,8.52
7.5038066,6.82
6.123347,6.89
7.794732,8.12
6.628016,8.59
7.592457,7.2
8.175461,6.46
7.1651115,6.2
6.7126837,6.34
5.392462,5.9
5.5794353,7.29
6.400188,6.04
7.6603928,7.3
6.644422,5.21
7.5913577,8.3
6.9630127,7.48
6.632475,7.33
7.4979787,4.85
8.365952,7.54
7.6290293,7.77
8.071274,6.96
6.8365064,7.77
7.2527885,8.0
5.9005666,6.74
7.16766,8.42
6.806309,7.74
5.674331,4.59
7.834099,8.05
7.0930276,7.68
5.9743266,6.23
6.7647343,5.67
8.107371,7.25
5.3791747,7.42
6.8805623,6.39
8.096719,7.55
7.3232203,7.46
6.972424,7.25
4.45867,4.89
6.7846565,7.49
5.7928796,7.7
4.831492,6.16
7.162179,6.24
3.6895316,4.47
5.5081816,4.84
7.0599694,5.61
5.329235,4.97
8.538985,8.52
6.192221,7.17
8.0685,8.1
6.692593,5.42
5.720856,6.63
6.6825647,7.64
6.86005,6.71
8.066759,9.0
6.9031544,6.7
5.769674,5.1
6.511848,5.52
6.468127,5.9
6.4194384,5.19
5.3641567,5.2
7.849103,9.4
5.727127,4.38
6.8547626,7.64
5.2147326,5.84
7.038964,5.68
5.6848464,5.0
7.1299615,9.97
5.6210217,6.6
7.1125665,6.5
7.464898,7.09
4.808387,4.3
5.6845274,6.55
6.194955,6.0
8.8027315,9.0
7.9683294,9.0
6.2053123,5.83
5.213856,5.0
5.9892406,6.47
6.472856,7.6
5.539121,5.7
7.0835986,6.3
6.3360863,7.26
8.492935,9.0
5.593018,7.13
5.716449,5.19
8.693647,9.0
7.0862036,9.31
6.0651917,6.7
5.8459063,5.15
5.819636,5.0
6.301113,6.05
6.859982,5.9
6.107817,6.1
7.0430326,10.15
4.5748615,6.8
7.106085,7.46
6.335599,6.02
4.4252014,4.48
5.881926,8.7
7.0358734,9.7
5.2659864,4.74
5.899992,11.7
7.511188,8.07
6.5846367,4.41
6.283788,6.0
8.277817,4.38
4.7476606,5.72
5.4846125,4.92
5.4601088,4.37
5.4203105,5.89
5.4827747,6.37
6.146336,6.99
5.812558,4.32
5.9638367,5.19
5.0939054,4.4
5.6101522,5.89
5.1902714,4.28
6.2485514,6.05
6.3113575,6.92
7.34224,7.64
5.71369,4.26
6.9873853,8.66
6.888571,8.32
7.0459886,9.22
6.1660233,7.48
6.5337048,9.0
7.815164,7.38
6.866936,7.68
6.7938566,7.38
6.733454,8.05
7.1091447,7.92
8.370898,7.45
6.38717,6.01
5.563309,7.37
7.0102854,7.57
7.391863,8.89
8.076022,8.4
6.41761,6.19
7.1912055,7.24
6.9469013,8.04
8.018816,7.99
7.3985114,7.01
6.029374,5.0
6.9106865,9.05
7.161006,7.96
7.8902597,7.55
7.3279424,8.14
7.566681,7.48
7.1691976,10.0
7.259412,8.15
7.8970118,6.28
7.7001762,6.64
6.1537857,6.55
6.504444,7.74
6.3820815,6.0
7.702821,7.31
7.573923,10.0
6.1837254,7.64
7.116055,8.38
7.6173887,7.74
8.332277,7.99
5.4104548,5.85
7.03244,9.49
7.59547,5.31
4.5220914,7.74
4.279063,8.22
6.213938,7.59
5.3939433,5.35
4.727872,4.92
6.681919,7.27
5.6488013,7.7
5.6091747,5.28
7.239461,4.74
5.75873,4.71
6.663911,7.09
6.0569367,5.0
5.757634,6.54
5.2660847,6.62
7.076395,5.1
7.6283956,7.19
5.638552,7.15
6.314102,7.12
7.6361303,7.4
7.475528,5.89
6.6187897,7.06
6.31452,9.05
8.338346,9.0
6.77503,6.96
7.0181065,8.65
6.675369,7.98
6.8568335,5.49
6.0105925,6.03
7.324556,7.3
7.8314867,8.28
6.6111712,7.67
6.633084,6.74
7.0831947,8.82
7.1131215,5.06
6.5070367,7.02
6.4482603,6.6
6.8453064,8.84
6.5784183,6.5
7.2666245,6.24
6.683461,8.57
6.515399,7.07
6.6679344,7.3
6.645043,7.63
6.7732944,8.94
7.096614,6.24
6.7416306,6.62
6.717143,7.22
6.279678,6.17
6.183683,8.1
6.9509997,7.0
6.8145323,6.89
6.5436707,5.71
7.310757,6.86
7.018244,8.54
7.492498,8.92
7.4770103,8.32
6.9939623,6.9
7.0135274,6.21
7.3112516,7.15
7.313877,8.7
6.3249187,7.1
7.604485,7.89
6.482794,7.17
6.7205615,7.23
6.4411936,5.7
7.5020647,7.4
6.6574183,5.66
7.4766173,8.15
7.5533967,7.07
6.9198866,6.33
5.072122,6.34
5.1491966,3.0
7.9169903,7.9
6.7217364,6.0
5.348439,5.31
7.159911,5.19
7.5049314,6.75
6.317348,7.76
5.7759733,4.6
6.548899,5.96
7.6468906,7.36
5.2971725,4.51
5.885327,5.09
5.2243023,7.19
6.77627,6.33
6.842854,7.77
6.6788964,7.57
5.81229,6.44
7.3185277,6.1
6.580064,5.52
6.99856,6.59
6.1422143,6.5
6.684214,8.0
7.476318,4.74
8.7956915,7.5
6.8340435,6.8
6.7473965,5.3
8.615512,9.96
6.930486,5.92
6.3180113,7.7
7.4375625,8.34
7.0692415,7.96
5.8645053,6.62
6.597485,6.51
6.820457,7.15
6.2607555,5.0
6.9906096,7.72
6.258703,7.17
8.894634,9.43
6.4374557,7.25
7.995745,8.3
6.96478,5.85
6.453304,6.5
7.852778,7.61
7.5603037,7.72
5.541062,4.42
6.7680693,5.58
6.855071,5.84
6.958407,6.12
6.247768,4.99
6.4687357,6.38
5.3990383,6.52
7.1354976,6.52
5.7739425,4.0
5.369221,3.64
5.561188,3.66
5.273082,5.0
5.4042845,5.62
6.084716,5.86
5.7458105,6.65
6.3553762,6.0
5.810076,7.02
5.76844,5.92
6.4885073,5.0
7.6443186,7.8
6.184908,4.49
8.0430975,7.73
5.784707,6.87
5.8646436,6.2
6.4826584,6.31
7.7277346,7.2
5.9328933,7.58
7.732783,7.9
6.957802,7.96
6.551218,7.2
6.372142,7.7
7.0919003,5.92
6.5226526,6.95
5.737177,7.19
6.919909,7.52
7.5481205,8.29
6.2354174,7.19
6.013135,7.1
6.6821785,7.78
6.7729907,7.8
7.1647415,7.82
7.050083,6.34
7.885445,7.57
6.4395475,7.15
6.7213817,4.05
6.1932044,7.17
5.862862,5.16
6.6904626,7.02
6.6147685,6.16
7.9503493,7.88
6.699413,8.39
6.4641466,6.3
6.876464,8.6
5.729927,5.57
6.390775,7.06
7.49592,6.23
6.290439,5.2
6.255873,7.13
6.4349113,6.66
7.105691,7.05
7.106956,7.92
6.7990885,7.85
6.9066687,8.39
7.2064223,7.42
7.046447,5.33
6.611842,6.57
6.9610677,7.0
7.3879085,7.92
5.3958836,5.65
7.0109143,6.32
6.357482,7.5
5.995615,6.44
6.767511,7.32
5.882308,6.24
7.19716,5.27
6.6738977,7.3
7.723758,7.4
7.0479207,5.1
6.819834,6.14
7.4850616,7.8
6.541374,6.7
7.8143406,8.09
6.806531,6.4
6.247265,7.14
7.607635,5.11
6.308816,6.11
6.2830114,5.23
7.4930477,7.02
8.197801,7.77
6.5105877,5.57
6.6064982,6.0
6.9538383,7.19
6.674038,5.31
5.4859185,5.5
5.5744486,5.92
7.063992,8.1
7.310453,7.89
5.8075523,5.5
6.9575777,6.32
6.6734037,6.0
7.279249,7.0
7.015231,7.0
7.017811,7.22
7.258818,5.77
6.4685287,7.5
7.0880756,5.89
6.8142114,6.42
7.290352,7.05
6.3383093,4.15
7.645298,7.91
6.911156,8.89
5.1580353,6.0
7.023074,6.32
5.683812,5.53
6.0043254,9.15
6.040098,6.0
7.6393046,7.54
7.796234,7.73
7.6269236,7.12
5.567101,6.21
6.892126,8.4
6.253064,8.0
5.8132424,6.07
7.0414305,8.74
4.4039507,4.3
6.9682984,6.82
6.585229,6.05
6.7500463,6.3
5.8454876,6.59
6.0429735,6.86
6.489095,6.25
7.2274714,7.6
5.193306,9.37
6.9472523,7.06
7.5127044,8.01
6.7349243,5.6
7.609668,8.64
7.9555125,10.52
6.3709745,7.6
6.845138,6.52
7.2200227,6.03
7.110455,6.32
6.5096135,6.0
7.1708713,6.21
8.209107,7.93
6.4111714,6.1
5.9745717,8.0
6.542151,5.59
6.6779613,6.28
5.771234,4.51
6.453315,8.3
5.362758,4.34
6.376009,8.43
7.5777164,7.08
6.6103883,6.21
6.626364,5.9
5.8346996,5.5
7.4654646,8.64
6.4695096,5.73
7.2165685,7.3
6.969885,7.3
6.6640854,7.03
6.1678686,6.45
7.844066,5.68
5.863842,8.0
6.9976673,5.6
7.1175156,7.59
6.221883,7.01
7.0368967,6.77
6.506023,7.05
6.024577,5.58
6.2612247,5.29
7.4272585,7.96
7.370757,6.09
5.4827547,6.85
6.7019024,7.3
7.1417227,8.7
7.424127,7.08
5.815923,6.9
6.7619033,8.34
6.848054,6.89
7.45885,6.43
6.738349,5.8
5.4874477,4.0
7.2786584,6.38
7.181555,6.74
6.297716,5.7
6.974036,7.06
7.3592234,7.52
5.9057436,6.44
5.805781,4.57
6.0198345,7.68
5.560498,4.14
6.9986796,6.0
6.034108,5.22
7.3526187,6.85
8.599755,7.52
7.296313,8.89
6.985049,6.1
5.942288,3.93
5.9275236,5.44
6.8520145,7.4
7.3574066,6.71
5.6989355,6.67
6.181378,8.29
6.4380918,5.7
7.391478,5.4
6.8452835,6.24
6.9394336,6.79
6.7804537,5.62
6.1707716,6.73
6.305936,5.49
6.0697885,7.04
6.7042265,5.39
5.393449,5.59
7.9420986,8.6
7.41927,8.92
6.9210086,6.3
6.4819107,6.77
6.342852,6.29
5.947102,6.77
6.7850575,6.63
6.104208,5.7
7.144855,8.15
7.0241866,6.96
6.8311963,7.54
7.6763325,7.62
7.1682463,5.89
7.140165,5.54
6.7387867,6.02
6.767034,7.8
5.6513815,5.52
7.912798,8.15
7.3196945,7.8
7.26525,5.15
6.6091714,7.82
6.857684,5.88
5.8155265,7.7
6.702306,8.96
6.4169908,5.3
8.077285,8.89
7.4054413,8.05
5.2209187,6.6
6.330738,4.19
6.7754617,5.79
7.060053,6.72
6.296069,6.66
5.926521,8.03
6.8696375,7.0
6.7227545,5.76
6.981285,7.13
6.6617036,5.51
6.4860406,7.64
5.8861527,8.17
6.3253717,5.77
6.807769,5.85
5.838908,7.13
6.2116675,5.49
5.93776,5.4
6.589878,7.55
6.816756,5.29
6.5532975,6.4
6.4462123,8.3
6.6694427,8.19
8.102742,8.22
7.4600596,8.3
6.164961,6.11
6.5920725,7.2
7.685707,8.22
7.0003276,8.4
5.911761,5.91
6.3844495,7.05
6.74359,7.0
7.182399,7.38
5.754626,6.57
6.7689686,6.37
6.8795247,7.64
6.5452394,7.77
7.0354357,6.38
6.8823414,5.47
8.056681,8.22
6.216781,5.08
6.1656322,5.55
6.5817895,7.33
6.2371616,6.13
6.7288404,5.38
7.7052455,8.77
5.552354,5.8
6.31382,6.4
5.033536,5.2
6.4799867,7.0
5.3541193,6.2
5.7866664,5.7
5.340864,5.0
5.786871,5.2
6.2950187,5.3
5.219927,6.0
5.648834,5.8
6.31299,5.8
6.5006533,7.17
7.2773485,8.62
7.7785416,5.06
7.715623,7.74
7.319848,6.67
7.8339024,7.16
6.661854,8.3
6.7913556,7.7
8.730211,9.28
8.437705,8.85
7.231021,9.3
7.99908,7.75
8.643658,8.42
8.445682,7.4
6.4412265,6.48
7.4689355,7.3
7.563659,8.85
7.8085685,6.96
6.6283016,7.46
7.2375727,7.44
7.143159,9.3
7.6457114,7.7
8.852535,7.86
8.428364,8.12
7.6742964,9.06
7.884892,7.4
8.16248,8.66
8.134553,6.4
8.143719,7.74
8.702305,9.0
6.8623843,7.14
8.769138,8.54
6.2350855,4.82
6.1922755,8.51
9.088955,8.15
7.075941,8.72
7.9704223,8.52
7.64103,7.42
5.809728,6.22
6.4773827,6.96
8.289692,9.03
7.444055,6.34
5.6610684,4.26
7.486662,8.3
7.507465,6.14
7.731135,7.57
8.225129,8.19
8.545507,7.96
5.386524,4.73
6.810167,7.74
7.5047197,7.92
9.218219,8.7
6.864463,8.52
8.227342,7.42
5.7905664,5.6
6.650621,5.0
7.6272078,8.01
8.27854,8.37
7.6873097,7.07
8.407669,8.0
7.807705,8.77
7.590232,7.8
6.574085,7.05
7.0215497,5.35
7.838859,8.3
7.6978946,7.34
7.4542646,7.74
7.232746,4.0
6.66335,5.74
6.408123,9.06
7.1809025,6.79
7.5141015,7.48
8.102221,8.36
6.9211693,3.74
6.3793583,7.48
7.411186,9.22
6.7492075,5.19
7.5105267,6.52
6.46553,5.85
7.21013,6.85
7.403936,6.85
6.20452,7.68
6.376751,5.35
6.37682,8.04
6.1051054,5.5
5.3552427,5.69
6.020554,5.6
6.2936544,6.0
6.009636,7.43
7.304375,7.8
6.5176907,5.54
6.96466,5.3
5.5302825,5.2
6.290205,3.48
7.487892,6.64
6.87044,6.43
6.2468743,5.19
6.4943056,6.32
6.0969563,5.59
6.5904713,3.64
5.9827666,5.3
5.9704623,5.67
4.313491,8.4
7.2240186,7.84
5.0100183,5.0
5.4923325,6.33
7.531159,8.71
6.5615788,7.54
7.222599,6.77
5.0886984,4.2
7.974482,7.44
7.377767,6.6
6.6834865,7.12
7.122795,7.31
6.548645,7.32
7.4256144,8.66
7.405695,6.73
7.9456196,8.41
6.935903,6.48
7.743523,8.96
7.3748636,6.86
6.631813,8.24
7.352075,7.21
7.126699,3.7
8.055323,8.03
5.604988,6.1
7.3324127,8.82
6.7419095,6.14
7.54387,7.05
6.269914,6.68
7.3530703,8.32
6.984885,6.07
7.496122,6.34
6.9280624,5.47
7.294566,8.33
6.151247,5.0
6.3827105,5.8
7.5482407,7.38
7.628382,6.63
7.619098,9.05
5.529562,4.7
5.2988496,5.8
6.5259776,6.83
7.2410197,7.09
6.4166374,8.82
7.528586,8.0
7.2984695,8.12
5.9477787,9.0
6.0592422,5.01
7.6730747,8.01
7.041617,6.1
8.125415,8.22
6.0234046,6.33
6.6258,7.97
5.415728,5.9
6.58994,8.7
6.526774,5.66
7.9551663,7.51
6.8919706,7.01
6.4188843,8.19
6.099046,5.27
6.3600626,5.51
6.0300355,5.41
7.8882194,7.91
7.743615,8.64
8.065919,7.91
7.252505,6.99
7.8120975,7.3
6.0642533,7.0
6.8008146,6.49
7.4453053,7.91
6.2076735,6.85
6.3685603,7.69
7.0837936,6.57
6.9989214,8.1
6.6518364,5.12
5.752776,5.3
8.034625,8.38
6.1791453,5.47
7.569571,3.39
6.642563,6.4
7.1722713,7.54
8.201945,7.59
6.4327936,6.97
5.856188,7.7
7.848193,6.18
6.6695213,7.84
7.7751427,8.14
6.998319,6.1
6.6778545,7.03
5.8636584,6.17
7.1160607,5.56
7.452666,7.3
7.0049257,8.15
6.0929446,6.08
7.099151,7.79
6.3623767,6.11
6.9632454,5.85
7.4510937,7.01
6.31292,5.63
7.159601,8.64
5.497392,5.92
7.720737,8.27
6.629916,7.31
7.144162,7.31
7.117928,5.12
8.283364,5.27
6.402226,7.92
7.21095,6.85
7.4327183,6.15
8.01961,8.3
6.007158,7.59
7.5548315,8.4
8.082106,5.66
8.132214,8.15
7.829875,9.1
8.467188,8.04
7.545359,8.3
7.6528535,7.8
6.0621076,6.38
6.7664194,6.37
7.452124,8.3
7.648018,6.26
7.873125,7.11
7.617834,5.31
6.7003975,6.59
7.752611,8.28
6.711782,7.92
8.26231,8.46
6.372405,6.96
8.097918,9.41
6.38147,6.82
7.7312675,8.24
6.8883634,7.01
7.3888426,8.19
7.614643,8.25
9.066519,9.92
6.630816,7.77
7.416074,7.17
7.0403037,8.0
4.7513456,4.49
4.835854,5.0
7.7118425,5.89
5.6792917,5.79
6.2769175,5.32
5.2166624,6.1
8.604812,9.3
6.631983,5.8
6.5031967,6.4
6.2844367,5.9
5.818083,6.62
6.5180106,5.6
5.700158,7.1
5.139139,5.26
5.6543584,5.66
6.478861,7.7
5.640694,5.6
6.027568,7.08
6.8877153,7.68
5.662031,5.6
6.125571,5.18
5.2045355,6.38
7.00272,8.05
7.0361853,6.82
5.6716356,5.66
6.432078,6.0
6.27792,6.15
6.438917,5.3
6.0497217,5.9
5.7477245,6.98
7.019081,8.24
5.990755,6.2
7.0350885,7.77
7.6776395,7.85
7.206663,6.24
5.953767,5.05
7.849,4.11
6.317327,7.68
7.818632,5.3
7.124179,7.21
7.1383176,5.49
7.900071,7.02
7.5397005,8.0
8.776332,5.15
6.480516,5.3
7.0793357,4.76
6.8630724,6.15
6.359466,7.1
5.409411,5.05
7.2340775,6.73
7.2773013,8.21
7.4048257,7.15
6.865383,7.32
5.0172215,6.15
7.2822676,7.33
7.627464,6.22
7.3810744,6.55
7.857953,7.23
7.2572865,8.36
6.180038,5.57
4.9487734,3.92
6.979311,6.3
7.2392616,8.02
6.8245277,8.52
6.4063506,7.59
8.077545,8.46
8.156914,7.09
7.5986667,6.67
5.8069754,6.31
7.4606323,6.3
6.6969085,7.41
8.221999,8.02
6.763897,7.21
7.7380295,6.47
7.148713,5.8
7.4454775,7.52
5.6769857,6.61
8.22659,7.7
7.2410574,6.92
7.8572702,7.54
7.8694143,7.8
6.053438,5.09
7.698541,6.95
6.4677386,5.72
6.218283,7.55
6.6180944,5.74
8.2619295,7.22
7.204068,7.77
5.8131905,5.8
6.370523,7.74
7.195487,10.0
8.873663,9.11
6.000413,6.41
7.9484663,9.52
9.147992,8.3
7.598977,8.52
7.575071,6.64
7.8006787,8.39
6.792833,6.8
7.2269955,8.22
6.630948,7.03
6.5687737,6.66
8.316806,9.7
7.6661963,8.03
7.1150126,10.26
7.6033173,6.99
7.578833,8.24
7.63371,8.52
8.38677,9.4
7.728266,8.46
7.1687393,7.39
6.4832172,7.11
8.655278,9.0
7.6449738,8.96
8.416465,9.05
7.5424004,7.9
7.819773,7.28
7.315066,8.7
8.531584,8.11
7.572472,8.52
6.8773675,8.03
8.006828,9.0
7.940825,8.15
7.666978,6.42
6.83842,7.43
8.231995,8.7
9.563784,9.18
7.5458217,11.11
8.0091095,10.3
7.80966,8.7
8.093068,7.3
6.7647758,5.79
6.5273976,7.05
7.645525,9.3
7.697015,7.55
5.74533,5.29
8.910131,9.22
8.358455,8.0
6.5423117,8.7
7.9421363,7.96
8.3528185,9.3
8.95775,8.52
8.6327,9.0
6.5560665,9.3
8.606332,8.91
6.7733154,5.97
7.7595,8.22
7.11603,8.29
7.9038625,8.23
9.092067,9.19
8.407471,9.0
7.57765,7.49
6.4668045,7.19
6.127264,7.68
7.7754364,7.35
8.754811,8.3
7.815307,8.38
7.2274146,8.4
8.336473,9.3
6.9743295,5.36
8.16784,7.24
6.7733426,6.13
7.4846153,8.28
9.07455,9.15
7.2113767,6.43
7.9071083,8.4
7.9319067,7.82
6.5150194,6.77
7.2991815,7.12
8.234883,8.23
6.268699,5.64
7.2919154,7.21
7.6759133,7.96
7.4899354,8.66
7.671647,8.4
8.111676,7.96
7.077372,6.06
6.360977,7.42
7.6782904,7.92
9.064045,8.7
7.096132,7.77
9.729988,9.46
8.769655,8.85
7.359421,9.15
7.4024224,4.6
7.1801367,6.88
7.965848,8.67
8.042816,9.7
8.24524,5.81
6.7363815,8.13
9.281264,9.14
6.886847,7.19
7.0382032,7.74
7.8576818,8.22
8.08002,8.16
8.556103,9.42
8.077938,8.66
7.5819592,8.7
7.858921,8.41
9.176491,9.42
5.49519,6.78
6.916907,7.82
8.068497,8.54
6.805381,7.09
6.8766675,5.07
6.535186,5.62
8.391731,6.72
7.9825416,9.6
8.32451,9.0
7.346895,5.43
5.649934,5.92
9.107456,8.53
6.9654903,10.26
6.9616294,5.81
8.40928,9.07
7.9958396,8.3
7.6976776,9.35
6.735736,7.12
6.353794,6.67
8.341316,8.59
7.370126,8.46
7.3158584,8.39
5.9839835,4.77
6.7928834,6.19
7.0872025,7.28
6.640663,6.21
6.556567,6.05
8.721576,9.3
5.100531,3.57
6.93745,5.59
7.6854887,7.81
7.235621,7.0
7.525836,7.24
5.8256354,3.49
5.2832136,5.3
7.1937833,7.14
5.3239326,5.07
7.0947514,7.15
7.8599987,6.81
7.4249973,6.68
7.8644753,8.1
8.017539,6.89
8.473428,8.59
7.6590004,8.3
7.3100157,7.17
7.0803175,6.44
5.190549,4.29
7.474636,5.85
4.653099,3.52
7.7936354,6.65
6.929343,7.46
5.781278,7.2
6.9449587,8.3
7.151127,7.07
7.9932394,8.33
6.884011,8.04
6.2468114,4.73
7.4879875,7.3
7.300293,6.4
6.648366,6.45
6.7830157,7.6
5.9379473,5.58
6.9693756,6.43
5.940723,6.16
7.5510006,5.42
7.1008577,8.81
7.2802763,8.42
5.402645,7.25
8.291518,8.77
8.123817,7.17
7.537254,8.24
7.356808,8.64
6.592484,4.61
7.133468,8.18
6.7546496,7.11
6.550373,7.01
6.679102,5.89
6.662583,5.44
7.4625297,7.07
6.681778,7.48
8.125913,9.85
7.899341,5.72
4.5664062,3.78
7.182721,7.28
7.4482765,7.54
7.966209,8.05
7.3686604,6.46
5.3865037,5.13
8.164,7.92
7.3011584,8.77
6.83435,6.89
5.9677653,3.82
6.5536113,6.54
6.743711,5.6
8.159743,7.92
7.40563,7.03
7.492801,7.49
6.8683815,6.85
6.67624,8.59
6.573218,6.92
7.2677784,7.77
6.2202516,6.6
6.6003046,7.01
7.3396535,9.21
5.7085004,3.46
7.540504,8.35
7.0643306,6.2
6.970185,7.84
7.7307634,6.87
6.991741,6.96
6.9571824,6.64
7.3544164,7.82
6.0359907,5.15
7.086697,9.0
5.4079576,6.05
7.43631,7.28
6.1876345,6.22
6.375186,6.36
6.857161,7.72
6.6618595,6.67
7.56385,4.9
6.4724956,6.48
6.279386,5.93
8.579798,8.82
6.696658,8.66
6.8302264,6.85
5.913145,6.47
4.7748423,3.56
7.387283,6.11
7.4542003,9.54
7.640372,7.7
7.8473606,9.0
7.639565,6.86
7.2117863,6.32
7.8525124,8.0
6.455737,8.0
5.9497294,8.88
6.6677217,8.28
8.157391,8.52
6.8338146,8.38
7.322697,6.44
7.303436,7.4
6.7622232,7.03
7.632967,7.6
8.282708,7.08
6.0071387,6.55
6.534242,7.11
6.490261,8.4
7.88345,6.36
7.503067,7.19
7.028467,7.64
6.9471445,7.7
7.2037425,6.81
8.049724,8.39
8.25087,8.19
6.5885286,10.0
6.6909385,7.2
7.2414994,7.92
8.234561,9.82
7.6505013,7.69
7.797964,8.63
7.461081,8.57
6.214454,8.82
8.483159,9.89
7.7638288,6.81
8.607069,8.95
5.616095,4.79
7.3670354,8.67
7.652062,7.61
6.01262,4.35
7.8961334,8.54
6.9245424,7.19
6.8490233,6.11
7.3716593,8.8
8.528198,8.97
7.5666275,9.52
7.546286,7.51
8.049082,10.0
6.958235,3.85
8.392825,8.15
7.2787976,8.85
7.6034136,7.82
6.8036594,7.68
7.6793394,6.85
6.1702547,6.48
7.731174,8.7
6.988779,7.96
6.6457505,3.67
8.43701,8.96
7.2935076,7.25
8.055983,9.52
7.076667,6.7
7.5127482,7.89
7.0397177,7.51
6.4370914,6.8
7.065491,7.92
6.408145,5.41
6.978886,7.19
6.903283,7.54
8.519425,9.15
7.052946,7.39
7.8233504,7.04
9.336656,8.74
7.4092054,7.85
6.026796,5.35
7.0367045,6.86
5.987421,6.34
7.5845547,8.82
7.718087,7.68
7.3131933,6.81
5.7147627,7.85
7.496597,8.77
7.785654,7.7
7.4381285,7.1
8.80866,8.7
7.3122597,5.26
7.9558396,8.7
6.770514,7.74
7.962408,7.6
8.85388,7.74
6.190298,4.68
6.9985027,6.63
7.303672,6.62
6.5946355,6.76
7.8532786,7.4
8.222419,7.91
7.8833356,8.8
7.930836,6.34
7.1140084,8.72
6.324966,6.11
6.700502,7.92
7.407819,7.07
7.0518823,7.68
7.6971884,6.7
7.2817707,6.39
8.003159,8.92
7.0565124,6.92
9.376589,8.7
6.9525933,4.96
6.958034,6.34
7.1399145,5.32
7.515004,6.68
7.4908404,8.96
7.973706,8.82
6.691623,6.26
7.4346194,7.39
7.6330123,8.0
7.997183,9.0
6.7039914,7.39
7.667201,7.7
7.410823,6.6
7.0177984,6.61
6.534277,6.42
6.0024314,7.82
6.356724,7.27
6.3745513,8.07
6.3790793,8.59
6.624853,6.44
8.332851,8.66
7.082847,8.17
6.0597973,6.72
7.0749764,8.0
5.413862,5.94
6.680901,7.96
6.285482,6.56
7.564316,7.58
7.2316637,7.17
7.0502553,8.37
7.706971,7.95
6.653992,7.96
6.1337914,8.68
5.7018003,5.57
6.943272,7.96
8.212069,6.03
6.804136,8.08
8.177109,6.65
6.2528925,7.87
5.9430623,7.01
7.5908394,7.72
6.3510118,6.83
6.7559385,5.9
7.2964096,8.44
7.633348,8.1
7.5322495,7.22
6.8481517,6.97
5.5352354,7.42
6.5431924,6.03
6.9266415,8.07
6.966705,8.94
7.4902334,7.52
5.8729935,7.92
6.793149,6.63
6.882059,7.4
6.736008,7.93
7.314417,5.46
7.247397,8.22
8.096844,7.26
7.1927004,7.37
6.7523627,5.95
6.6626806,8.76
6.8102703,5.83
6.393872,7.21
6.36792,7.27
7.076292,7.16
6.884712,6.76
6.134755,6.08
7.774069,7.98
6.2892447,7.78
7.303875,7.28
6.860127,6.64
5.6357565,7.63
6.525922,8.3
7.0280414,5.14
6.7175136,8.05
7.4596972,8.22
6.1012187,9.49
5.727545,8.03
6.323398,9.42
6.6499186,8.92
7.491437,5.85
6.6804767,6.82
5.9888678,5.05
6.924209,6.75
8.080667,8.96
7.0465846,9.07
7.993122,7.59
6.8561616,7.82
7.7975764,7.54
6.105546,8.85
7.1642637,7.4
4.662786,4.49
5.706633,7.92
5.6157675,5.23
7.2943053,6.52
6.9707737,7.0
6.172107,6.63
7.1177163,6.37
6.79661,7.49
7.9682813,7.13
6.921342,6.36
7.0732574,5.19
7.0675807,8.05
5.8044615,6.28
9.394381,6.57
6.488807,4.9
7.430976,5.13
5.295908,7.12
5.3388257,5.66
6.8445954,6.77
5.4802947,5.08
6.3867846,5.38
8.339103,7.8
7.138927,6.54
6.2775044,6.7
6.676671,4.53
5.3702655,5.0
6.7640243,4.05
7.3174686,6.83
7.3110957,7.85
7.13604,9.3
7.2273316,6.71
6.848396,6.85
6.715413,6.09
6.3712225,8.14
7.5449696,5.8
6.278666,6.4
6.7290015,4.91
5.9243617,5.33
5.9752455,8.2
7.187903,8.0
6.9669957,8.46
5.884512,6.05
6.8171453,5.57
5.6684732,7.92
5.8081465,7.18
5.962075,6.74
7.8826575,7.84
5.9362583,6.54
5.112284,5.24
6.007676,5.47
5.1522408,4.97
5.6258063,6.04
5.735463,6.05
4.108968,5.3
5.6002855,4.81
5.3273487,4.36
4.166993,5.25
5.501336,5.14
5.9196734,5.62
6.5892906,4.64
6.7038407,6.6
5.40493,7.0
5.7606955,5.1
5.1622467,5.82
6.198643,4.7
6.114139,7.7
6.3682976,4.89
5.8544283,4.82
5.372871,5.89
5.160604,5.57
4.8300056,5.41
5.602957,5.96
6.121955,5.82
6.45471,5.05
5.319004,4.8
5.930632,5.4
5.650895,5.54
6.741542,4.8
5.28411,5.22
5.081236,6.05
5.669448,5.16
6.0012484,3.16
4.8437004,4.92
5.318496,4.9
5.6700444,5.09
5.600119,5.0
6.4358106,6.28
5.4075274,4.25
6.8016486,7.05
5.326933,5.01
5.3581114,7.0
5.4794855,5.3
5.4176188,4.34
5.5402417,5.73
6.1905775,5.07
6.135489,5.4
5.4367557,4.52
5.4646087,5.14
5.2578907,5.8
6.777158,5.21
5.740808,5.06
5.441427,4.52
4.9318113,4.61
4.9108887,4.64
4.927474,5.96
5.2569275,5.1
6.9176,5.82
5.204567,5.36
6.878778,4.27
6.2076993,4.52
6.007265,5.0
5.7836113,5.42
5.1296043,5.25
5.2101507,5.31
6.5596485,5.36
7.887102,5.3
5.056091,5.8
5.8455157,5.22
5.362965,5.77
5.3152285,5.44
5.562498,6.46
5.5139613,4.27
5.9253845,6.7
5.267541,5.08
5.465394,5.31
5.88567,5.55
5.3463297,4.22
6.0847425,4.77
5.1707416,4.71
4.6870785,6.71
5.025427,5.0
5.654159,4.85
6.831843,7.0
5.673181,5.76
6.5098343,5.32
4.8759756,4.6
5.9774995,5.96
5.026163,4.66
7.141837,5.34
5.9713073,7.4
6.666291,6.7
5.0448685,5.9
6.057151,7.06
7.300206,5.22
5.2214646,6.46
6.49187,5.55
4.5759077,5.26
7.6358566,5.3
6.222343,5.19
6.9782567,6.12
6.4383283,5.57
7.725236,8.46
6.851148,6.7
6.814716,6.42
6.1490536,5.68
5.5387287,5.63
6.126263,6.16
5.586378,5.21
5.600912,5.26
5.2128487,5.31
6.3468904,3.98
5.3553863,6.05
5.748454,7.06
5.305026,6.3
6.469628,8.04
5.528182,9.1
6.474467,6.62
7.0939207,6.7
7.3759465,7.41
6.2698965,7.2
6.554168,5.3
6.5052037,6.21
5.1762714,5.2
6.07164,4.41
5.5407925,6.0
5.189337,3.54
5.5910892,4.91
5.505851,3.52
5.010926,5.25
5.6492553,4.93
6.719505,5.4
5.5421076,5.23
5.264199,3.75
6.2587953,4.96
5.561021,5.22
5.578594,4.1
5.349386,4.23
5.538451,4.32
5.8901353,4.21
5.0783,6.85
5.8189473,5.68
5.874012,5.63
5.534005,4.07
5.288823,2.94
6.3200903,6.15
5.422971,4.94
5.3115206,5.08
5.733861,6.42
6.9500785,4.65
5.1127477,4.45
4.515256,6.1
5.6295147,5.53
5.886704,4.61
6.3335814,4.97
5.8403163,5.1
5.044438,4.53
5.9408937,4.4
4.8919783,5.96
6.922239,4.7
6.5696325,4.07
6.8486767,5.36
5.645451,5.56
6.3200493,4.4
5.2508917,4.0
5.0972557,3.63
6.425457,5.96
5.188747,4.35
5.574236,5.43
5.196065,5.27
6.8426466,6.62
7.726758,8.51
7.083286,8.3
6.4444895,6.68
8.437002,6.0
6.455341,6.71
7.5148373,6.14
5.6480913,7.48
8.167419,9.08
7.5432243,8.53
7.0138125,6.34
7.433368,4.12
7.368555,8.55
5.521871,4.85
6.986481,6.68
7.4870515,8.42
6.6573825,8.6
7.1084175,9.15
7.712694,8.49
6.7303915,5.85
6.273693,6.0
6.38661,6.66
5.927647,7.7
7.138023,7.72
5.915289,7.59
8.316492,8.48
8.072599,8.63
5.462857,5.0
6.938621,8.25
6.333108,5.36
7.307127,9.1
6.677391,8.05
7.639304,10.0
6.7193375,7.48
7.5118647,6.39
7.6556306,9.11
6.770123,6.63
5.467181,5.65
7.628133,7.55
6.7781386,5.76
7.5960526,10.54
7.178295,5.41
5.991067,7.7
7.710717,8.89
7.1752768,6.96
7.474353,8.4
6.7180433,5.4
4.6134863,5.8
7.952896,9.52
7.23481,8.06
5.095767,9.11
5.980918,7.18
6.851794,6.7
6.9078274,5.67
6.659695,6.55
6.9151607,5.5
7.97688,9.49
7.7776675,8.97
6.421165,6.09
7.14768,7.77
7.4557247,8.3
7.2777586,9.49
7.3240356,7.0
6.868643,6.88
7.0532,7.34
7.49708,5.32
7.6532736,8.62
6.3507857,6.9
6.9594316,6.81
7.241298,5.7
7.21121,6.14
6.54678,5.7
7.132932,9.06
6.4640665,4.89
6.43556,6.42
8.557003,8.64
7.624771,6.89
7.269844,5.06
7.452029,6.19
6.231475,5.9
6.471728,5.9
6.553452,5.67
6.6557827,7.0
5.836098,5.57
6.772196,7.4
7.0126815,8.9
6.6811237,6.7
5.9432707,7.3
6.5237722,7.72
5.9450717,5.9
6.3948355,8.47
6.962604,7.96
7.646046,5.19
5.996843,7.0
6.9559326,6.59
5.987907,6.81
6.401338,7.92
4.2403803,4.28
5.3318267,8.21
6.7904186,4.64
5.403327,4.15
5.135479,4.92
5.693088,6.26
5.2209697,5.25
6.460627,6.53
6.261074,5.92
6.239395,6.89
9.138333,8.73
7.382075,6.29
7.3577533,8.1
8.542787,9.66
7.1776905,7.37
6.8026633,5.0
5.5538826,6.42
6.522403,6.85
6.4972334,8.3
7.419483,8.3
7.136666,7.21
8.788223,9.64
9.619623,9.64
6.783753,7.07
7.7121696,10.0
6.7200217,8.4
5.5549254,5.74
7.5485263,6.86
7.285211,6.02
7.3217664,5.77
6.6381607,7.45
7.5056944,7.22
7.349755,7.02
6.32939,6.4
7.883112,10.26
7.1195726,5.79
7.5961695,8.3
6.705649,5.9
7.739507,8.46
6.7577987,6.23
8.682296,5.12
7.840926,7.72
8.243392,8.21
9.31739,8.84
6.6961765,10.26
6.867012,7.49
4.382057,5.17
7.41109,7.39
7.108501,6.7
7.302123,7.36
8.151977,7.74
7.370728,6.57
6.7506213,5.96
7.8110394,6.7
6.545464,8.43
7.3324733,6.46
7.8688517,7.0
7.3254247,7.14
5.5268154,4.86
6.1996436,7.5
7.0510254,7.22
7.8101897,10.4
7.1775746,9.22
6.694175,5.47
5.9887886,6.16
6.4840345,7.42
6.5449753,5.74
7.1943436,6.72
7.0352354,6.31
6.1711245,5.04
9.345263,9.7
6.5977383,6.65
7.5279384,6.44
6.902854,8.52
7.9869637,11.12
6.2143097,6.86
6.8687496,6.28
6.9700727,6.96
6.476102,7.11
6.1693535,8.0
6.8534336,8.36
6.580373,7.48
6.900399,7.27
5.7702785,4.9
6.866221,7.96
6.4158688,6.41
6.5884295,8.41
5.846937,6.31
6.7162123,7.8
7.398813,8.98
5.740973,5.8
7.636958,7.15
6.59634,9.77
7.6744533,7.49
8.06032,9.46
5.4162683,6.01
8.935205,8.69
7.3402877,7.1
7.1145244,8.0
7.4509363,7.07
5.9088216,5.7
6.7165785,8.4
5.588741,4.23
6.7260327,6.1
7.2078533,8.77
7.5867043,7.89
6.3850684,5.95
7.9750023,6.32
7.0066657,6.4
7.4990315,8.05
6.5552163,10.26
7.3953404,9.15
7.854888,7.17
7.5456333,6.16
6.386649,8.0
8.21071,7.67
7.915966,5.94
7.4551473,6.55
7.668474,7.35
7.1432896,7.26
7.3275294,6.05
7.151147,6.16
8.41648,8.61
6.800989,9.0
7.3546968,6.85
6.8762765,8.15
7.2395844,6.35
7.279043,7.96
7.1063538,7.89
7.79426,5.47
6.2619934,6.0
8.068031,9.1
6.954619,8.7
6.8149905,7.57
7.0786853,7.85
6.6103444,5.6
5.462204,5.36
7.350704,7.8
6.7902374,4.24
7.601334,5.92
6.906884,6.67
8.1047125,7.15
8.210576,7.44
6.3937526,6.59
5.2021265,5.62
9.204594,9.12
6.913689,7.52
7.067375,5.95
6.7810054,6.55
7.0388684,6.48
7.580826,8.4
7.803544,7.29
7.962332,8.96
7.594586,8.89
6.8733706,6.52
7.1717434,6.4
7.3528433,7.98
6.7953725,8.54
7.5017066,7.29
7.7278376,10.26
6.033268,6.0
7.3668785,7.96
7.324836,8.22
7.3369684,5.0
8.514304,7.76
6.658686,5.47
5.697307,6.68
7.3930573,6.85
6.309437,8.7
6.694681,7.41
5.993191,5.38
6.8118134,7.64
7.2991004,8.1
7.3277617,8.96
7.5933557,11.05
7.4831805,8.15
6.6207933,6.78
9.3725195,9.05
5.941869,5.48
7.1010227,9.05
6.1718173,5.54
6.240843,7.7
7.9268293,8.26
9.014831,8.51
7.7500353,7.51
8.725507,9.19
6.7811255,7.48
7.559081,8.15
6.041942,7.14
7.8863077,5.02
7.2303205,7.25
9.022768,9.77
6.926611,6.57
6.652771,7.89
8.012999,7.56
6.952105,7.28
7.5408497,8.68
7.691309,6.68
7.193397,8.4
6.5089197,6.86
7.8056593,8.52
7.342203,8.55
6.4393263,8.66
5.5623283,5.4
7.307242,6.21
6.5606866,7.0
7.741573,7.29
7.0689454,7.21
7.1369543,7.68
7.0763116,6.85
6.409294,6.66
6.4224505,7.7
7.6425037,8.3
7.633885,6.49
6.66389,7.52
6.236927,13.8
6.6781025,6.1
6.4256415,6.7
6.621874,6.92
8.434513,9.0
5.6613364,6.7
7.300585,8.15
6.9550858,7.8
5.7729173,8.02
6.2308087,8.86
7.0101852,6.23
5.940679,5.44
5.713907,5.2
7.2195687,7.57
5.544395,4.38
5.017603,5.1
7.377034,8.7
6.751091,7.33
7.6861057,7.67
6.3027315,6.64
6.688449,6.87
7.326933,5.99
7.16545,6.27
6.7450156,7.15
7.3174286,7.13
7.459668,8.7
5.74012,8.15
5.8247623,6.8
6.858836,8.72
6.424253,6.43
6.901762,6.99
5.9592204,7.67
7.9549947,7.74
6.9981966,6.1
8.305408,5.64
7.1002316,5.96
7.3804984,7.26
6.3390026,7.06
8.158201,8.4
6.1419873,7.19
7.819536,6.48
7.0685472,8.18
7.425179,8.6
5.960326,8.85
7.6682763,7.48
7.364788,6.77
6.793993,8.4
6.583443,6.22
6.1361575,6.3
6.7624087,8.3
5.712885,6.61
7.358695,6.12
6.728363,7.37
5.8999033,6.4
6.388797,9.0
6.605577,6.59
7.364459,7.53
6.432344,6.2
6.6686134,7.54
5.7394195,6.5
7.4266195,5.5
7.1582823,8.0
6.160296,4.13
5.1795974,3.1
5.520394,5.24
5.1225557,5.73
6.0532603,4.1
6.871573,6.11
6.87852,8.54
5.720526,4.96
6.18853,6.46
6.802372,7.24
5.929165,6.49
5.930626,7.85
6.3186803,8.2
6.9278674,4.23
6.44189,5.11
5.8016305,5.72
8.6267185,9.66
6.285554,5.96
5.5323877,6.94
5.4005604,4.55
6.98183,4.17
5.440497,5.28
5.598546,4.3
5.5208826,5.16
5.8969226,5.66
4.553006,5.03
8.793087,9.89
6.9025755,5.22
7.7417727,6.79
5.373471,5.6
5.924742,5.34
6.723278,7.22
7.650813,5.91
5.8823447,5.72
6.6537495,7.67
8.87705,8.03
5.7452426,8.0
7.6139154,7.09
6.4430423,7.32
6.281756,7.15
7.299706,7.09
6.4065676,6.56
7.467992,6.65
6.6499352,7.46
7.7833824,7.34
7.129029,6.18
6.5672007,8.4
7.404538,6.39
5.192506,7.1
5.5918508,6.5
6.0765657,5.51
5.23872,4.53
7.710994,5.45
7.4548235,7.57
5.685516,6.86
5.2952094,5.48
5.535882,5.62
5.184206,7.32
5.178313,5.43
6.6824503,6.93
6.2881713,6.08
6.9846187,6.14
6.0596437,6.19
6.876744,7.96
5.776492,5.9
7.5593443,7.17
6.293187,7.37
7.5737805,6.48
7.2046986,7.96
6.4682903,7.82
7.0291796,6.17
6.9521656,6.4
7.700454,7.46
7.356664,8.04
7.4360933,6.63
7.176975,7.8
7.6140184,6.48
5.9298816,6.87
7.5630956,6.8
7.606732,8.7
6.7445536,6.31
6.417481,6.51
6.342405,6.31
6.718587,4.98
6.720511,7.4
7.2304163,7.51
6.8944583,6.09
6.3287086,6.92
5.753279,4.41
6.061917,5.55
5.954273,6.15
5.86205,4.21
4.562929,4.35
6.294989,4.62
5.0915637,5.24
4.6715813,4.52
6.4401045,5.74
4.709468,5.03
5.416045,5.54
6.207343,4.02
6.73701,7.01
6.721122,6.3
6.898121,7.82
6.102722,5.82
7.566353,6.2
6.6838417,7.42
6.826982,6.55
6.9188,6.3
5.665184,6.7
7.0054283,6.3
6.1354065,5.51
7.054631,7.19
6.91528,8.15
6.373814,6.8
6.874448,6.8
6.761221,5.1
5.8400145,8.04
7.320822,5.49
7.6388245,5.36
5.5425057,6.6
4.590292,4.96
6.7163954,5.2
6.7001953,5.96
7.055238,4.58
6.1791015,6.64
6.470754,5.0
6.6973987,5.0
6.858083,7.15
5.9124975,5.9
6.791745,7.28
7.0233827,7.21
7.6636195,6.74
5.7756004,3.07
5.6176767,6.48
7.7596445,7.5
6.0450172,5.96
5.60005,4.74
7.08561,6.3
6.2492895,6.57
6.6856537,7.51
6.9751697,7.7
7.0158124,7.59
7.4765134,6.09
6.9840007,6.04
5.554701,5.54
6.686801,6.86
7.213739,6.9
6.317396,7.0
7.2971187,7.35
7.484596,7.6
8.366256,8.1
5.5108566,6.5
6.8858356,7.1
7.677149,7.57
7.544203,6.77
6.8704534,7.08
6.401055,7.28
6.9398556,5.86
6.6942973,7.01
7.1674604,7.17
5.5291767,6.05
6.3628716,8.0
5.603593,6.07
6.4021816,6.0
6.499826,7.96
6.556385,8.3
7.893652,7.6
6.3617835,4.66
6.109957,4.51
6.680495,7.14
6.4119673,6.68
5.6587205,4.6
6.9951763,6.6
6.9691257,7.48
7.7057185,6.01
8.255386,8.1
6.843654,3.6
7.1588063,7.52
6.3032246,5.66
6.876755,7.35
5.353739,7.85
5.4907694,5.59
6.5421686,7.4
7.2302017,7.85
6.3642597,6.52
9.2599945,8.0
5.3605113,5.89
5.839725,5.78
6.887325,7.3
7.224222,7.41
5.608937,4.24
6.4540315,6.75
5.7627773,6.22
6.7471843,6.97
5.3742933,5.5
4.9973755,5.19
7.536259,7.35
5.6368814,4.07
8.148978,5.82
8.194445,7.49
7.0184026,8.02
7.6841416,7.82
7.242014,8.85
6.515869,6.21
7.642591,6.52
6.038715,6.52
7.2006264,7.3
7.065026,5.17
4.312187,3.92
7.622813,8.09
7.0477643,6.89
7.638727,9.89
5.2700615,5.09
7.555431,8.57
6.905673,6.54
7.371307,5.41
7.640891,9.0
6.2274117,6.34
6.8973265,6.43
6.8863654,6.05
6.420079,6.3
7.2071514,7.72
5.8212013,8.13
6.758383,8.37
6.6557417,6.49
5.0075517,4.2
5.0913486,5.2
5.473677,8.05
4.9605474,5.41
5.2640586,5.65
6.693976,7.28
5.058663,5.2
6.633017,6.91
5.8381577,5.54
7.278594,7.66
5.083637,4.45
6.023959,6.7
5.998396,5.0
6.4239945,4.6
6.167421,8.28
6.830417,6.76
7.3339543,7.53
7.7891164,6.55
5.7667985,5.92
5.329381,4.55
5.543488,4.86
5.540569,5.95
5.496482,5.74
6.2243977,8.25
5.4174614,8.74
5.372383,8.89
5.0147243,5.55
6.873499,6.85
4.989637,4.55
6.5438614,8.64
5.9534006,8.43
6.845222,6.5
7.0212674,7.4
6.7744126,5.6
5.6487255,6.0
5.158896,5.8
5.87286,5.8
6.201474,5.1
5.9755974,5.8
5.5093036,7.6
5.454601,6.4
6.5291967,6.04
7.654146,7.32
5.66909,5.82
7.3902493,7.08
6.9770412,5.7
6.9542856,7.06
8.028114,7.41
6.9148498,7.23
6.294728,5.89
7.7621846,7.54
7.5997,7.02
5.8798175,7.52
6.504206,6.57
6.004278,5.22
6.5113873,6.75
7.4065313,4.66
7.551713,7.61
8.129936,8.0
6.1028285,8.7
5.9677067,4.77
6.067683,6.37
5.917563,6.33
5.5423007,4.6
5.100838,4.45
6.2283826,6.25
4.367467,4.35
4.984936,4.35
6.2395616,5.85
5.425605,7.4
6.366868,7.11
5.3774657,4.35
3.8516138,3.59
6.263816,6.6
5.3546963,3.36
6.1823993,6.51
5.8822827,6.33
6.099195,7.01
6.229431,6.8
7.258674,7.22
6.781389,5.64
5.429643,5.88
6.457481,4.22
5.8832674,5.73
5.076883,5.98
6.887044,5.91
6.188941,5.77
7.137135,5.43
6.081543,6.19
6.8617735,5.24
6.1637354,5.52
5.9323564,8.0
6.274362,6.88
6.308967,4.98
6.190329,5.98
6.009891,7.54
7.2547455,6.48
5.664933,5.15
6.318472,4.81
6.695806,7.96
6.900669,7.59
6.40969,7.23
6.261224,7.22
7.3487306,7.51
5.8576236,5.41
7.475011,6.56
6.984445,6.34
6.791468,4.53
7.2476726,8.23
6.4345355,6.36
4.8773613,4.73
5.6925592,5.24
6.3321657,5.85
7.4237847,5.97
6.2891765,6.04
6.069084,6.34
7.198028,7.3
5.499984,4.8
5.820383,3.62
5.9746895,5.22
5.7833004,6.15
5.8145256,6.82
5.8884516,7.59
6.1954255,5.9
6.3615837,6.46
5.991489,4.85
6.317371,4.46
6.261233,6.3
6.8423815,7.09
5.688358,4.88
5.854379,2.64
5.6363387,2.0
5.8802633,5.8
6.1284122,6.7
6.663736,8.2
5.7631173,7.1
5.6508183,7.7
5.7240887,5.05
5.6421127,5.55
5.994279,6.55
5.4673767,5.54
6.4200935,5.4
5.5991645,5.0
6.311554,5.74
5.97756,5.6
5.666829,3.05
6.365709,2.05
5.685304,4.15
6.5191746,8.4
6.0585027,6.1
5.5880466,5.2
5.8673005,7.54
6.2915983,5.4
5.694365,5.3
6.9465322,6.38
5.483535,6.0
5.804354,4.71
6.852846,5.41
6.1445575,4.97
5.402801,4.71
4.906631,5.02
4.87998,4.29
4.854325,5.42
6.5782337,4.76
5.3505983,5.18
7.8210726,7.85
6.316841,3.85
5.725678,4.43
6.329198,6.37
6.578508,5.48
6.1410813,6.77
5.9146,4.03
5.6695995,4.82
5.237517,4.89
8.52888,6.61
6.426411,7.92
8.029352,7.97
6.5483303,8.2
7.7089834,7.15
6.950145,8.08
7.8128405,7.3
7.1944194,7.17
7.2698717,6.53
6.766995,7.56
7.247959,5.33
7.375553,5.73
8.773415,8.62
8.298901,7.25
6.7754407,7.15
8.343882,8.3
5.619665,5.86
6.5330844,6.15
8.0709,8.7
8.139078,8.3
7.2825866,6.23
7.1630077,6.65
6.7523203,6.73
6.162679,5.24
7.1574454,7.41
4.9488115,5.13
6.538919,8.05
5.8091984,5.6
6.485425,6.3
5.937436,6.78
7.5522203,9.15
6.3736777,5.09
7.700378,7.82
7.830247,8.52
6.8639593,8.0
5.896642,6.22
6.8461494,6.04
8.213708,7.97
8.066693,5.96
6.9622297,7.09
7.132516,8.19
8.109343,8.62
5.7864165,5.21
7.7493553,7.33
8.174514,7.97
6.972745,8.23
6.9196496,7.8
6.054619,5.15
6.9482465,5.52
6.610027,8.4
8.2873,8.41
8.22741,8.39
7.6440516,8.22
8.130297,8.52
7.4328814,7.52
7.05445,7.15
8.229237,4.8
5.405341,6.69
6.104571,4.95
7.639705,7.16
7.138183,7.99
6.0822887,7.74
7.3667073,6.52
6.5055094,6.86
6.963014,7.22
7.381668,6.06
8.233112,8.43
6.7660055,7.52
6.273731,6.02
7.666803,7.96
6.4943542,6.22
6.229789,4.0
6.458058,5.0
7.3303943,5.98
7.304522,7.92
6.4981656,5.19
6.3969994,6.92
6.445541,8.0
5.8106904,7.74
7.4175997,6.36
7.542298,6.6
7.38504,5.04
7.5249863,7.62
7.209385,7.46
6.991073,8.12
7.2877274,7.85
8.360894,8.03
6.9354496,8.05
8.247899,7.97
7.8800497,5.82
5.558646,7.06
7.8181605,7.96
5.7613964,5.85
7.4093513,7.69
7.5265975,5.6
7.6470447,9.22
7.984075,8.92
6.7997303,5.6
6.6062994,6.73
8.250134,7.55
6.8632956,7.4
7.1758723,6.03
6.6185946,7.82
7.719081,6.46
7.005884,6.43
7.4690776,7.72
8.163536,8.42
5.5510464,6.34
6.7457337,6.18
7.2210746,7.89
8.389127,8.24
7.064087,7.33
7.4998856,7.7
5.8402505,4.64
7.325912,7.62
6.413142,5.05
5.45866,4.64
5.331502,5.47
5.382524,4.31
5.8536534,4.36
5.8401513,4.29
6.0288386,8.29
6.3984036,6.65
6.3521514,3.53
6.3729835,5.9
6.1234107,1.47
5.688673,4.71
6.3953867,3.59
5.2980375,4.73
5.702163,6.13
7.237014,7.36
6.1144238,6.3
6.618155,8.1
4.5687494,4.37
6.776688,5.48
6.6844277,6.4
6.9418383,6.12
7.2138863,7.9
5.415929,7.17
6.923937,6.18
6.1027985,4.31
4.863446,4.22
4.686471,5.14
5.1036596,3.94
5.297379,4.71
6.5502534,7.54
5.8999214,4.27
7.06594,7.9
6.0753264,8.17
6.8586507,8.0
6.8572216,6.95
5.918836,3.95
6.830988,7.46
6.579664,8.0
7.0235634,6.47
6.6672907,7.74
6.6279583,7.6
6.354809,6.33
6.664592,7.21
6.938579,8.4
7.1731105,6.69
6.436313,6.62
6.0319505,6.64
6.414545,5.3
7.223812,5.83
7.0381536,7.29
7.030437,6.2
6.0766935,6.68
6.7689857,6.32
6.368562,6.8
7.4180713,7.64
7.1317377,7.44
6.924759,7.15
7.029651,7.19
5.861832,7.4
6.79424,7.21
6.7528043,8.1
5.259017,5.9
6.7244563,7.36
6.99504,7.37
6.8144765,7.46
7.105466,7.33
6.8050117,7.47
6.4100857,6.49
6.759966,6.24
8.087337,8.4
7.4438763,7.36
7.2997723,8.7
6.792594,7.02
6.5706377,7.01
7.314074,7.19
6.798718,7.42
5.6532087,5.92
6.619845,6.74
6.737114,7.05
7.565327,6.96
5.8067393,7.77
7.7868514,7.66
4.920252,3.2
6.5826335,4.88
6.0255227,4.64
5.4333463,5.02
5.978129,4.62
5.5046353,5.16
7.275674,7.01
5.0234423,5.26
6.763631,5.5
6.4146066,8.35
6.4749804,8.14
5.7916026,7.2
7.814314,8.05
6.533748,7.9
8.475316,6.92
6.201261,8.05
6.462369,7.2
6.7497797,7.2
6.5376673,1.9
6.895893,6.44
5.9235287,7.62
7.0509477,5.34
6.690974,5.74
6.355678,5.8
4.8979435,8.48
6.058996,7.42
6.2327724,7.1
5.5665503,5.4
6.560934,2.1
6.89764,7.89
7.5384955,9.1
7.010004,5.64
7.693741,8.05
7.484711,7.31
7.427847,7.79
7.209046,6.17
7.7684383,9.0
7.4340143,9.05
7.0365424,6.49
7.3837776,8.0
7.8799334,9.0
5.067497,5.77
7.330288,8.5
7.587762,9.7
5.8497553,7.94
7.120147,5.04
6.57551,6.16
6.42124,7.51
6.366877,5.1
6.7660265,5.72
6.59643,7.49
5.665841,5.47
7.682464,8.43
6.364561,9.05
6.7392573,6.92
7.232689,7.74
6.4264264,7.32
6.497582,6.0
7.7643585,9.0
7.112388,6.92
6.7144175,9.22
7.94064,8.52
6.952582,6.92
5.7878084,6.59
8.173766,5.72
7.513358,7.9
6.170565,8.52
6.617356,6.59
7.4821215,7.92
7.970451,8.26
6.588602,7.24
8.292169,9.09
7.369506,7.13
6.6316476,6.12
6.9158897,8.35
6.1101017,6.47
6.5529337,7.21
7.7124076,8.26
8.357819,7.55
8.080274,8.13
8.487052,7.31
7.3388524,6.92
6.3002853,7.5
6.35389,5.87
6.257855,7.42
6.746544,7.44
6.236065,7.18
6.7695446,5.4
7.32874,5.81
7.6727705,7.22
8.284361,7.98
8.283545,8.22
7.365566,7.6
6.163268,6.86
5.4809647,8.0
7.5058985,8.05
6.8923616,6.07
6.746164,6.38
7.283091,6.79
5.870681,7.51
7.0973964,7.96
7.1486483,8.52
5.912401,5.53
6.4948792,6.3
7.6487093,9.0
7.0558977,7.4
8.307154,8.1
7.0203786,7.38
9.184689,10.32
7.344869,7.8
7.116788,6.85
5.1511636,5.9
6.7982492,6.96
5.4835396,7.77
6.335871,7.8
6.30944,5.9
7.6278124,5.12
5.1976895,6.57
5.8055162,5.19
5.3330827,5.85
4.9096227,4.52
5.2782855,5.74
5.562314,6.06
5.343918,4.6
4.9588842,6.42
7.3371387,5.0
7.3995304,7.28
6.6971903,6.33
5.279693,6.67
7.3137627,8.15
6.384761,7.46
5.9156737,6.32
7.3845778,5.0
5.7807603,5.01
5.4570346,5.89
4.703337,5.21
7.35451,6.9
4.8652825,5.7
5.9121895,7.85
5.284035,7.44
5.7591457,6.03
7.2175407,6.52
6.519479,6.92
6.604242,5.0
7.2196655,7.82
7.5210233,6.12
7.7238927,7.04
7.3433905,7.37
7.226986,10.1
8.092234,8.3
5.9874887,7.01
6.0803766,4.51
6.3438935,6.04
6.4920216,5.51
4.9833345,4.57
7.5425353,6.01
4.3721733,5.14
6.4667797,5.24
7.425741,4.88
6.878289,6.64
6.499054,6.59
7.7440567,8.74
7.338488,9.28
6.545211,6.8
6.7012825,6.44
5.485149,6.07
4.8933516,5.47
7.043267,5.32
5.7140865,6.52
6.3442974,6.2
6.513189,7.57
6.001762,5.68
6.4262166,4.91
5.818921,6.04
8.1161995,8.32
6.795012,4.81
7.27781,7.51
5.287891,6.47
7.696747,9.22
6.4123483,7.48
7.0623603,5.08
7.251932,5.28
6.1575327,6.37
7.3082085,4.23
7.9466486,4.95
6.7852397,4.07
5.9498763,6.1
6.57439,5.62
6.144487,5.49
5.348622,6.72
5.7300467,6.77
5.2838683,6.0
4.981841,6.05
6.1815414,5.26
5.5414386,4.91
5.5448656,6.14
6.8832493,6.6
6.006317,5.77
6.625371,5.47
5.512169,5.64
6.236576,5.84
6.0331855,5.51
5.7866607,5.35
5.0363636,5.42
5.249099,5.24
6.655546,6.07
6.977361,6.83
5.1459484,7.15
5.805907,5.43
7.49339,5.54
5.4616303,5.79
7.2818966,8.23
7.4141784,5.81
6.458929,7.52
7.031536,8.47
6.303473,7.0
7.270048,6.68
5.638958,5.97
5.897713,4.98
5.9289017,4.82
6.045499,6.04
5.828201,5.25
6.672217,6.45
6.5737405,5.53
6.6206927,8.35
5.0719204,5.83
5.7588463,5.1
6.20277,5.54
6.5042243,6.46
6.4825892,6.28
5.7720957,5.15
5.7593503,7.04
7.0183454,5.75
5.9008,5.39
5.668986,5.17
6.954235,6.5
6.4011054,5.09
6.1738048,5.82
7.2836866,6.66
6.1198034,5.13
6.287692,5.51
6.0950146,6.28
6.1687236,6.88
6.089192,6.26
6.096288,5.97
6.431103,6.13
5.8222575,7.6
6.6459727,6.12
6.357495,5.55
5.8085494,5.41
5.097992,4.92
6.07352,5.27
5.4294276,5.43
4.9953737,6.07
5.5714436,4.96
4.9725523,4.92
6.096055,5.59
6.4449387,4.36
4.845122,5.48
5.1359,4.86
5.226351,8.33
5.675147,4.92
6.132592,6.15
6.3154373,6.57
4.977642,4.36
5.8246393,7.54
5.9529457,6.15
4.9067554,5.3
4.7971473,4.02
5.573188,8.92
4.8944764,4.22
7.9843125,3.67
4.662976,4.23
5.003307,6.04
6.116444,6.35
5.8978333,6.35
4.6520696,5.73
6.610978,4.28
5.7051535,6.34
5.68392,6.93
5.4497685,7.65
6.8323383,6.46
6.961003,7.92
6.9124584,6.97
6.7184296,4.1
7.4680543,4.93
5.86122,4.94
7.0497584,5.85
5.820351,6.46
6.7851014,4.85
6.8029222,4.1
6.978181,4.2
6.861037,5.3
5.5622215,4.41
6.3703103,5.9
5.2142344,4.78
7.1546383,8.82
7.652445,8.28
7.8240356,4.96
6.998657,5.48
4.064792,4.05
6.2459607,6.41
5.686982,3.34
5.9938555,7.8
8.4206085,6.85
7.6993628,6.93
5.933124,7.4
8.73722,7.15
7.81122,9.52
7.494854,8.7
5.598797,5.1
6.189733,8.22
5.903453,7.11
6.812292,6.46
5.072792,4.8
8.755276,8.6
6.116108,7.0
6.6271496,6.52
5.3050647,4.89
7.4553037,8.28
6.847227,7.77
6.3411417,8.59
7.239761,7.46
6.0293245,7.74
7.3570495,7.54
7.019596,5.52
5.7044363,8.3
8.165912,9.3
4.344903,5.05
5.1117406,7.4
6.2892423,8.31
7.531048,5.3
6.7225733,6.54
7.533827,7.4
6.938269,5.25
6.835915,6.7
7.042831,9.49
7.739283,8.4
6.8206625,7.04
8.262466,7.09
6.052591,6.4
6.390651,5.32
7.2094107,6.01
6.3277164,6.1
6.9594083,6.68
4.5801983,3.97
7.4448886,8.39
6.1927404,8.09
7.4882154,5.86
7.1982865,6.63
5.5297685,4.7
5.7326927,4.61
5.58623,6.49
7.7405915,8.34
5.0761256,8.2
5.3704157,6.34
5.095446,5.29
6.4164915,7.62
6.02911,6.8
5.6883097,4.54
7.097397,9.0
7.5114846,6.84
8.75071,9.0
5.312343,7.64
7.523166,7.8
6.1587343,9.27
7.050743,7.7
7.409889,9.0
6.5522976,8.48
7.20269,8.7
7.2550354,5.41
6.555101,5.15
5.560459,7.31
3.8359005,3.78
5.0608063,3.8
5.1074367,4.74
6.1883154,6.89
5.609443,4.86
7.3405147,5.9
6.6580935,6.0
6.7307863,6.96
6.032764,5.82
5.504485,4.98
6.8632927,6.39
6.355242,5.81
7.72682,6.56
7.3743434,4.57
6.888389,6.38
6.3654222,6.0
5.8089294,5.41
6.922301,7.55
6.7628865,5.52
7.0480223,8.54
5.5869985,5.17
6.813347,8.4
7.093868,6.94
5.9443817,7.49
7.0760655,6.84
6.484926,8.6
6.398832,7.16
5.5753384,5.96
5.787505,5.82
6.5958004,8.0
6.9857125,8.3
6.696822,5.24
7.474238,6.34
7.908779,7.17
6.0072546,7.1
7.093062,6.57
6.4029856,6.22
6.270158,7.89
7.000805,7.08
6.507191,5.37
6.190979,6.22
6.4486237,7.43
6.6957736,6.12
7.3307815,8.52
6.7529945,8.7
6.4777784,8.1
5.5271153,6.63
6.231431,7.38
6.72946,6.0
7.341831,7.6
6.764453,6.7
6.322332,6.74
6.139141,5.68
6.0739217,4.74
7.0841513,5.44
6.364846,6.19
6.50981,6.95
5.916813,7.57
6.8320765,7.44
6.3763223,6.8
6.2138195,7.3
7.601479,7.7
7.6995606,7.02
5.837236,9.52
7.739349,9.05
6.3445663,6.19
6.328445,7.28
6.771312,6.77
7.2943673,7.16
5.9091454,7.1
7.424937,6.95
6.8986344,5.82
7.418024,6.15
6.919663,6.72
5.702859,7.05
6.8787,7.1
7.17925,7.49
5.682086,6.52
7.3418736,7.54
5.5189285,7.15
5.876373,5.5
6.6022205,6.12
6.601823,6.64
6.309768,6.13
5.994069,6.1
6.474684,7.38
5.2684164,4.4
4.9184175,5.37
5.10967,4.14
6.0063267,5.89
7.291853,8.46
6.600372,5.1
6.6470704,7.55
6.7450247,7.34
7.2631474,8.92
5.5275645,7.92
7.901435,8.52
7.5793247,7.49
6.764873,6.49
6.4948506,5.5
5.62457,6.26
6.495669,8.43
7.8753834,7.48
5.888153,6.88
7.2896886,3.07
6.958825,5.82
6.025717,7.25
6.613923,6.96
6.5750275,6.19
6.8403497,8.0
7.048026,5.39
6.7137685,8.7
6.8470755,9.28
5.9780416,6.39
5.6048307,4.66
7.4925613,7.66
6.3030353,5.89
5.918213,4.81
7.7267356,6.1
5.0615234,8.26
6.988659,7.64
6.7274456,7.09
5.997122,4.44
6.3861165,9.02
6.2535176,7.47
6.083242,4.28
5.604758,8.05
6.0737076,2.71
7.9649887,7.8
6.3980947,7.74
6.0407653,7.49
6.9247675,9.2
7.7780895,8.15
5.6885533,6.68
5.615011,7.8
5.338049,4.86
6.2819676,8.28
6.72069,6.01
7.8481736,5.15
5.3528423,4.82
5.2151613,5.31
5.5533266,5.57
6.812442,6.83
6.373193,7.59
6.4787927,5.27
7.0524936,5.69
6.919462,7.8
6.4022145,5.9
6.231262,6.6
6.262571,7.7
5.8745728,4.74
5.929897,6.25
5.200254,5.4
7.1277437,6.3
6.5478077,7.35
8.487861,5.54
7.6906962,7.05
7.3416777,7.45
7.153538,8.15
6.685713,8.0
5.1282654,6.23
7.0136733,7.01
6.6341977,7.52
6.5373416,5.9
6.600255,7.89
6.598152,7.09
6.238135,5.0
6.870816,6.5
5.9652433,6.3
7.8552017,5.05
5.602202,5.9
6.372685,7.7
6.586765,8.47
8.0654955,8.0
6.8640757,6.91
4.924211,6.48
6.1717596,6.34
7.8656054,7.77
7.4024925,7.32
6.0344424,6.77
6.350901,6.46
6.9567175,5.8
5.7945833,5.7
5.7988267,6.3
7.0333586,6.18
6.505937,8.04
5.5341535,5.3
7.2392077,7.24
6.0817003,6.3
7.6064005,9.0
7.215415,7.43
5.9489117,6.89
7.6744103,8.11
6.340767,5.19
7.621422,5.72
6.2619205,4.82
5.4123883,4.24
5.7235937,5.87
6.8048024,8.1
6.6627126,5.71
6.979548,7.7
5.5092144,7.31
7.3465886,7.46
6.44572,4.77
6.9708004,7.48
7.489009,7.44
6.9424505,8.1
6.646413,6.35
6.3126893,5.38
6.9243965,6.79
7.4946527,8.7
7.113315,5.85
6.913837,8.16
7.2596827,7.29
7.5106807,6.67
7.4450283,7.22
7.315113,8.09
7.0596724,8.14
7.405654,6.6
7.3478317,7.61
7.720482,7.45
7.154277,6.9
7.2348566,8.02
7.133428,6.11
6.572425,7.49
7.404776,7.08
7.612544,6.6
5.790804,8.42
6.983807,7.42
7.4065504,7.92
7.143473,6.68
7.1530657,6.4
7.277063,8.27
7.4753976,6.39
7.0691066,7.79
6.5826764,8.04
6.613095,5.53
6.754376,6.19
7.5124426,9.07
7.899616,7.62
6.9913635,8.37
6.614227,7.12
6.1875067,6.1
7.581448,6.07
6.5481615,5.13
7.86093,9.0
6.630277,5.13
7.168955,7.36
5.50844,8.52
7.179701,8.19
6.921039,6.09
7.5920424,7.13
7.3733773,8.15
7.037539,4.16
7.589437,7.62
7.735841,6.22
7.376588,6.57
7.1184745,8.35
7.2920804,7.88
6.6340427,6.04
7.1573277,8.11
7.167144,8.03
8.01174,7.03
6.4579244,8.15
7.4703374,6.52
6.344316,7.08
7.434978,7.26
7.357012,9.09
5.5054674,7.13
7.5698185,7.06
7.723033,7.25
7.090686,7.91
4.8053875,5.59
7.89208,9.1
7.183875,7.41
6.6983705,9.0
7.255174,7.51
7.324975,7.07
6.683178,5.04
7.7754135,7.07
7.2093215,7.46
5.182754,6.3
4.8648605,7.28
6.046362,6.0
7.3767505,6.4
5.41788,7.73
7.40866,6.34
7.062834,6.83
7.619712,7.19
5.4995437,8.11
7.290805,7.31
7.711051,9.13
7.31435,7.15
7.1336155,7.36
7.354764,7.68
6.140661,7.39
7.68268,6.84
6.6963553,7.57
7.7210855,7.23
5.800529,4.9
7.2857914,7.31
6.8780627,7.85
5.607174,7.97
7.534504,6.45
7.6164093,7.28
7.459671,8.54
8.106613,8.09
7.85547,9.27
6.6069264,6.19
7.2997656,7.19
7.4147425,7.33
5.7616634,7.16
6.77919,4.26
5.9884987,6.74
6.1386833,8.14
6.127896,6.1
5.0506644,7.52
8.418115,8.68
7.392323,6.3
7.5558724,6.07
7.6244845,8.09
5.477918,8.03
5.4514556,4.96
7.7467813,8.1
7.368203,7.3
7.7163143,7.0
7.216235,7.15
7.5457063,8.12
7.043254,8.11
7.434752,7.37
7.061197,8.04
5.2844524,5.03
6.710814,8.27
6.0568376,5.1
7.3463197,8.7
6.680092,6.44
5.0468616,4.1
5.9910583,5.77
6.033497,4.36
5.9548216,6.34
6.1012554,8.99
6.5198965,8.82
7.0228424,8.17
5.715519,7.81
7.6482453,7.37
6.9542994,5.22
7.447265,6.12
6.739097,6.12
6.7241855,6.26
6.804964,7.87
7.1660686,6.73
6.6131415,6.1
6.65318,7.0
6.714221,5.64
5.7777843,8.59
5.625662,7.05
7.0896287,5.3
5.88384,7.96
7.448264,7.6
6.783241,7.85
5.773306,4.99
6.850362,7.35
6.1794024,6.23
6.0294137,7.24
6.291236,7.03
7.289655,6.0
6.664028,7.3
6.916114,7.26
5.3716297,4.36
6.4377365,6.06
5.398703,6.19
6.2107854,5.18
6.479198,6.56
7.048601,5.2
6.7139745,5.8
7.12157,6.82
6.628845,6.77
7.532952,7.31
6.0310473,5.2
6.3702946,4.3
6.4212093,6.3
5.896831,6.39
6.4291067,8.0
7.630246,7.0
6.436079,6.16
5.9474683,6.47
5.619617,6.13
6.0148263,6.26
5.3624773,5.0
5.4152985,5.85
5.7976875,5.44
7.7564893,7.55
6.784334,6.19
7.6985054,4.9
6.4145117,5.19
8.32615,5.4
6.480095,5.92
6.1096535,5.1
6.9209437,6.6
8.068783,9.15
5.6486354,5.28
5.6996794,2.04
5.4895325,5.16
6.9560957,6.35
6.9796486,8.7
6.539936,6.55
7.5483465,7.19
7.1667986,4.38
5.4304013,6.1
6.394829,5.1
6.0175414,5.9
5.6569605,3.9
6.268741,5.38
6.7004614,5.3
6.774223,5.82
6.962514,6.82
6.098356,5.8
7.680377,5.95
7.3949375,7.76
6.619046,6.7
6.806807,7.3
6.0509357,8.05
6.547541,5.4
6.7807164,5.89
5.8295116,5.9
6.823189,8.52
6.857663,7.85
6.9188676,6.26
5.513019,5.0
6.3314133,5.62
6.2391567,6.37
5.2404327,7.77
6.3441734,6.5
6.4021845,5.47
6.850927,5.8
6.8913145,5.28
6.8710427,8.14
6.912187,5.77
5.3020554,4.0
6.1686726,5.0
4.7768645,4.32
6.7738075,6.7
5.902808,5.8
6.646614,6.54
5.7973156,3.9
5.1850386,5.1
6.534068,7.37
5.3289585,7.01
5.9404726,5.66
5.56647,4.46
5.2623663,6.24
6.123128,5.89
5.1013103,5.08
6.4327254,4.82
5.6018195,7.1
6.422324,7.28
4.8493447,5.31
6.165117,4.82
4.9083276,5.0
5.3262553,5.11
6.5184855,8.0
6.3639684,5.88
4.5629554,4.14
5.540511,5.03
5.978706,6.39
6.058042,6.03
5.1935596,6.11
4.2714176,3.7
8.120432,8.96
8.246448,8.96
8.238876,8.96
7.9552355,6.65
8.205638,8.96
6.8392515,8.26
7.592087,7.44
7.7224994,6.07
7.1099606,7.44
8.127777,8.96
6.4032216,6.31
5.539591,5.7
5.5536966,5.9
6.5018706,7.49
5.528161,6.04
7.19509,7.96
5.6424947,7.4
5.3587294,5.52
6.5101037,5.77
5.8099856,4.58
6.611067,4.96
7.215989,8.85
6.7490153,7.7
6.1633067,5.75
5.6643124,4.56
6.049781,6.8
8.023992,9.07
5.5980544,6.08
5.814313,6.63
5.835266,6.47
5.5938377,4.67
6.1018066,6.76
5.796073,7.38
7.0367155,8.1
5.9438343,3.3
6.531671,8.0
4.8476906,4.6
5.573346,5.32
5.1986976,6.54
7.7728,5.64
6.066229,4.95
6.9343686,6.49
7.6484585,7.55
6.1335,7.0
6.39279,5.48
7.368291,5.96
6.2891974,3.9
5.032807,4.0
5.0026636,4.8
6.645785,7.15
5.9907084,5.4
7.2487965,7.32
6.3791304,4.84
7.1569757,6.21
7.3987055,7.0
5.688916,7.11
4.9622307,6.1
4.8249207,5.47
5.1302443,5.87
6.8020606,6.22
5.7701783,7.39
7.7485814,9.06
6.396043,6.01
6.6169233,6.3
7.168748,5.55
7.192069,7.45
6.5018873,8.22
6.181518,5.35
4.9277864,3.91
6.7817655,6.54
5.9017105,5.6
7.7931404,6.85
6.922537,6.19
6.786558,6.96
7.5215106,6.54
6.8087664,4.3
6.5106554,5.88
7.751913,8.1
5.9492908,5.16
6.442961,6.94
7.412637,8.15
7.3015127,5.19
6.971854,6.59
7.4406104,8.52
6.927927,7.0
5.783799,5.77
6.5498023,6.94
7.6378417,7.17
6.3584394,7.37
6.6544666,6.64
4.7938085,4.63
4.751219,4.15
6.8632474,7.15
5.185833,4.12
7.022327,6.51
5.5927095,5.26
6.575046,7.85
7.1213,6.65
4.693821,5.36
5.669318,4.7
6.001148,6.7
5.7785144,4.6
5.9575915,5.26
5.6526647,6.31
4.598981,7.8
6.087016,7.52
7.4650126,8.92
7.180177,6.24
6.8461576,5.9
6.968033,6.62
7.3423433,7.8
4.710103,4.17
6.7602973,5.94
5.1931953,6.2
5.964048,6.0
7.0328717,5.94
5.6100264,6.85
7.275179,5.05
7.029201,6.71
7.9861026,9.3
5.2609215,5.07
7.289928,8.29
7.1282535,5.54
6.347681,5.43
6.04306,6.01
6.12553,6.44
6.338846,5.51
6.55749,4.43
6.3791957,7.96
5.7855525,4.55
6.992565,6.4
4.715145,6.85
5.68192,8.1
5.0860662,4.92
7.804112,6.4
5.6507783,4.92
7.98516,9.15
6.738787,6.58
6.1613684,7.11
8.341196,9.4
7.8292522,8.8
5.5988274,6.96
8.393441,8.43
8.9297695,7.7
7.31544,6.76
7.067952,5.83
5.240679,3.97
6.3897495,6.51
7.4479012,6.69
6.0605574,3.75
4.938567,6.3
5.950458,7.43
6.777034,2.75
6.528202,5.51
7.9164476,7.82
6.6759057,6.94
7.9482775,8.47
7.041458,9.19
7.3094106,6.77
6.7215147,6.06
6.167346,9.0
6.8553166,6.33
4.3371344,5.18
5.9023647,5.06
5.778711,5.89
7.832077,6.11
7.7774076,7.92
6.69007,4.46
7.6423903,3.0
6.587616,8.26
5.0442505,5.38
8.001506,7.72
6.5586205,10.7
5.7589307,4.82
6.6929507,5.22
7.341357,7.21
5.128908,4.1
6.6919937,5.57
7.488028,7.33
6.7978973,8.82
5.5987296,5.34
5.4985666,3.2
5.059606,5.27
7.283823,5.47
6.6232443,6.96
8.396261,6.51
7.1718545,9.15
7.704873,9.0
6.7771606,10.4
8.014081,7.71
7.623683,7.47
5.791974,7.01
6.1704235,3.62
7.9578004,9.05
7.567823,8.55
5.885965,7.62
7.5543303,5.78
6.149309,8.15
6.4669375,5.02
6.4349184,8.22
7.1058316,8.7
7.386296,5.75
5.4173455,3.53
6.5268292,3.46
7.5383635,8.05
6.7958927,6.66
7.572265,8.05
5.944345,6.35
5.6909437,5.3
8.3243065,5.15
7.506477,8.85
6.832222,9.0
6.6034055,8.14
7.0111775,9.0
7.315396,7.89
6.4286203,6.68
7.927067,8.22
6.0227137,6.29
8.455403,9.52
5.3340425,3.49
7.2946405,9.47
9.2097,8.7
5.585683,6.0
4.8717523,5.64
5.3162127,4.89
5.3999543,4.8
7.265948,7.55
6.4625683,8.59
6.260502,7.82
6.995408,6.18
6.9713225,6.65
7.453667,8.14
5.9995756,4.84
5.694325,6.0
5.9057364,5.03
5.8836346,5.85
7.286953,6.87
6.6874847,6.88
7.7097874,9.17
7.6926947,9.6
7.3768992,6.64
5.0546036,4.67
5.3490887,3.63
6.4530954,4.72
5.3628645,5.12
5.495979,4.64
5.174779,4.96
6.3451557,5.7
5.2254276,2.89
5.1219416,4.88
6.0003448,4.62
3.9980314,4.25
5.0651503,4.24
4.492248,4.72
5.282628,5.89
6.6330914,5.92
7.178088,5.97
6.010076,7.94
5.431204,5.23
5.9229727,8.49
5.8929086,4.97
5.2592306,5.05
5.0043287,4.85
4.868354,5.37
5.930158,4.74
5.9047256,5.02
5.8768377,0.48
4.821804,5.17
4.9676,5.24
5.453446,6.78
6.4062986,4.74
5.4930496,4.44
5.1690407,5.4
5.8131323,4.69
4.7421417,4.77
5.17746,4.49
5.484604,5.22
6.135077,0.22
5.368471,5.72
5.983831,4.72
5.932479,5.62
5.003809,4.62
4.729452,3.9
6.24441,5.57
5.9309425,6.15
5.326581,1.82
5.1020827,4.54
5.8047824,4.7
5.2416525,3.05
7.3035297,4.99
6.604316,6.2
5.262972,4.96
4.7011166,3.8
4.812587,4.43
5.305154,4.78
6.675868,5.6
5.238232,3.76
4.984086,4.96
4.4054804,4.8
5.4474916,4.06
5.347344,4.92
5.170597,5.68
6.015814,5.64
5.466784,4.52
5.715977,4.54
6.4884295,5.1
5.1156616,5.01
6.2549186,6.37
6.162949,5.52
4.6190104,5.24
5.907902,5.41
5.633013,6.0
4.27544,4.85
7.2672496,7.3
5.179929,5.26
5.0107107,3.6
4.5281954,4.46
4.4341526,4.22
5.858318,4.92
4.9323573,6.22
5.142421,3.62
5.7072906,4.42
6.1712317,5.9
5.524263,5.08
5.4644833,5.34
5.0303397,4.31
5.0986977,6.74
5.442245,5.16
4.8879232,5.55
5.6901517,4.92
5.678736,5.59
6.078225,5.3
5.4654894,5.27
5.7410464,5.85
5.046191,4.77
5.170408,4.25
5.07851,4.04
5.4142847,5.72
5.1280365,6.25
4.76746,5.27
5.3061686,4.06
6.5766544,7.42
5.633812,5.15
5.0688095,6.21
4.159608,4.83
5.945428,4.08
4.397738,5.82
5.925056,4.46
5.820886,4.0
6.081305,6.92
6.5018897,5.52
6.679274,5.24
5.0169697,4.52
5.324672,5.14
6.440655,5.22
5.4314814,4.02
5.588038,5.03
6.6898594,4.3
6.6306696,4.18
5.715166,5.54
5.221387,4.12
5.9472466,5.47
5.587864,6.03
5.4046683,4.37
6.2916627,5.82
6.7752943,5.96
5.8537836,5.4
5.318312,4.85
6.355901,5.0
5.4654274,6.34
5.7302275,4.4
6.701886,5.94
5.8864007,6.05
5.855839,5.05
5.6168966,6.1
5.821564,4.59
5.476512,4.96
6.4465075,7.63
5.906929,5.21
6.9687376,7.97
5.3226805,6.52
5.4782505,5.4
6.3661957,7.59
6.901058,6.15
5.6586924,7.16
5.97435,7.1
5.7517686,5.1
6.03833,5.3
6.496649,6.4
5.299457,6.1
7.144216,5.72
4.5148907,3.96
6.169268,8.04
6.674806,8.17
4.827319,5.52
6.122854,8.57
6.357603,5.72
5.705588,6.0
5.778529,4.17
6.000718,8.92
5.0681,4.3
5.682622,5.7
5.215801,4.89
5.6596336,5.3
6.95671,6.6
6.4407125,4.74
7.574077,6.51
7.9006033,7.44
6.231851,8.48
5.486602,7.19
6.3139067,6.4
7.0569315,8.56
5.8814907,6.48
6.576787,5.24
5.8230414,5.02
5.891101,7.4
5.171134,2.32
6.458729,8.05
5.951189,6.17
5.1333113,5.12
6.121187,6.54
4.1173253,3.98
7.247492,7.15
6.949168,7.77
8.058496,6.81
5.6914973,5.49
6.4341598,5.82
4.995142,6.0
5.9477506,7.39
5.237849,5.1
5.2529554,5.39
6.342758,6.37
6.1416726,4.6
5.1494765,5.43
6.0273805,5.66
5.5831795,5.36
6.245729,5.96
5.193842,4.46
5.3785076,6.07
5.5301375,5.15
5.1417813,7.19
4.8527155,3.3
5.439274,5.92
6.4189816,4.92
5.6344824,5.15
5.5898204,5.7
5.007292,4.85
5.3269506,4.44
5.812119,5.84
5.205758,4.3
5.4188895,3.9
6.8085737,5.3
5.271384,4.75
5.0296693,4.64
5.148986,4.69
5.2750664,4.44
5.4778657,4.67
5.6310244,5.33
5.8353133,5.17
5.3633385,5.37
5.3674283,5.3
5.7845902,5.43
7.2316313,6.0
7.904647,5.01
5.6098967,6.35
7.9469275,4.79
5.493937,5.54
5.215279,5.02
5.4190617,5.0
8.005396,4.71
5.321134,4.74
5.399636,4.64
6.303782,6.0
5.462743,5.51
5.428896,3.91
6.2111006,5.01
5.0195994,4.03
5.232207,5.31
6.54301,5.1
5.5827417,4.59
5.893305,5.88
5.3143053,5.14
5.862561,6.1
5.683787,4.93
6.3909016,4.7
6.03501,6.09
5.5922966,4.38
5.756972,4.89
6.1073427,6.16
5.7137103,7.64
5.5803957,4.72
5.483186,5.46
5.976389,5.4
5.7805796,4.37
5.191329,4.69
5.3481402,4.49
6.3992543,6.57
5.414275,5.39
6.68709,4.64
6.2894025,5.28
6.479491,4.63
5.309287,4.49
6.382614,6.05
4.9605703,5.55
6.685486,4.59
5.168229,5.92
5.966168,4.74
5.9693213,5.97
5.1201973,4.94
7.7816086,5.26
6.6231213,5.1
5.39599,3.95
6.981152,6.4
5.599531,5.3
6.0736284,4.64
5.6401052,4.99
5.4928894,4.82
5.6214585,4.57
5.72742,5.83
5.7991776,6.5
6.1100597,5.21
5.0738096,5.0
6.8814235,6.4
5.346185,4.29
5.1652923,5.55
5.2644005,4.92
5.7100296,5.6
5.664418,4.71
5.7226567,6.82
5.5305924,4.96
6.2361436,5.55
4.9856386,5.74
5.7100043,4.72
5.8183093,5.0
5.4247017,5.61
5.4610405,6.22
6.08079,5.3
5.260843,4.5
7.0225563,5.3
7.379769,5.52
6.721642,5.33
5.6732416,5.8
5.560475,4.82
5.249831,5.0
6.17696,4.55
5.4929028,5.19
6.2212768,7.24
5.411126,4.46
6.7880626,4.64
5.265868,4.55
6.354274,6.6
6.559842,5.4
5.245207,5.77
4.7233596,4.52
5.336624,6.4
5.960058,5.66
7.5193615,7.62
5.719305,5.0
5.071588,4.92
6.5235176,4.37
6.5668716,5.03
5.905553,4.85
5.7424197,5.4
5.1591587,5.82
5.0095882,4.73
5.111016,5.32
5.66992,4.7
5.939701,4.34
5.5915394,5.8
5.676258,5.28
5.870726,5.0
6.083196,4.92
5.117882,5.54
6.580922,4.92
6.3140354,6.11
5.967544,4.43
7.5273075,6.96
7.314817,5.51
5.542223,6.89
6.9218907,4.52
4.8047285,4.97
5.2944694,5.65
5.5118036,5.08
5.6054654,4.78
5.737313,4.96
5.0790114,5.6
5.344814,5.28
6.1042423,4.57
5.8081317,5.68
5.2083874,4.77
4.760853,5.05
5.11269,5.64
6.054557,4.68
5.507258,5.6
6.6883173,5.27
5.3158216,6.05
5.1311283,8.52
5.9220576,6.0
5.232356,6.29
4.753365,4.6
5.5737762,5.41
6.163079,4.93
6.114272,6.7
4.69514,4.0
5.7592096,5.7
6.0548286,5.52
6.105429,7.96
6.3097215,4.87
5.154002,6.27
4.878528,5.06
5.934092,6.52
5.9891644,4.92
5.2659,5.33
5.433553,5.22
5.441866,5.54
5.4818425,6.52
4.8616138,4.0
5.5491414,4.12
5.6989007,5.62
5.571596,5.3
5.9439325,5.57
5.783182,4.79
5.251394,4.12
5.827646,6.24
6.1872106,5.85
5.151234,5.43
5.6553946,6.81
5.7101583,5.19
5.4889727,6.4
5.5278797,7.46
5.7195745,5.18
6.0599484,4.64
6.400513,6.05
6.271792,5.13
6.6360736,5.22
4.8837433,5.27
5.9570217,5.14
6.096116,4.8
5.7061567,5.15
5.38354,5.08
6.4267097,5.42
5.5512624,5.89
6.5033007,4.74
6.3471236,4.89
5.965087,4.96
5.123242,4.8
5.6298943,4.89
6.9735436,5.3
5.460646,5.03
6.133245,5.3
5.2927246,5.57
6.7998905,6.35
5.5174026,4.4
5.6736574,5.6
5.1335707,5.52
5.961326,6.85
5.7768335,5.21
7.0720816,5.47
6.8619833,5.25
5.3154554,4.71
5.1763883,4.96
4.9750605,5.08
6.2646704,7.26
5.6239924,4.4
6.2184305,2.96
5.4689164,4.98
6.2033734,4.92
6.3194637,5.89
6.4885387,6.0
6.4430766,7.44
5.527074,7.48
6.3889217,5.77
7.13129,6.32
6.055806,4.22
5.8836827,5.64
5.91982,5.82
6.0098634,4.0
8.001057,4.3
6.0670385,4.74
6.257014,6.22
6.4870434,5.82
5.1538787,3.15
5.9297295,6.44
5.2423196,6.24
6.812404,8.7
5.51154,3.7
5.7278905,8.0
6.9795957,7.82
6.520837,5.85
6.6401854,6.89
7.619964,8.0
6.8516617,6.77
5.558879,8.09
5.639489,6.3
6.8845162,8.0
5.8084793,4.42
5.3596783,5.55
4.024423,4.63
7.2438354,7.09
5.4756994,5.68
6.444007,6.8
4.5400653,5.35
6.407552,7.05
5.5627604,5.23
6.2565703,7.55
5.6665063,5.59
6.0685377,5.43
6.4080544,5.01
7.05899,5.57
6.0922136,7.89
5.379386,5.89
6.2058406,6.64
5.826102,4.25
5.739546,5.96
6.480041,5.89
4.5425687,5.39
5.525327,5.57
6.0030193,6.02
5.50084,6.18
4.766967,4.87
5.045677,5.31
5.221129,4.33
5.6671457,4.28
6.019827,4.81
5.2155366,3.59
5.2279634,4.46
5.608975,5.34
4.360325,2.44
4.572112,5.16
6.616743,4.99
6.151171,5.89
5.0536165,4.13
6.9534826,3.5
4.380598,1.87
4.997842,5.37
3.8850336,4.4
4.649925,5.11
4.8499985,5.14
4.2103386,6.37
4.4050283,4.35
6.314786,6.92
5.6506114,6.74
6.5349326,5.14
5.439753,5.35
6.287476,8.48
7.2594686,5.44
6.776822,7.3
5.0869064,6.68
5.7172027,7.19
6.5180416,8.0
5.6591663,6.47
6.791307,6.44
7.169344,6.89
6.8297195,3.61
6.538138,6.9
5.858474,6.89
5.327305,5.69
7.5009847,5.26
6.200336,6.17
6.3068113,4.39
5.9103284,8.0
6.1300797,5.43
5.002965,5.55
5.9326625,4.19
7.6385503,7.8
7.3420315,6.09
5.758575,4.59
5.3671765,6.12
6.3655977,7.46
5.964108,5.28
5.257538,5.55
5.154922,6.16
5.923586,5.08
5.8465214,7.3
5.800183,5.96
5.686396,3.57
4.4726324,4.63
5.7355494,6.0
4.744274,3.8
4.79482,7.26
5.225431,5.68
4.9791436,6.98
6.1719193,6.82
6.0045323,7.57
4.795965,6.94
5.340393,7.7
5.351533,7.1
6.1936574,7.17
5.274803,5.97
5.6777987,6.35
5.282935,4.64
6.228258,6.8
5.918022,7.47
6.0119553,5.27
5.378723,6.3
4.769861,7.59
8.106766,4.07
7.075467,4.15
6.376404,5.82
5.004654,3.77
6.1638207,4.69
6.513123,7.3
7.294701,7.3
4.526848,6.11
7.4624996,7.91
7.1920776,8.3
5.516963,5.42
7.745554,8.74
7.0941076,6.55
6.1411066,8.52
7.4017935,8.02
8.365816,7.68
7.223199,8.05
5.0479174,5.37
7.410809,6.26
7.7793913,6.33
7.4999022,8.43
7.283996,6.89
7.765463,6.21
4.329232,6.08
7.391385,6.98
6.471232,7.02
6.609847,7.42
8.348645,7.82
7.3449607,7.59
5.708318,7.31
8.606216,9.0
6.5023985,5.54
6.410175,6.68
8.182655,6.0
5.0860634,5.0
6.4745836,6.27
8.130182,8.96
7.1705365,7.0
6.5661855,2.97
5.16281,3.8
5.4214582,5.14
4.1101494,3.78
6.76949,6.89
5.8405814,6.31
6.4645123,7.96
6.332822,8.52
6.9575024,6.74
6.3294625,6.74
5.609894,7.46
6.3071647,7.77
6.5433865,7.3
6.3843813,6.47
7.03839,7.64
7.1667323,7.68
5.417992,7.59
5.67189,7.29
5.8850956,8.22
6.0678244,6.17
5.290768,6.06
6.0041637,7.82
6.354941,8.72
6.808919,7.55
6.2863464,6.42
5.579276,4.91
5.4000444,6.96
5.684769,8.05
6.4531064,6.52
5.213647,5.3
6.750023,5.14
6.305118,5.42
6.041634,4.42
6.8814964,7.82
5.687114,5.92
4.3807335,5.23
5.476534,5.01
6.2420316,8.66
5.1907554,5.64
5.1467824,5.04
7.0273604,4.28
7.393208,6.02
5.6367936,6.19
5.6757975,5.43
5.717291,4.06
4.656522,4.7
5.3244486,6.51
5.0017204,4.85
5.402041,8.4
4.790262,4.0
6.119885,7.02
5.934053,6.0
6.948458,8.74
7.5852404,7.08
6.3397803,7.49
7.699384,7.21
6.713676,7.13
7.17811,6.25
5.0855856,5.32
6.7376533,7.05
5.0930386,4.82
7.62411,7.48
7.7275844,6.62
8.2540245,7.16
6.473131,7.09
8.131902,8.1
7.4515276,8.1
6.86395,8.08
6.5585146,6.0
6.253548,6.49
6.591641,2.03
6.4556103,6.16
6.9080806,6.52
6.022582,7.49
6.8782234,6.92
5.1538253,7.33
7.9437585,4.84
6.5881467,6.37
7.6448894,7.23
7.074651,5.1
6.278352,6.03
6.08707,7.37
5.476302,5.01
7.990511,9.68
6.5220757,6.03
5.9829416,5.9
6.4549723,7.3
6.5680246,8.0
6.33398,6.79
6.431024,6.85
6.4950023,6.99
8.077637,7.22
6.544968,6.96
7.1962705,6.21
6.9901047,6.7
7.2218657,7.4
5.380875,5.8
6.0731306,7.36
6.428752,6.59
7.220751,6.0
7.463176,6.82
6.9193034,7.74
6.780531,5.28
7.4458055,8.8
6.261202,5.82
6.451075,6.1
6.896549,6.72
6.765346,7.85
6.932418,7.03
6.429852,5.81
7.49413,7.74
7.6797433,6.52
7.498999,6.49
6.91618,6.28
7.608941,7.3
6.933564,6.7
6.544306,5.57
5.663872,6.92
6.835774,6.9
7.1654162,6.04
7.48321,9.3
5.728219,5.96
7.625486,6.88
5.9584837,5.56
6.263765,4.88
5.8731756,4.52
6.5179405,5.28
7.740915,7.6
7.487656,5.55
6.636128,13.3
6.5147457,4.59
5.4019003,3.31
4.7258506,4.55
4.9408073,4.05
5.3629627,6.4
5.5882792,5.72
6.3813806,8.34
7.005503,7.6
5.3955746,6.34
5.260734,6.25
6.765232,8.26
6.04585,6.2
4.844427,5.15
5.7795644,4.77
5.730405,5.4
5.692385,6.22
5.9886723,7.4
4.8705325,4.0
6.2177043,8.8
6.216557,5.25
5.4540553,4.92
7.7734942,7.7
5.1550083,4.85
5.977092,5.19
5.9231963,6.77
5.40005,7.24
5.020001,6.77
6.0461655,6.6
4.7168207,6.02
6.145509,6.0
5.8697248,5.48
6.7451954,6.16
6.310993,5.18
5.4518,6.85
6.0186973,6.0
5.877274,5.57
6.498423,6.44
4.835395,7.22
5.9157133,6.15
4.132614,6.48
5.1535788,5.23
5.829229,7.52
5.311492,4.46
6.4177485,6.56
5.2921066,5.47
5.734707,5.55
6.016962,7.38
5.6617107,6.0
7.2050314,6.51
6.7764573,6.8
6.7348104,6.37
7.043986,5.35
7.528022,5.55
7.130731,7.49
6.712615,5.42
7.0852647,5.55
6.8381166,5.71
6.0475426,7.15
6.549849,5.7
6.4385633,5.31
5.504894,6.62
6.04955,5.2
6.1638227,6.16
6.1598024,6.26
5.5598645,4.94
6.212516,4.51
5.5463653,7.21
5.304433,6.72
5.6389737,7.54
4.9336095,8.92
5.9866557,5.92
5.6825147,6.1
5.1756496,6.4
5.811956,7.3
7.3675284,5.35
6.381593,8.02
5.6853247,4.89
6.536162,7.52
4.9095755,5.6
7.082041,7.55
6.3558664,7.12
7.0944476,7.92
5.846486,6.4
5.096339,4.55
4.5186152,6.42
5.3661966,5.5
6.484636,7.24
7.4280353,7.72
5.9464293,6.1
7.1311183,8.3
6.4132104,7.92
7.099052,7.59
6.743702,8.06
6.330418,6.4
7.7462316,6.9
6.97895,5.73
6.3333144,7.3
6.880312,6.44
6.362474,6.96
4.567256,4.7
5.232438,4.7
6.3474636,6.3
6.568609,6.0
5.7716303,7.3
6.74271,6.15
7.4067802,7.0
6.9373307,7.4
6.2805986,5.44
6.0562973,5.25
6.5187187,8.52
5.258608,5.29
6.575081,6.08
5.8119254,6.64
5.9505234,8.44
6.025899,7.17
7.015206,8.11
7.287423,8.21
6.5096574,6.62
6.5311017,6.79
5.7055383,5.3
5.6747904,4.95
7.15392,7.39
7.40736,7.06
7.3707776,8.3
7.4582343,7.56
4.6751175,6.51
7.437996,8.06
7.2448792,7.32
6.9624376,7.24
6.65133,4.04
5.3961225,6.46
7.534606,8.05
8.469592,6.91
6.297852,8.33
6.0732913,6.54
7.2552595,4.5
7.3084664,6.56
6.649522,7.02
6.9781485,7.02
7.067222,6.03
6.246031,3.07
8.575688,7.42
7.1741853,6.94
7.3775754,7.43
7.146509,8.19
7.1827254,6.75
7.5252824,6.55
7.6989527,7.82
5.894578,4.31
7.0320625,7.01
7.733152,8.22
6.534428,8.01
7.4183316,5.77
7.546135,6.76
7.043029,7.71
7.655423,4.67
7.2900567,8.15
7.450115,8.2
7.125502,6.34
8.696246,8.19
7.3458085,6.64
7.4625893,7.55
7.417631,7.6
5.575807,4.76
7.3865123,7.59
7.5532517,7.4
6.8479605,6.06
7.2078505,8.89
7.4480124,6.92
7.1451783,7.22
7.379587,7.09
7.318084,7.12
7.0824986,6.79
7.4495816,7.49
7.7065153,8.08
6.9409246,5.7
6.250814,6.14
7.306395,8.03
7.005581,8.0
7.4676332,7.27
7.668743,6.32
4.977401,7.33
6.810741,6.81
7.627444,8.14
7.518046,8.38
6.875276,7.23
7.2969947,6.63
7.4081125,5.68
7.332645,7.43
6.201098,6.71
5.586368,5.91
7.6739407,7.27
7.885637,8.11
7.205976,5.88
6.0609307,4.76
7.800726,7.48
6.4906654,8.3
7.9412575,8.15
7.556402,7.8
7.0775714,7.33
7.654913,6.46
6.4596505,4.07
7.6790304,8.26
7.6904006,6.38
7.5681815,6.36
7.6957426,6.76
6.3396745,5.8
7.0593657,6.96
7.2249336,7.07
7.343032,7.07
6.44394,7.34
6.139885,7.89
7.4489164,7.12
7.236422,5.81
7.581524,7.46
5.0753026,5.13
7.0703926,7.58
6.675587,6.87
6.6403995,7.49
7.2573214,6.74
6.955251,5.6
7.6314383,7.35
7.4621634,5.56
7.3240194,7.46
7.106959,8.92
5.84033,6.08
7.0616174,4.82
7.1895485,5.18
7.2602506,6.2
5.5469627,4.43
7.4218917,5.83
5.8124537,7.3
5.5813284,4.68
7.7247095,7.29
6.5276604,6.87
7.595948,7.57
7.515154,7.24
4.7416306,7.08
6.3374453,5.52
6.5452347,8.12
5.912715,7.24
7.8800116,6.5
7.3901625,8.52
7.4065576,6.88
6.8944397,7.75
7.0466113,7.36
6.776729,5.23
7.6640525,8.05
6.425325,7.2
7.222037,6.82
7.4211264,6.56
6.201202,7.14
8.4136505,7.52
5.7961435,6.47
7.9438634,7.62
7.740967,6.04
5.316866,5.37
7.5163293,8.51
6.751899,6.25
6.000895,5.06
7.681968,6.17
7.2507544,8.62
7.4044456,6.59
7.6815176,7.4
7.48696,7.27
7.2479987,7.14
7.528535,7.0
7.026539,8.21
7.60294,6.35
7.5097604,7.2
8.2828,9.15
8.160413,8.11
7.1350226,7.77
5.9821854,7.57
6.084188,6.06
7.0580482,8.32
5.8498397,5.52
7.8362494,8.67
6.4063516,9.74
5.748408,8.52
6.486299,8.52
5.9195566,5.55
6.584812,7.3
6.3843136,8.27
5.446145,7.96
6.397342,6.2
4.923384,3.8
5.74092,5.89
6.3586574,7.3
5.0803833,5.34
5.197774,3.65
5.675061,5.35
6.1405168,5.82
5.2417426,5.52
5.3430414,2.29
5.052601,6.14
6.0059237,6.68
5.6313853,5.05
5.690195,4.27
5.2203865,4.3
5.6326036,4.44
5.6997356,5.38
5.5922465,5.38
5.5629225,4.62
5.4544277,4.89
5.389784,4.4
5.279286,5.6
5.59673,6.59
5.4403133,6.96
5.1316586,5.07
5.09158,5.04
4.9384766,4.8
5.426359,4.27
5.104817,5.68
5.196416,3.75
5.601511,4.92
6.030409,5.52
5.9300666,5.2
5.599486,5.03
5.734628,4.72
5.759984,4.64
5.6419306,5.16
5.6445837,4.55
5.6121554,5.89
5.3493586,4.8
5.3585086,5.19
5.1951876,4.92
5.4556293,4.7
5.574702,5.52
5.21053,4.46
5.3156414,5.52
5.656465,4.89
5.2581086,5.23
6.3021746,4.7
6.3267355,7.04
5.418608,5.06
5.4409714,4.13
6.0134096,5.2
5.628426,6.15
6.347427,6.37
5.9470997,5.44
6.035218,5.27
6.7209916,7.6
6.2983813,7.52
7.0170093,5.66
5.644601,6.6
6.246965,5.6
8.044587,8.22
5.982994,8.4
5.6639333,6.6
6.510985,5.14
7.7888536,8.0
6.37451,7.86
6.8982973,7.43
6.966518,6.66
6.4980936,6.4
6.2506456,5.36
6.249343,5.5
6.2313538,5.5
6.1630974,5.8
6.9263983,5.79
7.421816,6.94
5.3520823,8.15
7.113609,6.36
6.319606,5.33
6.623612,6.35
5.7525406,4.67
6.559274,4.46
5.599753,4.69
5.826333,6.54
6.7922,5.22
5.7767153,5.64
5.480595,4.51
8.308355,8.72
7.152229,8.25
5.567111,3.84
8.941637,8.08
5.3179026,6.2
7.8397236,7.3
6.192876,6.0
5.41179,5.47
6.9125423,7.26
4.6823673,7.52
8.607992,6.48
6.8154817,7.11
5.3750257,6.74
8.239646,8.29
6.7392244,8.1
8.738797,8.3
7.4925537,8.1
6.021462,5.74
7.982934,8.46
6.0614758,6.33
4.968225,7.22
6.232753,6.43
5.6691303,7.12
5.724818,6.3
7.325039,7.37
6.3102255,7.03
7.5227118,9.7
7.4579916,7.52
8.864992,8.84
7.553151,9.2
5.2317934,5.49
8.0991,8.37
5.418359,8.36
8.26591,7.89
6.149032,4.27
5.723482,8.55
6.0677094,7.3
6.339548,5.8
6.835431,7.07
7.289721,8.62
5.616821,4.55
7.6831164,7.21
6.7748275,7.39
6.898265,6.05
7.1693406,5.8
6.34077,7.19
7.31993,5.96
7.206528,6.68
6.1895056,7.6
8.022895,6.79
6.9288874,5.66
7.442828,9.3
5.831749,5.3
7.751469,7.89
6.2207866,7.02
6.750422,6.2
6.9928727,7.95
6.062962,6.66
6.733937,8.09
6.7688174,6.35
7.092612,7.2
7.971938,5.13
6.641397,6.14
6.6783648,6.24
7.1175766,8.17
6.3385773,6.63
7.853721,8.97
7.46918,7.51
6.9369936,7.52
7.7583,8.68
6.494506,6.08
7.614029,8.44
7.4289856,7.92
6.7354064,7.2
6.586653,5.26
7.1253486,9.24
6.9367633,6.7
6.331281,7.25
6.7575893,5.01
6.0047235,6.14
6.8000183,5.58
6.2356997,5.26
6.861448,7.3
8.25153,7.72
6.221839,6.18
6.5885963,6.19
6.628529,6.3
6.8817797,8.52
6.9022,7.18
6.6221447,6.82
7.412252,7.88
6.917114,6.09
6.706097,7.57
6.0186257,6.14
6.2880483,7.76
6.3149033,7.6
6.6075225,5.68
7.329204,9.49
7.44536,7.38
5.799458,5.89
8.1799135,6.28
5.5466876,4.3
6.1579466,6.87
6.587086,6.55
7.579179,6.71
6.435366,6.85
6.3761024,6.13
6.7787676,8.49
7.6101346,7.23
6.949187,7.34
6.655777,7.35
6.8967133,8.0
7.9101267,7.77
5.832696,5.9
6.4602323,7.62
6.289813,6.0
6.924327,6.47
7.918898,7.84
6.0643873,5.03
7.3600597,8.21
6.2599387,7.05
7.4532633,7.66
6.7971115,6.93
7.234633,6.23
6.6196456,6.92
6.653764,7.8
6.8991847,5.48
6.836598,6.4
6.795555,6.72
5.5085335,4.66
7.3161187,5.51
6.231849,7.16
5.9485445,6.82
6.5640616,4.19
5.015031,5.21
6.0867934,8.1
4.6950703,3.5
5.6221046,6.69
5.44686,6.67
5.7446866,6.31
5.764255,4.51
6.148168,5.42
5.508764,5.38
5.612599,4.77
5.141403,5.35
5.958433,5.84
5.0688915,3.74
4.580407,5.02
4.3988175,4.74
6.1056724,8.4
5.649662,6.14
5.881177,5.18
6.6425023,7.54
6.897106,8.14
5.8365455,6.76
6.032073,5.57
5.043265,6.79
5.108089,5.78
6.9380765,5.46
5.7804766,7.46
6.185834,6.63
5.115229,5.03
7.2011137,8.0
5.5430555,6.29
7.210659,6.63
6.3331165,8.62
6.1272545,5.28
7.845405,5.92
6.5203395,6.62
6.09766,5.15
6.3418407,6.41
5.7479706,5.18
7.601039,7.82
5.948921,6.14
7.703051,6.7
6.949823,6.4
7.0785184,5.9
7.7899976,9.85
7.6890483,6.03
6.319968,8.2
7.1650734,8.82
7.7871456,6.53
5.9925756,8.4
7.087196,5.0
7.0328026,6.62
8.308844,6.93
7.9525857,7.15
8.995707,4.46
8.001829,7.0
8.903561,9.7
6.6610827,6.41
7.9063663,5.35
7.0763597,7.29
6.5915728,7.3
7.8325253,7.89
6.4264836,4.7
9.362844,9.22
7.6476398,6.4
8.028217,8.0
5.6534567,6.43
7.251758,7.11
5.715299,5.27
6.7357655,6.7
6.119562,6.27
8.008768,4.51
7.5151815,7.8
6.3578196,7.57
6.997534,6.2
7.6254425,5.52
7.6276007,6.8
6.7782297,7.08
7.732738,6.51
7.133702,6.07
6.4761553,6.85
6.301555,6.27
6.515741,6.61
7.42408,8.15
6.6932263,6.7
7.7922015,5.57
6.690619,9.15
6.8438935,6.92
6.981327,5.82
6.513304,5.77
7.23526,7.18
7.3326406,9.0
6.9174356,6.3
6.960086,7.15
5.497877,5.46
7.397775,10.0
6.8223166,7.92
7.4404488,7.21
6.6755238,6.33
6.6547375,7.55
6.566247,8.28
7.5890937,7.66
7.629131,7.91
6.6594343,7.3
6.4454722,6.4
6.5129824,6.9
6.884841,6.66
6.487244,8.7
6.163844,7.95
6.037674,7.63
5.802088,7.72
6.53401,4.7
7.5853634,8.52
6.334875,7.74
7.1345906,8.62
6.950501,6.18
5.988945,5.47
6.961711,8.11
7.199171,9.0
7.445532,7.96
5.655866,6.17
6.498239,7.1
7.4460454,6.89
6.3650594,5.6
6.6979513,6.54
7.0577936,6.41
6.9288006,7.01
5.260727,5.41
5.802116,5.89
6.0456824,6.84
5.9236956,4.89
6.0856733,6.18
5.90474,5.48
5.3479357,5.4
5.8126154,6.92
5.4673166,6.07
5.5059586,5.03
5.960746,8.82
6.011059,3.54
5.262813,6.37
7.6555967,8.8
5.378169,5.14
7.978633,8.3
5.42887,5.9
7.3684936,4.59
7.6256466,8.06
6.9140925,6.0
7.6922336,7.62
7.7820396,8.59
7.887143,9.0
5.1825266,5.28
6.341944,4.91
7.1939645,5.46
7.2129536,8.72
7.2182817,8.25
5.9123464,8.42
7.1680365,7.65
7.385523,5.1
7.0252023,8.51
8.026826,8.28
6.7595077,5.7
7.267753,6.34
7.171179,7.3
5.995185,5.4
7.334741,8.7
7.1336603,8.52
6.1965666,7.77
7.441378,7.63
7.5075026,8.69
7.4788136,7.1
6.614499,5.18
6.6247077,7.37
4.925502,6.82
7.3983173,8.18
5.4482484,6.6
7.5906024,7.31
7.5036836,7.8
7.54912,7.79
7.02136,7.61
6.4008718,7.66
7.6351085,7.12
7.091539,8.51
6.6317163,8.48
7.675126,7.46
7.835807,7.76
6.877411,7.38
7.136685,7.66
6.57232,5.59
6.8199735,8.22
5.808564,7.07
6.8560195,6.4
8.217706,7.77
6.6285152,6.75
7.0217156,7.32
7.3376775,7.4
7.6681514,8.15
7.780862,8.44
6.4850745,5.27
7.2545886,5.96
7.8694477,8.12
7.017292,7.8
8.090158,8.41
5.808713,5.43
7.445556,6.4
6.071291,6.74
7.1984262,7.7
8.789492,9.0
7.405271,8.36
4.799537,5.0
6.7511635,7.38
7.0406523,6.37
7.3180137,6.85
5.525654,6.96
6.8290157,6.9
8.35364,6.92
7.22757,7.61
7.3544636,9.7
7.1865826,8.28
7.4786143,7.25
8.367539,8.4
6.913219,6.61
7.9799314,7.87
6.901215,6.96
6.5020785,5.52
7.876129,7.45
7.777123,8.17
5.708217,5.46
7.217559,5.96
6.798683,7.09
7.1783586,8.08
7.224347,6.13
7.134577,8.4
7.1796236,8.52
6.678666,4.75
6.2737374,6.2
7.41067,7.71
5.6031165,4.5
7.3111176,8.29
7.7647324,7.35
7.201199,6.6
7.66368,8.47
6.2303476,6.62
7.1080976,9.1
8.092627,7.38
6.784202,7.41
7.0971446,8.15
7.091192,6.68
5.7024713,5.22
6.7887344,7.79
6.411251,6.34
7.5857797,8.36
6.599169,6.82
8.195592,8.7
7.1369405,8.3
5.811254,6.66
6.445184,5.46
5.726079,5.42
4.6604614,3.94
5.428384,5.18
4.4586515,4.42
6.7511425,5.74
6.4033647,4.24
6.0689135,4.12
4.9199734,3.49
7.4621067,6.28
6.8518662,6.39
6.6088114,6.04
6.5717015,5.51
6.276779,7.18
6.5061274,7.17
5.753119,4.21
8.061182,7.53
6.807291,5.01
7.059552,7.96
6.7212386,5.32
6.3753686,7.05
7.0533714,6.07
6.4746404,6.43
6.658623,5.13
6.375253,7.2
7.001895,5.27
6.951071,6.03
7.271388,8.62
6.4950466,6.82
6.772645,5.65
7.1609597,6.94
6.298161,5.82
6.9251595,5.17
6.563455,6.89
5.5165186,4.62
6.832171,5.54
6.36598,8.19
6.8972325,5.21
6.5813327,5.74
5.553531,5.32
6.7071877,8.77
6.537019,5.47
5.299765,4.19
6.186635,5.53
5.8336306,7.32
5.7924814,6.52
5.7383714,6.07
7.266278,5.33
5.970947,5.25
8.05228,7.15
7.3498225,8.14
6.5226445,7.51
7.068357,3.67
5.6612206,5.41
5.853683,6.26
5.851311,7.51
5.478637,5.33
6.109243,8.74
5.7838035,6.3
7.2644114,7.46
6.760458,7.7
7.781777,8.62
6.3522296,7.7
6.5285506,8.7
7.1922994,8.7
7.637273,6.74
6.549269,5.52
4.9179707,5.46
6.6398144,7.37
7.40198,7.82
7.1545825,6.1
6.823387,5.2
6.6397324,8.52
7.4854426,6.07
8.30258,8.7
5.446553,5.92
6.099889,4.43
6.945647,5.07
6.2362227,3.04
6.362766,7.43
6.372499,6.14
6.884674,6.81
6.512428,7.6
6.757526,6.82
7.083174,6.36
7.1044374,5.24
6.303374,5.96
6.2557216,3.25
5.4207344,4.51
5.425435,6.69
6.335987,6.22
5.333451,5.58
5.985627,6.45
6.126936,6.07
5.478226,5.96
5.523785,8.05
5.9737654,7.1
6.314016,5.74
6.7098136,6.54
6.342724,6.27
6.0274057,7.01
5.634129,6.51
7.1053534,7.49
5.9122753,7.46
6.573784,5.08
7.247195,8.17
6.054798,7.54
6.0375094,5.74
5.7605214,8.09
4.7162633,6.66
6.598475,8.52
6.3522377,6.71
5.9166045,6.64
7.039316,7.12
5.101672,7.79
5.532174,6.22
7.128193,7.06
5.6612678,8.36
5.480857,6.26
5.107619,4.85
6.155478,5.24
7.297854,6.25
5.6375227,8.1
5.076046,6.66
6.97758,7.09
6.0146017,4.18
5.9120913,9.0
6.4766803,8.1
6.6321363,8.4
4.70613,7.01
6.815263,8.52
5.430079,7.0
6.0874166,7.0
7.028521,8.0
6.9502444,5.41
6.864013,6.48
7.0699444,8.61
6.573403,8.89
7.2399406,6.55
7.2217183,7.64
6.8684893,8.12
6.403382,5.03
6.782342,7.21
7.584899,5.06
5.8160005,3.38
3.9104762,4.27
6.4058685,6.43
5.8699007,5.66
8.397578,7.9
7.4260807,8.15
6.182349,5.52
7.6887755,8.3
7.2596035,7.11
9.07863,8.36
6.8310776,8.17
8.038424,7.96
8.534664,8.46
8.426859,8.0
8.572482,6.49
7.184838,5.62
6.6158705,5.84
7.416749,9.7
6.4897475,7.68
5.767627,5.82
5.8554606,5.6
7.013668,7.56
6.467597,6.24
6.3590446,6.84
5.66041,5.7
7.5598855,5.66
6.8798413,5.52
8.109721,8.25
6.425967,6.49
7.5517936,8.19
5.9121594,6.19
6.0469985,6.2
8.378172,8.92
6.483773,6.2
5.083993,5.3
6.160392,5.62
5.5893297,5.65
5.35659,6.28
8.890224,8.89
7.5460405,5.25
8.312477,9.0
8.451342,8.1
7.09146,6.42
5.317035,5.19
6.629173,6.82
6.4630766,7.25
6.173053,5.57
8.337475,7.83
6.5696073,5.44
8.602017,8.8
6.776013,6.33
8.402382,8.42
5.2498517,4.52
6.3561935,5.44
8.101844,8.68
8.799602,8.23
6.787294,7.07
6.969874,6.85
6.1962705,7.41
7.91028,8.4
8.021959,8.55
6.7909517,6.19
6.24742,5.5
5.4320354,6.0
6.8801894,7.64
5.8805785,6.1
5.7415433,6.16
7.559847,7.2
7.1775246,8.1
6.8817067,7.77
5.919682,6.4
5.9363894,5.0
7.005243,7.01
5.2749043,6.78
6.9358163,5.27
5.7966747,4.75
7.0635433,7.4
6.7718,8.01
5.5812407,5.0
5.7666087,4.89
5.28079,4.25
5.616858,6.0
7.022206,6.32
6.10308,6.0
6.31458,7.9
5.0828366,6.2
5.806953,8.37
7.757985,7.89
7.212759,6.74
7.788146,8.82
8.275679,8.82
7.93624,8.2
6.824623,6.8
6.0218716,6.3
8.244507,8.44
6.286051,6.0
7.1721516,6.27
6.910964,6.67
6.7110972,6.1
5.814233,5.66
7.4824004,7.6
6.5929813,6.28
6.2293863,8.41
5.502299,4.75
6.790534,8.96
5.9116235,6.31
7.189329,5.22
5.6641245,6.35
5.1280923,5.09
5.6516714,5.83
6.6854033,4.54
8.702021,7.54
7.666606,9.0
7.151412,8.92
6.1621995,6.84
5.8928795,8.6
7.4453115,9.29
5.8745313,5.28
8.321257,5.9
6.872607,9.19
8.554501,8.33
6.383895,6.9
7.5530367,10.96
7.6853304,7.89
6.238463,6.81
8.224859,7.0
6.899683,8.16
8.394152,8.8
7.8424034,9.17
9.178932,10.41
7.7992964,7.27
7.3248167,4.88
5.326542,6.0
5.5626583,9.52
5.5211787,7.2
5.184922,7.54
7.173621,5.32
7.3481946,6.87
6.8131285,7.54
4.726686,5.73
6.3493037,6.87
7.3413377,6.55
6.327663,7.99
6.110299,5.49
5.8297095,6.66
5.464346,4.92
6.462514,5.63
6.2616296,7.05
7.5349097,5.86
6.59556,8.72
6.2249794,5.82
7.1305456,5.1
8.203245,6.19
6.579519,6.3
6.2792115,6.66
7.3417172,6.92
5.645076,7.15
6.778226,6.95
6.0236864,6.29
6.758117,6.14
6.3685956,6.64
6.5648117,6.9
6.890783,6.68
6.528345,6.92
6.41277,7.0
5.9407883,7.56
6.99218,6.72
6.139891,7.22
6.0683007,6.59
5.794131,5.95
5.23379,6.29
6.1204486,6.4
5.725126,5.24
6.010287,5.65
6.4801135,6.53
6.135991,6.8
6.012729,6.54
5.804451,5.67
6.8041725,7.19
5.1734705,5.52
7.516442,6.38
5.659844,5.4
6.3025393,6.05
5.13916,6.4
7.0396566,6.59
5.278908,5.6
5.607635,5.59
7.082442,6.85
6.232761,7.37
6.3084693,6.97
6.278093,5.85
5.5013175,7.32
6.901899,7.96
6.7362084,5.66
7.1274157,7.7
6.1255903,6.38
6.2764444,6.79
6.422855,6.39
6.0078835,5.7
6.7047257,6.55
6.9353495,5.92
6.9097137,7.36
5.594231,6.8
6.3165274,6.7
6.6495824,6.0
5.303037,6.2
5.5475116,6.37
5.2509303,4.3
7.40483,7.89
6.4505553,6.07
6.591895,8.25
6.038935,7.08
7.3605275,8.15
7.015681,6.39
5.7167635,6.3
6.8637075,6.1
6.2954245,4.4
5.934559,5.49
5.7282343,5.02
6.766149,5.4
6.261902,6.41
7.4192886,5.74
6.420408,7.1
7.29383,7.2
6.666209,8.0
7.0443172,7.24
5.3836164,5.15
6.731978,5.1
6.6822953,5.39
5.677153,4.5
7.632638,5.7
6.2220387,5.8
6.8641267,6.6
6.159436,5.1
7.049255,5.8
6.7614055,7.68
7.3661404,5.6
5.308986,4.37
6.6021023,6.84
5.5394163,5.73
5.744938,5.5
6.737753,5.8
6.5035243,7.7
4.9713535,5.15
5.620385,4.96
6.621477,5.28
7.525879,7.92
6.220199,5.89
6.2339134,8.48
5.4188566,3.71
5.914814,6.29
5.995781,7.33
6.7540197,6.2
6.4779806,7.82
5.532492,4.53
6.3820863,8.2
5.0212193,6.89
4.863712,7.17
5.823872,4.89
6.074231,8.14
7.2850127,7.61
5.9548364,6.64
5.85653,5.2
6.756363,5.52
8.790382,3.12
6.0348825,5.0
6.7735744,5.49
6.491907,9.48
5.590263,4.5
5.744899,5.72
6.0636735,8.22
5.2552567,4.64
6.915313,7.05
6.422368,7.2
5.6819596,4.8
4.8580236,5.76
5.5886292,8.7
7.0571094,7.26
6.825156,4.8
7.273553,4.6
6.2655277,7.41
5.8138947,6.06
7.018124,7.36
5.7650795,5.55
6.1435003,8.77
6.594566,5.6
6.31633,8.8
5.8909717,8.0
6.761978,5.85
6.1655183,6.52
6.787239,5.3
6.203331,4.77
6.169139,4.64
5.832357,6.76
6.279355,6.5
6.367188,10.62
6.3464513,10.59
8.03338,8.4
7.238784,5.02
7.5010843,8.22
8.481336,8.47
6.419096,4.75
6.005999,5.89
9.109684,9.47
7.1211166,8.22
6.227556,6.25
8.064632,8.59
8.123022,7.16
6.628247,5.27
9.009726,9.46
8.522666,9.19
8.485669,8.62
8.808492,8.4
5.562373,9.33
6.105991,8.85
7.048196,8.07
6.2516785,6.84
6.9334664,8.05
6.2315316,7.54
7.3287287,7.44
6.121255,5.44
7.1013246,7.42
6.728312,6.3
5.634594,5.07
7.183633,7.11
6.5881634,7.6
7.080604,6.37
6.411228,5.41
7.481069,7.66
7.048308,7.51
7.1886816,7.48
5.4922028,5.42
5.4966793,6.9
6.664152,7.68
7.0991554,7.52
5.49901,6.81
6.6841865,6.14
6.775038,7.29
6.8627925,6.74
7.6317844,7.55
4.874048,3.72
5.489341,5.62
5.9947453,4.85
5.19922,3.26
5.4555764,5.46
6.5507517,6.89
7.8146706,6.2
7.060623,4.78
5.212529,5.86
5.9301577,4.75
5.643753,4.65
4.7628098,4.18
5.8267717,5.34
7.0124593,7.0
5.4348416,5.33
4.919962,5.2
6.9762936,5.54
5.584365,4.82
6.3624306,8.33
5.9069543,5.17
4.777344,5.07
4.948698,4.93
5.2401695,5.56
4.970544,4.65
5.447383,5.02
7.223301,4.83
6.1139665,5.18
6.153935,4.49
5.078619,4.64
5.5771904,4.91
6.710208,7.89
6.58662,8.47
6.4839835,6.68
6.056085,5.06
6.5705886,5.85
7.356414,7.36
7.597986,7.55
6.5661864,7.28
7.0381083,6.85
6.1505265,7.47
7.2701793,10.24
7.303433,8.6
7.027358,6.41
7.4961414,8.82
6.964489,8.77
6.6690564,7.05
5.9536314,6.0
6.284992,7.0
6.483995,6.9
5.353932,6.15
6.3032584,4.35
5.353553,5.02
6.819402,7.14
6.558483,6.72
7.3043623,6.2
5.442854,5.78
5.566126,5.52
6.1580415,5.5
7.067041,6.39
6.8260107,6.64
6.9788985,8.4
7.488955,5.81
7.175557,7.85
5.4587145,6.37
7.093754,6.64
6.7429748,7.85
6.732422,5.9
6.400002,5.79
3.5829692,5.62
6.177272,6.05
5.8886347,6.23
6.573054,5.4
5.5399537,5.2
6.2477236,6.3
6.1214685,5.98
6.667987,7.19
7.0829606,5.92
6.1262517,5.8
5.7613344,5.3
6.247319,6.24
4.2875657,2.42
6.0458417,8.3
4.6976247,5.51
5.9745803,7.0
4.0628943,2.52
5.322321,8.05
5.8646936,6.85
6.4483633,7.17
6.9138703,6.74
6.831971,7.54
7.246012,7.3
5.864467,4.17
6.9163847,6.33
6.5826263,6.92
6.9605002,7.01
6.954925,10.4
6.6036654,4.85
7.658119,7.05
6.50906,6.46
6.651184,5.0
5.174945,5.13
6.4084044,6.68
5.0170345,6.1
5.7747517,5.64
6.1435485,5.8
7.182854,7.68
6.78782,5.51
6.207619,6.1
6.652153,6.26
5.6385803,8.3
6.465102,6.9
6.0827627,6.57
7.6353784,7.51
6.912776,8.7
7.0051856,6.6
6.4389687,6.27
6.6489053,5.67
6.717079,6.7
6.6715574,7.96
7.2923217,7.35
6.461105,6.88
6.9400215,8.7
6.473302,7.59
7.2225266,7.91
6.4073215,7.6
6.8779187,6.02
6.0624013,6.63
6.671483,6.64
7.154892,6.26
6.689846,6.32
6.451554,8.03
7.3456073,5.47
6.3488107,6.4
7.3475075,6.43
7.1689897,8.0
8.821021,8.1
7.172817,6.63
7.1522055,6.72
7.775668,8.82
7.22935,7.03
6.910684,7.24
6.8797846,5.91
7.299363,8.4
6.221231,6.37
7.5907183,7.39
8.68975,8.33
7.308958,8.0
7.8590045,8.4
5.6261597,8.05
7.144785,6.6
6.886684,7.41
6.4755573,6.11
6.1806154,8.4
7.4378557,6.58
7.664993,8.15
8.019195,7.66
7.174623,6.78
6.9235587,6.0
7.535492,7.04
7.214516,7.08
6.5154805,7.3
6.9008956,6.15
5.8019333,5.17
6.4286523,5.22
6.127363,5.7
4.724021,2.6
5.2798038,6.05
6.0207534,5.8
6.478637,7.38
7.084352,8.4
7.1460867,8.44
6.528264,6.77
7.3745785,8.04
5.8792977,5.64
6.094564,6.2
6.9177876,7.89
6.7365413,6.08
5.5652304,7.12
6.8216047,6.6
7.8561344,10.0
6.4691114,7.06
5.7202883,6.15
6.846747,7.24
6.1174555,6.68
5.643223,6.64
6.0818105,8.15
6.3026013,5.8
6.391651,6.5
6.5554447,6.8
6.5885715,6.72
6.8728414,5.51
6.2566104,8.89
8.487421,9.17
7.0155005,8.55
6.7682037,7.85
6.6968637,9.19
7.4842033,7.8
6.779347,5.85
6.481542,5.35
6.794771,6.43
6.343558,5.05
8.072811,6.35
5.949586,6.03
6.6228895,5.82
6.198387,6.21
5.7242985,6.66
6.5873275,7.17
6.8528795,7.26
5.593195,9.21
6.459669,6.85
4.8855352,4.55
5.7697415,4.85
6.1256523,7.58
6.4945793,6.4
8.182692,8.13
5.264622,10.15
7.008791,7.24
4.489681,5.9
6.3735867,6.42
5.433566,9.39
6.1176476,6.64
5.5652843,4.37
5.850985,6.34
5.3644295,7.52
6.420411,7.16
5.334219,9.0
6.4199615,6.44
5.5335755,6.89
6.7520766,7.33
4.496294,5.0
5.244753,4.85
6.528776,7.24
6.4703517,4.35
6.0157504,4.52
5.963686,7.04
7.682682,9.0
6.566012,7.59
7.22788,5.96
6.2298503,6.07
6.1016707,4.3
5.9708056,7.14
5.9914556,5.44
6.437892,6.49
5.4506364,4.84
6.197858,6.9
6.114009,6.06
4.821176,7.25
5.7299523,5.34
5.221688,5.57
6.2951217,4.85
5.9171333,6.3
6.632707,6.24
5.973815,5.14
6.2194095,5.77
6.67799,5.76
5.9669905,5.52
6.184403,6.57
6.7205443,5.57
4.834742,3.66
5.6751966,4.28
7.367648,7.88
7.877863,7.82
6.695674,7.92
7.427027,7.52
7.980985,7.92
7.7850304,9.0
7.7838807,8.24
6.816446,7.3
7.610995,7.55
8.517364,5.5
6.3287215,7.6
7.328558,8.28
7.3507175,6.77
6.1312494,7.89
7.172722,7.69
7.3186493,7.85
6.834332,7.07
7.985834,9.0
6.4204497,8.32
6.2396708,5.14
6.0494223,5.97
6.955421,8.42
7.515099,6.98
7.44564,7.96
7.892538,7.3
7.49104,8.55
6.9059415,8.33
7.4500804,7.82
7.1786695,5.21
6.7695894,7.16
6.7111897,7.14
6.9887996,7.21
7.426486,6.39
7.0133424,7.5
8.371665,8.49
7.2533054,7.74
8.71291,8.85
7.05142,7.54
7.3345203,7.11
8.510115,8.82
6.2531013,8.1
7.1132436,7.05
7.0603113,6.68
6.016876,5.95
6.776347,6.3
5.6239605,6.05
6.7808466,6.84
6.6127357,5.22
5.4876747,5.82
7.821663,8.92
5.9298415,6.52
6.106082,4.49
8.768477,8.52
6.932077,7.72
7.5255632,6.86
6.7106586,5.17
7.4851937,7.1
7.4342666,6.06
7.783778,5.96
6.600847,5.77
7.4208813,7.66
8.16199,9.05
5.974911,7.19
7.8944936,7.01
6.4992023,6.01
6.881644,6.09
7.2315373,8.52
6.4597692,6.3
7.0197973,6.1
6.446937,5.09
6.595606,5.56
5.3306174,5.8
5.7296987,5.22
6.0124607,6.64
5.4524646,5.03
7.4998837,6.17
6.169552,7.05
5.570116,3.95
5.5105767,6.04
6.095147,5.19
4.9907236,5.29
4.5352592,6.4
7.267029,7.2
8.11938,7.62
7.0885296,6.6
5.698327,8.89
6.187832,5.82
5.904506,7.74
6.3573904,7.97
6.895083,5.39
7.500869,7.3
6.794501,5.71
6.829136,7.74
6.1884875,5.7
6.983193,7.52
6.5349526,6.8
7.4913445,8.24
6.4604435,5.68
6.240379,8.26
6.341847,5.1
7.1597347,5.41
6.391533,5.67
5.372628,0.53
7.287507,4.98
7.23349,8.0
7.3139396,5.69
6.176842,5.1
6.947608,5.92
6.915043,8.21
5.6941195,7.33
5.566884,7.92
5.9050274,5.87
7.5096307,7.45
6.001246,5.7
7.07628,8.64
6.336853,8.44
6.2762375,5.64
6.3162985,5.22
6.9571943,6.5
6.5360575,8.47
5.718343,5.3
6.9231734,5.77
5.731734,5.9
6.677862,6.52
7.1558566,5.92
5.82163,5.02
5.818812,5.09
6.045913,8.0
6.2748613,6.26
7.073453,8.3
6.569593,5.7
6.564511,7.47
7.0827456,6.43
6.541372,5.87
6.2032814,6.08
6.327515,8.09
6.4051466,6.18
5.8989263,7.43
5.893011,7.11
6.8454847,6.29
5.6241403,5.46
7.267515,5.72
7.1789837,4.24
5.565303,6.25
5.958293,7.66
7.9050226,8.38
6.981094,7.13
7.5442553,9.96
6.913976,8.0
6.596029,6.6
8.569167,8.05
6.781492,6.74
6.7864485,8.52
5.814883,7.66
7.148703,8.52
7.8928995,8.4
6.698251,9.15
6.8208885,7.03
7.615106,7.92
7.572377,8.0
7.6528206,8.21
8.615697,8.59
7.0584965,7.68
6.8520403,7.7
7.3519645,8.52
7.257557,8.7
7.996691,8.7
7.6396627,8.4
7.372215,5.21
7.142026,8.7
7.245819,8.77
5.601661,6.38
7.404586,8.55
7.3949847,8.7
6.549019,4.74
6.446977,6.72
6.9729233,6.84
7.6321473,8.15
7.5119634,8.4
7.484184,7.74
7.2814245,7.59
7.2665615,6.28
6.6486926,6.25
6.280948,6.11
7.027264,7.13
6.804759,6.31
7.076372,5.74
6.848866,7.36
6.3806806,5.77
7.2884226,7.46
7.830392,7.43
6.4098086,6.52
6.1306763,7.21
6.4027543,7.24
7.399963,5.05
6.688023,5.42
6.516637,7.32
6.5744505,5.7
6.9514294,6.0
6.6576815,6.35
6.438103,7.24
7.2507396,7.33
5.825197,4.8
6.436453,7.0
7.046722,4.46
7.4479756,5.85
6.448798,7.29
6.640472,7.14
6.58908,5.68
5.8591876,5.24
6.052557,7.17
6.7377715,6.05
6.6749926,7.14
6.518417,6.17
7.2317834,6.52
6.630815,7.7
6.049411,5.37
5.558405,5.67
5.7889338,5.37
5.829395,5.33
5.9856434,6.85
8.874381,8.54
8.446726,7.99
7.8157983,8.62
7.3286624,7.97
7.935868,8.29
9.130869,8.85
8.414952,6.91
8.391931,7.43
8.580341,8.59
8.179726,8.64
5.386794,6.71
5.3918447,6.95
5.7118897,6.88
7.1489525,6.2
6.4087873,5.82
6.154925,7.44
6.8233757,6.62
6.868776,9.21
4.86501,5.55
6.3180737,6.35
7.508353,8.4
6.58193,6.21
5.5193396,4.41
6.1459713,7.52
7.3630815,6.52
6.2956653,5.68
7.4529705,5.8
7.143023,6.88
7.1183352,5.69
8.36481,7.34
5.958727,5.74
6.29222,6.33
6.0057034,5.89
5.777001,5.54
5.107249,5.46
6.1299896,5.61
7.742629,7.25
6.311611,5.89
7.3075595,6.91
7.1761756,7.52
6.493043,6.96
6.623337,7.57
7.623733,6.57
6.705709,6.63
7.816553,9.49
6.6112375,6.98
6.1174526,6.4
6.6571746,6.0
5.2929325,5.28
6.175067,6.39
5.8994765,6.41
6.2102847,5.8
6.1957593,6.98
7.3226895,6.55
5.790112,6.3
6.8573246,2.4
6.7875104,7.41
7.5744834,6.71
6.892735,8.31
5.862629,4.0
6.770869,8.07
5.9613075,4.66
7.3438034,8.4
6.848511,7.19
6.7121973,5.81
6.114606,7.35
6.4738507,4.98
7.546546,7.06
6.4484305,7.21
7.469818,6.63
7.5471888,9.27
5.7609076,5.12
7.0673656,8.85
6.688395,5.16
7.2666144,6.58
6.7502584,7.92
5.8726926,6.04
6.4818816,9.22
7.592094,6.5
5.887434,4.6
6.748039,8.49
6.7528195,7.0
5.2608147,5.1
7.4096355,6.19
7.0288725,6.64
7.51704,6.35
6.7004337,8.3
6.663848,8.05
6.6008453,8.29
6.6204643,6.99
7.0437603,6.69
6.651573,6.31
7.334121,9.57
5.086583,7.7
7.271848,8.7
6.749074,5.7
7.151886,6.3
7.893632,7.24
5.666608,6.21
6.0252385,6.92
7.5259757,5.89
6.5196195,7.22
7.07975,7.32
7.1562047,5.8
7.3589435,7.65
5.922319,5.03
6.239567,5.22
6.6633787,5.09
6.576436,6.3
6.7778163,7.99
7.123221,6.18
6.7119126,6.51
7.44194,7.43
6.9844494,8.15
6.7449665,7.08
7.018677,5.67
6.9279795,6.7
8.298294,9.99
6.5667596,5.59
6.5361423,6.86
7.290595,7.92
6.7245398,8.52
6.781217,6.3
6.3953886,9.3
7.157449,6.77
6.388442,7.96
6.5430875,7.49
6.837664,7.89
5.1727753,6.0
6.634002,6.85
7.839923,8.3
6.0192146,8.7
6.8572073,7.09
6.886608,6.84
6.9339795,6.8
8.071912,7.77
6.2067747,5.42
6.6523376,9.24
5.0107045,5.14
6.8585653,7.12
6.5665894,6.28
6.9916234,7.46
6.9632335,6.14
5.6815968,6.19
6.943348,5.92
7.9415226,6.49
6.8718605,6.96
5.1160326,5.8
5.7834992,7.07
7.3001866,7.8
7.202935,6.38
7.67055,8.43
6.9675765,6.91
6.731815,7.82
7.3362246,7.44
5.0820303,4.23
6.608285,5.39
7.289711,6.64
7.3678503,9.58
5.659051,9.3
6.052788,5.01
5.7571015,5.89
6.7044754,6.41
6.2918444,8.4
7.178511,5.24
5.695515,7.77
6.4761467,8.11
7.7569127,7.6
6.372393,6.05
6.993474,6.19
7.029464,6.26
7.3144035,7.72
6.3604803,6.37
5.9336753,5.53
6.3497925,5.1
7.3576546,8.98
7.4985495,9.64
7.6881676,9.0
6.6154923,6.71
7.336313,7.52
7.3654647,8.7
5.9052887,5.28
7.0188136,5.54
6.7432218,6.59
6.6449594,5.92
7.422314,8.57
8.514453,8.26
6.926828,9.54
5.66607,6.28
7.36252,6.56
7.0843034,6.14
6.405878,6.54
6.4300323,4.83
6.65816,6.63
7.047479,7.96
7.0113583,7.82
6.2690344,5.7
6.2225723,6.16
6.9330754,9.37
6.5307236,8.25
7.0660534,6.78
6.978769,6.15
7.0480595,9.1
6.329497,7.92
6.251482,6.94
7.651231,6.51
7.12293,8.22
6.249233,6.89
6.1361203,6.03
7.0335464,7.42
6.7629094,6.43
5.698082,7.09
6.8449144,6.94
5.8020372,4.52
7.170207,6.25
7.062071,5.57
7.363962,6.7
6.565228,6.8
7.1248994,7.74
6.598982,8.49
6.208642,7.51
6.6150336,6.26
6.008318,5.26
6.691556,8.52
6.1970487,6.92
7.0322585,7.17
6.456778,5.62
6.2024736,7.24
6.8463125,8.05
6.087663,7.3
6.9971213,8.22
7.1364865,6.09
6.613373,7.25
7.1022267,8.33
5.9945045,5.69
6.6134295,6.38
7.134002,6.33
6.5334806,6.56
7.155589,5.76
7.274734,5.03
7.4568543,8.22
7.641908,7.4
6.1747913,6.3
7.7047453,8.74
7.345365,6.2
5.826722,6.6
5.5910807,6.9
6.0926747,5.4
4.994859,7.0
5.9245715,5.84
5.590443,5.2
5.0223174,4.08
4.079644,6.6
6.255084,5.6
5.5090823,6.41
5.450268,5.9
5.8382263,5.0
6.9874616,5.46
6.384571,6.6
6.618219,7.66
8.040285,7.2
6.096206,5.45
8.677495,7.87
7.9895573,8.06
8.075177,8.27
4.8420925,5.42
4.9833136,4.72
6.5891476,6.95
6.876116,5.12
6.0794177,7.85
6.0714025,4.99
5.968648,4.79
5.3729053,5.17
6.612711,7.55
5.8339467,5.5
5.6468697,5.0
4.2640934,4.61
4.7739697,5.81
6.4473333,5.34
5.224367,4.62
5.7259,5.27
5.4627056,6.36
6.0920463,5.21
5.6221976,3.59
6.203218,6.07
4.8344603,3.74
6.0345964,7.17
6.155103,6.36
6.927662,4.34
6.4208775,7.7
4.9281178,6.0
5.9247985,5.7
5.926589,8.2
5.8595214,5.8
5.830812,7.9
5.839037,5.82
6.4135556,6.6
6.5837398,5.9
6.332835,6.7
5.60441,7.08
5.5555086,6.4
5.789832,6.4
6.366336,5.56
5.9503565,4.4
5.9668546,6.1
6.606065,8.2
6.465201,7.36
4.4348097,5.6
6.804535,6.7
6.1970744,6.0
7.2823415,4.43
4.0110073,2.17
5.6351547,5.97
5.898655,5.03
6.129877,5.43
5.2207336,4.0
7.4249535,6.0
7.9528093,8.66
7.490751,8.92
7.4308386,9.04
7.821994,8.48
7.317408,9.15
6.333818,5.3
8.274855,8.56
6.550935,8.7
7.0459175,7.69
6.0960784,8.35
6.8188343,8.22
6.735636,6.45
7.501174,5.96
8.353317,7.07
9.051235,7.41
7.8506494,8.54
7.9360113,8.08
7.181202,5.92
7.7086935,7.32
7.8476686,7.82
7.820776,8.95
7.684399,8.44
6.2020407,6.5
7.2835727,5.85
7.5607233,9.83
4.9505734,4.74
7.495187,8.92
8.001962,7.51
7.6017785,6.72
7.84133,8.8
5.8224897,7.04
6.530854,6.33
7.733137,6.0
6.3725615,5.8
6.951898,8.28
7.5766563,7.41
6.554504,4.0
6.985395,8.69
6.83616,8.74
7.006992,8.0
7.9219294,7.78
8.4108305,7.85
6.819071,5.92
5.45646,5.5
7.8143263,9.22
8.207075,8.8
8.341215,8.97
7.8163576,7.41
7.910424,9.4
7.914876,9.05
7.8315377,8.41
7.537629,9.05
6.682528,6.65
7.250773,6.93
8.987835,9.15
9.315617,9.09
7.8733177,8.17
7.9395165,6.79
7.2272525,8.01
8.307806,10.84
7.503714,10.25
8.765034,9.3
7.7301087,9.14
7.4385066,8.6
5.0587006,4.93
7.6964474,8.24
8.005678,6.14
8.023609,7.17
7.5385385,6.45
7.3469434,9.52
7.997181,7.39
8.684801,8.19
6.6374393,6.84
6.621494,4.43
7.2392683,8.06
7.140536,8.7
8.037102,7.04
5.171986,5.31
6.970955,7.49
8.816015,9.22
6.44616,5.18
7.816559,8.09
7.7210774,8.7
7.031659,7.75
6.9865346,8.32
7.303532,7.87
7.6314893,7.6
5.977803,8.27
8.115172,8.45
7.316841,8.35
5.652523,5.2
7.582843,9.05
6.245946,6.35
6.9668684,7.95
8.48696,6.0
8.149469,9.07
4.602796,4.43
6.426814,5.52
6.7881584,5.97
4.509059,5.23
5.8966546,6.79
5.8873396,5.32
5.2524757,5.92
6.107268,7.64
5.03727,5.3
6.764801,8.2
5.187937,5.27
6.826033,5.94
7.5644293,6.89
5.4346476,7.6
5.98991,6.72
5.450178,7.15
5.374244,6.34
7.427239,9.15
6.139112,7.64
6.8474174,8.15
6.106768,5.92
6.0655017,6.11
6.4371443,7.3
7.5396056,8.15
5.3259935,7.54
6.279939,5.72
6.7782006,4.72
6.7641478,7.24
6.276649,4.48
6.253564,6.44
5.8580623,8.17
6.9361115,7.3
6.7185493,6.99
6.2235947,7.46
5.8119473,5.36
5.8865795,8.57
5.0164323,5.24
5.2747846,5.54
5.1473365,6.2
5.7970424,5.82
6.614307,3.83
5.2458086,4.49
5.3958797,6.7
6.644864,6.2
6.247332,6.37
6.3878694,4.7
5.6361685,6.64
5.42766,5.8
6.1827755,6.5
5.6825876,5.4
7.930903,6.15
6.322934,5.82
6.6567473,5.4
5.34786,6.34
6.2100863,3.41
6.771648,6.43
6.8426886,6.56
9.167733,6.47
7.043707,6.15
7.111821,5.4
5.11228,5.17
5.327799,2.36
5.887865,5.27
5.304993,4.48
4.8899283,6.37
6.289564,6.14
5.30764,2.47
5.242453,4.62
6.0151854,6.07
6.6756144,4.23
5.1067185,3.85
5.700182,4.83
5.7529073,6.1
6.964746,7.19
5.999271,5.52
6.792713,5.0
7.1789865,6.74
6.065589,6.28
5.015683,4.63
6.945279,6.8
6.273823,9.92
7.0474997,8.48
7.0750318,5.12
6.4063125,7.84
5.970371,8.38
6.4246817,4.48
4.834332,4.69
7.198432,6.07
7.6273985,7.74
5.155001,5.32
6.8780684,5.22
4.705404,6.04
6.44718,7.25
7.163337,5.72
5.9869065,7.6
7.1140857,5.94
6.133921,5.14
6.063349,6.34
6.164511,5.7
5.5299416,6.0
6.7282867,7.0
6.434761,5.42
6.5051975,6.0
6.452439,6.08
6.145433,6.92
5.5975637,5.3
5.975465,6.7
5.867296,6.0
6.829116,6.24
4.8437862,10.27
7.04704,7.14
7.2870226,5.02
6.7197413,6.82
7.1200743,3.13
5.258751,4.8
6.39623,5.37
7.432732,8.62
6.5727777,5.43
5.340754,6.7
6.4021416,8.52
6.945864,5.49
6.7368345,5.94
6.102478,7.7
6.4855323,6.56
6.5448427,8.15
6.638889,8.7
6.7611117,6.78
6.882445,7.22
6.929251,8.4
6.6015325,8.82
6.012634,6.03
7.620852,7.68
6.291818,6.74
5.1233764,6.61
6.941614,5.54
6.8107595,5.61
6.0794854,6.39
5.7859416,6.8
7.4553323,8.77
5.6167884,6.89
5.907668,6.64
7.28468,7.7
7.024584,7.51
6.4422727,8.22
5.3374267,5.21
6.247991,5.03
5.848962,9.21
6.223694,8.0
7.4040537,9.7
7.2913,6.41
6.017155,7.5
4.7628183,4.25
4.963928,5.44
6.556753,6.2
6.9711742,6.5
5.2683625,5.4
6.490269,6.66
6.6974216,7.5
6.656362,5.3
6.7518353,7.2
5.9005327,5.77
4.7283125,5.66
5.9369082,5.43
5.146605,7.0
6.1902676,5.8
5.4424257,5.6
7.4329615,5.6
5.69054,6.3
5.1661005,4.89
4.973082,5.6
5.403907,6.06
6.1728272,6.68
6.686871,6.02
7.9656353,8.52
5.0630174,3.92
7.8990774,8.44
6.211132,6.19
7.0531816,6.32
5.744531,5.7
6.2727494,7.22
6.434279,8.09
6.0542846,7.53
6.175047,5.0
6.7199035,5.38
6.4043603,5.89
6.0489144,7.11
4.6681275,5.89
5.3820324,4.18
5.3761826,6.13
6.5630155,6.55
6.110594,6.57
4.3460836,4.73
5.7226796,4.68
4.682191,4.63
5.056772,4.14
5.1325254,4.66
6.0157185,4.32
5.302614,5.51
6.1313562,5.89
7.32781,4.6
5.1485734,10.89
6.9117966,11.47
6.360086,7.39
6.5120225,7.23
6.876571,7.85
5.6113315,4.95
4.492028,4.19
4.5543895,4.47
6.325332,3.97
5.7634244,4.52
5.4178486,4.13
5.574607,5.31
5.749075,4.33
4.6114655,4.18
5.3887234,4.14
5.26263,4.41
4.753557,4.37
5.073922,4.39
4.919773,4.18
4.4246016,4.4
5.59734,4.27
4.916609,4.95
4.401205,3.97
4.25561,4.57
6.0567327,6.31
4.5780277,4.23
4.567096,4.59
6.144017,5.5
6.1224976,5.2
6.1082087,6.2
6.741844,7.0
7.1915684,6.0
5.811416,5.4
7.016328,5.8
7.381233,6.9
7.176158,7.89
7.1597004,5.29
6.96678,6.15
6.8594613,9.0
5.5095716,5.86
5.5564713,5.08
5.131958,5.19
6.75129,4.6
7.467273,6.86
6.751124,7.03
5.611071,8.01
6.9083233,5.41
7.366415,8.22
6.944903,6.94
7.3207903,7.89
6.5076175,6.82
7.730318,7.41
7.256179,7.96
7.5477076,6.33
5.8415995,5.28
6.9567313,5.8
6.885921,6.44
6.918155,7.84
5.765659,9.59
7.605199,7.21
6.748382,9.4
7.2579184,4.52
7.6462584,9.4
6.891083,8.06
6.289877,7.36
5.9845314,6.82
6.652441,8.3
7.593953,7.3
7.044574,4.91
6.6503425,7.28
6.848608,5.07
7.5323887,6.84
6.7645025,7.86
6.2189665,5.6
6.953335,7.82
6.341529,8.68
6.813522,7.5
7.330113,8.1
7.6052327,5.92
7.135558,7.52
6.158664,6.85
6.914376,7.03
6.6600904,7.95
6.100639,8.07
6.3182945,8.31
7.4053116,7.85
6.2791615,7.4
7.055186,6.24
6.087558,5.2
7.079533,8.18
6.7927322,8.58
6.658805,8.51
7.200485,8.6
7.069989,7.61
6.515216,6.4
6.574155,7.9
6.658193,7.4
6.180972,7.14
7.38201,8.11
6.8823423,6.6
5.981539,6.46
6.733235,8.06
6.5586634,7.84
7.1491547,8.9
6.844769,6.1
5.83908,4.62
5.9439583,5.7
6.632674,6.2
4.073847,4.8
6.645986,5.6
5.8724437,6.3
6.057904,5.5
6.3053603,6.38
7.4907146,6.52
5.216132,5.62
7.700143,6.8
7.4911804,5.65
5.287797,7.31
7.353544,7.37
7.6698723,7.15
7.2052717,6.85
6.3189616,7.57
6.6023045,7.46
5.226104,2.6
4.4720817,4.31
6.6266527,6.74
6.8312864,6.59
7.4167323,7.05
7.553626,6.41
7.5472407,5.71
6.5901203,7.3
5.8247666,4.63
5.968594,6.2
6.402682,5.5
5.8112397,7.2
5.4204073,4.5
7.213132,7.18
6.0844088,4.0
6.111834,6.19
5.844091,6.29
6.592214,7.62
6.0595417,7.3
6.078806,5.74
6.040291,6.15
6.6035175,6.64
5.3477087,6.8
5.96515,6.28
5.760641,9.17
5.3477283,6.44
6.695184,5.08
7.1007285,6.0
6.140851,5.0
5.9722567,6.4
5.4623466,6.0
7.1636653,7.46
5.558833,7.01
6.2931833,5.28
6.5056777,5.48
6.791676,5.6
6.1429324,5.42
6.21535,2.97
4.99694,3.17
7.3377786,7.8
6.2076716,7.6
5.895494,5.48
6.4565563,8.46
5.6679163,5.12
6.3766813,6.15
7.19428,7.8
6.9253345,10.42
7.1575255,7.28
4.45111,6.0
6.3571324,7.82
6.8494997,9.3
5.359684,5.1
6.5422425,4.58
5.3518987,6.12
5.863065,4.25
5.0571213,5.65
5.531434,6.88
6.8717747,7.58
6.3721905,4.53
5.4907594,3.91
5.5190506,5.27
5.578515,6.34
5.1686263,5.45
6.8218484,7.3
4.9609447,5.1
6.2480326,5.1
5.0179024,5.9
6.4421186,6.35
7.115714,5.14
5.7164164,6.6
6.5688305,4.68
5.153288,4.8
5.623943,6.09
5.985505,9.39
6.738129,5.4
6.2284884,5.68
5.653918,6.72
6.736817,6.91
5.130047,7.47
5.9783883,4.83
5.8817477,6.02
5.9151115,4.42
5.884572,5.6
6.7075596,6.77
6.551722,6.8
7.15847,7.6
6.551882,6.06
5.5503187,7.17
6.8761024,6.85
6.336927,4.57
6.8152337,6.94
7.0457115,7.77
6.1278152,4.1
5.1713123,4.77
7.44193,7.28
6.0527186,6.33
6.0730066,4.26
5.9901767,4.84
7.9950137,7.14
5.4826226,7.08
6.2362967,4.88
6.1117153,4.77
5.5879116,6.42
5.126692,4.68
6.906072,6.35
7.246625,7.2
5.8614106,6.48
5.6647344,7.92
4.934143,7.01
5.169097,3.84
6.2072444,5.01
6.2210855,5.17
7.6353703,5.68
7.4210014,7.0
6.1930695,4.42
6.4126687,4.74
5.621801,6.45
5.606103,7.4
5.2690525,5.9
5.7573605,6.3
5.792978,6.2
6.0895295,5.5
5.64557,7.7
6.1494303,7.1
6.841814,6.03
6.9173994,7.2
6.4099317,5.3
7.312867,5.93
5.524355,6.4
7.224766,7.5
6.4600954,5.6
7.140879,6.0
5.36082,4.43
6.518274,5.8
5.6193237,7.1
6.359286,4.63
4.879385,6.3
7.1884136,6.5
5.9312105,5.28
6.2918305,5.4
5.5274897,6.6
6.0368786,7.6
5.937307,7.21
6.0219836,4.89
6.202527,7.1
6.4709997,6.19
6.0707197,6.3
5.7626367,5.8
6.2570505,7.7
5.908663,5.2
5.829501,5.1
6.749585,7.6
7.274865,8.1
6.3004065,7.09
5.1381855,4.6
6.670508,8.3
7.0514455,6.45
6.415042,6.5
6.129739,6.7
5.681251,6.3
5.329829,5.3
7.3158216,8.52
6.823411,5.6
5.924646,6.2
7.228083,8.7
5.4583836,5.43
7.2212796,7.92
5.9043765,5.5
6.388266,6.2
6.5513473,5.6
5.615731,6.24
5.461994,5.74
6.9813275,7.49
6.34082,5.8
6.89854,7.74
6.3405385,6.5
7.97598,8.0
6.7944636,9.0
5.2306004,5.48
5.8272924,6.6
7.678829,8.92
7.7992105,5.93
6.8056903,8.7
6.3654056,8.1
6.2445316,6.4
5.5376434,7.0
7.6629567,8.22
6.2338343,6.9
6.7268286,6.4
7.3775225,9.89
5.284684,6.51
6.4582424,7.59
6.7917795,7.4
6.572817,7.8
7.0056195,7.59
5.3290195,4.49
4.6761045,3.57
7.559548,7.44
6.8004208,7.39
8.194624,5.96
5.994439,6.05
6.7810297,8.0
6.03602,7.8
6.646364,5.68
6.599481,5.49
5.923095,7.1
7.2537165,7.77
6.985172,6.09
5.918555,7.96
7.2548723,7.85
6.2787194,7.17
7.6232023,6.23
7.1700344,5.5
6.2825866,7.22
8.503604,8.7
6.6657767,9.58
6.50497,5.6
7.9948254,7.64
8.601896,9.0
7.6763306,9.0
8.00877,8.0
7.14296,8.3
8.122472,8.7
8.278913,7.96
6.916628,5.7
8.352153,8.7
4.7768145,4.2
8.954584,8.4
8.592208,7.49
5.6399336,6.1
7.792916,8.4
6.5054502,5.2
8.093377,8.3
5.905748,5.7
8.100632,7.7
7.9933243,8.1
5.795989,6.34
8.663125,9.0
6.7467384,7.71
6.9994826,7.41
6.6879125,6.34
5.7204556,4.5
8.064128,8.4
8.124341,8.7
7.4437413,8.4
7.839081,8.7
4.9522886,4.4
7.7863417,8.3
6.580562,6.4
8.711294,9.0
7.188878,5.46
7.2533712,5.1
6.295557,5.21
7.8992214,7.62
7.515628,7.23
7.4688396,7.12
7.3644238,6.37
7.8594685,6.83
6.523487,7.48
6.8415885,6.25
7.407206,7.48
6.2301593,5.63
7.278368,6.34
7.734853,7.28
6.326364,5.74
7.1323743,6.71
7.678984,5.84
7.173909,7.09
7.3548036,6.69
7.9637227,7.0
6.158193,6.85
7.108889,8.02
6.397741,5.74
6.8889894,5.57
5.497097,4.93
7.5001154,7.74
6.6809278,6.14
6.762149,6.28
6.37232,5.64
7.252153,7.89
7.8472147,6.67
6.4055753,6.16
7.269744,4.79
5.872021,5.0
5.737117,5.83
7.836983,7.09
5.2542586,4.98
5.632347,6.57
6.6055465,6.6
7.4202614,9.12
6.5219693,5.4
5.2462254,6.29
8.036913,6.43
6.976633,7.03
7.1728945,6.68
7.179272,7.04
6.792231,7.05
8.438391,9.4
6.7798657,7.57
5.7564006,5.86
5.914659,6.99
7.012041,6.95
7.3890967,6.55
6.554495,7.44
8.06812,7.31
7.4037867,6.0
7.283638,8.89
6.158972,6.62
7.22091,7.52
6.0716567,5.36
7.7889824,7.37
7.72323,9.17
7.8186636,7.5
5.964223,6.1
6.981049,5.79
5.526949,5.49
6.7865243,5.83
6.691672,8.15
7.3963537,7.3
7.4716644,8.4
6.9266677,6.67
7.048254,6.98
7.5279026,9.0
6.9318566,5.14
6.872187,7.11
7.3564177,7.89
5.872728,5.83
6.3316784,7.92
5.518554,7.15
6.609758,6.77
6.196335,6.35
6.8209176,8.26
7.7181177,8.57
7.357481,7.0
7.3709803,7.81
8.035299,7.38
8.032571,8.57
4.7859344,6.71
7.183297,7.98
7.550102,6.41
7.098934,5.68
6.0645094,7.26
8.058494,7.37
7.48077,7.76
8.360141,8.4
6.4314413,8.7
6.603934,7.07
6.131693,7.51
8.390827,7.85
7.636967,8.22
7.6667485,7.69
5.619058,6.98
7.380504,8.97
7.647051,7.89
7.2335367,6.49
7.124061,6.56
6.7389693,7.82
7.1878896,6.28
7.563797,7.42
5.539404,5.0
6.100487,6.97
6.132459,7.74
7.0706058,6.39
7.449811,7.85
5.404857,5.35
7.367891,6.47
5.5942936,7.52
7.449396,7.18
7.9382687,6.05
7.7360315,8.68
7.651555,9.05
6.6771264,4.92
5.8257217,7.32
5.7679234,6.3
7.3250165,7.39
6.497493,6.09
7.886745,8.17
5.8427176,6.12
8.073589,7.47
7.8191137,7.46
7.802317,9.15
6.591038,6.55
7.37569,6.01
7.1853294,6.37
7.47246,8.0
6.744344,7.54
8.80571,8.3
7.032254,5.75
7.026894,6.41
8.03957,8.22
6.8331265,7.85
7.993832,7.95
7.50964,6.71
4.895884,5.71
6.502902,6.0
5.933983,8.0
5.320491,6.3
6.7403536,5.82
6.459574,6.92
5.428197,5.29
6.516286,5.72
5.595318,8.11
6.032155,6.57
6.987743,7.48
7.2619486,6.6
5.637448,5.54
7.62045,6.67
7.6275415,5.08
6.942299,7.3
6.9763393,6.88
6.9837394,7.74
6.6844835,5.8
6.377293,6.31
7.061909,9.48
7.3791766,7.33
6.4785123,5.8
7.6203833,6.67
6.400596,7.7
6.827614,6.52
6.278225,5.66
6.4448066,6.33
6.047561,4.85
5.970683,5.23
7.4600935,6.68
5.707358,5.18
8.176227,8.51
6.0426207,7.08
7.308468,7.89
7.375533,6.42
7.179746,7.68
6.966841,6.26
7.402174,8.93
7.5031543,8.82
8.328747,8.47
6.9141493,7.75
6.4230447,4.99
7.042669,8.1
6.34408,6.47
6.616772,5.66
5.831857,5.32
7.339657,7.0
6.9977827,7.0
7.1862283,8.57
7.4498405,6.42
7.9619107,8.18
7.835948,7.14
7.5055337,8.4
7.2040606,5.93
7.506979,7.92
7.7689133,8.3
5.5945907,6.7
6.2176633,8.7
7.3705225,8.3
6.7382975,7.55
7.8326273,7.22
7.745347,8.36
7.5061717,7.42
8.069482,8.1
6.460658,7.03
6.5478907,5.6
6.8863153,6.0
5.6542745,5.4
6.532187,0.14
7.3707485,7.81
7.7047777,5.75
6.5025816,7.22
7.5716095,6.33
5.960868,5.53
7.705145,7.9
6.6889544,6.66
6.7443852,7.89
7.09354,7.5
7.2298317,5.35
7.030389,8.41
4.896625,2.78
6.0144386,3.68
4.870364,5.07
7.0763106,5.7
6.989283,6.1
5.3643827,6.07
6.759526,8.52
6.310754,9.0
6.6614685,6.72
5.5393744,6.99
6.4388876,6.83
7.047435,6.47
6.179675,6.6
5.9835677,6.5
5.2137995,4.92
6.608916,5.3
6.165662,4.92
6.308906,8.0
5.6128798,4.7
7.07194,6.74
7.397443,5.96
8.609896,8.56
6.6150746,8.17
6.2387233,6.3
7.6437626,8.52
6.733284,6.35
6.0912623,6.18
7.641965,7.46
5.68382,5.56
6.801294,7.0
8.244339,6.62
7.0111136,7.01
6.7742066,6.25
5.311219,5.7
7.4828033,8.46
7.7505155,7.07
6.5461392,6.41
6.1657877,4.67
7.018148,6.34
6.8599577,7.7
7.1119885,5.09
4.774345,5.44
6.8487144,6.63
7.475092,7.31
6.138801,7.19
5.4876747,6.19
7.700329,8.25
7.5831895,7.06
4.990119,4.32
6.240569,7.39
5.172473,5.27
7.9992113,8.82
5.5357823,7.0
6.1089845,5.32
6.1541586,7.72
7.0793834,6.75
7.366908,7.44
6.7609406,5.04
7.0748625,8.32
6.2250023,8.38
6.0590744,8.09
5.950572,5.3
8.472784,7.46
5.539497,7.12
7.186744,8.72
6.1895323,5.72
5.2691045,6.0
8.832603,8.15
7.448028,10.4
6.264334,5.5
6.7813377,6.14
7.54252,7.85
6.948285,6.3
8.282243,8.62
7.6183996,8.3
7.3585854,6.0
5.392663,5.8
6.777857,8.15
6.4733744,9.0
6.8165503,8.48
6.857192,5.8
6.434681,8.18
6.7061386,7.3
6.8715477,5.89
7.5425506,6.05
6.547527,6.36
7.5218983,7.38
7.884217,7.37
6.9855347,8.38
5.658198,6.0
5.209922,5.52
6.968759,7.6
6.370534,6.63
7.882312,6.25
7.566085,7.51
7.1940546,8.21
5.810282,7.85
7.111468,4.6
6.3537197,7.21
7.2964087,7.8
6.046278,7.64
8.165121,8.42
6.053758,4.79
6.755886,6.62
5.395065,6.07
6.1067724,8.26
6.8989773,6.94
7.005518,8.74
8.571245,6.68
6.182447,7.49
5.943663,6.18
7.5756764,7.15
6.0956817,8.2
6.415957,5.3
6.969461,6.21
7.5519295,6.15
5.085358,4.7
6.927338,6.54
5.9496393,7.38
5.8690577,6.6
4.9408693,3.08
6.1852813,7.1
5.223004,4.92
4.6394715,4.22
5.266386,5.79
5.1443944,5.21
5.184373,5.17
4.6868134,5.69
6.1602774,5.49
5.4636874,5.6
5.0021844,5.96
6.7061543,4.74
4.5557384,3.79
6.1843753,4.89
6.3398476,5.96
5.4396753,6.76
5.8001738,5.41
5.571855,5.29
6.644115,5.9
6.212083,6.3
5.780995,5.67
7.231549,6.09
5.764972,5.87
5.513644,5.68
5.5061054,5.42
6.026272,6.89
6.902405,6.05
6.5008903,5.2
5.861203,6.08
6.1054716,6.8
5.5139933,5.24
7.0161576,7.57
6.7982364,7.59
6.752497,6.39
5.6035604,5.1
5.9013996,6.04
7.617732,6.58
6.690933,7.0
6.498638,7.28
8.012401,7.85
6.8267627,6.24
6.3743014,4.84
6.1568785,5.46
6.91113,6.79
5.3050294,4.76
7.248171,7.27
6.8584585,6.7
7.0549445,7.3
6.0338974,6.52
6.549446,6.6
5.606816,6.2
5.4806867,6.68
6.5083103,7.62
7.162819,6.89
6.884474,7.39
5.600608,5.57
6.750842,5.78
7.599159,6.08
6.0326324,4.62
7.0839386,7.16
6.673132,5.79
6.567768,6.78
5.4781795,5.23
7.1411643,7.85
6.1860847,5.25
5.8997808,5.68
7.241845,8.0
6.7817025,5.51
6.193457,7.15
7.1081476,4.29
7.3786383,7.62
7.130597,8.52
6.697425,5.63
7.2095475,6.21
7.226109,9.7
5.3035765,4.7
6.167603,5.69
6.835155,9.07
7.1011977,6.26
7.141286,6.47
7.5418644,7.54
5.95939,5.89
6.116006,6.0
6.992145,7.24
5.5463557,5.5
7.4131536,4.69
6.5514636,6.91
6.1397448,4.92
6.801025,6.17
7.319336,6.29
7.4113555,8.68
5.545331,5.91
6.889453,7.48
6.7027316,7.08
6.5548277,5.58
5.936516,5.23
6.1006994,5.31
5.3325124,6.05
6.222075,4.96
6.8670306,7.34
7.4255924,5.88
6.7756777,6.25
6.277188,5.94
6.5263557,4.96
7.201376,7.11
6.802858,6.52
7.001846,7.22
6.339346,6.72
7.107836,5.7
6.9811525,7.16
5.4471073,4.97
5.927329,6.34
7.063938,7.52
7.592473,8.77
5.30423,5.69
5.8488154,5.77
6.672545,5.62
6.7846556,7.39
7.2811584,5.54
7.2120147,6.33
6.1464086,6.41
6.317167,8.22
5.9119415,6.66
5.674902,4.66
5.941616,6.74
6.808356,5.56
5.182591,5.41
6.584466,7.23
6.5569096,5.6
7.14745,7.4
7.2043467,7.08
6.4700785,7.08
6.8044424,7.64
6.181141,6.72
7.4406867,5.41
7.530741,7.2
7.509674,6.0
5.7465925,7.4
6.5971613,5.59
6.4516706,6.03
5.866558,4.99
5.5723014,6.96
5.2930183,6.11
7.033326,7.72
6.803829,6.42
6.4497957,6.05
5.33236,5.46
6.289071,5.54
5.923078,4.9
6.599319,8.0
7.263138,6.07
6.028696,7.15
6.2204733,5.44
7.010849,6.32
5.8464584,7.7
7.95813,7.47
6.5771537,5.82
6.124476,6.69
7.2327538,8.05
5.2854424,5.0
6.169963,5.42
6.848141,6.9
5.6286035,7.28
6.276808,5.59
6.027657,6.59
7.6127152,8.15
6.108763,5.46
5.5402555,6.68
5.7133474,5.55
6.764943,7.11
5.8495145,6.53
6.197066,5.85
6.933592,6.74
6.1485224,6.41
5.849313,5.14
6.9327517,8.96
6.8385396,7.6
6.493854,6.17
6.2089233,5.43
7.3313384,6.85
6.2335954,6.61
5.504015,6.3
5.648057,5.04
5.826497,6.53
5.140567,5.36
7.2412972,7.02
7.1048927,6.43
7.010496,4.96
6.145601,6.05
6.102916,5.89
6.4086995,7.52
5.5892344,6.23
6.3502407,6.59
6.7728453,7.92
5.5525274,5.59
6.6034136,9.0
5.7701707,5.27
6.917533,7.17
6.291521,4.93
5.9906125,5.06
4.8011746,4.49
5.597863,9.0
5.545236,5.3
6.571892,5.82
6.50858,6.17
6.1378665,5.54
7.263478,8.05
5.8516846,6.52
7.764114,7.7
6.240178,6.02
6.2433567,7.06
7.567212,8.43
6.624672,6.62
8.17933,7.64
6.2729864,8.07
7.284814,7.6
6.2473373,6.74
6.749785,7.65
6.7273293,8.1
8.383721,7.84
7.748706,7.67
5.8755484,6.3
5.9203067,4.11
8.403274,10.42
8.154009,11.52
7.2532554,2.15
7.5554976,11.52
7.680747,10.0
6.118855,7.67
5.3892384,7.3
6.64531,5.72
6.5748734,10.3
5.1898136,0.15
7.3485875,5.0
7.2249193,0.7
6.3911467,10.4
6.988655,5.08
6.877642,6.1
6.537384,7.15
6.710356,7.16
7.4810305,10.52
6.840996,7.54
5.3331475,5.26
7.348944,7.57
6.6556826,8.0
5.208585,5.59
6.277936,0.85
6.37341,8.55
8.909466,8.54
7.3425393,6.35
7.5230947,9.22
6.1378736,7.26
8.114473,7.44
6.6437674,6.6
8.492649,7.77
6.394732,5.3
8.947051,9.4
7.444574,5.77
8.175721,7.2
5.0506105,7.47
8.913984,10.3
7.1181293,5.63
7.7472286,7.51
7.575523,7.0
6.5361176,5.77
8.096489,8.35
6.4278274,6.71
7.037086,7.33
8.073764,10.3
7.3076234,7.38
8.217291,8.15
7.8928843,7.38
6.509371,7.52
6.7312355,6.3
6.447382,8.15
6.482262,7.96
6.38936,6.34
7.5563226,8.25
8.900513,10.3
7.7387304,10.3
6.198352,5.9
6.6496887,6.38
7.1337996,6.24
6.7784142,5.81
8.806243,9.3
7.185701,7.4
7.57166,6.68
6.6039853,7.6
9.40251,10.3
8.615304,9.3
5.971725,6.59
9.491842,10.3
8.353852,9.1
6.9777017,5.35
8.381398,8.66
7.4721875,7.02
6.4782176,8.05
8.080807,10.3
8.796338,11.0
7.4432516,6.6
5.4054694,6.64
7.5394692,9.3
7.590902,8.59
7.347969,9.19
6.168647,5.66
7.4973335,7.14
6.5447097,6.96
7.021138,10.3
7.28456,7.89
6.3825297,6.12
6.9934325,4.77
7.310872,6.8
7.432356,5.9
8.764222,8.55
6.9873996,6.18
6.1947665,9.4
6.6207685,8.52
7.7128015,6.8
4.874196,5.06
4.5093584,4.82
7.419084,6.7
6.8648186,5.95
6.2723904,6.4
5.3527474,6.1
5.0482244,5.99
7.0000725,9.0
7.930023,10.3
5.71817,7.0
6.3484974,8.7
7.0542483,7.51
6.1764317,5.46
5.3651476,5.96
7.031566,4.1
5.838597,9.37
5.355139,3.57
5.7431936,5.34
6.756448,6.48
6.7572675,5.07
4.4056764,4.7
4.426827,4.44
7.1606755,6.64
5.158038,9.06
5.1405573,8.4
6.1404715,7.58
6.265521,6.78
5.2243996,5.0
6.7069244,5.72
6.376237,6.18
6.389273,5.12
6.627494,5.89
5.469815,8.42
6.6221976,8.12
6.742661,8.12
6.526946,6.72
6.258769,5.57
6.7470465,6.75
5.5336165,7.11
6.002694,6.28
6.6202073,6.42
4.724147,5.85
5.9030056,4.81
6.564428,6.07
6.566051,7.89
6.493869,8.05
6.207547,5.36
5.758423,5.06
5.776908,5.12
5.294285,5.24
5.965828,4.25
5.5524487,5.18
6.1476393,4.99
5.705702,5.49
6.38948,5.56
5.8640957,5.32
4.6817966,5.47
7.232792,7.28
5.354828,5.06
4.992984,5.8
5.823976,5.76
8.139005,8.92
5.4135184,5.36
5.371358,5.81
6.7223105,5.26
6.003847,7.08
5.3958607,5.62
6.1619997,6.13
7.7505484,8.85
6.272662,6.77
6.067795,4.29
8.207465,6.84
7.3050156,9.3
6.1992307,5.31
7.0252705,6.43
6.417825,5.89
6.303921,7.1
5.6927443,5.27
6.2031527,5.96
5.373127,5.46
5.3899364,5.7
4.498081,5.76
5.1926155,5.71
5.812151,3.89
6.4431777,5.8
5.8251762,5.18
5.3482184,5.49
5.347492,5.46
5.361457,4.74
5.388788,5.97
4.970934,4.88
5.807785,5.04
5.4869227,5.67
5.4066443,5.22
5.787777,5.96
5.5860696,6.66
5.52194,5.19
5.3569083,5.61
5.566758,6.96
5.9945374,5.33
4.800295,5.51
6.7713523,5.88
5.492258,5.53
6.201801,5.69
5.7757063,7.51
6.0789886,6.65
6.562443,5.2
5.0476255,5.82
5.5896225,4.39
4.6695747,5.97
5.6326857,5.81
5.833077,4.71
4.7315645,4.32
5.462138,4.8
4.497306,2.3
5.280563,4.96
5.8738804,5.9
5.920807,4.28
5.245082,5.1
5.0696173,4.92
4.955015,5.25
6.489912,8.96
7.0522666,4.72
7.1023803,3.93
6.6512914,6.6
6.689707,5.8
6.230416,6.0
6.024829,5.2
6.428467,5.4
6.4734287,7.1
6.916062,5.1
6.1540318,7.49
6.310811,6.47
5.1865673,6.37
6.7046466,6.39
7.2885156,5.4
6.9146323,6.92
6.2505393,6.57
6.8135324,6.27
6.857182,7.01
7.8341026,5.37
7.103925,6.68
6.354444,5.52
5.4466567,3.14
5.991953,4.92
7.8024144,7.77
5.8052645,6.6
5.908636,7.64
6.08591,5.72
7.5299788,8.37
5.5821238,7.7
5.8798895,7.12
5.4606066,5.24
5.46519,9.4
4.807742,4.17
6.243237,6.4
6.876339,6.8
6.694574,5.24
5.9663496,6.7
8.197659,7.8
7.012866,7.32
8.365828,8.1
6.0796804,6.32
6.2689714,6.52
6.281851,4.56
5.8008413,4.66
5.7792187,5.3
6.3706384,6.7
6.2255616,6.01
6.3638253,8.28
7.751052,7.6
5.9886193,4.89
7.8015804,7.24
6.322731,6.85
8.41845,8.49
7.848874,7.1
8.124948,5.11
7.987494,8.17
7.3272877,9.3
6.5487213,7.67
6.1620398,7.07
7.5017815,5.4
8.442853,5.7
5.9871025,6.09
6.7700944,7.89
6.5799017,7.2
6.8084183,6.5
7.3928576,7.96
7.306868,8.57
8.116795,7.28
6.841821,6.68
8.071727,8.99
7.308781,6.56
8.148508,8.39
8.060069,6.61
7.3385377,8.17
6.655932,7.06
8.285766,9.0
6.0536737,6.4
7.7234573,7.81
8.091064,8.59
7.277175,6.7
7.4084616,6.9
7.98671,8.15
7.6476955,6.8
7.7257214,8.68
8.618306,8.74
7.30473,7.41
6.977627,6.14
8.257217,8.63
7.333364,9.16
8.897464,6.81
7.0112224,5.26
8.499905,6.37
8.594381,7.74
6.8759074,7.6
8.161177,8.7
6.7298636,8.14
8.15788,7.41
7.4249363,9.96
7.3321004,7.9
8.470583,8.46
8.687262,8.94
7.9665737,8.48
6.439889,7.01
6.301515,6.74
7.888315,7.88
6.9682984,8.22
6.6220884,5.67
7.7336173,7.34
7.3023195,6.42
8.084938,6.96
7.9544992,9.4
8.212177,8.17
9.921711,8.96
7.9816055,8.36
6.8853106,4.92
8.468646,9.67
7.6076045,8.02
7.415114,8.12
7.8609805,8.62
7.158368,9.44
6.820792,6.35
6.226296,6.72
7.5656075,6.18
7.3325424,7.43
8.418772,7.06
6.803425,6.94
7.1700597,8.96
7.6188054,8.7
6.598533,8.1
8.40326,8.8
6.7375474,6.84
8.451992,9.67
7.796089,7.67
8.888113,8.44
6.3938475,5.8
7.503843,6.49
6.4221296,5.92
8.728615,8.68
8.168629,6.62
6.5798936,7.0
7.814451,6.6
8.296058,6.37
7.4708767,8.7
7.694192,10.55
8.507103,10.57
7.166541,7.29
7.0223184,5.82
6.6174307,6.72
7.284044,9.2
7.42852,8.33
6.292492,7.51
6.3730726,7.48
7.7846007,7.64
6.4422364,6.02
7.3347707,7.05
8.40096,6.9
7.0545735,6.75
8.265073,8.8
6.928596,8.05
7.4761157,7.35
7.2395763,8.7
8.516081,9.0
7.076298,7.41
6.6774387,6.6
7.1256084,8.66
8.07948,8.92
6.761846,7.43
6.6075263,9.0
7.926999,6.02
6.451571,8.1
7.63446,5.69
8.0301,8.41
7.6138644,9.8
6.654992,5.68
8.894083,8.9
8.2232,8.22
7.587862,6.99
7.0264106,6.59
6.744847,6.19
6.7121935,6.23
6.9141254,7.35
6.6787243,5.17
6.5092206,7.66
7.949889,9.31
9.158257,8.52
7.4017615,8.3
8.305264,7.44
7.67963,7.8
7.625327,6.35
7.992099,7.35
7.2479925,8.22
5.3141003,4.69
5.5548124,4.62
6.6400003,5.63
5.9443245,4.82
6.0177345,6.65
5.010149,6.62
6.787991,8.03
6.674423,5.25
7.315965,7.55
7.1859064,7.17
6.060503,7.85
5.4674854,6.0
6.6254296,5.52
7.1725645,6.82
7.905338,7.68
5.7877617,5.16
5.313342,4.89
6.7959013,7.7
7.2764754,7.44
6.289948,5.19
5.001052,5.09
5.9340677,5.8
5.259552,4.17
6.0953245,7.44
7.091815,6.96
6.2712317,5.74
6.9900618,4.05
7.271951,6.3
7.798497,8.7
7.015037,7.48
5.8294044,5.5
7.204117,6.55
6.910812,6.65
7.37449,5.34
6.36627,7.13
6.0715275,7.89
5.7744045,5.59
6.570594,5.59
6.494128,6.16
7.7662497,7.23
5.6500387,6.67
5.8086624,6.19
6.8896875,6.96
6.440423,5.27
6.225085,6.6
5.570236,6.06
5.7991767,6.64
6.1236744,6.26
5.878671,6.54
6.505221,6.43
6.5912495,6.14
6.6052437,7.3
7.066657,6.68
6.3162036,6.4
7.248416,7.0
6.295463,7.45
6.229349,7.24
6.2108407,6.34
5.5073433,7.9
5.8683114,5.82
7.599471,6.92
6.780392,7.0
5.7121577,6.01
7.3231344,7.1
5.9092493,5.73
5.5824637,7.32
6.3481803,7.66
5.5035825,4.29
7.0653715,8.18
7.0966067,7.7
6.94329,7.72
5.999141,5.36
6.6787944,8.36
6.5038314,5.24
6.1301184,5.05
7.1063395,6.64
6.9209695,5.36
7.4382396,6.96
6.843592,7.82
6.247348,5.7
6.8409266,7.96
7.241183,5.03
6.3306565,5.8
6.4079404,6.19
7.5014358,7.33
5.880734,6.4
5.869812,5.64
6.876197,7.4
7.037191,7.4
7.5803704,7.06
7.618539,7.6
6.681235,4.29
8.097866,6.77
6.7544727,5.53
7.1717615,7.22
7.179059,7.6
6.994151,7.9
6.5522614,5.79
6.9050975,5.48
6.927542,7.9
6.2057815,6.4
5.683305,4.55
4.9285865,4.27
4.533216,5.44
4.853642,4.87
4.2696533,3.19
7.77938,5.71
7.7013283,7.16
8.465224,7.43
7.2546897,5.72
5.982599,4.76
6.117407,4.75
5.918917,4.64
4.665134,4.64
6.355935,5.48
5.889783,5.8
5.490132,4.65
6.6202836,6.37
6.123261,3.96
5.324159,6.33
6.058904,4.83
5.785401,6.77
4.8430786,5.54
5.703561,3.59
5.159173,4.67
6.1579885,8.74
5.995843,3.85
5.431648,7.14
5.2355585,4.31
6.3609076,6.59
6.345155,5.04
6.2419534,5.26
5.4966855,4.0
5.487761,3.52
4.9057403,5.24
4.8222733,4.11
5.8654947,4.77
5.9439077,5.26
5.402749,6.5
5.834215,4.81
6.375277,4.31
6.3555193,4.7
5.219385,7.17
5.3512692,5.33
5.889442,6.23
4.788975,4.24
5.1984725,4.47
5.4823956,6.3
5.389144,3.0
5.102953,4.57
6.458482,7.37
4.9462705,4.75
4.845762,4.66
5.5295362,4.74
5.787147,6.44
6.0983634,7.0
4.7105184,2.28
6.930077,5.97
5.300662,7.28
6.652123,4.34
5.2476034,4.24
5.2584224,4.41
7.6866865,8.01
5.893791,5.7
5.296224,5.09
6.4772763,7.4
5.7893248,5.82
6.314506,5.31
6.0036097,4.91
5.6948137,4.85
5.9215393,5.77
6.5528297,6.28
5.3774023,5.92
6.7861366,6.4
7.081494,4.39
6.4332967,4.3
6.4773264,7.59
6.8611984,7.0
4.6194367,5.74
4.462853,5.74
4.8362513,4.85
6.144565,7.92
4.561659,5.2
5.5928574,6.7
4.753239,5.18
5.3898726,7.92
6.255876,4.74
4.9411225,6.3
4.959996,5.43
5.271404,4.59
5.6998544,4.82
4.715955,2.3
5.255243,4.22
7.353506,8.0
5.640973,6.22
5.8448114,5.51
5.271408,6.4
5.2716446,4.02
5.6743402,5.46
5.1400414,7.12
5.2948923,4.54
5.336382,6.82
5.8534007,6.89
4.9912567,6.23
5.9933715,6.13
6.738664,5.6
7.5921006,7.27
5.0446715,4.6
6.629076,5.4
5.9161887,5.8
6.80094,5.4
6.1165366,5.8
7.4329042,6.07
7.082157,8.06
6.0151334,6.75
6.595525,5.78
6.5647416,7.05
7.190801,5.4
7.425793,5.42
7.338704,5.6
5.578697,5.45
7.7818303,8.01
6.8808675,7.66
7.2268047,8.89
5.6064615,6.3
6.210681,7.13
7.182894,7.08
7.210963,8.03
6.1815166,7.11
5.359214,6.75
6.658567,7.8
7.001858,5.5
6.7857647,7.01
6.521068,7.12
6.4219613,5.32
6.9924154,6.4
8.42133,8.15
6.1009274,5.7
6.723055,6.49
7.3561773,8.46
6.3117113,4.73
7.9448614,8.96
7.9166865,8.02
7.7307134,5.51
7.5765924,8.19
7.9441886,7.7
6.5117974,7.38
8.457795,9.1
6.836763,7.3
6.3994546,5.37
6.287408,8.1
6.095183,5.4
7.11695,7.57
6.5796595,6.54
6.673122,7.24
6.2136493,5.57
5.9324584,6.61
6.6126447,6.71
7.2098045,7.04
7.7823105,6.42
6.7980347,7.59
6.0911026,7.89
9.306984,7.43
6.067996,6.8
8.037292,7.55
7.195148,7.66
7.290288,8.36
4.931672,7.89
6.5676084,6.1
5.7232976,7.54
6.4493527,6.3
7.4366455,4.66
7.4908433,6.77
8.890961,8.64
5.712729,6.6
6.859938,8.06
6.6269355,6.4
4.992177,5.05
5.188921,5.92
6.2181764,7.01
5.721803,3.92
5.050271,6.01
5.4403925,6.17
5.6438894,3.11
5.0315785,5.05
5.2490864,6.29
5.9414277,3.72
5.4720273,4.28
5.2766895,4.43
6.2741385,6.05
5.0244637,6.83
5.23182,4.11
5.7637086,5.75
6.4843683,5.59
5.0233383,4.12
6.3893385,4.97
5.5922694,6.15
5.811968,4.98
5.214011,4.37
6.832976,6.1
5.8220057,7.24
5.9768896,6.44
6.7890606,7.51
4.6609125,5.69
6.8921957,5.68
5.5544844,7.39
7.7674637,7.7
7.0075073,8.11
6.3327103,7.05
8.247703,7.01
5.344158,6.97
7.629488,7.4
6.596921,6.36
6.3131175,7.86
6.8742824,7.66
7.5518427,7.72
6.4439435,5.55
5.30452,7.92
7.3224096,8.44
6.8255997,8.1
7.5972924,7.7
6.8776217,7.7
6.987119,5.53
6.744831,8.7
7.139841,7.54
6.627339,6.81
7.880829,9.42
6.873103,6.84
7.660003,8.98
7.741419,7.49
7.2074437,8.7
8.458824,6.74
7.412634,6.28
7.4625688,8.4
8.1019,9.52
7.155322,6.9
7.9442463,4.66
7.553203,8.52
8.084995,9.33
7.851841,7.31
8.87165,7.92
6.695592,5.0
9.103392,9.24
5.787987,5.9
6.975082,7.71
8.131033,8.4
8.934266,8.05
5.8738194,6.61
6.3072815,6.19
6.034644,5.62
6.6762576,6.85
6.743228,7.31
7.011037,7.85
6.0176625,7.72
8.0919,9.24
6.8331003,6.07
7.970327,10.3
7.118937,6.32
7.9732785,8.83
7.6399555,9.22
6.5504994,7.49
7.754973,6.83
6.9296594,7.27
7.330509,7.46
7.3833165,7.46
5.914989,5.9
6.488768,5.62
7.779853,8.13
5.7518897,6.82
6.858623,9.15
7.4381433,9.4
7.1803994,7.12
8.5851,7.86
8.961438,8.52
7.6055365,8.52
7.2033973,8.43
6.883904,6.62
8.143574,8.52
6.9420342,5.0
6.203676,6.16
6.318955,7.04
7.638993,8.33
6.490468,6.92
7.8937087,6.88
7.6457057,8.48
8.032002,8.79
6.969584,10.22
8.0801525,8.32
7.178886,8.76
7.624573,9.0
6.2933083,7.07
7.331281,8.4
6.893226,6.19
8.483198,10.1
7.2548895,6.44
8.041479,7.51
7.036906,6.62
9.028902,8.6
6.448699,7.19
5.9562407,4.82
5.3616357,5.47
6.697925,5.6
5.405641,5.2
6.51122,5.48
6.829782,7.08
5.549431,3.54
5.7746696,7.64
7.303385,5.7
5.861064,6.49
6.4058323,6.68
6.630316,6.57
5.800441,3.4
5.5456624,5.47
5.935525,6.42
5.783001,5.52
5.78713,4.85
6.2090907,7.4
6.0933223,5.4
5.2937036,8.85
3.989815,4.88
7.1585803,7.44
7.165733,6.3
6.2322,6.3
5.607714,6.3
6.6337004,6.0
5.59984,7.68
5.977018,7.0
5.0298667,4.89
5.2283726,5.52
5.708534,6.0
6.277285,7.38
6.797869,9.6
7.2699075,9.34
6.714355,6.18
7.040023,8.13
4.745755,6.5
6.25669,6.6
7.223856,7.7
7.0156727,5.28
6.4516554,4.88
6.958947,5.38
6.2622395,4.25
7.0067616,6.68
5.76035,4.57
4.5953546,5.42
5.6625752,6.4
6.9680967,5.39
6.8714495,7.77
4.9590044,6.52
7.330544,6.02
6.58125,4.99
6.5230417,5.24
5.4241805,5.44
5.297589,4.0
6.6838303,5.52
5.6452436,4.51
5.369233,7.32
6.936706,6.12
5.3983912,4.56
5.58539,6.89
4.6742926,5.76
3.916437,5.1
4.5265427,4.54
6.9109273,7.92
6.7953444,6.0
6.697571,6.9
6.293585,7.9
6.3216405,7.1
6.779874,8.5
6.7434335,6.2
6.923213,6.11
5.702406,5.01
7.460171,6.36
6.8544955,7.3
6.130173,6.1
6.8196373,5.64
6.8071427,7.99
6.0014224,7.3
6.523458,5.24
7.224608,5.0
6.333847,8.04
6.5237403,5.91
7.6435246,7.89
6.180545,6.09
4.524972,7.36
4.560895,5.42
6.727244,8.01
5.004388,4.1
6.095786,7.72
4.8707213,5.77
4.2151766,4.01
4.027728,2.6
4.1668453,4.09
4.910947,4.14
5.8756294,3.38
6.2912555,7.62
6.1931496,8.4
6.5742645,7.27
7.5914783,7.62
6.0978928,6.01
6.8140016,6.8
7.750618,6.75
7.5467734,7.35
6.9406114,6.9
7.4345946,8.46
8.443249,9.0
6.9073267,6.72
6.7561517,6.03
6.871855,7.8
7.7665596,8.49
6.855107,6.24
8.2263775,7.55
6.7652006,7.01
7.4597077,8.85
6.3485045,6.52
7.7015257,5.49
7.2804856,7.13
7.801878,6.5
7.5310555,7.74
6.7214475,8.43
6.353182,8.38
7.776142,7.39
6.288761,6.24
7.296774,6.52
6.598809,8.07
7.549419,7.77
7.6407237,7.8
6.4698486,6.82
6.737576,7.98
7.3010807,7.49
8.598711,7.72
6.1469274,5.88
7.843769,8.05
6.969869,5.6
8.034134,7.32
8.126974,7.89
7.1027837,9.0
6.5978227,6.84
6.8923388,6.54
8.015237,9.0
8.350734,8.24
6.8852005,8.64
7.1656804,6.49
7.441464,6.76
5.8566127,7.14
7.9156446,7.68
6.3840656,8.15
6.3896165,8.3
9.089872,5.92
6.6581244,7.92
6.7309394,6.33
7.353023,7.62
6.357502,7.03
7.6116185,8.52
6.050211,7.24
5.888479,6.96
6.79808,7.7
6.26341,6.08
7.1055064,7.49
6.5219502,5.96
7.534049,6.68
7.3829403,8.15
7.3080354,11.28
6.9685407,6.51
6.4540424,5.48
7.967249,7.08
7.0362267,6.43
5.695464,5.77
6.263799,6.7
6.2916036,6.2
6.3594704,6.4
5.827217,6.9
5.96675,6.0
6.458326,5.5
6.408009,5.7
5.8125114,5.3
5.731827,6.3
7.1940026,6.9
6.665657,6.52
5.5076656,6.0
7.1349607,7.1
6.203506,6.0
6.061675,6.7
6.2861624,6.59
6.4702377,5.5
7.4481044,6.9
6.5148263,6.0
6.424333,5.8
6.1490283,6.55
7.982362,8.0
8.727576,8.38
6.296476,5.9
8.320976,8.38
6.2001514,7.0
7.905641,8.09
7.7932043,8.6
8.472396,8.48
6.839446,7.82
7.7147636,7.74
8.298208,8.59
6.1220875,5.8
7.100762,5.8
8.136397,9.22
7.4198694,7.8
7.7831836,7.96
7.745056,8.54
8.256255,8.77
6.246934,5.77
7.290904,5.29
6.1417785,5.95
8.195185,7.77
7.8066235,7.52
6.9346566,7.77
6.4305496,6.31
6.639477,6.13
7.3251543,7.03
6.3927193,9.17
6.6851144,8.04
5.6465354,6.5
5.5338736,5.55
7.9391184,8.47
7.183365,7.7
6.33687,5.84
5.759096,5.07
6.5687766,6.99
6.8031306,7.59
5.833168,5.07
5.872394,5.05
6.1147475,6.76
5.8277307,7.02
6.584081,6.3
6.39265,6.37
6.9209585,6.58
6.1800156,8.15
6.0042567,7.68
7.4474087,8.3
6.161359,7.89
6.2157006,6.51
5.964603,5.84
6.990529,6.89
5.400199,5.46
6.0412064,6.85
6.822486,7.96
5.653321,5.69
7.6273184,9.08
5.697825,6.8
6.558425,5.82
6.9752297,6.89
5.7198286,7.29
8.132347,7.7
7.844407,8.7
7.847061,8.28
7.9729185,8.16
5.9878798,4.34
8.145454,8.7
8.628056,8.72
7.933208,8.0
8.100756,7.31
6.3393946,6.3
5.979226,4.96
6.6354904,8.7
7.7323937,6.0
5.865076,7.1
8.525352,9.3
7.1858606,8.7
7.4118495,7.7
6.9319954,8.1
4.259947,4.12
8.0375,8.0
7.149268,9.52
6.673748,6.9
5.3726654,3.7
7.9052863,8.35
6.2299294,8.4
7.6533937,6.22
4.664757,4.54
5.2286463,4.64
5.7188025,4.19
9.083468,8.52
5.459668,8.0
7.032844,5.02
6.013028,5.73
7.724569,8.7
8.005011,4.89
6.748715,7.66
5.6837544,8.0
5.66237,5.92
5.7871146,7.68
6.540717,6.35
7.284789,6.94
5.7003264,6.85
7.8672075,8.0
7.2974772,8.0
7.7581825,8.0
7.9243326,8.0
6.773423,5.11
6.7154126,6.1
5.979928,6.66
6.1413116,5.85
6.01252,8.3
6.069942,5.39
6.5870104,5.8
5.785582,5.73
6.3234377,6.38
6.2647047,5.95
5.62626,5.97
6.713945,5.88
8.541446,7.59
5.643279,5.64
6.4452972,5.79
6.887049,6.16
5.435422,6.08
6.302519,7.59
6.860098,6.44
6.4102736,6.13
6.2913756,5.93
5.814191,5.3
7.685199,7.96
6.3824263,5.33
7.1707206,7.19
7.341481,6.26
7.195661,5.6
7.6385837,8.08
5.6534576,4.64
6.444899,6.07
6.379232,5.1
6.9279847,5.47
6.574742,5.5
7.8280396,7.17
7.1010284,7.15
6.603947,5.69
6.3887,6.75
6.693668,6.41
7.9107833,7.22
5.169139,7.8
6.1657553,6.81
6.5767674,6.96
6.998003,7.11
6.888651,6.47
8.138123,8.3
6.129824,6.22
5.858929,6.0
7.555233,7.96
7.8081636,9.0
7.5212,8.85
8.133619,8.05
7.820758,9.16
7.0682025,8.46
7.714529,8.68
7.549807,8.03
5.292301,4.54
5.527416,5.15
7.051577,4.48
4.720588,4.89
4.8994265,6.64
6.036279,7.17
5.613458,8.51
4.7929068,4.53
5.3539476,7.72
5.3407683,7.31
5.3836107,7.22
5.6575127,6.8
4.844209,7.07
6.8159704,5.42
5.3032765,5.66
5.398866,6.27
5.7609105,7.44
6.0177464,6.85
5.417299,6.92
5.8548822,8.96
6.865884,6.52
5.453064,7.48
6.8359394,9.03
5.8321924,7.85
5.3357754,5.39
5.7801485,5.2
5.9608536,6.46
5.951181,4.97
6.524929,4.92
9.130918,7.8
5.314459,5.36
5.5152607,6.08
8.287482,7.01
4.5918856,5.66
7.869544,7.7
5.762834,5.54
6.5542936,4.77
7.705392,6.92
8.136459,9.0
6.078053,7.11
5.4505043,4.92
9.44749,10.0
7.303172,4.96
6.1976233,5.77
6.231474,6.43
8.646011,6.28
9.481227,10.0
8.622939,7.72
6.2646766,8.82
7.485947,8.3
6.3496156,5.99
7.7551208,8.1
5.8390436,5.94
5.942288,6.74
6.54356,7.6
7.7833424,6.74
5.791225,5.21
6.9004035,8.37
5.591066,6.52
6.3774686,7.6
5.9898148,5.2
8.090115,7.6
5.859842,6.47
7.5512676,8.7
5.567841,8.78
7.223751,6.22
6.75546,6.57
6.40831,6.96
5.8429704,6.46
7.707313,7.17
4.5153246,4.9
6.7323236,7.54
6.393322,6.68
5.8066607,5.6
7.0870237,8.89
6.8951054,7.25
7.4730816,9.4
7.7023287,8.17
7.2388134,5.29
7.8946185,8.1
7.787997,8.3
6.7216535,5.8
6.841308,8.1
6.789113,6.06
7.620643,7.96
7.3660064,7.7
5.1629643,6.3
5.6425304,7.09
7.8841324,8.52
7.374105,7.48
7.8162704,9.29
7.261617,7.96
7.197472,5.6
7.7112303,8.15
6.3487983,7.85
8.130049,7.55
7.7023544,8.52
7.973102,9.25
6.369352,7.79
7.102379,9.1
6.337113,8.55
6.5078278,5.73
7.4019504,7.33
7.843668,8.48
6.1816916,6.38
7.2448034,7.72
5.5260315,7.52
6.350948,5.9
7.3212414,7.09
6.1761365,5.39
6.3212147,6.4
6.256048,5.4
6.3178267,6.0
7.4565463,8.34
8.284296,7.89
7.727385,6.8
7.527824,8.3
6.2496796,4.8
5.6955223,8.28
6.203141,4.94
5.4776864,6.28
6.3203106,5.02
6.092374,6.95
5.2396994,2.85
5.3742275,5.77
5.783434,5.94
4.0160217,3.15
5.955471,5.0
7.3127904,7.15
7.684053,7.79
7.907591,6.5
6.937255,8.72
6.4085784,7.78
7.3302226,7.64
6.4891276,6.35
5.55091,8.54
5.8962536,4.41
6.9322085,4.17
7.59094,4.07
6.3051085,5.52
7.33336,5.37
6.227215,8.77
5.803852,5.35
5.904194,4.22
6.3314037,4.36
5.6646757,7.49
4.911171,4.49
5.7485,4.1
6.9314384,4.57
6.08793,4.46
5.8575077,5.37
5.364795,4.74
7.1204834,4.6
5.857313,8.15
7.3032627,4.3
5.044217,4.94
6.1017027,4.27
6.2055163,4.59
7.0178156,4.31
5.625166,4.6
5.527949,4.25
5.9875555,4.65
6.2520814,6.15
6.9393597,8.85
6.498057,4.35
6.4541774,4.74
7.652571,8.32
4.601082,4.84
4.1112328,3.8
5.0016727,4.66
6.345268,5.94
6.8992043,7.7
6.3321013,5.94
6.1493306,5.29
6.7612085,5.33
6.0263195,6.54
6.703177,8.62
6.874506,6.82
6.509002,6.43
5.4615455,5.47
5.3976235,4.96
7.124097,6.45
6.3459926,6.41
6.7925987,6.04
6.212409,4.99
5.99727,5.36
5.9325695,4.68
6.7301865,6.77
5.2950296,5.81
5.767418,6.07
5.78424,6.1
6.460004,5.73
7.108298,6.29
5.376644,6.02
6.5548954,7.18
6.9000554,4.88
5.3776646,5.19
6.351638,5.32
6.989568,4.03
6.674571,6.7
5.6060452,6.77
6.357542,7.59
6.2515354,5.6
5.7885084,5.19
7.2165446,5.72
6.797216,6.89
5.9598894,5.28
5.8540936,5.73
5.1590347,4.82
5.555919,6.9
7.3180556,7.75
5.7826667,8.35
5.1126895,6.02
5.5534534,6.16
6.8581095,6.05
5.713401,5.58
4.8645663,5.79
6.0410643,5.51
7.115031,4.29
8.757045,9.3
4.749158,4.48
5.8729973,5.78
6.012346,6.05
4.863076,6.16
7.2165523,6.68
6.8140774,4.68
5.9753056,7.06
6.474354,4.52
6.8745027,4.74
6.107644,4.0
5.509153,4.0
5.364688,7.29
6.1650634,6.98
5.591861,8.02
6.1775384,5.4
5.780895,6.02
5.5107427,6.81
5.876931,4.56
6.488379,5.84
5.889197,6.7
5.212555,3.73
6.013502,7.23
6.2962728,7.37
6.806556,8.52
8.031811,6.18
7.0256987,3.2
6.8763113,4.37
4.6637974,6.74
7.8913565,6.53
7.3448963,6.85
7.661467,9.3
6.016704,4.11
7.3109145,6.04
5.7496033,5.07
5.778146,6.24
5.3966618,3.64
6.621684,6.68
4.7443595,3.0
6.40674,4.36
6.0881,5.74
7.198905,6.7
6.153311,7.12
5.7634263,3.0
6.2733502,5.77
6.435467,8.4
6.3971353,4.69
6.0021715,4.55
5.0422482,2.92
6.6963773,5.51
7.222211,6.55
7.4617457,6.16
6.9521036,6.45
5.65956,5.66
5.6848674,6.61
7.217796,6.24
5.8991456,7.38
7.402603,4.69
6.1674385,7.16
6.115167,5.8
6.2851076,7.01
6.3111143,5.28
5.3621097,5.72
5.91752,4.42
5.938292,4.2
5.3468914,5.11
5.236703,3.94
6.2791467,4.01
5.944764,3.29
7.6524796,8.35
5.6715994,6.24
7.6204395,5.39
5.7260504,6.85
7.281489,6.35
5.7240386,5.92
6.4967055,6.99
4.949053,5.28
7.0984197,6.92
7.0981684,6.85
6.555444,6.09
6.419623,5.58
6.9648957,6.66
5.8114076,6.52
7.3376985,9.22
6.163467,4.85
6.3701835,5.89
5.9912453,5.12
4.6183996,4.55
4.5022554,3.65
6.4855094,4.67
4.598836,3.82
4.2477226,5.64
4.836434,5.04
5.028115,2.19
4.7276287,3.76
4.6695547,4.85
5.099481,4.9
4.411929,3.46
4.3669863,4.86
5.4003515,4.69
4.8833203,3.76
4.4307194,5.05
5.5231676,5.05
4.6041365,4.99
6.1302814,6.1
6.055381,5.6
6.1038713,5.3
6.259723,6.64
6.507778,6.1
6.601889,5.2
5.8518467,5.9
7.360812,4.52
6.351404,7.3
6.5705705,5.4
7.2107983,6.3
6.941624,7.35
6.554896,5.68
5.274898,5.44
6.006382,4.84
6.674074,7.46
6.6350465,8.3
6.455992,6.4
6.8835735,7.54
6.5397162,7.8
6.0931087,5.77
6.509986,7.28
7.279805,6.1
6.282118,6.92
6.4422517,5.22
6.7146053,5.08
7.5419087,7.4
6.2805037,7.19
6.1995244,5.66
6.175226,5.7
6.836027,6.15
7.188922,7.72
7.1852,7.09
6.142315,5.46
7.332126,6.0
7.0826693,5.4
7.250355,7.52
5.470638,5.75
6.1236024,4.9
6.569744,6.66
6.9633923,5.38
6.600478,5.76
7.116214,7.77
5.754354,4.7
6.5596085,8.3
6.524678,9.0
7.1214757,7.15
7.598185,7.1
6.6275187,6.4
6.118186,8.4
6.2407117,5.6
4.863245,6.83
6.4954853,8.13
6.247661,7.72
6.777999,8.0
6.515827,9.48
6.897806,7.64
6.8198442,7.72
6.4203415,9.0
6.146023,9.59
6.6162076,9.03
5.7540617,5.5
6.8924065,5.54
6.5792727,6.24
6.738152,7.84
5.907341,6.25
6.245451,6.89
5.574296,5.4
6.266811,5.8
6.508027,6.61
6.533635,5.12
6.0611086,5.37
6.5357695,6.71
6.196348,7.54
6.634184,6.31
6.457772,5.22
7.4287314,8.0
6.4309835,7.96
6.6163335,6.23
5.802141,5.61
7.3101625,6.83
6.395321,9.18
6.909443,7.35
6.5697546,6.15
6.643727,6.45
6.550623,8.17
7.9595375,7.71
5.1993456,4.3
7.096309,9.33
6.458357,7.5
5.9397054,7.43
7.088202,7.41
6.8536468,5.4
6.0373697,4.12
6.5102496,6.91
7.8212147,6.57
6.6328793,5.57
7.068196,6.8
5.2313404,7.6
7.309693,8.22
7.1217394,8.05
7.143614,6.85
6.7512493,7.26
6.2715816,6.22
7.439771,8.3
6.5871835,5.66
7.112539,8.4
7.944394,7.6
6.5847564,7.12
7.0847697,6.01
6.756671,8.11
6.4756207,7.4
6.422297,7.21
5.4411697,4.9
7.5645847,6.02
7.5677195,8.05
7.757272,8.3
6.968565,7.24
7.4733815,8.15
6.62668,7.28
6.0921307,5.77
7.2690053,7.82
4.390753,5.1
6.895545,6.34
7.2976823,7.8
7.7104864,9.0
7.5974746,8.0
6.567505,5.03
7.0582523,6.59
7.19675,6.11
5.0474443,4.92
6.3653255,4.39
5.8979197,4.32
6.0150514,5.39
5.872005,4.47
6.559726,4.41
5.0551186,3.97
6.6142964,6.0
6.588412,8.0
7.1348314,8.0
6.011907,7.0
7.7117615,6.0
7.7914014,8.0
7.06054,7.0
6.7021093,6.0
7.7867546,8.0
8.022638,8.0
8.007428,8.0
7.292269,6.0
7.178695,8.36
5.8823934,5.07
7.690427,4.71
7.496614,6.32
5.9730024,6.0
6.0233955,5.4
6.5641456,5.07
5.8735385,5.7
5.1034374,5.92
5.9395585,4.05
5.4464693,3.28
4.1051188,4.5
6.517299,5.46
5.4426303,7.44
5.3739533,6.79
5.9753075,5.0
7.027282,8.0
6.2348933,7.0
5.0973535,5.82
6.679829,6.0
6.2820764,6.0
6.840361,7.0
6.5942473,7.0
6.680552,7.38
5.9644175,6.0
5.258951,6.22
5.6897974,6.0
6.5953107,7.0
5.995148,7.0
6.8861556,8.0
5.8291473,5.77
7.0403824,6.0
6.076538,2.08
4.927897,4.85
5.8950634,6.6
5.654541,4.0
5.5847397,5.66
5.717804,6.1
7.411954,7.74
5.4000883,4.61
6.103738,7.14
7.20537,7.0
7.34476,6.57
5.8426733,5.3
6.376298,7.37
5.329767,4.88
6.775906,7.54
6.900528,6.02
5.148025,4.77
5.9739237,6.33
5.9240875,7.28
5.7038207,5.09
6.5899706,6.64
7.2050514,9.95
6.2454696,7.6
6.392733,7.85
6.9413004,6.19
5.234523,5.11
6.8221087,4.87
5.157475,4.0
4.5772033,4.92
5.1923347,4.35
4.924659,4.87
6.5231247,5.65
4.6606255,3.72
4.876808,4.06
6.639257,6.25
6.6032405,10.82
4.4805336,2.75
8.13376,6.55
7.8708315,7.6
6.6358595,3.73
6.249095,6.34
5.7395663,2.29
6.148366,8.35
6.368061,5.1
5.184599,6.1
4.7904453,5.24
7.477707,6.17
5.4701333,6.66
7.184448,6.04
6.8055186,6.96
6.5439034,4.96
7.1311307,6.68
7.0894103,6.92
6.219082,6.05
6.8510466,6.96
6.4130316,6.87
6.0269394,6.33
7.2085385,5.41
6.681485,7.14
6.6588035,6.89
6.9960265,6.06
7.842297,6.12
7.3309765,7.55
6.2268434,7.13
6.3778987,8.3
6.088955,6.53
7.096034,5.38
6.8670077,5.42
6.512098,6.84
6.018429,5.92
7.912801,6.28
6.305703,6.08
6.1383657,5.82
6.44621,8.42
6.922235,7.74
6.6585894,6.37
7.8066792,7.66
7.1326094,7.74
7.7412963,8.33
6.420351,5.0
6.7792773,7.47
6.7362914,6.3
7.3118644,8.09
5.4180527,8.1
7.1571293,7.96
7.1053777,7.21
6.765153,8.22
5.803287,7.4
7.0964594,6.9
6.285014,7.15
6.289161,7.52
6.8362913,6.72
6.0773215,7.3
6.96241,7.92
6.9228096,5.77
7.20236,8.9
7.2267275,8.06
6.2933483,7.36
5.690343,6.03
6.878342,5.0
6.4119396,7.25
6.522483,5.73
7.0148225,6.92
6.801648,6.35
6.2047553,7.02
6.255929,6.26
7.1808248,9.05
7.2538533,7.28
6.7042737,6.9
7.749121,8.22
5.2307925,6.88
5.896371,8.33
5.742071,6.79
5.9589868,6.24
7.1092434,8.85
6.5123096,6.92
6.4658127,5.69
5.9551983,5.42
6.902081,9.1
7.0143924,6.37
6.095204,8.15
6.6106753,7.41
6.669424,6.2
8.057752,6.73
6.125216,5.05
6.302621,5.7
6.030122,6.13
6.538862,5.06
6.2848554,6.1
6.283949,6.05
7.388957,7.82
7.6405277,7.3
6.2011347,8.14
5.9849463,6.48
5.5537786,5.0
7.0537963,8.52
7.014909,7.72
6.5340104,5.0
6.726512,6.52
6.12181,7.55
6.6029325,6.46
6.930874,6.66
7.2950754,6.59
6.8973722,5.74
6.769811,6.63
7.3213625,9.0
6.2611756,5.47
7.140774,7.05
6.403012,5.3
7.8811555,8.1
6.7031355,6.66
6.1129837,5.98
5.4686375,9.1
6.682333,7.36
6.9113812,5.87
6.293394,8.85
6.708839,4.31
6.486297,4.43
6.727785,4.8
6.575752,5.01
6.626667,4.17
6.6070976,7.22
6.421015,6.77
5.6232705,5.18
4.4621162,4.47
6.8614697,4.3
5.557385,4.85
6.2209415,4.28
6.9835258,4.52
4.5459538,4.14
5.875688,5.27
5.5918207,5.32
5.338182,4.08
7.230587,7.52
7.6175876,9.66
7.238886,7.13
4.187113,4.91
6.732219,8.05
7.6681824,6.49
6.2267265,7.12
6.227083,7.18
5.4980564,5.49
4.3053946,5.7
8.519249,9.0
7.226095,7.57
8.428392,8.4
6.0286837,6.05
6.04211,5.15
6.396416,7.6
5.818336,6.9
6.4805064,6.25
8.000394,7.11
8.0054865,5.99
6.50733,5.46
7.8071795,4.08
6.8123407,8.3
5.615951,4.75
5.3443956,3.47
6.116799,6.31
5.6462154,4.14
4.236539,3.7
5.6945806,4.92
5.822744,4.36
3.771436,4.46
4.9525676,3.28
5.26101,3.94
4.8001046,4.02
6.5701766,4.24
6.3647847,5.11
5.5956306,6.92
5.1713705,4.32
5.198276,4.72
5.7929187,4.41
6.5402327,4.85
5.5929995,5.18
5.054838,6.12
6.097453,4.96
6.029954,5.15
5.7096624,5.64
5.1180077,5.05
4.895829,4.16
5.3558474,4.14
4.9674387,6.7
4.7383347,4.41
4.7734437,4.92
5.7981415,4.38
5.1817536,5.48
5.4504375,4.89
5.4273725,6.04
4.870627,5.02
5.3165946,5.42
5.853833,4.74
4.761178,4.55
6.063499,5.14
5.5948944,4.86
5.1378193,5.95
4.805078,4.42
5.1277175,8.91
5.5195475,4.44
5.409013,4.15
4.533781,4.7
5.1399693,6.35
5.219779,4.88
5.819605,6.27
5.427638,6.08
4.792938,6.01
5.9412208,5.59
4.8135962,4.81
6.343641,5.59
5.027992,6.11
6.0422525,8.0
6.6961603,7.36
6.3409986,5.09
6.4480414,6.82
7.364688,7.3
6.990372,7.72
6.194855,5.85
7.5840063,7.8
6.340759,6.19
6.9476533,7.52
5.807134,4.22
6.952988,7.64
7.485273,5.49
6.341878,5.57
8.557583,7.21
7.1288037,6.51
5.824225,4.52
7.2448254,7.28
6.916404,7.27
6.877769,6.37
7.314952,6.44
7.0956964,6.59
6.144786,7.82
5.760963,5.57
7.0324683,7.33
6.486502,6.05
6.069998,6.86
4.325001,6.52
6.563029,6.6
6.239917,7.72
7.0341377,6.16
5.82145,6.37
6.502919,5.44
7.8766394,8.47
7.855195,9.15
7.4969687,7.69
7.2799106,6.89
6.616363,6.48
5.1460896,4.29
5.8337865,5.8
5.4183893,7.05
6.56506,6.28
6.888815,7.42
6.47439,5.12
7.0278916,5.5
7.15151,6.12
6.3566084,6.47
7.5206895,8.44
7.197003,7.42
5.0665984,4.83
5.2603893,6.63
7.6205564,8.54
6.5856876,8.7
6.718165,7.1
6.8461523,6.14
6.501168,6.47
6.6301885,6.7
7.168831,7.25
7.6440034,7.49
6.666384,6.49
5.6073475,5.38
5.8900585,6.16
7.7653213,7.38
7.9285135,7.17
8.087984,7.61
7.6382756,5.11
7.9179077,8.96
5.801689,5.25
6.539502,5.15
7.824703,6.21
4.972694,5.74
6.5988145,3.87
5.0524216,5.03
5.339483,6.05
7.5107265,7.21
6.561524,5.4
7.0117764,7.85
7.8393674,7.13
6.0478954,6.47
5.872717,4.0
6.542885,6.71
6.398309,7.46
4.898326,5.27
6.8304343,6.17
7.83901,7.92
8.207076,8.21
7.940167,4.82
6.5555325,7.15
6.380576,6.35
5.6187,6.74
7.3490615,6.4
7.4976397,8.21
7.0006156,7.52
6.653004,7.28
6.4252906,7.52
7.5539455,6.66
5.9063835,6.61
6.0878444,4.95
6.2946296,4.34
6.723543,6.24
6.474748,5.73
6.3124237,6.98
6.0156074,5.77
7.11806,5.85
7.917878,7.27
6.5837708,5.74
6.357723,4.72
7.3021107,6.32
5.389109,4.99
6.321903,7.4
6.0285797,6.4
6.606376,6.74
5.734334,4.7
7.575533,8.52
7.6412015,5.96
7.616999,7.51
7.051701,7.49
4.5054674,3.51
8.1609535,7.6
6.966357,5.67
6.432781,6.96
7.084189,6.16
6.580097,6.49
7.300226,7.23
6.466487,5.85
6.046397,4.0
7.3814244,6.41
6.2640157,5.23
6.8801575,4.92
7.9091897,8.62
4.7220926,6.13
6.996144,6.98
6.365738,5.3
6.9483237,8.96
7.860789,7.32
6.0878544,5.68
7.8779335,7.92
7.9729013,7.88
7.464489,8.22
6.841217,7.59
6.08261,5.68
6.835908,6.9
5.479335,4.89
6.5561814,6.27
6.4088736,8.1
6.864361,7.82
8.161521,8.57
7.4939175,7.07
5.9230537,5.76
6.131485,4.81
7.0480843,7.22
7.496288,7.11
7.228088,7.94
6.7130346,4.65
6.0958643,5.23
6.43749,6.38
6.415633,7.56
7.897753,8.1
7.503316,8.7
6.5273285,6.73
6.2329345,2.85
8.071897,6.69
5.686155,3.43
6.5839567,5.8
6.2139096,6.38
7.3947353,8.59
7.4215703,7.96
7.163104,8.4
7.254588,7.25
5.3832083,4.32
7.689801,6.4
5.7730436,5.96
7.6129823,7.96
5.337447,4.74
6.881694,7.77
6.920076,8.16
5.264241,5.57
6.597779,5.48
7.3639627,8.02
6.3887954,8.22
5.339138,4.94
6.4967113,5.08
7.1325946,7.54
6.014619,8.17
7.8744984,7.55
5.816195,5.3
6.0730963,5.72
7.704365,7.02
6.002196,5.29
6.3207817,6.95
7.725666,7.06
6.7932296,7.1
6.5168023,6.48
8.466839,8.64
8.145865,8.14
6.435043,4.65
5.9890795,4.69
6.54557,5.28
6.519439,5.1
7.1485415,6.43
4.9936233,6.09
5.614668,3.66
7.968847,6.06
6.943126,6.97
7.3494067,7.58
6.7321115,6.31
5.564249,4.0
7.144839,8.02
6.314943,6.47
7.785777,8.11
8.21156,7.72
6.7910404,6.74
5.9118524,5.28
6.4584837,5.1
7.9045887,7.3
5.6181107,6.89
6.504411,6.77
5.529351,6.57
7.649756,7.43
5.891418,5.28
6.4062095,8.51
6.9437747,8.0
7.473631,7.64
7.247537,7.31
7.0160804,7.6
6.361701,5.4
6.6418443,6.02
6.332055,5.97
6.628195,5.89
6.1824317,5.4
5.8047643,6.1
7.029171,7.19
6.1270113,4.77
5.123111,5.55
6.372139,6.57
6.063561,6.17
6.687525,6.61
6.866436,7.28
7.240284,7.51
6.184919,6.42
6.0631127,6.9
6.556201,6.0
5.820916,6.59
6.39004,6.98
6.658319,6.14
6.233133,7.24
6.307129,5.96
6.007409,6.64
5.726466,5.65
6.5101647,7.31
6.119486,7.19
7.333507,7.05
5.3931623,7.8
5.9316616,6.92
6.997834,5.82
6.866332,7.31
5.642329,6.74
6.185125,4.87
6.8827558,6.92
6.969674,6.95
6.133663,5.64
7.3899097,7.01
6.264606,6.94
6.135888,6.61
6.406466,6.74
6.332959,6.96
7.2303333,6.33
6.4449906,7.4
6.1167707,6.93
6.607112,6.46
7.6038747,6.88
6.31655,7.02
6.544052,6.66
6.0076256,6.17
6.306306,5.79
6.857027,6.24
6.897618,7.64
6.8345466,6.7
6.1660786,6.39
6.243781,6.6
6.1140294,5.77
7.0306773,5.56
6.6104946,6.58
5.9728518,5.89
5.9555774,7.02
6.101321,6.76
6.771208,6.66
7.149183,7.26
6.2670717,6.89
6.7231426,6.33
6.813763,5.88
7.0813127,6.74
6.460164,6.44
6.596354,6.24
6.0668445,5.68
6.2462554,6.45
6.6220336,6.99
6.0220385,6.55
5.743722,8.0
5.8202915,6.33
7.1930747,6.76
6.339522,5.55
6.639783,6.13
7.05241,6.41
6.033303,5.62
7.0263276,6.41
6.4340243,6.91
6.534638,6.54
7.2232766,7.4
6.89547,6.21
6.352822,4.81
6.7117133,6.17
6.319128,8.0
6.7999077,6.67
5.477251,6.27
6.5236845,8.36
7.612253,6.76
6.9062624,6.01
5.791755,5.62
6.853332,6.63
5.1733217,6.43
7.980178,9.91
5.830135,4.59
6.840399,4.85
6.446326,5.97
7.2012014,5.83
7.3874,7.96
6.657646,7.52
6.2409835,5.14
5.2805643,6.7
5.6653914,11.4
5.66397,7.02
6.4464097,6.76
5.6235,6.6
4.7182546,3.19
6.2049193,4.89
5.3867173,6.46
5.145204,6.64
5.6265187,5.96
5.5040584,6.01
6.595758,3.77
5.433029,7.52
5.9499693,6.43
5.2078943,5.46
5.5387864,4.7
5.476849,5.89
5.751952,4.96
5.3095026,4.64
5.6898,5.89
4.7571354,4.15
3.83808,4.18
6.843034,4.56
5.328556,5.0
4.958462,3.91
6.532587,5.26
6.0531893,5.45
6.4845047,5.32
6.6741943,6.76
5.6278505,6.08
6.6546454,5.7
5.5298247,5.24
6.377032,5.7
5.736546,5.85
9.537148,8.28
5.611986,5.24
6.691986,5.94
7.2862377,6.22
7.2792497,6.28
5.4198146,5.51
7.164399,6.14
8.101582,8.23
6.5711603,5.27
6.4588594,8.47
6.3679476,6.41
6.9833922,6.32
5.4608755,6.78
6.6276836,6.34
6.5652275,3.89
5.564689,6.39
6.2121167,5.84
5.827975,6.49
6.987336,7.12
6.6596894,8.22
6.9385467,6.17
5.9939404,6.95
6.1844473,7.26
7.251817,8.19
5.8134193,5.07
6.3260174,7.64
5.5789924,5.21
7.426605,9.02
6.4210033,5.13
7.9507465,6.52
7.4564314,7.0
5.6408896,5.52
5.2232056,5.52
6.676557,6.0
5.3451777,5.52
5.2357144,6.0
6.4595675,5.52
6.0458865,5.52
5.2952843,6.0
6.379672,5.52
6.517918,5.52
6.4120097,7.0
6.112132,5.52
5.5705237,3.18
5.8306713,4.56
5.529742,4.74
4.53478,5.42
4.2891035,6.04
5.5509753,4.87
7.506608,5.63
6.429351,4.96
6.7402062,7.9
5.899289,6.17
6.0147643,6.32
6.235467,7.89
5.7247596,6.4
6.0219803,7.92
6.2771044,8.56
6.242903,8.74
6.80504,8.0
5.492362,4.69
6.222009,5.13
6.487929,6.0
6.2527986,8.43
6.9143286,6.92
6.2916207,8.25
6.0081882,2.73
6.9188766,7.55
7.4322515,7.8
6.0524178,7.21
6.4011416,6.2
6.805537,5.7
6.4177694,5.2
5.3721056,6.66
5.46924,5.8
6.4793196,6.16
6.506342,7.74
6.256793,7.01
6.0081005,5.88
6.231893,5.8
5.2494802,5.5
5.381361,5.3
5.4270396,5.9
6.384172,5.2
5.421919,5.6
7.2893066,5.62
6.8190227,6.44
5.901075,5.3
5.76662,5.7
6.4103007,6.69
5.671983,5.74
7.996362,5.3
8.0096035,9.52
7.7594714,8.4
6.2331924,7.72
6.7911005,6.66
7.061555,5.37
6.622163,7.2
7.4330554,9.7
6.8301096,6.14
5.741633,4.7
5.962311,5.8
7.5649924,6.9
5.521687,5.7
7.4091897,8.0
7.9698915,7.92
6.629082,7.44
6.2430763,4.7
5.4963746,8.77
5.928305,5.5
5.960389,5.9
6.370245,6.89
7.1285734,7.98
7.3166275,6.6
7.404662,4.99
7.309348,4.6
7.090878,7.1
6.1657844,6.21
6.3039756,5.12
6.430638,6.19
7.334363,6.59
5.6239815,5.74
5.9841337,5.72
4.9405255,5.12
5.707269,5.32
4.41761,2.85
5.567076,6.3
4.8532014,5.77
6.9515285,8.22
5.1703506,4.71
5.565106,5.62
6.070428,5.16
5.187536,5.36
4.128607,3.22
5.936246,2.3
5.721042,2.85
3.6469707,4.02
7.5655127,4.77
6.582458,8.15
6.1031895,6.49
8.4726305,7.79
7.056271,8.4
7.0599933,7.63
5.878064,6.96
7.760848,7.91
6.142633,5.13
5.9908385,5.88
5.8845057,9.0
7.1785855,8.21
6.7105746,7.85
6.474443,7.59
7.6664696,8.85
7.107527,8.4
6.860298,5.3
5.6353884,5.64
5.9523206,4.41
5.116412,5.85
5.7930517,7.31
4.955709,5.42
6.9683113,9.24
5.7657037,7.7
4.6958504,9.7
7.8815174,7.34
6.879345,5.64
5.0674634,5.29
4.8501415,5.68
5.435866,4.72
4.589759,7.54
5.7007995,6.9
5.1023164,7.54
6.140417,6.94
4.8011103,4.4
6.4253063,7.42
4.995944,5.33
5.5311685,3.72
6.957256,7.93
7.0850663,4.52
6.4220243,7.06
7.993536,7.68
7.4001503,6.92
6.6993175,9.55
7.0592933,7.24
6.8908153,8.17
7.365902,7.68
8.453291,9.2
6.1001434,5.35
7.155473,6.21
6.0170283,4.6
5.619855,7.05
5.457978,5.36
9.085989,9.28
8.680105,8.4
6.2778177,5.62
6.424859,5.36
9.291661,9.64
5.390341,6.92
9.896055,9.43
6.7588267,6.05
8.656488,7.6
7.5510054,7.4
8.256743,9.3
8.914977,10.0
7.9936347,6.38
5.4048557,5.74
9.723683,8.77
5.3555202,5.08
6.9981403,7.42
8.585177,9.15
9.208028,9.0
6.399608,5.77
5.5573754,5.28
8.062131,8.8
5.3174963,2.29
5.404641,7.3
7.1698513,8.22
9.264225,9.89
5.7700977,5.64
7.1481476,7.48
6.9841967,6.39
8.27729,9.68
5.8340836,6.05
8.417193,7.09
7.7802887,7.82
9.523761,9.91
8.217158,7.6
7.4179792,6.85
5.8648305,9.6
6.604445,5.0
6.70858,5.83
9.186594,9.1
6.055247,5.82
6.9027815,7.54
5.999482,6.22
7.8806987,7.27
8.130702,8.4
7.986405,8.4
8.918331,7.77
5.7161694,4.6
5.5911994,5.38
7.795532,8.92
6.6102877,4.8
8.371671,10.0
7.1459956,6.7
9.470312,9.35
7.523946,7.55
7.580817,4.72
7.393691,5.81
6.564419,5.77
6.998366,5.91
8.857813,8.52
6.739514,5.35
5.460411,6.03
8.2735195,9.96
5.3610353,5.25
8.652326,9.72
6.254593,6.3
5.332472,5.0
5.4739437,4.54
4.8380127,5.38
6.223548,6.7
6.189295,8.3
6.3548045,6.0
4.541544,7.49
5.81226,6.41
6.501899,6.05
6.2047415,6.62
5.8758755,5.68
5.830231,4.49
5.744949,4.57
5.4549527,6.15
4.675441,4.77
5.9496427,4.57
6.1647205,6.98
6.921373,5.64
6.741553,6.18
6.156905,6.17
6.393302,6.04
7.478456,9.35
7.9393597,9.14
5.6264296,4.37
5.4651365,5.08
8.811865,8.04
6.3428764,5.92
7.818326,5.94
6.731327,7.68
6.3963137,7.57
7.8670087,7.94
7.229949,8.66
7.5586696,8.3
6.1630135,8.08
6.9872136,6.42
6.8538213,8.4
8.004449,5.97
7.519726,6.76
7.7946434,6.18
6.439865,7.85
7.7666926,7.73
5.7153835,8.05
7.061612,8.51
8.293636,8.6
6.287326,7.44
6.9430265,5.85
7.442295,8.19
7.702259,6.68
6.752696,8.92
6.420967,7.17
7.0022097,6.94
7.3995414,8.59
6.529512,7.71
6.7347107,7.52
7.867738,7.62
7.6853886,7.46
6.498261,6.13
7.357682,8.43
6.294039,7.52
5.844832,8.38
7.2006164,7.49
6.9857597,8.41
8.263891,7.29
7.0486636,7.19
6.9827166,8.4
7.2305107,9.22
7.2074103,7.83
7.9063787,8.55
7.4110417,7.23
7.582102,8.85
8.511923,8.11
6.8305874,6.13
8.595822,8.57
7.61777,9.05
6.9745426,8.11
7.0047235,7.44
7.859207,5.64
6.457758,8.11
7.172873,7.58
7.322745,9.22
8.374602,8.4
6.1154757,5.5
8.132788,8.4
7.451183,8.33
7.4506288,7.81
7.839164,9.15
7.314127,8.01
7.2640643,7.46
6.8218775,8.99
5.506988,6.6
6.3977885,7.57
6.5229893,7.16
6.830985,8.43
6.9740353,6.26
8.212707,7.38
6.6881127,8.89
8.167241,7.92
6.848563,6.06
8.203989,6.25
7.9021673,8.44
6.3884087,8.47
7.6306105,8.92
6.9801736,6.02
8.10053,8.0
6.5027843,8.4
8.326524,7.96
7.2154913,6.51
6.839599,5.6
7.591429,6.98
6.349297,6.51
6.0287886,5.28
6.4635353,5.96
5.398405,6.2
6.696692,7.33
7.8904066,7.33
6.7416935,5.7
6.629535,7.89
5.9839764,7.03
7.277764,6.12
5.973568,5.89
5.998578,4.95
5.8349595,5.11
6.565799,5.12
5.584273,6.9
5.801622,5.5
7.7171803,4.71
5.1560163,5.3
7.0783134,6.89
7.2491016,5.7
6.074325,6.52
5.6409726,7.59
5.4871626,7.3
6.5605755,6.23
6.6846137,6.43
7.436295,5.8
8.212411,6.21
6.3505754,6.73
5.572467,6.55
5.815,6.11
5.826678,6.45
6.285864,6.44
6.74737,7.4
6.26176,7.37
5.6974607,5.23
6.614153,6.97
5.6707306,7.85
6.4991984,5.0
6.119289,7.28
5.7950425,5.21
6.419453,6.84
5.3840666,7.14
6.1346564,7.52
6.1967673,7.59
6.1623,9.4
6.4517303,6.41
5.763616,6.64
5.9948597,8.15
6.8064623,6.89
7.0908575,6.08
7.327181,7.34
6.476403,5.46
6.3276005,7.13
6.1020107,7.44
6.53544,7.19
6.8727965,5.39
6.6714487,6.44
5.8551865,7.09
5.788313,5.89
6.2605314,6.75
7.9331417,6.49
6.122142,6.59
4.7216463,5.0
7.584286,8.74
8.623104,8.0
6.014271,5.93
6.7688875,7.62
6.1994767,7.64
7.614436,6.25
6.7398415,6.06
6.536364,7.36
5.1786003,6.03
6.490986,7.48
6.5136867,5.7
7.498083,7.46
5.6902776,6.61
6.1535096,5.9
5.6792555,6.19
4.6389904,4.69
5.973665,5.19
7.479476,9.0
6.0203032,6.21
6.979895,8.52
6.3166285,5.78
6.4952264,5.8
5.7686186,5.76
7.6402907,6.6
4.914933,5.05
6.4035654,7.7
6.445704,5.99
5.487812,6.1
6.755834,7.32
6.1317554,7.64
6.2069755,5.68
6.8722405,6.56
7.3866057,6.54
6.209325,6.18
7.806637,8.09
6.776716,5.93
6.2373815,5.73
5.726184,5.1
6.5661707,8.05
6.575357,6.17
7.9475574,6.78
6.060892,8.1
7.99203,7.26
5.783757,6.13
6.759926,7.4
7.338028,5.02
6.3390846,7.64
6.799182,7.17
6.7386513,5.77
7.5500126,8.3
6.3139267,5.0
7.1909556,6.16
7.3293962,5.42
7.3983355,7.68
5.5770645,5.75
7.1059294,6.16
7.5345345,7.85
7.9980564,9.15
6.164298,6.74
6.562067,6.36
6.5346456,6.64
5.726409,8.0
5.781226,6.1
6.292183,6.8
6.4023175,5.53
5.897935,7.07
7.0485144,6.79
6.172674,6.67
6.6146016,8.24
5.635948,6.0
7.242188,6.88
6.8876443,5.37
6.622437,5.56
7.4903975,5.15
5.981244,5.32
7.031261,5.55
6.046611,5.5
6.4180326,6.2
5.951926,5.6
6.7657194,6.15
7.377779,6.63
7.1341944,5.82
7.3125744,9.3
7.561366,7.52
5.8800936,6.48
5.195382,5.0
6.8619447,7.89
6.780815,5.91
7.158396,6.28
6.101825,5.47
5.3415976,5.06
6.8308473,8.49
7.4889526,6.51
7.0706673,8.7
6.4409924,6.23
5.0824304,4.52
4.663037,5.51
5.485816,4.9
6.7341595,3.44
5.465639,3.66
5.323529,5.26
6.372091,7.67
6.156152,6.88
6.598836,5.69
7.3552904,6.5
6.7616005,8.26
6.5009646,8.57
6.0979795,7.21
6.0001345,6.37
5.830903,3.92
5.7619863,5.21
4.530619,5.95
5.794364,6.91
6.3745017,7.55
3.74715,3.47
5.65169,8.47
7.222462,7.42
5.7779117,5.64
5.68459,8.52
6.2773924,7.54
6.923058,7.51
7.3520145,7.91
6.745806,8.96
7.3197656,8.38
7.010314,7.33
6.4267244,7.96
5.53162,7.57
7.1451297,8.36
5.8430314,7.12
8.190184,7.73
6.601607,7.59
6.7466593,6.63
7.1107483,8.46
6.0141087,6.67
7.040924,8.2
7.378523,7.68
7.2968316,6.76
6.5732355,6.86
7.1098294,6.32
7.0594573,7.38
7.392399,7.04
6.2579727,6.02
7.7155485,6.95
7.270265,7.68
6.654994,7.0
6.43037,6.29
6.476014,7.01
6.4562593,6.28
6.530794,7.21
6.944786,7.64
5.1119494,7.68
7.5997844,6.47
6.086335,7.73
6.495434,7.56
7.223283,7.02
5.2142854,5.66
7.377,8.0
6.574197,7.1
7.2171926,9.3
7.4587865,8.13
6.337036,8.37
7.1936283,7.51
7.562232,6.84
7.0841208,8.0
7.7748537,9.0
6.3202696,7.35
6.1231093,7.0
6.734395,9.22
8.103425,8.05
6.7703543,8.09
5.432111,5.76
6.434365,5.81
8.092848,7.33
7.465515,4.0
6.6352887,5.92
7.1942554,6.84
7.163496,6.62
7.7300653,7.72
8.033535,8.15
6.5622106,7.14
6.43435,4.62
6.103907,7.0
7.9678345,7.57
7.750022,5.82
7.7695465,10.0
6.0176535,3.81
7.0906897,7.4
5.795719,5.38
7.6863265,7.46
7.8313107,9.39
7.1400766,8.57
6.9480643,6.18
8.039593,8.15
7.665615,9.11
6.9969573,7.05
7.442608,9.0
6.7716193,9.0
6.6000967,6.72
5.251441,6.66
7.6432114,9.0
7.8694224,8.1
7.596989,8.52
6.7691083,8.0
6.692363,8.77
6.5384564,5.42
6.0259275,6.15
6.225929,4.19
6.64443,7.55
5.600298,5.7
7.168709,9.19
5.9925113,4.24
7.639453,6.66
7.746221,6.97
6.9936347,8.05
7.393378,7.08
6.766844,6.6
7.3998346,8.0
7.231714,6.32
7.339381,7.57
6.2135277,6.74
7.3227067,8.78
6.707372,6.22
6.819393,7.3
7.550632,8.77
6.7678103,6.79
6.0008307,4.74
6.835672,5.54
6.9308023,6.46
7.132425,5.54
5.747367,5.47
7.7595606,9.0
7.8379383,9.0
6.2607794,4.51
6.9618664,8.4
8.084669,7.56
8.17241,9.0
7.169602,7.19
7.9656925,7.06
6.711804,6.73
7.801366,7.74
7.6650496,9.0
7.133426,8.24
6.4019585,5.52
7.392918,6.85
7.481405,8.7
6.2996383,5.68
7.097151,5.57
6.4395947,7.0
5.7773175,4.74
6.652375,6.13
6.936404,6.2
7.1516376,8.0
6.9325814,5.46
7.167436,6.26
6.5201817,4.54
6.333222,6.4
7.3316298,8.46
6.4325976,6.62
7.589216,7.51
7.1146617,8.7
7.1711817,6.86
6.318957,7.85
7.6177015,6.3
7.9663715,8.54
7.489857,8.0
6.929342,8.19
6.816103,6.44
5.9702435,4.45
6.6309237,7.36
6.405259,6.0
6.7521434,6.39
6.910126,6.03
7.5023685,8.3
6.595,7.29
6.756689,8.15
7.993168,7.44
7.141451,5.37
6.2236238,6.0
6.9380684,5.6
6.693235,8.06
7.558135,6.92
7.6176853,8.0
6.606822,6.07
6.471404,8.1
5.3781443,7.46
5.4627647,7.39
7.560637,6.41
6.7884545,7.89
6.2149067,6.87
7.1576824,5.6
5.913765,4.7
7.0539746,7.3
5.655095,4.77
6.1632214,5.74
6.292891,6.97
6.4646688,6.74
6.774814,7.55
7.501947,7.3
6.293136,5.92
6.8474083,5.83
6.755276,6.0
6.248615,6.42
6.478795,6.15
5.843624,6.4
5.940904,7.01
6.8041253,7.3
7.219197,6.52
6.8293767,7.3
7.20309,7.3
4.496503,4.27
7.0466127,8.82
5.9188986,4.45
4.991981,6.74
6.2588754,6.08
6.1343503,5.73
5.2606974,4.84
7.2733965,7.22
7.2038126,6.77
5.462081,4.17
5.070909,5.8
5.9685926,5.31
5.849596,5.59
5.5135994,5.16
6.5448966,4.64
5.3653708,5.57
6.3390326,6.6
6.428895,4.42
5.63095,4.9
6.1824026,6.12
6.751301,5.88
5.3161497,5.15
6.2427754,4.14
5.4452267,5.96
6.3027287,6.39
6.2849727,6.55
6.3576274,6.68
5.00842,4.66
4.893158,4.01
5.9009743,5.92
7.7660947,6.81
5.940671,5.4
6.074045,6.41
4.958537,3.66
6.386037,6.82
5.760728,4.68
6.5148797,6.89
7.601787,6.97
7.7253942,5.85
6.9118614,5.4
7.1655965,8.7
7.2428784,7.86
9.370171,7.04
6.071235,5.12
8.069167,5.49
7.3583703,7.66
7.879734,9.3
8.241434,9.21
7.4838576,3.61
8.298987,7.49
6.6497145,6.72
6.270211,7.23
6.935443,7.68
7.5557384,8.29
8.413573,8.11
7.6351314,8.27
7.6548953,7.62
8.969549,7.97
7.3313203,6.86
6.017546,7.8
6.94915,5.6
6.175729,6.66
7.2039256,6.4
8.312123,9.57
7.120707,8.28
6.7724113,5.93
6.3661113,6.1
6.7097893,6.75
7.0087104,9.41
8.004715,8.05
7.6185236,7.03
7.4658623,6.69
7.394899,5.44
7.398845,7.11
7.2341747,8.49
8.886229,8.14
7.9600472,5.28
7.210257,7.85
6.646931,6.13
7.1828613,7.82
6.418561,5.96
6.9603643,7.52
7.220099,7.74
6.6310797,4.52
5.2614703,6.3
8.238556,5.27
8.246098,7.81
7.5358567,9.89
5.9137897,6.13
6.5757575,4.6
7.191777,8.49
7.453146,6.03
5.853331,5.92
8.405146,8.38
4.660043,4.5
8.364115,8.59
7.347574,8.0
6.9664845,9.11
4.9590945,4.1
7.1553154,5.71
7.0218716,7.14
8.159867,7.57
7.819149,8.96
7.8779182,7.16
7.9985566,8.05
8.128673,8.72
7.1945214,7.72
7.536076,7.64
4.6942945,6.8
8.497377,7.55
7.935676,8.21
8.950848,8.06
7.0709605,7.21
7.6928387,6.46
7.5139723,8.7
7.7923985,7.77
7.33354,8.36
7.8915434,6.19
8.40899,9.52
8.808906,7.11
8.071591,9.8
5.1454673,6.34
7.3293734,5.07
8.228345,8.59
7.78862,8.68
6.660341,6.85
6.779657,8.77
7.1159873,7.72
7.439724,7.66
7.926611,6.61
7.021318,8.27
8.121709,7.8
6.9734383,6.65
6.314477,8.21
6.727262,5.06
7.0426087,5.85
8.122686,8.89
7.8219643,7.28
7.4041386,6.74
8.925196,8.32
5.689678,5.14
7.3102713,5.34
5.6562023,5.74
6.240421,7.2
7.1862555,7.6
6.976384,7.4
7.18757,7.6
6.464692,5.3
7.3252454,7.89
7.085382,7.7
7.211765,7.1
5.3293486,5.64
6.444128,4.08
5.5775247,3.54
5.9141264,6.25
6.0227737,4.0
4.5962152,4.96
5.28,6.07
5.759,6.42
6.211485,5.47
5.3516107,6.22
6.0801554,4.71
6.3451633,5.74
5.397124,4.28
5.848987,5.48
5.9132614,4.77
5.625374,5.63
6.2913666,6.05
5.9244933,5.82
6.0771804,4.89
6.391256,7.14
7.0294666,6.85
6.8064876,6.61
7.305823,6.56
7.2484407,7.92
6.056506,5.55
7.3239985,7.7
5.1328583,5.9
6.95166,7.4
6.15295,5.24
6.08697,6.55
6.2657022,5.26
7.0766077,7.1
6.542955,5.92
6.4176693,6.9
5.8334618,6.13
6.855207,7.98
6.8989177,7.25
6.2638526,5.31
7.371562,8.7
7.283079,6.68
6.6214795,6.62
4.959138,6.3
5.13562,7.77
5.742871,4.35
5.1807084,6.1
5.129066,5.7
5.2767386,5.15
7.1969585,6.34
7.060475,9.72
6.5249085,8.37
7.564502,6.82
6.498895,8.46
7.0631733,7.85
6.306715,5.33
7.4767265,9.15
6.597369,6.27
6.0290127,8.52
6.6353035,8.0
7.5108824,8.34
5.8387465,5.55
6.826098,7.27
6.09772,4.52
5.7429886,6.15
6.5055394,6.59
6.5742164,7.22
6.3329363,5.65
6.0760207,6.76
6.2385926,4.98
6.6369977,6.05
6.1212053,6.81
6.7648473,7.16
5.526902,5.29
6.147664,6.09
6.449266,6.15
6.6999116,4.19
6.854465,6.54
5.874745,6.04
4.700868,4.43
4.201707,4.67
5.34987,4.22
4.653645,4.29
4.603957,4.3
5.360953,4.14
5.918416,4.2
5.8020744,3.96
6.8398666,8.0
6.628769,5.88
6.3026323,7.19
6.793616,7.8
6.8744926,6.04
5.813709,7.31
5.251465,7.36
5.5091286,8.0
6.4432917,7.8
7.0194607,6.54
6.822392,5.7
7.561972,8.05
6.540154,7.52
7.010777,5.34
6.2825565,6.24
7.876979,8.74
7.0050106,7.32
7.805228,6.45
6.6231976,7.48
6.446872,5.68
5.441232,6.05
7.7152233,5.63
6.153192,8.09
5.6703057,5.85
7.1903543,7.1
6.9491334,6.0
6.209869,6.11
4.827563,5.28
6.109594,8.3
5.727607,5.5
5.6006203,3.4
7.4262137,5.37
5.5403023,7.1
7.401977,6.51
5.7721977,5.59
6.117222,5.14
7.124482,6.46
6.4429383,6.1
6.3129125,6.72
7.130793,6.71
6.3838797,6.5
5.9865937,6.92
5.9185224,5.71
6.9361706,9.0
5.7820816,5.0
6.215528,6.41
5.572196,5.5
7.2362094,8.15
6.5457706,6.95
6.174139,6.82
5.826988,6.12
5.7863116,5.77
4.8645573,4.29
5.412221,4.58
5.424407,5.74
5.152195,5.34
5.910645,7.09
4.62269,5.18
6.2331557,6.82
5.7199955,5.74
7.8128514,6.85
6.663289,6.74
7.012824,7.1
7.1679554,8.26
6.2446632,9.3
7.158023,5.72
5.9334197,5.8
6.831371,6.6
8.620806,8.28
6.6229424,8.39
6.80891,5.13
6.8611355,7.8
7.7940063,6.49
7.645033,9.01
7.7646604,4.51
5.504801,4.69
6.438825,5.93
5.702806,6.3
7.8295984,9.89
6.6716375,7.23
6.955996,6.96
5.5838666,5.47
6.1291633,7.64
6.2452345,4.62
6.58495,6.54
7.476652,8.7
6.7846746,9.0
7.846816,9.0
6.578241,7.92
7.222217,8.7
5.9701962,4.51
6.406671,5.6
6.3268895,7.62
6.710784,5.91
6.021625,6.62
6.9120893,6.68
6.9335375,6.3
5.8849406,7.7
7.281967,7.8
7.561682,6.32
5.625647,6.75
6.039965,6.2
5.8612804,8.0
6.94451,5.96
6.6060896,8.6
6.9196806,8.7
6.13324,6.93
5.9957843,5.24
5.6249743,5.67
7.670986,8.82
5.8539753,5.64
5.118559,4.88
5.8992343,5.77
5.274743,4.33
7.06469,6.18
4.6269503,2.8
5.5067067,2.39
5.059437,3.48
4.395692,7.05
7.182148,8.15
7.1180353,7.1
5.423906,2.1
7.8030634,7.21
5.528072,6.66
5.291874,7.54
7.0268626,6.72
7.047022,4.3
4.585181,5.34
7.041215,5.89
5.83018,6.7
6.3468857,5.1
7.1230397,7.7
7.1034875,7.41
7.6889873,8.05
6.15529,6.77
5.9113703,7.09
6.0450077,6.44
8.0830345,6.85
6.9394093,5.47
7.096086,7.16
6.616572,6.6
5.856645,6.0
6.2868686,6.8
5.80331,6.27
4.5308447,3.96
4.6959677,3.66
5.6327605,5.3
4.944076,5.52
5.2536764,6.62
4.9661803,4.26
4.5658493,4.7
6.331462,4.82
6.173781,2.98
5.064224,4.3
6.7586513,7.57
5.0048704,4.22
6.8305774,4.85
5.0935564,5.85
5.1001472,5.14
5.082596,8.0
5.172083,5.68
4.806953,6.3
5.3398266,4.61
7.1892314,8.05
6.2267575,6.49
6.550363,6.05
6.386591,6.72
6.614115,6.44
5.4260473,6.39
5.853856,5.05
5.560456,6.7
5.37124,6.53
5.512305,6.32
6.6619515,4.11
6.184256,5.2
5.5201516,4.42
5.0940356,6.89
5.4305344,8.74
5.288275,5.62
7.1030574,4.47
5.9462466,6.22
5.0421023,6.01
5.728109,6.61
5.487235,4.79
5.3103857,5.82
4.808834,5.57
6.912672,8.1
5.3228874,6.2
6.614921,6.7
6.444622,8.52
6.8392987,6.24
7.8644023,9.39
6.0863023,9.3
7.4173074,5.62
6.1524224,6.8
7.94065,9.24
4.9726725,5.11
5.446767,7.31
6.2951155,5.0
5.7896085,5.05
4.8020353,6.46
5.460341,4.09
5.824406,4.89
5.816911,5.2
7.1364574,5.24
5.8505144,6.7
7.3598347,8.05
7.0206676,7.85
6.4691095,6.2
7.5397606,5.62
6.094243,8.92
6.7660584,6.0
7.0953107,5.72
6.483327,6.7
5.7389717,5.6
6.586936,6.68
6.5026093,6.07
6.3175297,7.12
6.479868,7.0
7.9026604,9.7
5.6121244,5.9
6.5509057,8.02
6.0119395,7.93
5.563307,4.59
6.69962,6.26
6.274028,7.38
6.936589,7.28
5.406878,6.0
6.252023,6.0
6.6710563,6.2
7.275345,6.89
7.1641145,5.06
6.5500994,8.0
7.9217615,7.35
5.409131,5.05
4.725231,4.66
5.3071547,4.6
5.186072,4.96
4.873564,4.96
5.1078625,5.0
4.607234,4.4
6.0697165,7.7
6.569773,7.16
7.1026525,7.55
4.5642986,3.96
5.5233994,4.24
6.856043,5.19
4.5531254,3.81
4.9659905,7.39
6.123336,8.64
5.883841,8.2
7.7322865,7.1
5.17644,5.8
6.2241187,6.4
5.5154133,6.36
5.4750605,6.92
6.55278,4.82
6.537681,5.18
4.981379,5.7
4.7587776,7.72
5.667959,5.99
6.3780622,6.06
6.132229,5.42
6.628778,6.37
6.7721677,6.91
6.7475696,6.02
7.1081142,7.8
7.029182,7.05
7.5627136,8.38
6.9776077,6.23
7.1075716,8.25
7.410529,6.11
7.472403,6.62
6.0736423,6.0
7.9564714,7.24
6.9856267,7.48
6.8872933,6.99
6.4962997,6.69
7.9680233,7.15
6.057969,5.32
6.6811557,7.46
6.997715,7.92
7.555222,5.96
7.309683,7.29
7.0015473,6.59
7.794238,7.74
6.562893,7.11
7.3768125,5.77
6.8524303,7.49
6.2193327,6.83
6.489437,8.7
6.2568026,7.3
7.124315,6.83
5.677069,5.93
7.2987685,7.39
6.504757,6.89
6.6662564,6.0
5.944514,6.78
8.620397,8.22
6.987686,6.63
6.424555,6.42
6.8214297,7.05
7.6546903,5.64
7.1021657,7.34
8.188779,8.7
6.729452,6.48
7.01495,6.76
7.4913034,7.68
8.445215,8.25
8.082952,8.7
6.809696,8.17
6.0075054,4.39
6.5119185,5.62
5.4963346,6.05
5.9466095,5.03
5.979161,5.25
6.840854,6.79
6.9611883,6.48
8.219709,9.15
5.521023,4.9
5.456052,6.52
5.976081,4.9
5.5015216,5.64
6.3063097,5.91
4.869421,5.46
10.156846,8.7
7.630151,8.21
7.8873563,8.08
5.5966864,5.42
9.145846,8.7
6.4533453,7.44
6.634939,6.05
8.745023,8.14
8.6830435,7.45
6.6853995,7.74
8.315467,8.7
4.955016,5.46
6.4277773,6.27
5.817936,5.3
6.6409903,4.86
5.9185214,6.14
6.407612,8.52
7.490746,8.0
7.765558,6.71
8.698264,8.3
6.29946,5.47
8.31027,7.19
6.683926,6.8
5.969252,5.68
6.8120456,7.96
8.236242,8.7
5.5213585,4.34
6.7462077,5.89
5.878803,6.59
5.0965176,5.3
4.520917,4.6
6.260451,4.42
5.829354,4.3
6.786984,6.3
5.3713007,5.4
5.7023625,6.2
5.227968,4.1
5.7814927,7.1
5.9783936,7.06
7.0854335,5.4
6.2178717,6.9
6.6864095,7.15
7.172017,6.29
5.2940454,4.79
4.7483735,5.21
7.711327,7.82
7.802247,7.52
6.187787,5.8
7.586498,7.21
7.4591045,7.6
8.290467,8.15
6.8056784,7.85
5.083977,5.77
8.134737,9.1
7.280508,7.85
7.270386,9.15
5.2552757,6.46
7.4854174,9.4
6.5946927,4.77
7.537579,8.18
5.4794817,3.7
5.4399476,4.4
6.996574,8.37
5.715257,4.9
5.2648067,4.9
5.335618,4.98
5.084164,8.17
5.089507,5.36
4.729099,4.67
5.1815944,5.85
6.2756553,8.19
5.1615496,5.44
5.218288,4.56
7.5909696,7.96
5.5213523,7.68
6.814692,6.72
5.651239,5.96
5.6195526,4.19
5.875561,4.68
5.5086737,3.79
6.5073295,5.41
5.3071365,7.16
8.243325,8.35
8.1015835,8.62
7.644755,8.55
7.7519293,7.28
7.323042,6.7
6.4491434,7.51
6.0473037,6.0
6.6758027,6.89
6.5059943,6.85
6.973469,6.71
6.2830696,6.21
6.285749,7.69
7.118073,6.22
7.438304,8.38
7.0064063,7.31
7.773415,8.68
7.2927465,6.15
5.0708876,5.2
6.818471,6.4
8.123234,8.26
5.9375606,5.54
5.543372,5.54
6.17554,6.44
6.433543,5.34
6.0426493,7.05
5.883179,5.01
7.8017383,6.16
6.4727497,7.4
4.385187,3.99
6.111696,6.57
4.919765,5.47
5.0407333,4.7
7.556207,5.11
5.8992567,6.02
6.293391,6.27
8.21245,6.6
6.0235105,5.25
5.199735,5.13
5.4401083,6.31
7.899964,6.34
7.9482603,10.57
7.2825155,6.4
6.471565,5.1
7.280039,7.94
6.814089,10.15
7.275753,7.36
6.3665004,6.32
6.44386,6.63
6.996462,8.54
5.8515744,8.39
6.730444,4.92
6.625159,6.45
7.0797086,6.35
6.783212,6.8
6.426958,8.36
6.839657,7.77
4.8991585,6.22
4.9467344,5.6
5.1518703,5.47
5.4647584,4.27
6.474588,6.11
5.7239666,5.34
5.8537345,5.47
6.024022,6.14
5.095179,4.79
6.2993593,5.95
6.139699,5.64
6.494178,6.55
5.3643627,8.22
5.5826116,8.7
5.340378,5.71
4.7819233,7.22
6.433529,4.76
5.2670712,5.62
6.743808,7.66
6.1942697,6.57
6.295309,7.54
6.01395,4.57
5.669657,5.17
6.7674747,5.31
5.96253,8.1
6.318335,7.27
6.544143,7.92
5.947278,7.54
7.1312146,6.91
5.518963,7.6
5.566704,5.85
4.949546,5.38
6.139738,8.7
6.277188,7.16
5.694931,4.29
5.666853,5.56
4.913979,4.24
5.5127087,4.82
6.3848004,4.47
4.812133,5.05
6.738059,4.25
5.211123,6.72
5.858756,4.4
5.9379163,3.87
6.985542,5.5
6.991474,7.4
6.319025,6.48
6.158473,6.82
6.11452,6.66
7.3474064,8.11
7.078082,6.32
6.93563,7.26
7.9969215,7.34
5.6733966,5.72
6.634003,7.22
7.3532534,7.06
7.65996,7.66
7.010788,6.2
7.0077524,8.11
6.425227,6.72
5.344761,4.13
5.0757384,5.06
6.740806,5.6
6.3924823,5.85
6.2260475,5.76
5.951534,5.12
6.8153553,5.36
5.44616,5.8
5.559648,5.46
5.876657,5.11
5.9113603,6.14
5.9867554,3.85
6.027493,3.9
7.3387527,8.22
5.6980543,6.41
6.7367296,6.0
6.391896,6.23
5.8272595,6.38
6.186868,6.69
4.2824244,8.59
7.085031,6.02
6.3259735,7.49
7.5673213,9.77
8.26701,6.7
7.379919,8.0
7.3135133,6.67
7.9705315,8.4
7.2418756,7.21
7.9470496,9.09
7.724019,6.8
7.423204,6.42
7.4562936,7.24
7.8283386,8.3
6.3548684,6.54
7.7164373,9.0
8.066027,8.89
7.819961,8.22
6.4087167,7.06
6.7784524,8.74
7.663788,8.1
7.3582845,9.3
8.695488,7.7
7.8834696,8.21
7.61952,7.08
7.599831,5.92
5.320301,7.26
5.520297,4.72
5.7794123,6.94
6.0974236,4.1
7.2858543,8.52
4.759007,5.49
4.690246,5.8
7.8405914,6.96
5.5536985,5.3
4.2269363,4.87
4.8036103,5.0
6.6846976,8.3
6.6022525,8.05
5.823287,6.53
7.505789,6.64
6.670845,8.3
6.3493223,6.16
7.415222,6.88
5.784125,8.4
6.763493,6.96
6.0827994,6.71
4.5309687,5.1
6.5004077,7.2
6.818126,7.39
4.6672506,5.18
6.7540526,4.05
6.7096825,6.07
5.1491194,4.57
4.9004045,4.31
4.4013677,4.85
6.4353943,7.34
5.0883384,5.8
6.2756734,7.89
6.173161,7.82
6.8799005,7.74
6.2250366,8.44
6.003399,5.42
6.89868,8.52
6.0336847,8.0
5.9344554,8.0
5.4920435,3.79
5.478644,7.02
6.7901025,8.55
6.3165193,9.0
6.65715,8.26
6.6025767,7.92
6.617651,5.02
6.312161,9.0
5.9367833,6.24
6.289823,5.97
6.63292,6.41
6.317513,5.57
7.114263,6.99
6.2964497,5.57
6.689267,6.11
6.4542727,6.28
6.878689,6.48
6.300263,7.32
5.8255205,6.99
7.4174166,5.27
7.430823,5.16
5.648052,5.18
5.027155,3.38
5.787323,9.17
9.240876,7.92
8.256739,6.48
5.2993937,3.75
6.5068836,7.35
8.393859,8.44
6.12176,6.82
6.5470963,7.85
5.1485405,7.64
8.262911,5.2
5.2255635,6.74
6.8451834,7.7
6.845139,7.82
6.7794924,6.02
6.390004,6.92
6.8451405,5.47
6.720035,6.48
5.624422,5.39
6.845116,6.68
6.845108,4.87
6.845135,7.6
6.1816444,7.0
5.905413,6.48
6.2199526,6.48
6.931384,7.04
5.5528483,8.25
6.8451385,5.77
6.8451657,7.92
5.959313,7.0
5.9262214,7.02
7.443392,7.91
5.033204,4.28
6.3963523,6.55
5.9140744,5.23
6.0928216,8.57
6.365984,5.8
5.534461,5.0
7.304772,7.22
5.8213534,4.46
6.185894,5.92
6.709318,5.28
7.410626,5.8
6.5772305,5.65
6.7768884,6.14
7.1322384,7.77
6.047671,6.51
6.9422684,7.59
5.639572,6.99
6.4100924,6.85
7.262521,7.52
4.300247,4.66
6.763819,5.36
7.161213,7.96
4.6028147,6.64
5.6824236,3.22
5.970486,7.64
6.068386,4.7
5.0590453,5.74
5.9679785,6.5
6.7095075,7.47
5.844223,7.0
6.9795914,5.68
6.008337,6.44
5.917462,3.86
6.0011544,6.2
6.945838,7.74
6.0477757,4.29
5.5018525,6.06
5.3052273,6.17
5.311913,5.91
5.6475673,5.05
5.4391804,4.85
7.68104,7.15
5.2993836,5.04
5.262456,5.21
6.3896384,5.25
5.062207,3.1
5.637557,4.21
5.8800874,3.68
6.2921195,5.04
7.145796,7.4
6.715487,5.7
6.8008413,8.64
6.208313,5.44
5.2057495,5.27
4.4000206,3.07
5.211899,4.92
5.356743,5.15
5.263495,4.39
4.589405,4.35
5.185062,5.94
3.790117,3.25
5.3708525,4.54
4.6178393,5.68
6.2449236,5.76
6.0393047,7.12
5.34697,5.71
6.6107564,6.69
5.378902,5.41
5.793553,7.74
5.8743486,5.02
6.684172,6.5
6.2769923,5.38
5.243423,7.85
5.635388,6.66
5.309738,6.07
7.139316,6.43
7.200325,5.45
5.9897656,5.62
7.4784236,7.13
5.6570883,5.02
5.2376194,4.63
6.0824866,5.15
6.833306,5.12
5.4039154,8.0
6.601525,6.19
7.2543163,8.0
5.1475534,5.4
5.718984,4.13
4.488044,3.17
6.7296224,4.36
5.8333936,4.09
5.7936163,7.89
4.9087534,4.96
6.3205223,6.42
5.2776337,4.21
5.5327244,7.54
4.99702,6.38
5.2071066,6.74
6.1241446,7.25
5.9140406,6.26
5.4417267,7.66
6.2603917,6.67
5.8062463,4.46
5.3721595,5.32
5.099856,6.96
6.033625,4.53
6.6348085,7.03
6.3466434,7.96
5.3648286,3.9
6.0887733,6.72
6.1224203,6.12
5.365635,6.34
5.345085,4.75
5.9809957,7.47
5.8510985,5.11
7.0318565,9.11
5.807019,6.81
5.3019295,5.96
6.176877,6.85
4.739811,6.91
7.175852,6.34
6.0535235,5.77
6.3555355,7.42
5.42181,7.55
6.200717,7.3
6.517163,8.11
6.3711596,7.0
5.1866355,7.34
6.1832275,6.81
6.2781734,6.84
5.9871264,6.28
8.78382,8.09
6.8361125,7.17
7.448406,5.43
7.6919518,8.7
8.613151,9.49
5.7205315,7.7
6.0763392,6.59
7.397638,5.97
6.9709864,5.08
6.990349,6.86
6.5479846,8.1
6.5410876,8.52
6.3397875,6.56
7.3621383,8.01
9.039646,8.0
7.5424485,8.7
7.146752,7.1
7.032514,7.41
7.0053115,5.44
6.724929,7.42
7.1044507,5.77
6.555002,7.42
6.429909,7.72
6.6387653,6.24
7.1548724,7.92
6.8776817,8.15
6.503426,7.8
8.890263,9.36
6.2913456,6.79
7.9183555,6.33
7.099922,8.7
6.5300307,7.92
6.825266,7.5
7.0717907,8.3
6.135791,7.33
7.204127,8.52
6.2037177,7.92
6.9507265,5.77
6.4324565,7.6
6.2073393,7.3
4.6466656,5.06
5.0923147,5.05
5.321949,4.72
5.1421213,5.34
5.694833,5.6
6.5400615,5.7
6.8812647,7.6
7.1170053,7.03
7.1560864,5.64
6.4429913,5.3
7.0131273,5.77
4.3296328,5.23
5.977789,5.3
7.0708914,5.34
5.852661,6.76
5.952981,6.72
4.8585944,6.05
4.562347,5.79
6.434969,6.95
6.0027823,7.11
5.322961,7.84
6.537306,6.12
7.4464407,7.92
5.8384023,7.6
7.3505883,6.82
8.171366,5.97
7.965864,8.26
5.414971,6.74
7.493954,8.48
6.6927247,7.35
6.7534018,6.85
6.1711035,6.16
6.8257346,7.3
7.333218,4.8
6.5240335,4.91
8.403278,6.97
4.5728064,6.62
6.6397667,7.7
6.0385275,6.45
6.6875634,7.1
5.6327705,7.82
7.8319073,8.12
4.642541,3.57
5.505107,4.52
6.1223373,8.96
7.081851,5.93
6.9828653,6.46
6.954859,6.2
5.949382,7.14
5.666426,5.91
6.6280904,6.16
7.3593006,7.0
8.563641,6.43
6.156445,7.37
7.7986317,7.36
6.7401805,6.94
6.7517776,6.01
6.012907,5.9
7.0042806,6.0
6.647895,5.63
6.1292033,6.84
8.3817625,8.1
7.6472826,6.11
7.191245,6.57
6.116366,5.29
7.4145346,7.51
8.244767,7.95
5.156229,4.1
7.4411507,7.8
6.132152,7.37
5.986201,6.07
6.99871,8.09
6.5446234,5.4
6.4769983,6.0
7.0518255,6.25
6.7903748,6.1
6.6243286,5.9
6.9390326,5.4
6.186549,5.94
5.4838157,6.7
5.0621953,4.1
6.5479608,5.5
6.293685,5.12
6.580461,6.01
5.064474,6.08
6.385721,7.6
6.87818,6.4
6.1683517,6.8
6.0325313,7.7
6.7064586,6.33
6.573567,6.7
6.771686,7.3
6.380269,5.2
6.2482057,5.7
5.9754124,4.66
5.538499,5.07
4.3484006,6.5
6.382301,7.0
5.7684717,4.52
6.4197345,7.0
5.4292445,4.3
7.1768093,7.0
6.2614627,6.0
6.317997,6.0
5.5560975,5.41
6.2805257,7.0
5.320224,5.12
5.1419215,6.7
6.9189405,6.0
4.767717,4.49
6.09949,4.2
5.277979,5.52
6.4747634,9.05
6.4902067,6.89
8.628315,9.32
6.7153583,7.52
6.0131783,6.74
4.3084435,3.84
