predictions,targets
5.6679573,5.47
5.5766554,5.74
5.810746,3.89
5.6086836,4.57
5.803248,7.47
4.8658247,4.6
4.53388,4.41
5.036337,4.52
4.6663322,4.03
5.0773077,5.6
5.425407,4.4
4.9360943,4.9
5.6685696,3.31
5.4424024,4.5
5.612526,4.1
5.4916973,4.3
6.9167356,7.39
6.8550825,7.02
7.1105857,7.0
6.892829,8.3
7.1427813,5.9
6.406096,4.5
6.631815,7.3
6.538908,4.17
6.5383234,6.54
6.0194626,5.3
7.4704843,4.6
5.1923733,5.29
4.7121572,4.31
5.3836155,4.92
4.681282,4.36
6.6161013,7.57
6.308597,4.24
7.8158674,5.34
5.456462,5.55
4.085305,5.32
5.73753,6.26
5.637992,6.37
6.219779,4.73
5.6743026,4.68
5.689587,5.73
7.004607,7.24
6.0630045,5.8
5.6400948,4.74
6.979351,6.64
6.274436,6.79
5.4149084,4.7
4.1967573,4.16
5.6019087,4.19
5.675728,4.1
2.6297226,3.54
6.1519423,5.38
6.6370454,5.82
6.266122,5.19
7.0081744,6.11
6.6118064,7.49
6.454708,7.18
6.4625206,7.74
6.8242764,7.41
8.163345,7.2
7.0963445,6.89
4.8479395,3.77
5.548514,4.68
5.8505354,7.43
5.6691427,7.0
5.5206957,3.76
6.151637,5.52
6.069945,6.44
7.1993575,6.54
4.793466,5.08
6.481987,6.36
6.632159,7.4
6.893778,6.41
7.642921,7.15
7.6669426,8.05
6.299602,6.64
6.503829,6.3
8.743886,10.7
9.890412,10.57
5.7461343,7.0
6.056347,5.82
5.485525,6.1
5.647273,6.7
5.192804,6.02
6.4194546,6.58
5.645021,5.96
5.344094,7.72
6.126944,6.77
7.8671517,6.49
5.5358415,4.44
7.7259254,6.22
6.8121467,6.41
6.6124716,5.03
4.9005685,6.23
6.2208247,5.71
6.2467146,8.01
6.6986265,7.51
6.099249,5.57
6.356724,6.8
7.3424,6.1
5.222931,4.4
8.22583,8.13
6.4149795,7.3
7.353148,4.97
7.7304344,8.0
4.9665585,4.7
6.6390157,7.14
6.117682,5.83
8.299171,7.52
5.8185725,6.8
6.691938,5.9
6.23579,4.9
6.2452297,6.35
5.709386,7.2
6.6662874,7.02
6.389265,6.5
5.5728846,5.13
7.7011065,6.8
6.473361,7.15
6.262388,4.89
5.2244163,4.64
5.7837567,5.21
6.806234,7.67
6.705126,6.65
6.4842725,5.8
6.503985,4.47
7.445918,7.12
6.8317456,4.71
7.793835,8.77
6.6286283,7.22
7.4667788,6.91
6.1192703,8.0
5.855876,5.21
7.164534,8.06
5.4317575,4.32
6.965233,8.19
7.130619,5.72
6.563012,4.14
7.331424,8.59
6.627899,3.6
4.950645,5.6
5.9583497,6.08
6.6141844,7.6
5.7224517,4.6
8.074152,8.01
6.41874,6.08
7.5898232,7.36
5.4746194,5.26
6.9250755,7.8
6.8155923,6.89
6.7302485,4.5
7.5520983,6.53
5.6156816,6.55
6.661327,6.57
6.7184,7.09
5.744669,6.6
6.5903687,7.0
6.2471595,6.78
4.979279,4.4
8.280709,8.33
7.231156,4.97
6.3228245,7.24
7.0734754,9.06
7.2168903,7.0
6.704824,7.1
6.9742746,5.35
4.410882,4.5
6.7250156,7.64
6.294128,6.3
6.255305,5.19
5.9466476,6.96
7.2481914,6.74
7.579203,7.65
7.1310205,6.5
4.6157827,4.88
5.7033777,5.14
5.9891386,5.82
6.852071,4.29
5.619297,4.5
5.2911835,5.56
7.396587,7.02
7.5683603,8.1
5.6349344,7.21
5.424613,4.3
5.4346495,6.52
5.3898735,4.6
7.8784637,7.44
7.238855,6.41
6.24258,5.2
5.951185,5.87
7.268791,7.57
5.519238,6.1
7.320296,6.6
5.139535,4.2
5.432831,4.8
6.6759768,5.98
7.034085,6.38
5.4243937,5.29
6.122402,5.15
5.750666,6.57
7.0921206,7.82
6.289833,7.57
5.4274273,5.23
6.4356403,4.73
8.288946,7.42
5.708587,4.37
6.2398906,5.36
6.948121,6.72
7.2804666,7.72
6.98863,4.4
6.263335,6.53
6.818328,6.26
6.531386,6.66
7.3358355,6.74
6.083197,4.6
5.3447275,5.33
7.080577,7.85
5.711825,4.73
7.4224596,7.49
7.163315,6.99
6.786972,6.51
5.1130548,4.92
6.640513,8.03
7.590319,8.26
5.779326,5.09
5.679824,8.48
7.1914062,4.56
6.487803,8.49
6.1821465,6.1
5.5997295,5.78
5.0509233,5.0
4.9391875,6.32
6.8242197,9.15
6.630312,6.3
5.1300626,5.72
6.952197,8.66
7.991897,9.7
4.960774,5.34
4.5713477,5.07
8.558092,5.47
6.037892,5.22
9.346665,6.33
6.598441,4.46
6.606359,5.33
8.146816,6.39
6.180876,5.27
5.9561973,6.19
7.1510124,5.79
6.577383,5.28
6.1524477,6.72
6.1925797,6.51
5.5516315,5.21
5.6408434,5.76
6.398796,5.99
6.6030755,6.89
6.185791,7.59
6.5717845,4.07
6.6867385,7.49
6.7633653,5.67
5.385371,6.34
6.8791757,5.4
5.3735876,5.43
5.49677,6.04
4.877224,5.81
6.033724,5.77
5.365188,5.7
5.8221016,5.36
6.9131966,5.1
6.397169,5.74
5.647668,5.89
5.6242495,4.4
7.294697,7.92
5.9565067,7.31
5.687355,5.15
7.9458475,5.33
6.592497,7.44
6.698006,8.46
5.559044,5.85
6.1212025,8.85
5.3627534,4.01
5.4610662,4.2
5.8522353,4.2
5.3154235,4.54
5.9749017,4.4
6.122529,5.14
4.5768013,4.32
3.982945,7.07
7.7335033,6.74
7.541032,7.32
6.6208324,5.93
7.6894183,8.46
6.8439093,6.76
5.901123,6.67
6.555113,6.55
8.7744255,8.47
8.320697,8.74
6.492928,7.47
5.325225,4.13
5.7849436,4.76
5.7502203,5.76
5.29029,5.46
6.075595,5.51
6.084832,5.16
5.232032,5.49
5.6058426,5.76
5.735097,5.46
5.4516425,5.19
5.811455,6.11
5.877032,4.49
4.8565497,5.29
5.9768248,4.74
6.163372,5.23
5.403987,4.87
4.516342,4.29
6.204421,4.78
5.443891,4.45
5.1146374,4.34
4.677465,4.45
5.9159718,4.31
7.1291137,5.31
5.3088417,4.79
4.87402,4.64
6.1759596,5.17
5.449114,4.77
6.183623,5.11
5.5235124,4.52
6.85432,6.89
6.9651365,6.43
6.7179484,6.89
6.521503,5.0
6.0385594,6.3
7.1869707,7.28
5.7236047,6.61
7.0539927,7.2
5.6970005,5.96
6.941809,7.74
7.2832093,7.0
7.261516,7.28
5.569078,5.22
5.7345924,4.17
4.537655,4.54
4.2959833,3.88
7.614437,6.11
5.6579804,4.78
6.524734,4.88
4.496214,5.15
5.384493,4.79
5.510096,5.53
5.278966,5.66
5.77237,5.09
5.852657,5.69
5.8277254,5.12
5.279712,4.19
4.750731,4.31
5.3053846,4.69
4.0298247,4.19
4.989109,5.15
5.6752462,5.27
5.4264774,5.04
5.1218762,5.45
4.9381704,5.39
5.2043552,4.87
5.420737,4.79
5.710271,5.9
4.8287315,5.01
5.966091,5.17
5.52151,4.67
8.296969,7.49
7.2668757,7.59
7.9023495,4.8
5.2876596,3.64
7.8797455,6.71
7.0246534,7.63
4.859142,5.27
5.951766,5.49
4.380415,5.97
5.7695627,5.18
6.8235283,4.96
4.82609,5.29
5.310786,4.76
6.0534797,4.86
5.659309,4.56
6.2106915,6.74
4.959862,4.12
4.3530846,5.9
7.1078644,5.2
6.36634,3.74
6.0837235,10.59
6.579917,10.7
6.699114,7.17
7.0375624,9.07
5.9057875,4.33
6.822504,6.72
6.3389335,7.33
6.0933995,4.91
7.985665,8.68
6.7945876,7.55
7.9692593,7.82
7.560239,8.32
7.993513,5.88
6.520829,6.62
7.1190076,5.17
6.811216,6.87
6.97744,7.29
6.6893907,6.05
6.9928503,6.19
6.1632566,6.53
7.2112684,7.19
7.1998754,7.54
5.8609757,5.52
6.3655252,7.47
6.7919707,6.66
7.837544,7.91
5.7193904,4.92
7.9842744,9.25
6.309518,5.55
7.3176794,7.77
6.2334185,7.18
7.2203794,7.89
7.352591,5.66
7.218024,6.92
6.970542,6.09
6.585429,7.3
6.693811,7.17
7.1733985,7.24
6.421114,6.39
6.2409735,4.89
8.174284,7.96
7.007263,6.81
7.6011004,7.46
6.6817355,7.67
6.7857533,6.01
5.6245093,5.88
6.997702,6.59
6.8747077,7.79
6.8576035,7.13
6.99138,7.46
8.201476,7.92
6.5490246,5.74
6.092613,7.28
6.4931483,7.04
7.446635,7.6
6.6969724,6.86
6.7959275,6.67
6.9597354,7.27
6.9794903,6.23
7.4919624,8.89
6.083412,6.91
6.01496,7.57
8.957115,9.11
6.4899597,6.87
5.9450836,6.84
6.3090587,7.39
7.209797,6.1
8.13429,7.92
6.83971,6.84
6.611344,7.33
6.7778015,6.48
6.4847083,6.57
7.2263784,7.54
6.9194245,5.92
6.8900967,6.11
8.045181,8.35
7.251572,6.54
6.293921,5.95
7.6000867,6.8
6.3881235,7.54
6.578116,7.47
6.309392,7.4
6.991833,6.82
6.962584,7.62
7.319466,6.67
7.8528595,5.96
7.606644,6.6
7.7025666,7.96
6.1263165,7.0
6.3977203,7.07
6.4397726,7.46
7.112345,8.01
6.1814027,5.84
5.6715584,6.01
4.8169613,5.1
5.3294516,4.83
6.2380137,5.55
6.7378306,6.53
6.4610615,5.38
5.4798303,6.62
7.122838,5.31
6.456056,5.55
5.46399,5.39
5.9865613,9.0
7.2751594,7.74
6.092299,7.09
6.555301,6.43
7.111265,7.47
7.886902,7.03
7.108266,6.08
6.922471,6.31
6.5390644,6.66
6.2556095,5.47
7.1937413,7.27
7.2576704,7.3
6.9737105,8.43
7.3964252,6.69
7.935544,7.65
7.240039,5.95
7.4353447,7.29
7.349034,5.7
6.8371773,7.58
7.0116014,7.92
5.9070907,7.07
7.7817745,7.31
6.0939283,8.01
6.0209665,10.29
7.063657,8.12
7.289611,6.85
8.057949,8.24
6.1629567,6.22
7.634506,6.12
5.8639827,4.44
8.014048,8.12
7.9338818,8.52
6.8258686,8.12
7.258105,7.47
7.4759483,7.07
7.563495,8.8
7.46642,8.05
6.3704276,6.85
6.8923926,6.72
5.1968455,7.31
8.032256,6.43
7.2118444,8.04
6.7959394,6.24
7.751025,8.7
6.7267094,7.58
7.6706877,8.14
5.7823973,7.56
7.8356442,6.39
7.3262897,7.23
8.125076,8.38
7.1509275,5.65
6.36393,5.64
7.5576034,7.61
6.4221325,8.21
8.313175,8.4
7.425051,7.92
7.0261955,7.44
6.6486754,7.55
6.9734845,3.89
6.9044943,7.03
6.600535,6.68
7.361186,7.69
7.2319503,7.11
7.2352023,6.08
6.4355946,6.66
7.727,6.97
6.6748576,8.0
7.5426283,8.52
7.4413095,7.46
6.2555056,7.53
7.191961,7.71
6.954859,8.04
7.4142046,8.06
7.4236016,7.48
7.1427903,7.21
7.1706686,8.31
7.2242336,6.67
6.5251365,7.24
7.9117885,8.59
7.497708,7.74
7.746539,7.77
6.3054066,6.26
6.711573,6.49
4.4631853,3.63
5.1929836,4.85
5.411868,5.11
6.45618,5.19
7.296284,5.55
6.1200924,5.36
7.0533166,5.95
6.570381,5.92
5.864664,5.66
6.337608,5.74
6.2726088,6.89
6.1311984,8.4
7.245818,6.61
7.44927,7.8
6.0926046,7.66
7.597752,7.85
7.381868,7.0
5.9827056,4.88
6.590271,7.46
6.199309,6.4
6.4201546,4.35
6.526312,4.48
6.52152,6.51
7.165032,6.82
6.041742,7.55
6.6728425,6.72
5.546855,6.07
5.854988,4.52
5.651737,5.48
5.834708,5.6
6.085617,5.37
7.477679,5.82
6.715169,6.16
5.950112,5.64
5.6134925,5.39
5.7432375,5.72
5.6068306,5.62
7.5334444,5.66
5.5444136,5.09
7.4490676,9.64
6.868125,7.26
7.794023,6.63
5.981233,4.21
7.274292,6.46
6.6755433,6.34
4.530835,4.31
5.8481536,5.6
6.616157,7.83
7.522202,8.51
7.363598,6.24
7.3523846,6.71
7.405713,7.42
6.684767,7.09
5.4831214,6.27
7.404772,8.42
7.179594,6.18
7.26523,7.0
7.721691,9.39
5.902094,4.9
6.1620154,6.12
6.6817136,6.52
7.287768,8.96
6.823409,7.85
6.752087,5.23
5.7366495,5.39
5.471841,5.17
5.495101,5.1
6.0050592,5.21
5.51582,4.98
5.248827,4.64
5.334878,5.2
5.751976,4.9
5.312037,4.58
6.261081,5.37
6.2619815,5.05
5.680484,3.66
5.2235637,5.66
4.762981,5.24
5.952258,5.49
5.5210147,5.07
4.8011684,5.05
5.892647,5.34
4.9204206,5.29
4.918354,5.0
5.2736287,5.17
6.061157,5.15
5.1892266,5.27
5.7704673,5.75
6.423026,5.09
4.4655848,5.24
5.997727,4.98
5.8431134,5.23
5.6981287,5.17
3.7432063,3.14
4.176049,2.19
6.407383,4.43
7.199879,4.3
5.7010384,4.6
7.738583,8.0
6.794246,7.24
6.230246,5.97
6.827674,5.18
5.506357,6.06
7.031132,5.48
5.7372584,5.1
6.1197753,5.51
6.888574,5.31
5.1076937,5.45
5.485094,6.08
4.9851236,5.82
6.2579484,3.89
6.4205227,4.34
6.7944264,6.82
6.237766,4.95
6.4655137,4.5
5.829271,5.85
7.3738275,6.43
5.358795,6.47
7.1181784,8.19
6.5308957,6.92
5.5715437,6.0
5.6546736,5.23
7.6646423,6.89
6.785096,5.2
7.0092382,7.0
7.31784,7.46
7.081938,6.43
7.17082,6.1
6.2232985,6.1
6.231368,6.94
7.1871614,6.96
5.825242,6.3
6.953491,8.0
6.6915426,7.09
7.1979446,7.08
6.529242,5.68
6.725146,10.3
6.7056856,8.52
5.9995766,9.52
7.0993814,6.92
6.4327507,6.48
6.339686,7.64
5.6272945,5.59
6.129266,4.51
7.7448273,7.92
6.710793,8.54
7.433341,7.56
6.9146223,7.21
6.079655,8.44
6.742438,7.32
5.9451685,6.28
5.630817,7.59
5.3110485,5.97
6.6239476,5.06
6.454917,4.8
8.129612,6.68
7.06708,7.6
5.899326,8.05
6.842866,7.86
6.987216,8.12
7.367529,7.21
6.4415655,6.33
6.5980353,7.0
6.1332273,8.38
7.207761,7.2
7.4660244,7.05
8.300388,7.89
6.082698,7.59
5.6064262,6.91
7.073556,8.54
7.9375567,7.51
7.33007,7.32
7.3628945,8.36
6.4597554,6.43
6.838377,8.51
8.326371,8.13
5.418844,6.56
5.387335,3.28
5.5618963,6.01
5.733447,5.82
5.150579,6.03
5.606681,5.3
5.563653,4.85
7.2845182,4.42
5.6638255,5.57
5.6189966,4.92
5.422656,5.8
6.487305,5.84
5.432678,5.33
5.3526697,6.85
5.8076,6.47
6.067978,4.6
5.916405,3.13
7.952441,9.15
6.696287,9.26
5.7160053,5.55
5.7181582,6.29
5.3460374,5.0
5.7048097,5.77
4.762151,4.22
4.8993726,4.12
4.7505097,3.84
5.5148487,4.6
6.279626,8.15
6.8603477,7.66
6.478413,6.74
6.8360653,7.89
6.289087,6.82
5.9946117,5.03
5.4438415,6.6
6.923656,6.68
6.0387173,4.58
5.866407,8.28
7.461996,8.96
7.151327,9.64
5.122734,8.01
6.6963563,8.7
6.031493,8.64
2.8991284,2.07
7.2272644,8.6
5.3182034,8.39
5.075501,8.8
6.6996303,6.51
5.260236,7.82
8.6931305,9.05
6.94175,7.39
7.016411,8.6
6.197504,5.2
5.8687716,5.07
5.365115,5.0
5.934776,7.25
5.8357615,7.5
7.221553,6.18
6.9092546,7.74
6.67483,5.36
6.2332377,6.89
5.9779935,8.01
5.389888,6.9
7.0308084,6.5
7.0206885,7.11
6.9346046,6.25
7.704012,7.0
6.261824,5.02
8.181779,7.28
4.8610096,5.6
5.7050962,6.0
6.144153,7.0
5.718364,6.5
5.541219,4.76
5.0711546,4.51
7.105291,7.16
6.3718257,7.08
7.103277,6.55
6.3672094,6.0
6.32128,5.42
6.0559816,6.77
7.044507,6.92
5.6438465,4.9
7.671045,7.23
8.383978,8.27
7.248415,6.44
6.9884224,7.17
7.2012362,7.0
4.9318795,6.39
6.630798,7.07
5.311318,6.74
6.703581,7.66
7.0683236,7.82
7.0507293,7.01
7.554928,6.77
6.4113326,5.33
7.278794,7.92
6.948031,6.7
5.6541476,7.23
5.3615656,7.54
7.4564757,5.28
7.093344,7.05
6.3084335,7.62
6.3177357,5.9
6.7846003,7.92
6.753892,6.85
6.153386,7.3
6.408654,4.89
6.6987867,6.4
7.013006,6.44
7.898864,5.57
7.029668,8.3
7.5698233,8.97
6.971616,6.25
7.531558,7.72
6.8318267,6.73
6.769487,7.06
7.237869,7.7
5.094631,6.0
6.228669,5.43
9.21971,9.04
7.519727,5.89
4.961331,5.3
5.4340944,5.79
8.830193,9.59
8.180454,9.0
4.5893574,8.57
5.149236,5.67
4.609148,4.95
9.220455,9.08
6.2756653,6.02
8.498162,9.63
6.212107,4.84
5.0685616,4.32
9.854598,9.77
8.785316,9.28
7.610072,8.7
7.8372097,5.6
7.7769246,6.91
5.2093344,6.35
9.265769,10.01
6.7107425,7.41
7.4654813,10.3
4.5061035,5.55
7.530067,7.47
9.022653,8.4
7.250443,4.59
7.1067467,6.36
6.3241644,5.06
6.660658,4.66
7.152641,9.46
9.016521,9.74
6.3345013,4.24
7.400976,7.15
7.7632737,8.1
5.803849,4.43
6.538708,5.89
7.205376,7.76
5.680506,8.96
5.697102,5.04
6.346487,6.07
5.419469,5.51
6.1453805,5.34
5.7946496,4.74
5.6258173,5.47
6.4657125,4.7
5.746771,5.83
5.7860184,5.28
7.365311,7.1
6.97004,7.7
6.370523,8.17
8.095724,6.88
7.144338,9.4
7.339235,6.63
8.811203,8.93
5.7582316,6.46
6.151594,7.0
7.0920224,7.53
7.7217455,9.03
7.7369223,10.06
6.8184137,7.6
7.5458417,9.2
7.4556704,4.71
6.2569013,6.7
6.7744985,6.1
7.0881824,6.6
8.096827,9.08
5.4564633,6.89
7.4885573,7.88
5.7332067,5.21
8.531303,10.22
6.1456537,4.72
6.864507,8.85
8.633602,7.9
8.67865,8.6
7.868662,8.8
8.275465,7.4
6.8142653,8.8
6.7592835,7.19
6.4614887,5.5
7.1667595,5.73
8.159298,8.48
5.5854354,5.92
4.2965746,4.45
6.3292313,6.48
6.9163246,6.13
6.9394083,6.87
6.8824687,7.9
6.0367737,5.79
6.8379116,5.39
6.802527,6.73
6.243926,6.14
6.577369,6.1
7.730654,5.9
5.666514,6.61
6.7139034,6.19
6.9246964,7.1
6.0397463,5.24
6.1847186,7.47
6.2861624,7.35
5.0501595,5.71
6.4385724,6.5
6.6708803,6.97
7.586645,7.25
7.038948,6.6
5.76099,7.13
5.9641767,5.7
5.483176,5.98
5.5015364,5.44
6.495524,6.07
6.8941946,7.02
7.108386,6.49
7.131796,8.47
7.5620556,7.5
6.914776,6.62
6.2549677,6.2
7.6681285,7.02
6.4697394,7.7
6.6560206,8.17
6.840812,7.03
6.4941278,6.6
6.6149077,6.29
4.0572715,8.2
6.493966,7.39
7.296986,7.8
6.77564,7.28
5.7784786,5.71
6.9800315,7.05
6.2939024,6.06
7.4312134,8.7
6.265462,6.7
6.696662,7.3
6.71478,8.89
6.585071,6.59
7.055,5.75
7.5009136,6.52
7.4035497,8.0
7.8710256,7.39
5.643658,5.36
7.332154,9.43
6.694958,4.84
7.5163355,10.23
6.7121115,4.74
7.217115,8.84
6.17146,7.35
7.299415,6.7
6.5007396,8.92
6.4535694,5.92
6.7514596,8.62
6.660871,6.4
6.4089975,8.32
9.001062,8.28
7.1391463,5.34
7.2991447,9.51
5.3736305,6.15
7.911904,8.08
6.437236,5.64
6.379237,7.89
5.630226,5.8
6.4440804,7.41
6.03142,6.53
7.8727326,5.91
7.4506917,6.8
6.687788,6.3
7.2353325,9.0
6.1590624,6.14
6.010132,6.48
6.187904,5.08
5.4832625,4.51
5.74708,5.7
7.5938396,5.71
5.435807,7.1
6.5047307,5.52
7.0980887,5.41
6.1249986,5.0
3.7542238,4.0
6.5614204,8.11
7.1675234,7.64
8.901815,8.46
7.2952776,6.38
5.6230364,6.74
7.9298143,8.0
4.5220814,4.5
8.065622,9.1
8.107283,7.1
6.2671676,6.57
7.0697575,6.89
8.4063425,8.96
5.521986,6.2
7.717415,8.89
4.68884,6.9
8.123045,9.1
9.127634,8.0
6.9895625,6.73
6.4659996,7.92
7.0820885,8.0
8.098133,9.03
5.4964085,8.31
7.4177527,7.55
5.9118648,4.2
7.3170476,9.52
6.430547,7.82
6.787332,5.8
7.341298,8.4
8.020294,8.2
7.752568,8.0
7.048464,6.5
6.817339,4.85
7.1848826,7.95
8.196472,8.0
7.539725,7.6
7.629941,8.68
6.522233,6.46
7.197882,7.19
8.031665,7.79
5.9330673,5.6
7.7242193,8.26
7.596914,8.0
8.084365,8.0
6.2561593,6.43
8.646964,8.89
8.193802,7.85
9.00606,8.0
7.4924817,8.0
6.0442376,6.83
6.1021028,6.96
5.720435,6.0
6.999044,8.89
6.5132093,7.12
7.4733524,6.58
6.494061,5.9
7.1932435,8.3
8.024845,6.52
6.1729536,9.0
6.5939198,9.7
6.021409,4.62
5.5067024,5.21
5.3978486,8.15
6.2817082,7.86
5.466015,5.08
8.106158,8.52
5.8294783,5.44
5.999742,6.55
4.944142,5.54
7.9534492,9.0
7.440167,9.4
8.307081,10.0
8.969933,10.0
8.888708,10.0
5.3958836,6.1
7.0776353,8.4
6.5528946,5.8
8.043015,5.49
6.354684,8.14
9.959156,10.05
6.048629,5.02
5.719308,8.11
6.0494475,7.6
6.257244,7.48
5.3679667,6.19
5.0765142,4.36
7.6591988,6.41
7.2146873,6.9
6.2231197,6.52
6.6107764,7.82
5.718565,5.2
8.260222,6.6
7.66947,8.37
6.257417,6.33
8.543659,9.4
6.9665837,8.52
6.510585,5.96
5.7632403,6.3
8.095956,7.04
7.5664616,6.59
6.224522,7.0
5.407516,6.8
5.079338,4.82
6.3760366,6.04
8.105108,9.4
6.100556,8.37
5.8326297,7.33
6.9981933,6.99
5.8426323,5.8
7.2460957,10.15
5.9801183,6.32
8.626464,8.52
5.1632643,6.08
7.4171867,8.7
7.6594133,9.3
7.0119295,8.52
6.5307016,7.77
5.9755197,6.36
6.356744,7.89
7.905671,9.4
7.7619386,7.38
6.594871,7.0
7.7542043,8.11
5.4641647,4.7
6.346404,6.01
6.110433,8.49
6.7336464,9.1
5.415061,4.6
6.786399,4.68
7.4207454,8.4
5.5392475,4.6
6.0588636,6.75
7.2463756,10.4
6.0600815,5.9
6.269992,6.51
5.909186,5.98
6.041976,6.12
6.821574,6.17
5.239932,5.46
7.4105935,8.05
6.071981,6.01
6.6654663,7.51
5.72639,6.3
6.0377264,5.66
4.473055,5.6
8.332179,8.22
6.291328,8.18
7.9791346,8.52
6.5772676,7.18
6.7484303,8.25
7.4930105,7.89
5.7516384,6.4
6.2449803,6.31
5.9950094,6.79
6.664694,7.9
8.312607,9.22
6.185252,5.2
6.297553,4.6
6.5074983,6.18
6.086121,7.05
7.217271,9.0
7.133312,8.7
6.560335,8.03
6.317421,4.64
7.174385,9.76
7.231567,8.15
6.813685,7.57
5.423008,3.9
6.653608,7.3
8.169218,8.23
5.7118325,5.88
6.8679,6.89
7.1550303,8.7
6.9732304,8.18
5.102351,6.68
6.619768,7.85
7.154034,7.28
7.2960215,7.34
6.015343,8.59
5.4373074,5.94
6.288185,7.92
6.830257,7.94
6.1949673,6.68
6.1429224,6.44
6.1280527,7.54
7.027472,7.4
6.5303464,7.2
5.6995935,8.55
6.36461,5.76
5.8701806,7.33
6.9598293,6.76
8.086107,7.39
5.685828,8.27
5.624094,5.04
6.705836,9.34
5.2128124,7.09
5.886835,6.8
6.970406,6.09
7.2456913,6.67
7.3460712,5.51
7.316588,6.73
4.9136257,5.24
6.822277,7.51
7.658436,7.89
6.8793535,7.06
7.8684297,5.73
6.769437,6.53
5.533574,7.86
6.941199,7.89
5.9986157,6.57
7.56104,8.55
6.490201,5.72
6.3079524,6.45
6.2253666,6.7
6.1268773,7.48
5.797116,6.24
6.928826,8.52
6.7033668,8.3
6.806841,6.37
6.4146833,6.0
5.800597,5.85
6.418924,7.54
6.5586915,8.39
7.023154,5.84
6.0856004,7.77
8.558302,6.91
5.77268,6.71
7.390506,5.72
6.105259,6.26
6.7699285,5.45
5.2081146,5.38
5.8435373,6.57
8.645665,8.3
6.922429,9.06
6.044315,6.5
6.1769924,7.52
6.077812,5.4
7.686666,8.8
5.354947,6.12
5.6334147,6.6
6.804293,5.9
6.522593,7.9
4.978868,7.64
7.8185153,8.59
7.6389856,8.21
6.4789224,7.24
7.0691347,5.82
6.440031,5.56
7.203237,8.46
5.874892,4.48
6.557345,7.1
6.2337956,7.85
7.7060566,7.28
6.1064024,5.97
5.3842807,6.37
4.6315846,5.77
5.5198016,6.66
7.041306,6.9
6.852723,5.96
8.059081,8.52
7.587764,7.24
8.365173,7.31
7.561908,7.03
6.190206,7.51
7.031305,5.97
4.342599,4.19
6.669096,7.28
8.519527,8.18
7.372311,8.4
7.5744076,7.72
7.328181,6.8
7.5326586,6.97
6.130496,7.94
7.2256193,6.22
5.159793,4.5
7.599693,8.22
5.957911,5.8
5.9339967,4.92
5.189917,4.64
6.929332,6.15
4.96928,9.0
6.106681,6.69
7.5187473,7.82
6.624785,6.4
6.155355,6.64
6.755207,6.59
8.009354,8.06
6.4652505,7.74
6.027101,6.33
6.5489755,5.59
7.6572685,8.5
5.8539457,5.9
5.085697,7.8
5.16327,6.0
6.164199,6.92
6.324921,6.35
6.8642015,6.2
6.880643,8.19
5.8190165,6.6
5.0051465,4.48
6.106868,8.2
6.5756807,8.0
6.042564,6.01
5.784013,7.0
7.0606747,5.55
6.7990837,7.55
6.843186,7.92
7.163192,6.44
6.2383766,6.5
5.441633,7.3
5.2828317,5.5
5.9482465,4.4
5.2111797,6.6
7.364489,7.96
6.1560817,6.0
5.6967063,6.19
6.5088654,7.2
6.644592,6.19
6.3147597,5.48
6.1258235,6.17
5.962424,5.5
6.848638,4.61
6.4636536,4.66
6.2215524,8.52
6.2967668,5.52
6.767852,6.4
7.9740067,6.11
6.8487034,8.62
5.2732544,4.73
6.5765276,6.7
5.663931,4.8
7.787705,6.62
6.930198,7.12
6.5253286,7.48
7.1695623,9.6
5.952949,7.25
8.164795,8.35
6.562837,7.15
5.937133,4.31
6.544714,6.6
6.318297,7.35
6.1330614,6.45
6.2179255,6.01
6.446509,5.99
7.9404707,8.52
6.9564314,4.52
7.1854153,6.69
6.9314947,5.4
6.2268915,7.66
5.706877,4.78
5.595288,5.79
7.841066,8.46
6.2042055,5.14
5.942037,6.52
6.414644,6.5
5.4496183,5.89
6.9358516,6.63
5.4359083,5.62
5.3525248,5.06
6.3164535,5.89
5.5311575,5.61
6.712866,6.07
7.0670347,7.01
6.235657,7.13
6.4424515,7.21
9.583938,7.8
6.2417235,6.32
7.658425,7.12
6.2879524,7.19
6.4852366,6.26
6.1050997,5.8
5.814978,5.55
7.257161,8.07
7.9629183,8.43
7.164331,6.16
6.4915457,5.74
7.0978336,8.64
6.2467813,6.2
6.2448235,5.9
5.792757,5.22
6.698253,6.77
8.102686,7.7
6.4603615,6.43
6.344693,5.2
7.591821,9.52
7.814449,7.1
5.0877123,6.17
5.218448,4.95
6.450988,4.93
5.1918387,5.66
6.4199605,5.64
5.1827745,5.23
5.7457495,4.77
6.1837907,6.3
7.017393,6.85
6.674043,7.92
7.133444,6.05
7.131039,8.74
6.311615,8.96
7.875183,9.31
5.8051624,5.47
8.387039,7.05
5.9266415,5.99
6.78892,5.93
6.4408517,5.8
5.5527534,4.82
4.84899,5.41
4.906354,5.6
5.8639026,4.54
5.420186,5.21
6.6496396,5.06
7.8756123,5.39
5.5396028,3.37
5.586213,5.6
6.79152,4.98
7.365772,5.64
5.479174,4.39
5.5961866,6.74
6.8146,8.1
5.573008,7.01
6.1366177,6.92
4.954249,5.55
5.8092575,6.85
5.7014885,7.0
7.5593367,8.6
5.379179,6.4
6.367654,7.41
6.6289425,5.07
8.116615,8.02
5.7085843,6.92
6.3788476,7.89
5.8431787,5.93
5.7281,7.15
5.717125,5.64
7.7002034,5.72
6.337954,6.24
5.75334,8.64
7.2529125,9.55
7.78356,5.51
4.3813467,5.84
4.682876,6.49
6.643981,5.22
8.083995,9.0
5.963766,6.41
8.05937,6.92
6.6658983,8.2
7.4181094,8.5
6.7965693,7.55
7.3048263,6.26
7.0482054,7.93
6.4736114,6.19
7.030991,10.0
7.1816535,6.68
6.514921,9.7
7.6034737,6.0
7.4206457,9.3
6.539622,5.09
7.0370274,8.7
7.2046623,6.85
6.4102826,8.49
7.4413447,9.1
7.5963006,7.35
6.8962507,7.9
6.877053,5.64
7.2328653,9.05
7.152001,7.1
7.7102766,7.42
7.691421,8.8
5.683051,5.56
7.2487226,7.96
7.3432236,7.74
4.953087,7.96
7.7357607,8.02
7.5978327,7.2
7.0455923,6.44
7.559488,7.89
6.44807,6.82
5.7049117,4.18
6.523846,6.15
4.8240747,5.68
5.076055,6.18
6.643911,7.15
5.793431,6.44
5.963958,5.6
7.6011972,7.34
7.5415335,8.0
6.5257516,7.26
6.0590186,4.45
7.1274815,7.71
6.157945,6.76
5.3508606,5.71
6.295092,6.37
6.527299,6.51
6.0609164,3.95
6.484865,6.44
4.613575,4.3
5.178459,5.07
5.433965,5.38
6.7209406,4.65
6.985942,6.92
6.272485,9.25
6.459644,5.5
6.186722,7.4
5.2728252,4.9
6.1389008,7.2
6.6590953,5.1
6.4963784,6.95
6.2206044,6.4
6.3891854,6.73
6.751645,6.33
7.2950344,9.35
6.356219,6.88
6.5025916,3.64
5.648021,6.76
7.132904,6.12
5.9489965,4.56
6.7698526,6.22
5.4748363,4.41
6.1781526,7.31
4.901582,3.54
5.077578,6.74
7.552293,7.4
7.2413926,6.58
7.375816,7.05
7.054486,6.1
6.634967,6.14
7.8457046,7.13
6.182625,7.96
6.471445,7.57
4.948354,6.65
6.067528,6.94
4.6746235,3.95
6.17367,5.48
5.0870442,4.36
5.5920386,5.8
5.8877077,7.82
5.8788466,6.4
6.1139064,6.76
6.40309,5.0
5.20909,8.27
6.148709,5.03
7.155221,4.21
5.3157244,3.76
4.790037,5.24
6.9009724,8.68
6.252987,4.96
6.6384997,4.42
7.111549,6.51
7.0922422,7.32
7.039572,7.09
7.8512087,6.68
8.093697,9.05
6.9712014,5.53
7.173217,7.22
7.031081,6.77
7.3053946,5.79
5.796651,8.4
6.5871973,8.7
7.082854,8.15
6.6280856,5.39
6.529775,5.89
5.847471,7.34
6.115882,5.43
7.90759,5.94
6.370951,7.66
6.392078,5.89
6.9692235,6.0
6.134581,6.36
6.7300076,5.41
7.451864,8.26
6.473384,5.36
7.3149652,7.24
6.559443,5.64
6.0979805,6.55
6.151599,6.16
7.5348186,5.01
7.55291,5.82
6.474491,6.86
6.370045,6.11
7.2019672,8.31
6.369375,6.04
7.4846897,6.66
5.858204,5.62
7.17085,7.34
6.426794,8.7
7.12662,7.19
8.406232,7.55
6.567806,6.81
7.406001,8.53
7.6416597,6.88
7.3074894,7.45
6.8021035,7.24
8.402639,8.24
6.2080564,8.15
7.107726,6.67
7.219353,6.93
7.298365,7.66
8.1794815,9.0
6.9146566,6.32
6.775716,5.92
6.6993237,7.97
7.731904,7.65
7.610061,8.52
7.636161,6.96
7.3754396,8.02
6.4966726,7.96
7.7524333,8.11
5.822013,7.34
6.7355623,5.52
7.207605,8.31
6.213902,5.37
4.752084,5.56
5.853387,3.4
4.7851167,3.92
6.895419,6.69
5.2463923,5.2
6.9184084,7.28
5.2814198,6.09
5.475563,6.23
6.43146,7.07
7.8416224,8.32
5.126966,6.6
6.8617015,7.08
8.256836,7.89
5.08836,3.98
5.1148987,4.15
6.90846,6.1
6.254082,7.77
5.3366485,5.3
5.845651,5.55
4.436491,4.36
6.1711407,5.28
5.3422184,4.57
5.660921,6.21
6.9531574,7.46
5.502039,6.1
6.0515738,5.17
5.884386,5.25
7.014135,6.65
6.3687677,6.55
6.3170357,5.52
4.669431,3.79
7.249169,8.48
6.309498,5.77
7.174782,6.44
6.99882,5.88
5.8633757,4.86
6.1091747,6.08
7.5990496,7.45
5.4072514,5.22
7.85335,6.77
6.455929,6.3
4.5850396,6.22
5.6214476,4.62
5.717717,5.74
4.6271706,4.51
5.944627,5.21
7.7692385,6.54
5.5241413,4.87
7.4336677,5.74
7.04951,8.09
6.204579,10.19
5.641774,2.1
6.6457386,7.26
6.2944474,7.77
8.019692,9.11
6.2483525,7.0
4.4989347,5.48
6.6479306,3.82
5.1894517,5.35
7.7294693,10.0
7.2189913,6.75
5.392908,4.09
7.1003666,7.32
5.8688617,6.26
7.3971868,8.09
5.426446,4.48
4.492098,4.47
8.347163,6.21
7.30814,7.11
7.330519,8.73
6.341886,4.24
7.0381727,6.18
5.5213013,5.14
5.2446885,5.7
6.8963,7.66
6.4674587,5.07
7.872082,7.51
5.359106,4.96
8.322121,7.24
5.046236,7.49
6.1228027,6.9
5.8690615,4.5
6.3560653,4.09
5.2974205,6.74
4.2915945,6.15
8.6741295,8.52
6.959943,7.89
5.966315,7.42
5.671989,6.35
6.7178183,5.46
7.32716,7.19
6.864156,9.65
6.0804787,5.52
6.2016172,2.92
7.417077,8.46
6.641026,5.32
6.0073776,8.42
6.0735292,6.29
6.4665356,4.8
7.409698,6.08
5.4336743,4.86
6.582072,8.1
6.840695,4.3
6.5407147,8.0
8.127771,8.0
6.243973,5.6
6.796185,5.8
6.6460905,6.57
5.7504992,5.19
7.149914,7.46
7.1469398,6.82
5.9067063,5.6
6.8626,8.68
6.5104475,7.68
6.7117505,7.71
5.8333797,5.59
6.866052,7.77
5.060841,4.33
6.607258,7.38
6.6840944,5.51
5.8596725,5.7
6.098175,6.47
5.6599693,5.36
4.2666273,4.92
6.1193748,7.21
7.043761,6.3
5.2693973,4.92
6.235898,6.6
5.9840574,6.48
5.7851896,7.4
5.6442003,5.51
6.930107,4.56
5.2301774,6.1
6.2927547,5.57
6.6301537,5.24
5.306951,4.85
6.842694,7.64
6.164728,5.84
6.0844593,5.05
7.5654035,7.82
6.3219457,6.4
6.310537,7.48
7.3622265,6.2
6.1500015,5.34
6.1022987,9.0
6.7194557,6.39
6.903295,7.22
6.691873,8.05
7.003632,7.04
7.2657228,7.55
6.8986416,6.1
6.7280426,8.41
5.9685774,6.2
7.658212,7.0
6.0387955,6.7
8.170136,7.42
6.6915016,7.55
6.87656,7.66
6.4718657,8.05
7.1432934,6.57
6.691245,6.88
6.451929,8.59
5.6216555,7.25
8.123394,7.19
6.9387875,5.8
6.530202,8.36
6.074478,7.24
6.592875,5.8
6.967148,6.62
7.8418756,6.39
7.0751047,5.44
7.6340766,8.18
6.3147564,7.59
7.1758,5.51
6.609249,7.7
7.152651,6.8
6.264043,7.52
6.6392713,7.85
6.5460606,5.19
7.345816,8.61
5.664124,6.64
7.030049,7.55
7.4163947,6.69
6.8952107,7.62
6.924253,8.34
6.188738,6.19
8.079317,8.96
7.2484136,5.94
8.828131,7.99
5.979121,6.37
5.9531393,6.3
6.1251106,6.03
6.3468947,7.54
7.111437,6.14
7.0718384,5.92
5.136484,5.47
5.9157066,6.5
6.2331176,5.28
6.4114504,6.3
5.957947,6.49
5.410963,9.21
6.17308,6.59
6.0930614,5.92
6.277098,9.92
8.1202545,6.93
6.011594,7.55
5.627825,6.67
5.663769,6.4
6.402889,5.59
5.643251,6.92
5.611869,6.26
6.087934,4.74
6.218229,5.92
6.355607,5.57
6.1476436,6.87
5.67364,5.08
4.9022427,5.31
5.510779,5.24
5.0751243,9.29
5.145653,5.33
4.7947874,4.92
6.98037,6.95
7.1678095,6.87
5.07727,4.94
6.367398,6.07
5.1898737,6.33
6.0617847,5.31
6.0092573,4.14
7.259565,5.92
5.937457,6.69
5.133027,5.68
5.7922535,8.41
5.8242908,5.44
7.1924,6.3
4.3524227,6.03
6.55659,4.4
7.967265,7.23
5.8777323,6.72
6.722482,5.32
7.671726,6.37
5.580038,6.76
5.841781,6.44
6.622332,6.79
5.430638,7.1
6.3592205,7.82
6.713875,3.41
5.2770395,3.74
4.375558,5.0
5.73602,4.4
7.042316,5.59
5.9318795,4.57
6.7090726,7.99
7.2355914,6.55
6.154365,5.01
5.899813,7.0
5.6405654,4.82
6.173515,7.58
7.171316,6.91
6.9678836,8.0
8.891405,8.51
6.2542233,4.82
7.0000052,8.11
5.8881025,5.39
7.4681225,10.1
6.6886573,8.05
6.5066094,6.05
4.5057287,5.2
7.2113132,6.15
8.692823,8.62
5.9616857,8.05
6.9239655,6.69
5.6996603,9.15
7.2078323,5.0
5.894497,7.72
6.45269,4.54
8.244091,7.1
5.80812,5.44
7.177374,5.89
7.6715846,6.32
7.6202993,8.0
8.648641,7.14
6.8953495,8.68
7.6087747,8.87
5.820713,6.59
6.7520547,8.05
6.9894013,7.06
7.0622153,7.44
6.1929555,6.58
7.3353086,5.72
6.4072404,7.01
7.9133477,8.09
8.014491,8.24
7.988003,9.48
7.777101,11.0
7.8034067,8.3
5.866713,7.08
5.7091246,7.21
7.9644203,7.98
7.2541456,9.59
6.7503414,6.74
9.225433,10.24
7.7507315,8.0
8.333641,10.0
7.0242333,7.8
8.041566,9.7
7.4178295,7.93
6.7556086,6.02
5.8015018,7.46
6.342258,6.72
6.446178,10.0
7.552459,7.17
8.150627,6.86
6.029438,6.32
6.6705914,9.4
5.5350876,7.7
5.7824697,4.62
6.7422943,7.33
7.1355333,7.87
6.6681037,7.39
6.0535955,7.89
6.350142,7.32
6.4568267,7.05
6.9277596,5.0
5.8163886,5.04
6.9094696,6.34
5.7911882,3.91
6.718983,3.29
6.2348113,6.49
5.813772,4.05
5.4913197,5.0
6.329995,4.13
7.194923,8.4
7.6740036,8.3
5.2161174,3.96
8.599903,6.99
6.35225,5.15
5.978521,5.54
6.145931,4.19
6.403498,8.07
6.385907,3.11
5.8219275,6.27
6.0171914,4.39
6.506678,7.82
6.642688,7.37
3.9464686,5.51
6.566129,7.27
5.515291,6.3
5.721667,5.89
5.787986,4.81
4.9220586,4.86
4.90018,5.29
7.182876,4.08
6.3304825,4.03
9.581691,9.44
8.6330385,9.72
7.182214,5.2
6.6943836,4.72
6.636925,6.3
7.1114535,8.8
5.6422076,6.12
9.162754,7.15
7.9164624,8.7
8.628141,6.3
6.7417765,6.17
7.310251,6.3
5.906052,6.08
8.919369,7.89
6.5634637,5.85
8.538871,6.3
6.8480663,5.55
7.4449663,6.11
6.0873933,6.0
6.5466847,7.3
5.7339544,5.77
7.608194,5.6
7.3731594,9.0
7.4567347,6.3
5.1839743,5.34
7.4178543,7.06
6.7561126,7.3
9.720847,6.68
6.3807044,6.3
6.244276,6.3
8.030812,8.3
8.421835,8.52
8.667559,8.3
6.9920254,7.19
7.1170135,8.3
7.212198,6.3
5.698724,8.72
8.715431,8.1
9.333505,9.64
7.538547,8.3
6.8421082,5.9
6.3793364,5.36
8.243446,8.52
6.0629997,7.0
7.3133836,7.82
7.091387,5.27
6.682975,6.24
6.630497,6.02
6.0293407,6.3
7.0291734,7.23
7.0521855,7.8
5.0025034,7.21
7.0622377,5.68
6.396587,5.96
6.942307,8.3
8.827547,8.4
6.300093,7.3
6.4167395,6.3
6.3747,6.13
6.6305637,6.31
7.443217,6.21
7.1588645,6.19
6.447545,5.98
6.876369,7.12
6.444388,6.91
6.479951,6.35
8.634413,9.52
5.9239736,7.0
6.565197,7.3
8.851592,9.82
8.760553,9.64
6.82967,7.3
6.223692,5.54
9.329799,9.0
5.988642,5.6
6.4471602,6.8
7.26916,5.26
6.190365,8.7
6.3795266,5.98
6.892015,5.96
6.84542,6.39
7.649975,8.25
5.334898,3.86
5.9186683,5.4
6.93658,8.52
6.982202,6.87
5.897218,6.25
6.577669,5.43
6.503763,5.22
7.3902483,6.41
6.5832596,5.63
6.0165634,6.92
5.579518,5.2
5.810704,5.0
7.4966993,6.64
6.427279,7.62
7.3707595,7.12
8.084244,8.21
6.9421363,8.05
6.371325,7.31
6.601004,6.17
5.8014565,4.65
8.993287,8.64
6.8500834,7.51
6.829477,6.59
6.6931305,7.46
6.227756,5.22
5.816368,6.3
6.882463,9.65
6.375249,5.68
5.296829,4.14
6.108282,6.0
6.2392974,8.1
6.434652,5.22
6.923312,8.0
8.120895,7.43
6.584765,7.5
6.4252014,7.72
6.98685,8.85
6.6064267,5.13
7.3987045,9.3
6.64837,8.52
6.954292,7.09
6.6532044,6.2
6.7937593,5.42
6.434352,5.09
6.0868874,4.8
6.313719,5.09
6.1334615,5.11
7.8284187,8.13
7.720943,7.74
6.0213356,7.36
6.736473,5.0
6.706306,6.82
6.1804633,8.52
6.6398544,8.7
6.050394,5.14
7.2038355,7.23
6.298296,8.1
6.610962,6.51
6.953102,8.49
7.144407,6.68
5.8141932,6.48
6.8967347,7.41
6.234735,6.14
5.3682394,4.5
7.38195,8.57
7.482007,7.01
6.4546614,8.4
6.1833625,7.7
6.5882645,5.7
6.6033382,7.08
6.9739594,7.28
7.560457,7.14
7.853934,6.15
7.8121767,7.82
7.656067,7.82
6.97233,8.89
6.5501194,6.24
6.6850553,5.73
7.166196,8.51
7.4931583,7.48
7.1297226,7.89
7.285045,9.18
7.8535447,8.52
6.9253073,9.32
5.888854,8.52
6.9234376,8.22
6.557095,6.26
5.987746,5.15
6.9277925,7.92
5.892869,7.18
6.2092276,7.3
7.4285765,7.4
7.1244555,7.5
6.7573237,8.15
6.8471212,7.3
7.8656044,5.82
6.1782117,4.99
7.6524305,6.34
7.1678066,7.2
6.9665956,7.62
6.583762,5.8
6.5463934,8.3
7.512554,7.86
7.4587,8.52
6.6916823,7.4
8.438108,7.7
7.0050073,6.17
6.299568,6.6
7.2066855,7.66
6.2665763,5.86
6.3043704,6.49
6.906791,6.46
6.6210427,5.27
7.4902377,8.59
6.933424,7.01
6.1923375,6.98
5.7706823,8.3
7.762844,4.8
7.0766883,7.05
6.4865036,8.85
6.7782707,6.89
7.405058,6.7
6.058689,9.48
6.0532956,5.12
6.438649,5.64
7.7631273,7.89
6.7635503,7.11
6.9183917,6.49
7.3928657,8.66
7.4429226,5.45
5.7805476,4.4
6.3179317,5.74
6.78038,8.08
8.282501,9.16
6.8787494,5.23
5.501631,5.54
6.1542025,5.02
7.528422,8.06
7.7264805,7.08
4.904335,6.28
6.942711,7.48
5.117109,5.24
5.7559805,6.8
5.9876723,5.6
5.683004,4.94
5.886699,5.24
7.456318,7.44
5.6660094,7.68
6.157421,6.22
5.7021494,5.0
7.232477,7.15
6.7430453,4.82
5.476139,5.22
7.345088,6.14
6.586851,7.42
6.7989917,6.29
5.662438,6.7
6.052405,4.9
6.8169837,5.48
6.4980016,8.34
5.4408827,5.25
5.7359476,4.57
7.54432,9.74
6.5697474,7.12
4.823609,4.32
6.716637,5.7
6.9813557,6.34
6.705351,6.46
5.81976,4.78
7.0733104,6.08
6.499041,4.0
8.163477,8.0
6.057212,6.42
6.8109136,6.32
7.3902435,4.82
7.8822317,7.72
5.2687817,6.1
6.0778837,4.29
7.489553,8.26
6.576359,7.21
5.8617377,7.32
5.2145567,5.85
6.3464537,7.03
5.1613684,6.07
6.555604,6.8
5.977983,4.5
6.2274823,5.34
6.026163,5.74
4.489829,4.9
7.351184,6.46
6.924734,6.89
8.80316,4.85
5.96299,8.77
5.7158155,7.13
7.2671394,7.57
6.2283077,5.67
5.4472804,5.1
5.5030284,5.92
8.0079155,8.57
6.3060064,5.3
6.596814,6.59
5.592003,6.62
6.073429,8.0
6.5050173,7.54
6.3304887,4.52
7.316637,6.77
6.823545,5.5
5.904966,6.2
6.3782525,7.0
6.8321176,6.15
5.690954,5.66
6.8183455,7.0
6.738515,7.0
7.8657503,6.48
5.647341,5.28
7.057756,5.72
7.3602986,5.4
7.1309023,5.22
6.7302055,5.72
7.1087008,7.0
7.3598886,6.25
7.121005,6.89
6.2978997,6.49
6.3447275,8.25
6.372326,5.5
6.3735824,6.3
5.9239154,5.83
6.0811996,7.05
5.5165377,4.8
7.2484145,4.55
7.003298,7.07
7.7681975,7.56
6.706114,6.12
6.092354,5.59
7.4976606,5.21
6.8327155,7.05
6.7309914,6.39
7.4033604,7.49
6.4368467,6.14
5.9684873,6.86
5.8007703,6.32
6.5860066,6.72
8.518904,8.96
7.358778,7.24
6.691311,7.74
8.10455,7.71
5.880373,6.17
5.465622,5.31
5.6801863,6.0
7.6989346,8.1
6.9934134,7.44
6.033167,6.53
6.678299,6.09
7.972722,7.52
6.3586273,7.77
7.0914702,7.67
6.39386,5.29
5.555546,6.3
6.391529,6.82
6.6121726,5.54
6.4475393,6.86
6.5442753,6.21
6.6371226,5.34
6.3419685,5.21
4.9179916,5.43
5.8609524,5.66
6.1651974,5.58
5.9917693,6.3
7.048403,6.52
6.6578407,8.1
6.2013636,6.22
8.127092,9.3
7.058432,6.1
6.2561116,5.0
5.852844,6.12
6.122708,5.85
6.4475365,6.96
6.088669,7.6
6.9937453,6.0
7.03304,7.57
6.2163706,6.28
5.0632477,4.29
6.2619743,6.48
7.397031,8.37
6.2804074,6.51
5.655576,6.2
7.0852003,7.1
6.2666345,6.57
6.6450396,6.32
5.9645896,5.25
7.450142,7.19
6.4458427,4.85
6.912717,5.0
5.4800467,5.32
6.332437,5.02
5.929638,6.5
7.3604035,5.94
6.088667,6.63
6.2251577,4.52
5.835233,3.76
5.612682,4.74
4.8327374,5.6
4.5487823,4.39
4.581106,4.93
6.0974216,4.01
5.3960643,3.57
5.837538,6.22
5.683574,5.01
6.654354,6.3
8.2395115,5.65
6.3555446,6.49
6.9112415,7.7
6.9531703,6.48
6.564173,7.92
6.4558277,7.41
6.442905,5.4
6.7123632,7.01
6.798997,6.94
5.5740185,6.26
7.2802434,5.31
5.6001635,5.58
6.247815,9.3
6.8198295,6.07
6.539624,6.21
6.039423,6.4
7.2332773,5.8
6.4623685,6.24
7.119974,8.55
6.5939527,7.89
6.987463,5.81
6.1930146,6.46
6.371358,8.21
5.049326,6.44
7.117748,5.6
7.384868,5.2
6.080797,7.07
6.4720054,5.28
7.4168067,4.67
7.2164283,7.17
7.4711685,4.04
6.257964,3.66
7.574409,3.94
6.5670214,8.52
7.479153,8.52
8.72211,7.82
5.982667,7.04
6.4830384,7.72
6.215762,9.0
6.326222,6.0
7.262401,8.03
7.6282673,5.89
6.837965,7.05
7.353854,7.43
6.3915534,7.02
8.477165,8.24
6.0657034,8.4
7.5752993,7.81
7.1945205,7.24
6.6474533,6.89
5.7749763,4.37
7.6901813,9.0
8.651693,9.4
7.555639,6.89
8.384421,8.49
5.7740035,5.0
7.8206186,7.32
7.049908,7.49
5.381925,5.09
8.145239,8.41
7.5920744,8.62
5.899693,6.07
6.5603423,7.8
6.479025,5.32
6.7325287,6.66
8.514198,6.93
6.1046457,5.52
7.9948606,7.11
6.835378,8.12
7.3860617,7.0
6.5680943,4.92
8.09793,6.57
8.296139,8.89
6.071835,6.14
9.146212,8.92
9.226399,8.48
5.349962,5.72
8.055512,9.1
6.7062297,5.53
7.8694882,7.82
6.0814695,7.3
6.753068,8.1
7.8531847,8.59
5.8572907,4.15
6.186228,7.54
7.552993,8.3
4.9617114,2.98
5.561554,6.54
7.4714127,7.01
5.5979757,6.36
5.207815,5.53
8.180017,7.82
6.621755,5.4
8.038316,8.44
7.3086653,7.77
5.22612,7.34
5.299221,6.27
6.151129,6.0
8.208882,6.76
6.338931,6.27
8.176825,8.07
7.0457196,8.12
6.499428,7.52
8.158472,8.05
8.139412,7.04
7.317877,8.3
5.3905883,7.22
6.609114,6.48
7.7706866,6.59
6.8713293,7.37
6.8734236,6.8
6.1324415,6.7
5.441791,6.3
6.83429,6.19
8.207019,6.22
7.855076,6.14
8.816848,7.04
7.41449,7.35
6.5856156,6.7
6.957886,7.6
7.274703,6.59
5.4066114,6.98
6.6915045,5.49
7.3260098,7.44
7.7537084,5.21
7.775918,6.88
6.712399,6.68
7.2024355,6.7
6.1799273,5.69
6.678398,5.0
6.462442,5.87
5.048296,5.3
6.4261646,9.39
7.251624,8.52
5.492955,4.3
7.0913363,4.56
6.447678,5.95
6.5595126,8.62
5.873967,7.23
6.7246537,8.48
7.9485073,9.0
6.419323,4.95
7.119856,7.89
6.5469785,6.08
6.2575784,6.0
5.962397,7.35
6.862768,6.07
6.865171,5.9
5.746199,7.25
6.8463135,8.44
7.29315,6.86
5.9073567,6.66
6.837562,6.98
6.5060062,6.02
7.5891223,7.61
6.867396,6.13
6.6865444,5.2
6.6805863,6.98
6.098381,7.19
6.4298024,7.0
6.7335234,6.95
6.599405,6.83
6.203519,6.74
7.019535,6.92
7.1668034,5.96
6.6548557,7.26
6.235161,7.0
6.944067,6.22
6.1350145,4.99
7.0990453,7.3
5.6694784,6.38
6.9540825,7.0
6.3082275,6.06
7.31301,6.79
5.687874,5.2
6.8903036,6.92
5.981838,4.94
6.1910677,7.03
6.2741146,5.27
6.195669,7.0
6.91354,8.35
6.2488666,7.13
6.6886673,7.1
6.564728,6.25
5.97406,6.62
6.861229,7.3
5.830863,5.51
7.1505575,4.57
6.557692,7.0
5.6752234,5.16
6.2465887,4.92
6.5580645,4.51
6.7936783,6.86
6.2204523,6.06
6.7592974,6.63
6.0351515,6.52
7.112308,7.3
6.743306,7.0
6.168926,7.33
6.207319,5.51
6.555057,7.1
7.0917244,7.65
7.626754,7.0
6.2186623,7.3
6.46311,6.77
5.0254908,4.49
4.5099525,5.04
4.9350224,4.6
4.4319234,4.89
5.1912313,4.62
5.9010296,4.7
5.040029,4.6
6.52983,4.96
5.561092,4.85
5.119241,5.29
4.9459324,5.43
5.9760976,5.25
5.96015,5.08
7.3769107,8.3
6.7415633,6.6
5.9106636,7.11
6.389332,6.85
6.9642277,7.05
7.6286225,6.72
7.6508036,9.2
7.4431815,8.3
7.610772,5.1
7.0716486,6.7
6.028709,6.2
6.561211,6.08
6.643715,6.54
7.051254,9.05
7.882085,7.99
7.171004,6.9
6.5860386,8.05
7.179847,7.17
7.147425,8.54
6.742862,5.95
7.773026,9.4
6.9360437,7.64
6.680739,7.82
5.5808983,6.99
6.78629,5.0
7.6537485,7.68
7.192156,9.0
7.1903234,7.74
7.666647,9.04
6.5690312,6.72
6.977809,9.52
9.611075,9.43
6.297441,7.72
6.52108,5.95
7.5494566,7.62
7.145895,8.68
8.147345,7.02
6.519489,6.39
6.7521834,8.6
7.3026047,6.64
7.3509045,8.92
6.686341,7.77
7.6900125,6.39
7.762638,6.0
7.0030966,8.89
7.153213,7.38
6.94771,5.99
7.6435857,7.77
6.655312,7.25
7.2129836,8.23
6.3266516,6.6
6.8156905,6.11
7.034565,6.1
7.0345035,8.4
7.6306276,7.54
7.178268,6.92
8.168717,7.33
6.7109365,7.52
5.126568,6.47
5.9108863,7.01
8.35185,8.97
7.0365443,6.57
7.7500634,3.89
7.819562,5.02
6.5747643,9.26
8.662899,7.81
5.729535,7.7
5.449548,4.95
7.4254932,7.73
5.7505713,5.48
6.6622095,5.2
8.416987,6.57
8.267189,8.1
8.991632,7.86
8.263174,4.6
6.4284487,6.88
5.275428,3.8
6.7150826,6.24
6.192405,4.34
6.26733,5.22
4.850711,4.96
6.8341064,4.66
7.2953544,5.39
5.8738937,6.68
5.0010405,5.4
5.288606,6.05
6.8113995,7.3
6.16573,6.5
5.745847,5.78
5.0190167,5.69
6.2576323,6.6
5.176167,4.41
6.744497,6.87
6.003617,7.9
5.9882483,7.24
6.4747066,6.08
6.388375,5.3
7.2627134,7.74
6.3165817,7.94
6.7691903,6.54
7.6591263,8.7
6.823143,7.46
6.4271526,5.75
6.916161,7.05
7.1182423,13.0
6.450867,5.22
7.549245,7.51
6.1221046,4.18
6.4493647,5.77
6.2982116,5.96
5.9212084,5.45
6.602858,6.15
5.989693,7.2
4.1179657,3.1
6.135117,3.3
5.213939,5.7
5.744463,3.39
5.2198944,4.59
5.7501636,4.74
7.3901787,6.3
5.6592894,3.52
6.3830514,5.77
4.4609385,3.4
7.8191156,8.16
5.669802,6.6
6.870533,6.35
7.364113,7.51
6.459044,5.7
5.8635917,5.31
6.341758,4.87
6.9092894,8.05
7.193103,8.39
5.4937024,6.02
7.214816,6.65
4.816245,5.24
7.5174513,7.8
6.789984,4.52
6.2716866,7.77
7.687529,7.86
6.941833,7.0
4.53148,3.1
7.026495,8.33
7.0352387,8.7
5.4363775,8.4
6.6511226,6.06
7.596663,6.71
7.9119835,5.35
6.4287257,6.57
5.3718653,5.49
6.5383215,7.46
6.900107,7.0
6.3311877,6.09
7.248636,8.49
7.002364,9.57
7.2640243,7.18
7.379433,6.69
5.587578,6.92
5.488906,4.67
5.5514812,6.3
6.336308,7.8
7.0918345,8.85
7.0933423,7.2
4.656702,7.7
4.215045,4.31
6.7041583,10.1
5.785845,5.57
5.1608534,6.09
6.576022,8.52
7.6313276,7.92
5.828684,6.06
6.5142794,6.09
6.832654,6.15
5.2320213,6.1
6.1506286,5.21
6.9434133,7.15
6.7890635,6.85
8.605697,3.75
7.17404,7.49
7.4262505,7.3
6.4775405,6.11
6.081072,5.27
4.6252155,9.52
7.681644,9.0
7.6292896,6.77
6.1977844,6.96
7.3137617,9.16
8.733069,6.76
3.6918347,3.71
6.549845,7.7
6.8615055,7.05
5.822174,5.56
6.584546,6.48
7.0401325,8.11
5.099651,4.81
7.6858883,9.3
5.707765,5.77
5.2184153,4.57
6.904207,6.48
7.0030737,5.49
6.45189,4.15
6.695308,7.92
6.482457,7.4
6.379963,8.7
6.5317307,6.94
6.3235674,3.84
6.11661,6.05
6.751948,8.0
7.4305577,6.78
8.128142,7.89
5.944481,5.85
7.0901656,9.15
6.638495,6.24
5.532005,7.7
6.2497935,5.37
7.420841,8.0
7.5491495,7.57
6.738171,4.82
5.405137,5.92
6.8174467,7.05
4.7316666,4.68
6.8244066,5.15
6.01621,6.85
7.432904,8.21
8.130934,7.42
7.142427,6.17
6.6263247,5.87
4.316025,4.21
7.2440715,5.1
6.8238215,7.05
6.5363426,6.24
7.118109,7.92
6.6478066,7.61
8.27002,8.8
4.872266,3.8
6.2095237,7.16
7.218463,8.35
7.474028,6.24
6.730939,6.45
6.596272,8.07
6.3425927,7.74
6.73384,7.64
6.7378497,5.18
6.0780025,5.49
7.6595025,8.3
6.448818,7.17
8.145516,8.82
6.2967267,6.0
6.610083,4.41
6.6524363,5.0
7.355274,6.7
7.0947223,7.11
6.2409096,6.04
7.3015013,7.7
7.214203,8.64
5.8552675,5.74
6.7135878,5.49
7.66952,8.28
5.853675,5.29
7.083555,8.93
6.9371524,7.62
6.96762,7.18
4.4560723,9.05
5.3966007,4.0
5.916504,5.38
7.2033257,7.44
6.698181,6.45
5.4488297,4.64
6.865889,6.52
5.9815035,5.74
6.715552,7.55
6.794581,6.89
7.931056,8.07
6.851504,6.09
7.1495705,8.17
6.82252,6.44
5.713643,5.24
7.078437,6.02
4.809353,5.24
6.7097607,9.0
7.2996573,7.85
6.596454,6.0
5.1464853,6.01
7.3514194,5.29
5.767381,4.87
5.03599,5.55
5.681338,6.23
6.688904,7.89
6.2797422,6.1
6.4077463,5.53
6.516168,6.09
6.778481,6.09
7.148328,8.8
6.8680277,5.96
6.747144,6.13
5.5547523,5.76
7.201772,7.59
7.342205,6.26
6.980221,6.23
7.4004273,7.47
5.3602705,6.8
6.1254525,6.63
6.8048334,4.52
7.248078,8.82
7.279348,6.84
6.2074475,5.09
6.979677,6.77
7.4183846,9.36
5.8847246,8.21
5.674291,5.0
6.9737062,7.65
5.3547144,5.12
6.110891,6.07
5.838917,5.52
6.590581,9.17
6.942938,6.95
6.2086954,5.38
6.593582,6.24
5.540166,4.85
5.53637,8.17
6.5047927,6.62
6.940575,6.34
6.684447,9.57
5.8799767,4.53
6.3448663,8.26
5.1911983,4.86
7.381257,7.67
6.8320785,7.92
7.205778,7.07
6.014579,6.82
6.9101076,9.09
6.8082485,5.04
7.1350636,6.7
7.189503,6.54
5.379546,7.2
5.8671303,5.06
6.0390873,5.3
6.9099684,7.17
8.528066,7.36
6.4465775,8.68
6.961397,8.08
6.5880833,7.77
7.557,7.49
8.033183,8.1
7.711254,7.7
6.138519,6.74
6.354986,5.39
4.945589,4.32
7.069829,6.61
6.640838,5.48
6.0856447,6.76
7.8624372,6.83
5.259511,5.47
7.1545024,10.0
6.8409877,4.5
8.483639,8.43
7.161666,6.96
7.4780946,7.41
5.9772186,7.66
8.740849,7.82
6.745729,9.0
7.7829857,8.08
6.2735248,6.12
6.442817,6.93
6.955003,7.22
7.9346213,8.66
7.34553,6.6
7.0042644,8.3
6.6896663,7.07
6.4977074,8.0
6.3023596,7.76
6.5249486,7.42
8.084662,8.29
6.771495,4.85
6.315543,6.87
6.1713133,5.6
8.054258,8.44
6.388108,7.11
6.0072823,8.01
7.2678647,8.05
8.064336,7.59
7.915164,7.59
9.015064,7.92
8.089261,6.97
8.043362,9.18
5.5215335,6.16
7.9044924,8.51
7.935494,6.76
8.113702,8.1
7.3247046,8.33
5.905328,6.4
6.1742487,5.72
6.352852,7.92
8.216245,8.34
6.4532986,5.84
6.432434,5.7
7.8725834,8.0
7.592024,7.71
6.581783,9.1
7.218177,9.7
6.9291353,6.77
5.9711347,6.74
6.9823503,6.71
7.450218,6.85
7.423717,9.5
7.833153,8.35
6.8331656,7.91
7.335175,8.2
7.912781,8.41
6.8685193,7.96
6.610566,7.26
6.811711,6.89
8.380321,8.82
7.2860737,8.47
8.95116,7.47
6.4481144,6.59
9.5032215,10.05
6.302247,5.17
6.6191196,5.57
7.6177235,8.12
6.89081,7.85
6.656918,7.52
6.610695,7.68
8.478305,8.54
6.357276,7.0
6.089647,7.62
6.8909,6.52
6.9265423,8.36
5.1913238,4.54
5.7058787,4.86
7.1015525,5.71
5.6364293,3.89
6.096385,3.52
5.549494,3.95
6.424595,6.95
6.1776333,5.1
7.549049,4.36
6.261085,5.19
5.4969997,5.1
6.2690396,6.47
4.9860735,4.52
6.2506595,5.6
5.844913,5.33
6.82366,5.94
6.0313697,5.17
6.6720347,6.06
5.7870617,6.15
6.0649223,6.84
6.704839,4.7
5.807985,4.79
5.6958904,6.22
5.482348,6.15
5.2394147,5.72
5.5022583,4.62
5.5607014,6.76
5.217553,4.89
5.8757696,6.62
5.4320173,7.27
6.254349,5.59
5.313751,4.66
7.0739,6.65
7.0637136,7.14
6.2331133,4.86
5.3671675,5.43
6.193513,5.06
5.44238,4.99
6.0363674,6.18
5.7018642,5.13
4.540419,4.55
5.7230177,5.6
6.69081,6.25
6.6789126,9.11
6.0682006,6.7
5.3756437,5.6
6.45105,9.32
5.8508654,4.36
5.156802,4.76
4.8484855,7.1
4.751015,4.09
5.9292116,5.52
5.9531083,5.36
5.1892443,4.99
6.0180845,6.02
5.2700124,4.99
6.272861,6.11
6.3079166,6.85
5.338979,4.78
6.6096644,9.2
6.070229,7.11
6.4302063,7.02
6.726256,7.94
5.319404,4.38
6.030585,7.25
7.6958747,9.05
7.02564,8.12
5.4721794,5.08
6.6704965,6.74
6.106255,8.43
5.31857,5.54
6.5821195,5.03
8.056519,7.32
5.2466574,6.96
5.687629,4.22
4.725171,4.78
5.4027624,4.85
5.5712705,5.97
5.872574,5.78
5.532744,7.48
5.847542,4.27
7.123098,9.24
4.6229186,7.09
5.6126847,4.05
5.7767816,6.79
6.1347594,6.44
5.2064705,4.93
6.7919807,5.84
6.1759443,6.4
5.8552732,5.82
5.9194517,4.51
5.9751873,6.71
5.563985,5.29
5.9992304,4.75
6.032034,4.77
6.3289003,4.84
5.679273,6.69
6.764172,7.17
5.834022,5.47
5.4163256,5.85
5.7633066,6.42
5.4795575,6.96
6.0173674,6.41
5.711282,5.72
6.0895042,6.89
7.427699,7.85
6.396828,5.27
6.437173,4.74
6.127709,5.5
6.1678267,5.26
5.1811757,6.01
6.273261,3.72
5.329491,5.11
4.9650064,4.7
5.4081063,7.0
5.627849,5.95
7.0859003,6.12
6.7021785,4.75
6.26103,4.08
5.587242,5.75
7.498822,7.77
7.179465,5.4
6.619862,3.43
5.803778,5.21
5.405983,5.8
8.24037,8.43
7.2913375,6.96
7.353266,9.8
7.8009515,9.42
7.5897,7.66
6.640318,6.21
6.676222,8.1
5.0360866,5.62
7.5099325,6.66
6.3498907,5.68
5.7735844,5.33
5.9940486,5.47
6.615429,6.25
7.8283534,6.89
7.956625,9.48
6.898488,6.8
6.967646,6.65
4.623856,5.22
6.3921933,6.06
8.644576,10.82
5.1317835,5.36
6.778934,7.8
6.7603374,7.0
7.334875,6.92
7.6119637,6.85
5.9128313,5.36
6.2858033,8.82
6.0482373,8.17
6.5243235,4.71
7.5076737,7.59
6.166575,6.6
6.704308,9.74
7.618834,9.03
4.8234105,5.4
6.346898,4.77
5.7939863,5.39
5.7644677,5.0
6.3226767,5.93
5.7261286,5.7
6.8170843,6.46
7.399493,7.42
5.809922,5.6
6.8594837,8.52
6.441478,6.96
7.9385166,8.7
8.175451,8.96
7.2896237,5.74
8.654048,8.2
5.899951,5.22
4.794721,7.04
6.744037,7.49
5.0450506,4.18
6.282493,6.31
7.263312,4.77
5.593184,8.0
6.053818,4.66
7.040008,9.07
6.1944757,4.99
6.9943256,3.37
5.6963177,7.2
7.5003023,6.7
7.877982,8.31
5.726728,6.55
7.475978,6.24
7.952563,7.49
5.574955,5.6
6.3660536,7.24
9.147231,8.49
5.3015294,4.43
4.6908674,3.4
6.2462597,5.84
7.9908447,7.72
5.7012286,5.86
6.9841924,6.66
5.760807,8.05
6.8826685,7.47
7.3523517,8.3
7.246593,5.66
7.5448675,8.04
7.8983135,8.52
7.4315767,12.19
6.432374,6.08
4.831684,5.42
6.783805,7.68
5.870549,6.74
6.7333617,8.29
6.6561604,6.54
5.887174,5.56
6.8011856,6.92
5.0450926,8.17
5.732631,9.0
6.0384884,6.0
6.3666296,7.1
6.062997,5.82
7.484419,8.39
6.8871465,8.03
5.089805,5.1
5.3871746,9.05
5.546075,6.8
5.642066,6.3
6.872736,7.54
5.805862,8.7
8.348511,8.23
5.317422,5.42
6.4926486,6.42
7.1006393,5.85
5.9764485,5.64
7.006602,4.4
6.244592,6.39
6.2863984,4.21
6.7811456,6.65
6.0424175,5.89
5.75541,9.3
3.9715154,2.66
5.8871117,4.82
5.760179,5.14
6.812907,7.12
7.825093,8.02
5.493793,3.53
5.478481,11.1
8.196618,8.57
5.2568336,6.14
5.9459267,6.0
7.1705723,7.47
7.3513293,6.11
6.388909,6.82
7.8771243,5.21
5.0944996,6.24
5.773509,7.02
6.312768,8.4
5.896455,2.63
5.8178425,9.22
6.6761727,8.77
6.4387665,4.48
6.028256,7.07
4.458662,2.8
5.723979,5.27
5.0289474,4.54
7.0802765,8.49
4.4925184,8.1
8.130098,8.1
6.8602233,8.6
6.892177,7.14
6.7342257,8.74
5.7910433,4.88
5.8518496,6.65
6.6558485,4.22
6.4051676,6.13
5.501791,5.11
7.7046876,7.4
7.117478,4.4
6.7784176,8.04
7.0255327,7.2
7.376174,9.15
7.884704,8.54
6.545112,5.96
7.303581,8.3
5.9960046,6.4
5.7227163,5.6
5.322365,5.9
6.6998177,6.85
5.9315357,5.0
7.023527,5.43
6.919899,4.11
6.875727,6.06
5.9641623,5.0
4.4341326,7.2
8.905025,8.96
6.1928177,6.89
5.718884,5.64
6.1978087,7.3
6.7312126,4.16
7.0770965,7.21
6.503346,9.0
8.049615,8.41
6.669518,5.38
5.377889,4.6
6.676371,6.05
5.1363707,4.27
6.505811,9.4
6.554917,8.96
7.3673234,8.14
7.0338926,8.3
5.952968,7.8
6.3216558,6.6
6.600082,7.39
6.66527,5.98
6.1260357,7.27
5.5609655,6.0
5.597825,5.59
6.163543,4.79
6.4844327,7.4
6.2368364,4.93
6.1188803,6.77
6.115257,7.27
6.606151,6.3
5.813895,5.9
6.097336,7.35
5.1479335,4.79
7.0199327,6.46
5.9209538,7.09
6.178044,7.43
5.944477,6.2
5.8369455,5.06
5.8584957,5.15
6.103661,7.92
6.907836,8.38
5.8238964,6.54
7.2201343,4.89
6.265536,6.64
6.673275,6.64
5.6068144,5.52
6.6647425,6.44
5.279536,4.96
5.8644648,5.53
6.2751703,6.85
7.74909,6.4
6.4698534,7.23
6.097441,4.79
7.168874,5.04
6.984306,6.28
6.830998,7.66
5.8912473,6.3
6.274049,6.0
6.386872,4.56
6.925712,6.07
7.0391374,4.53
7.1491838,7.06
6.732179,8.0
9.236641,8.15
6.4392443,5.75
5.9706526,7.49
6.2226796,5.23
6.8696666,6.03
8.19796,8.3
6.9694133,7.21
7.188699,7.7
7.3484473,6.67
7.416811,7.64
7.7858763,6.0
7.9034963,8.4
7.069831,6.64
7.249318,8.14
6.3403263,5.28
7.030191,6.35
6.6113596,5.38
7.3972707,9.05
7.3821383,6.28
7.4206467,7.81
7.172245,8.08
7.10079,6.54
6.522856,7.83
7.453786,7.85
6.7503357,6.48
5.14461,8.28
7.870208,7.96
7.4380245,7.52
7.510466,7.89
6.4783278,4.2
8.306218,7.68
7.035574,7.96
7.5163946,7.6
6.924902,7.21
6.248659,5.59
7.0562673,6.83
7.0739703,7.06
6.7415905,7.8
7.639459,7.96
5.247673,8.4
8.677983,8.19
7.9631224,7.96
8.4157,7.85
6.8044643,8.05
5.2020445,3.11
7.0792675,7.05
8.423338,7.82
7.1612234,6.06
7.149414,6.63
5.9429674,7.04
8.680614,7.43
6.676964,6.85
4.805483,4.03
7.052471,7.74
7.0843296,8.22
5.3754845,5.06
7.0483646,9.05
7.4539366,7.18
7.010973,6.91
6.53847,6.34
8.362206,6.72
6.969616,6.44
6.043078,9.01
7.2013426,6.08
8.128531,7.62
7.7759824,7.2
5.95986,5.03
7.349072,6.63
6.9163585,6.1
7.3033133,8.15
6.943344,7.49
7.1135736,6.05
6.2259035,7.82
8.198402,8.92
7.065854,7.09
7.645009,6.45
5.527154,5.02
4.837534,5.02
7.253116,7.49
7.090322,9.02
5.3302464,5.49
7.0367126,7.49
6.3564396,4.12
7.6819367,6.04
7.5990977,8.3
7.05941,8.0
7.1510215,7.74
6.481865,5.34
7.433839,8.15
6.835542,9.34
6.8223724,7.31
6.5370975,8.15
6.4684978,7.7
7.218092,6.8
7.3152437,8.28
8.145799,7.21
8.337433,8.05
7.6070914,8.28
7.055576,7.87
6.9800677,7.4
7.219593,7.54
4.837896,4.39
7.0122004,6.64
7.2009587,6.12
5.562695,6.78
8.359143,9.36
7.031407,7.51
7.2487264,7.28
6.811484,0.95
6.7616262,7.92
6.23804,7.02
8.423966,7.74
5.1359396,8.38
7.3308125,8.59
7.3373046,7.26
7.527925,7.57
8.155628,7.0
6.4634953,7.0
6.0974464,6.53
7.281197,8.66
6.9657364,7.46
6.242417,5.44
8.403255,8.4
6.9432664,7.66
6.6293716,6.81
6.6108494,9.54
7.741727,8.32
7.82475,8.7
7.4702997,7.47
6.1202693,6.41
7.171895,6.18
5.0541167,5.1
5.2884307,7.11
8.585977,8.7
7.9317064,7.96
5.9289145,6.61
7.463458,9.54
6.364839,6.42
7.1599164,7.34
6.1505003,7.8
7.3958173,7.82
7.763062,7.34
6.922348,6.63
6.162173,6.25
7.533258,7.29
8.562547,8.22
6.660966,8.15
5.2760553,6.18
7.0777984,5.52
7.566385,8.29
5.8071346,6.96
6.889301,6.18
7.146907,7.1
5.8743315,4.11
6.8793235,9.55
7.388556,7.59
6.9062443,6.58
7.3267736,6.56
7.1654377,6.77
7.6504126,7.44
5.233676,5.08
7.685339,7.26
4.9514494,8.35
7.998874,8.62
4.2287292,3.47
6.917309,7.64
7.1639194,7.18
6.890099,7.64
7.7902665,7.6
6.3328834,7.4
5.1582227,8.38
6.329497,5.17
7.9784575,6.7
7.8793716,7.74
7.3187165,7.48
7.3981123,6.42
6.337427,8.11
8.874784,8.05
8.022067,6.81
5.955674,6.27
7.806158,8.12
4.472316,5.36
8.07266,11.0
6.8812685,6.55
7.5033674,8.17
7.4160175,9.15
6.647551,7.33
7.1357894,6.58
7.195309,7.95
6.3382525,6.23
7.53917,6.3
5.170932,5.56
6.7686424,6.67
7.417319,6.52
6.889709,7.05
7.120598,6.31
7.350358,7.43
4.5985346,5.99
6.296006,6.03
7.489657,7.82
6.9118,7.62
6.4085436,6.34
7.2801642,7.8
7.8737106,7.82
6.315009,4.58
8.761284,8.52
6.2079816,6.66
6.0593224,5.08
7.2812696,6.9
7.5246487,7.11
7.0837364,8.12
7.2305613,6.18
6.4114614,5.97
4.7884994,4.35
7.7206535,7.6
6.9315066,5.77
7.2331944,7.49
6.691808,7.14
6.8486185,6.75
7.7284904,8.22
6.3195467,5.6
6.6768208,7.22
7.603195,7.49
5.6317945,5.85
5.831588,4.74
6.427069,7.54
5.1771445,5.66
4.860365,5.24
6.065845,5.89
7.1891413,6.13
5.7929063,6.08
5.9798737,6.62
7.149632,7.89
5.668419,5.56
5.6597505,7.01
7.23932,7.34
6.3899703,7.17
6.2699594,5.92
6.3278646,5.74
8.222742,7.49
7.7023287,4.4
6.814986,6.6
8.316299,7.42
8.943688,7.89
6.99914,7.12
5.616846,8.7
5.6158533,5.02
5.360778,4.74
6.2625055,6.5
6.5631404,3.47
5.5591145,4.96
6.910283,5.92
6.558133,5.16
5.964793,6.72
6.122915,7.94
6.477085,7.08
7.870557,8.85
8.170593,7.81
6.4301577,4.9
6.7783146,4.49
5.2533484,4.52
6.472,8.33
9.238159,8.52
6.9216433,5.45
6.8986826,7.6
8.1252365,8.99
8.488569,9.0
7.613407,9.22
6.669088,6.99
6.5613546,6.74
8.165518,8.85
6.9144106,5.17
8.448593,6.9
8.440735,10.28
6.3602853,7.15
6.2472997,6.28
6.4628906,9.66
9.62331,8.44
7.307366,8.66
6.307046,9.62
8.367797,9.7
5.023169,6.11
5.0875487,4.49
8.508849,9.15
8.720059,8.49
6.3748636,6.55
7.482618,5.41
5.506343,4.9
6.783439,6.98
6.487813,6.43
7.58067,8.8
6.367227,4.36
6.571368,8.89
7.1389832,7.7
5.6063914,4.56
6.496781,6.62
6.4165597,6.21
7.3590326,5.99
6.80098,5.54
7.612222,6.52
7.1816444,6.7
7.710073,9.4
5.4014087,4.92
6.7183757,6.19
7.600421,6.93
6.0663605,5.72
5.505166,6.92
5.8295455,4.53
7.2191563,7.96
6.924747,7.97
6.068165,7.61
5.574324,6.35
5.893,5.02
6.1301756,4.81
5.630844,5.89
5.607324,6.15
5.222771,4.99
7.8097324,7.51
7.114233,7.04
8.657169,9.3
5.6998124,4.83
6.678759,8.21
6.960664,4.94
5.045444,5.51
7.4592314,7.04
6.679972,5.32
7.6675415,6.39
6.563646,4.65
6.8979187,6.91
7.074295,5.53
6.637137,8.06
8.933719,9.15
7.0666103,5.66
6.4941874,7.82
6.7360687,6.77
5.990072,7.51
8.959393,9.0
6.316738,5.89
6.2981105,7.59
5.3622384,5.17
5.4710383,8.05
5.446548,5.89
5.582143,5.62
6.4014864,5.55
5.0531025,5.32
6.197793,7.3
6.651795,8.22
6.4050794,8.52
7.594651,7.66
6.828144,6.63
7.0543284,6.2
7.1322784,4.28
6.2772303,5.57
7.5374227,8.4
6.75869,5.92
5.26884,4.77
6.930979,6.0
7.283642,6.0
6.4084415,6.1
6.267548,4.56
6.499964,7.3
6.138274,7.7
7.6047487,7.3
7.2150755,8.42
6.718175,6.5
7.1056905,7.3
7.2967854,7.3
6.047081,7.7
7.1994233,7.3
7.2262154,7.3
7.1597023,7.3
6.655111,6.0
6.273838,5.59
4.8803988,5.01
5.286496,5.47
5.286583,5.64
6.870337,5.01
6.162798,5.45
5.7391796,4.57
6.8398347,5.37
4.945996,3.05
6.2316966,6.72
5.6491737,3.52
4.564024,5.85
5.5873375,4.58
6.128385,4.85
7.057442,6.46
6.479524,5.46
7.1040606,4.85
5.6427,4.82
8.653175,8.05
7.5075784,7.46
8.621477,7.28
7.7102747,8.7
7.052431,5.18
6.466577,6.96
7.8584604,7.55
7.1386623,5.57
8.386845,9.48
7.6860476,7.4
7.5090146,9.22
6.7704334,7.67
5.516822,5.35
5.3160315,5.48
5.49969,8.92
6.43219,5.34
6.0375338,6.39
7.105552,6.15
6.4807496,6.95
6.772177,8.15
7.6927996,7.48
7.8190694,6.22
6.8888984,8.17
7.0173364,5.79
6.511527,6.0
6.248296,5.49
6.883673,5.68
7.2729073,7.52
7.198764,6.5
6.973277,7.04
7.3099494,8.46
7.60774,6.24
5.6690927,5.05
6.0834236,6.1
7.000958,8.46
7.295647,6.89
6.442612,6.77
8.015693,6.46
6.7034554,6.21
6.6391616,6.68
6.33223,6.74
5.7359347,5.77
6.800923,6.78
6.4433045,7.62
6.5950265,6.26
6.3580356,5.52
6.329798,5.09
6.533669,5.96
7.120983,7.22
7.9584103,9.36
6.6660438,7.35
7.056486,6.4
6.5470896,5.82
7.258112,9.05
6.9589467,7.59
6.550953,5.17
7.7630634,7.44
6.8357987,7.64
7.948963,9.01
6.6694326,5.4
7.3700843,6.51
6.682963,7.45
7.092611,7.89
6.774117,7.08
7.054956,7.52
6.9849186,9.49
7.610812,8.43
7.6572123,5.3
6.4137664,7.11
7.717373,8.02
7.7330995,7.6
6.4211564,7.08
4.709946,5.71
6.6817718,7.1
4.9183726,5.11
4.724775,6.64
6.606994,7.3
6.3961334,5.29
4.8850513,6.04
6.542781,6.82
7.3672543,7.89
6.354852,5.53
6.2664285,7.43
6.108334,4.13
7.0128665,4.9
5.2036533,7.0
4.8961535,6.38
5.0393796,5.3
5.219559,5.17
6.459442,3.59
5.33943,4.21
6.43337,4.66
6.57738,4.96
6.2437468,8.44
6.8397465,6.29
8.947987,8.26
5.441932,6.64
8.827566,9.6
5.7763414,6.0
7.4032,4.63
6.5960197,9.1
6.9600377,4.3
5.8199787,6.01
9.483315,8.8
5.739023,6.24
7.6078205,6.02
5.7669926,5.7
7.7021666,10.7
8.756861,9.91
5.2845583,5.55
8.513737,9.76
6.73411,7.13
7.156911,7.99
7.1905913,7.2
6.858496,6.71
6.700224,6.0
7.501861,6.1
7.117794,6.78
5.5060034,6.0
8.666072,7.8
7.1183186,7.74
9.659512,10.65
5.369492,5.17
6.3382306,5.6
6.5680985,6.2
6.7041574,6.3
7.528197,5.78
6.035105,6.11
6.6960716,6.33
8.377409,8.8
8.116019,8.76
5.84303,6.34
7.6550503,7.52
6.4307337,7.28
8.7659445,8.72
5.586403,4.68
8.342692,10.51
7.0966573,5.64
7.5674596,7.89
5.5041447,6.0
6.8223,5.96
6.069624,5.4
6.9445505,7.0
6.2652636,7.72
7.830669,10.0
6.9295936,7.28
5.721392,6.48
6.8350515,7.47
9.401669,10.74
6.3001475,6.2
7.0159035,7.92
6.618056,6.9
6.957984,7.19
6.7367764,7.44
5.747223,4.51
5.667737,4.93
6.4123273,7.35
7.669988,6.2
5.8418956,7.78
7.245826,7.81
5.4325,2.3
6.4490843,7.33
6.8809342,7.01
5.970479,7.72
7.176074,6.91
6.9302797,6.6
6.8914766,7.22
6.9692755,7.75
6.363963,6.66
6.7214475,4.21
6.281178,5.46
7.0881124,8.83
7.016379,6.32
5.802067,5.9
7.076527,5.64
5.107939,7.65
6.38635,6.39
6.7585406,7.32
5.1251793,6.85
5.640802,4.81
7.110369,8.27
5.6669946,6.09
5.8824725,6.02
7.370577,8.49
6.1911573,5.74
7.177304,6.37
7.1008983,5.7
6.472382,5.07
5.0038915,5.61
6.914302,8.89
6.916784,6.67
6.5804415,7.76
6.770924,6.53
6.12724,9.53
6.029133,6.9
6.878462,8.03
6.6782174,6.97
6.797623,6.8
6.6218915,9.05
5.2412252,6.07
5.5530453,4.92
5.896581,6.9
6.501993,8.4
5.888138,7.46
7.1787014,6.62
6.2889466,6.4
6.594192,8.6
5.7937994,6.93
6.174861,6.64
7.52075,5.83
7.073903,6.44
7.09188,6.38
6.847981,4.68
5.8865013,5.44
5.7596846,6.39
5.0431576,4.81
7.389606,5.72
6.9002333,5.99
7.2923126,7.36
5.93379,7.1
7.486587,7.77
5.6922674,5.48
6.7406664,8.62
6.946651,9.15
8.243692,9.22
5.6763105,6.45
5.978985,4.7
6.84736,7.22
7.2193737,8.29
6.112101,5.0
3.805724,4.02
4.8180923,3.61
7.7205825,6.3
8.984415,8.95
4.2807016,4.72
5.093056,5.52
5.8404684,6.97
6.7580814,6.47
7.3939037,7.82
4.75683,4.33
5.5143023,7.54
4.888066,4.27
5.1377,6.77
5.4700937,4.68
5.672969,4.96
5.429221,6.3
6.3929873,6.35
6.8094234,6.3
6.0795226,4.77
5.6100855,4.98
4.9412827,4.81
5.926733,6.35
5.8474555,5.46
6.022483,6.68
4.9481564,6.25
7.0672708,8.0
7.2689757,6.7
6.669775,6.62
6.760674,6.1
8.184733,7.68
5.997878,7.12
5.987644,7.68
2.3881726,5.47
5.271142,6.02
6.0704107,5.08
4.6267567,5.2
7.6294427,8.0
5.999524,7.3
6.2891865,5.1
7.9436197,6.62
4.3433084,6.65
7.944417,8.3
8.676838,6.37
5.6793365,6.92
7.059816,6.42
7.1760044,7.19
6.221216,7.76
8.088187,6.96
5.834413,5.89
6.3978167,8.02
5.5892887,5.07
6.162667,5.2
6.802185,8.8
8.046212,7.8
8.788836,9.95
5.419051,7.12
8.640205,7.63
8.249962,9.0
7.791197,7.33
4.6194186,4.5
6.748219,6.12
7.3206086,6.61
9.861709,10.89
7.0419555,7.76
8.402464,8.7
8.732587,8.45
6.6517043,5.25
8.060398,7.77
9.246834,8.64
5.2087936,6.3
6.648065,7.68
6.8302956,5.15
10.10712,9.08
5.9519806,5.1
8.369629,7.44
7.5014143,7.8
8.302397,9.41
8.852113,8.65
7.2629237,8.07
9.829405,8.73
10.253527,12.0
7.947291,8.17
8.419292,7.94
7.9410133,9.02
10.229155,9.65
8.218694,9.52
9.67281,8.16
5.0644255,4.1
6.2143197,5.3
8.529558,7.96
5.8396883,6.2
7.7027893,8.1
8.555976,8.05
7.5192127,6.59
9.45195,8.43
9.437695,10.0
7.7611,8.4
6.7126665,5.94
7.08537,7.24
10.089425,10.4
5.0476046,5.2
6.3889294,6.44
9.142324,8.66
8.994919,9.0
9.527141,10.89
7.584993,8.31
5.6966815,5.0
6.2068725,5.96
6.9313393,5.5
6.0178666,7.6
9.019017,8.3
9.198429,8.91
7.3134203,7.86
7.9292693,7.68
9.341544,10.4
9.755528,10.41
5.06127,4.11
9.355915,9.4
9.270034,8.8
7.09439,6.51
8.146756,9.95
7.162675,6.11
8.93293,9.55
7.8295627,7.92
7.4080067,6.51
6.9670777,7.28
9.74987,7.29
9.127518,9.66
6.9095716,6.63
8.867968,8.7
6.196133,6.7
6.722134,6.99
8.835977,8.7
8.29574,8.7
8.111142,8.15
6.762067,6.88
8.161733,7.7
6.9966063,6.4
7.857155,8.7
8.396178,7.96
7.7462296,8.3
5.374394,7.6
7.3483934,7.54
8.357697,8.85
6.687793,8.81
9.368322,8.52
7.431989,8.7
10.046369,12.0
7.934228,6.58
7.523921,7.1
9.807985,9.02
9.589658,10.19
9.829836,10.08
8.678608,9.67
7.137291,7.89
9.158809,9.01
6.0064707,6.0
7.7908382,6.97
5.5546436,6.97
9.91261,11.0
6.7637873,6.94
8.753917,9.98
7.364033,10.15
8.441363,8.61
8.1163025,8.33
6.604105,6.77
8.734329,8.7
7.3192225,8.03
8.7829685,9.14
9.074269,9.24
8.766459,7.74
7.417534,6.9
8.989067,8.25
7.480011,9.4
6.320754,7.7
7.5033164,8.82
6.8729277,10.0
5.31158,4.7
7.9188275,9.0
8.171286,8.22
5.6251903,5.6
7.363805,7.24
10.327956,10.7
9.18513,9.64
5.7721443,6.34
6.3105636,6.6
6.2555943,5.8
7.251057,7.14
9.0475645,8.7
8.926871,9.7
8.20531,8.82
6.6451416,6.24
6.6685724,6.7
6.888766,6.35
6.789824,7.26
6.0150375,5.0
6.491973,7.46
8.40632,9.3
7.147385,6.36
6.552781,6.4
6.563625,6.11
8.197437,7.6
6.418366,6.01
7.198113,5.3
8.012279,10.3
6.2987776,5.59
5.883111,6.8
5.884495,6.59
6.3710895,5.24
7.718521,8.39
7.3469086,6.72
7.082787,9.41
8.056122,9.22
6.9650297,5.4
6.167409,6.6
6.5349255,7.68
6.255384,6.01
7.291388,8.17
6.3805118,7.85
7.0366406,6.33
6.522664,8.34
6.680514,5.91
6.279134,8.15
6.8189597,9.26
6.8689966,8.3
6.3685265,5.49
7.5459604,7.25
6.6689544,6.17
7.0878615,7.21
6.1990814,6.68
7.3322034,6.4
6.7855177,7.49
8.378044,11.42
7.4039626,6.37
5.276037,4.92
7.3319316,6.31
6.6128697,5.47
6.1568913,6.57
6.718816,6.5
6.422983,9.26
6.626559,8.05
6.8789973,7.66
8.306089,8.15
7.2002864,8.49
7.201162,6.46
8.320444,11.92
5.7930775,5.92
7.6736336,10.26
6.7855515,8.52
6.595599,8.03
8.031147,7.94
6.7580495,6.77
7.422044,6.8
6.3698106,6.67
7.3836603,6.32
6.5294166,6.61
6.2247095,6.3
6.172084,6.19
7.7627163,7.08
5.572071,6.57
6.976131,7.43
7.0258536,6.61
6.8457284,4.77
7.0730076,6.86
6.545441,6.89
6.818197,7.43
6.785415,7.42
7.245781,9.4
7.3471994,7.37
7.7330422,9.0
6.2307844,7.02
7.121055,7.96
7.0390053,5.68
6.1781693,7.0
5.742709,7.2
6.4153357,5.3
7.0649595,7.08
7.3330936,8.54
7.768313,7.7
6.493884,7.18
8.730222,11.07
9.156881,8.17
7.3167305,7.62
6.4143953,7.0
5.921432,6.24
6.7590623,6.77
7.102226,6.74
7.0394087,6.64
8.251968,8.52
6.879924,7.1
7.5897856,8.77
8.298856,7.12
8.250688,6.49
6.4434495,4.54
7.280021,6.95
6.550651,6.5
5.955802,6.91
6.486124,6.8
8.103493,7.7
7.4785824,6.14
6.099671,6.0
6.971203,7.32
6.919451,5.62
7.887726,6.77
7.035775,7.3
5.4437995,5.05
5.173871,7.27
5.298476,5.92
8.170911,5.59
6.8198624,6.38
7.9993963,5.62
5.8820934,6.03
7.0875297,7.0
5.921328,6.28
6.731401,7.04
7.8378425,7.43
5.3606887,5.77
6.3933544,6.72
6.160794,5.64
6.540873,6.85
5.08009,6.0
6.633764,6.35
5.4279814,6.68
5.3078938,6.0
5.559097,5.52
6.832499,5.15
6.4006133,5.24
8.3795805,7.22
5.299328,4.09
5.7472577,6.0
5.2050285,6.35
5.1884546,5.02
6.746583,6.36
6.3006034,7.85
6.4721246,6.03
6.9969454,5.28
5.7293153,6.33
6.5369987,4.4
6.876827,6.79
6.679632,5.36
6.7599263,7.1
5.1682034,5.66
4.996708,6.1
5.010847,5.26
6.6014476,7.52
5.0279665,5.28
6.252873,5.49
5.986889,5.3
6.360898,6.48
5.7381754,7.15
5.624674,6.42
6.333355,5.99
5.595397,6.01
6.405232,6.07
5.682139,6.7
5.6281843,4.71
6.5000777,6.0
6.281753,8.0
6.8624773,5.7
6.8407364,7.14
4.885545,5.85
5.3729835,5.1
5.921422,6.7
8.396462,7.18
7.2782574,7.1
7.275631,5.22
5.86461,5.4
5.670446,3.4
6.410198,6.1
4.8737435,5.0
5.4549046,4.3
5.5865636,5.3
7.159617,7.3
7.3060155,6.03
7.382472,7.23
8.022062,7.59
7.0767,5.55
7.223779,7.05
5.814247,7.06
6.1988473,7.28
6.8528104,6.7
5.899143,6.7
6.221972,6.7
5.836883,6.7
6.2229896,6.7
5.868074,4.87
4.8885574,6.21
4.9231052,6.28
7.5999355,6.05
7.5632415,7.02
6.1756215,5.6
4.6601915,4.9
5.434081,4.12
5.0736566,3.89
6.3394055,6.33
5.390775,4.77
5.5801406,2.87
5.4452543,4.79
5.1307673,4.38
6.2546787,2.7
6.1143885,6.41
4.781772,4.03
5.0153136,4.67
5.8493114,4.49
5.8635073,5.17
5.554493,7.29
6.9833627,5.08
6.511886,7.3
6.560689,4.59
7.143486,6.94
4.8165474,5.04
4.517579,4.44
4.122909,4.12
6.453656,5.42
4.00813,4.82
6.201228,4.55
4.6630917,4.26
4.4662514,4.32
5.274612,4.95
5.495465,6.59
5.381943,5.3
4.941901,6.07
7.273683,5.49
7.451287,7.41
6.3323264,5.05
7.223193,8.52
5.444746,4.85
5.9021077,4.76
6.419003,5.98
7.4925923,6.88
6.407181,6.0
7.518321,7.3
6.3217525,4.26
5.7344313,7.46
8.616905,6.61
6.668355,6.85
7.4666367,6.63
7.323938,7.15
6.647812,6.26
6.405291,6.73
6.799175,7.48
6.3704233,5.66
7.35812,7.29
6.306629,7.12
6.4749255,5.98
6.6234045,8.4
6.74763,5.59
6.859885,5.91
6.775734,7.92
6.456136,7.3
5.761304,6.49
6.609903,6.63
6.275553,8.4
6.69235,7.62
5.3259153,3.97
6.5831227,6.42
6.059644,6.12
5.9032364,6.94
7.6696205,7.82
6.4213295,6.92
7.3236866,5.33
5.7546206,5.62
6.7065535,8.52
5.2959986,6.2
6.5015316,6.05
5.417635,5.17
5.902317,5.6
5.3688126,5.05
6.099136,9.0
4.3721366,3.97
4.339368,4.49
6.4673605,5.7
4.923755,6.3
5.9080496,6.4
5.5137224,7.01
5.429173,6.77
4.108346,7.08
4.609539,5.19
5.009211,7.1
6.4930453,5.6
5.2688136,5.58
6.1564646,6.06
3.8258154,5.2
6.0877533,5.39
5.620912,4.92
6.52166,2.4
6.8307915,7.2
7.6832747,7.42
6.692157,5.93
8.576888,7.15
7.840894,7.6
6.4054303,5.78
6.474434,7.43
6.502411,6.6
7.020088,5.32
7.1866827,7.26
6.7673283,6.15
6.404558,7.37
7.228745,7.27
5.82963,4.93
7.1326847,7.7
6.8760242,6.92
7.0347285,8.1
6.815697,6.15
6.88919,8.0
6.390082,6.1
6.5138125,8.29
7.105913,6.25
5.7970777,6.0
7.2905693,5.66
5.549153,7.06
6.373006,7.85
6.409106,6.44
7.966434,9.0
6.801785,5.47
6.781438,7.48
7.3996825,8.46
6.8945966,5.37
5.18326,5.43
6.3619814,6.82
7.133292,6.72
6.6411176,6.5
7.652976,5.82
7.18145,7.87
8.084983,8.4
7.25972,6.78
7.9122005,6.09
6.1524687,7.09
7.4752913,6.57
6.696286,5.62
8.743896,7.85
7.457477,5.0
6.949779,6.89
6.460476,5.52
6.6825294,5.31
6.369933,6.89
6.573139,7.4
7.715829,8.6
6.167569,6.07
6.90866,5.96
6.9145637,6.68
6.4038286,7.82
5.7978363,6.18
7.385768,6.35
8.20101,8.4
6.7862964,8.15
6.3048525,8.4
7.304529,8.24
6.71369,5.96
6.9587317,6.12
5.89186,5.77
6.292297,5.35
7.595814,5.54
8.140194,8.62
5.9948854,5.5
8.204644,6.01
6.0340004,4.99
6.9567637,6.86
5.452716,9.24
7.014718,7.8
6.8534904,6.19
6.5094767,7.76
7.0920863,9.0
6.777076,8.15
5.923876,4.4
6.513954,5.19
6.1101727,7.72
6.962067,6.74
6.7949486,5.04
7.7959743,9.37
6.855573,6.8
5.785537,7.12
7.0982146,6.17
7.725169,7.76
7.4631805,7.96
6.241951,5.26
6.795806,8.21
5.5635347,6.22
7.105574,6.18
7.286535,8.23
6.7726912,5.77
6.5339136,5.51
6.760743,6.84
6.7895436,5.22
6.744183,6.21
6.331918,5.37
7.909348,6.34
6.1484046,8.82
7.3249435,6.39
7.691681,6.51
7.4750376,4.99
6.273734,5.49
7.5527844,5.3
5.2247677,5.3
8.40177,8.6
6.196215,5.5
7.1463356,5.68
8.161175,8.52
7.1242,8.28
6.360659,7.7
7.7883377,7.64
6.7881947,7.89
7.3545923,5.8
6.670951,5.19
6.483851,7.45
6.519994,8.55
6.1875515,5.29
4.918212,5.7
7.603334,8.14
7.1822276,6.66
6.6818147,5.82
6.3103523,8.05
8.474531,8.2
8.0388565,8.7
5.6377516,5.6
6.437719,6.88
6.437079,6.52
8.116564,6.29
6.8664265,6.6
6.003339,5.22
7.375416,6.67
7.7612696,8.4
6.501472,8.19
5.961831,6.22
6.078436,6.16
6.589419,6.43
7.248984,7.08
5.898503,5.7
6.2935805,6.22
7.071397,6.02
6.5530725,7.48
7.097696,7.8
7.6338496,7.39
8.057322,7.89
6.1790895,6.1
6.271714,5.52
6.526529,6.17
5.9083056,5.21
7.1644754,8.41
7.116458,5.82
7.5690875,7.59
6.2802196,7.11
7.518191,8.7
7.7621603,6.42
7.3476043,6.7
6.837766,7.95
7.161412,6.99
6.395848,5.85
7.9385853,7.49
7.7724395,6.82
7.430101,7.26
8.282609,6.05
6.3611026,6.57
6.9985175,7.85
6.991853,4.74
6.0853057,7.01
6.402419,8.29
6.8992395,7.25
7.7582674,7.19
8.197013,9.13
6.8485103,6.46
6.8654685,7.09
7.4616914,9.15
6.7460175,8.49
7.7700577,8.74
8.131407,9.7
9.506064,9.7
5.196378,4.02
6.959398,7.48
7.1556273,7.11
7.3306623,4.86
7.7351046,7.73
5.85656,4.39
7.738532,9.0
7.1230783,5.68
7.9833565,6.03
7.301927,6.82
8.500887,7.62
7.5960417,7.98
6.0955634,4.66
7.436888,7.31
6.622287,6.82
6.3505793,6.94
6.6866198,4.62
6.396022,5.07
7.8078785,7.19
5.0026426,8.96
5.235448,6.82
4.9674797,3.63
5.6773987,6.68
5.98408,4.22
5.522354,5.21
6.3110313,5.1
5.787185,6.01
6.4710875,6.43
6.805063,7.64
7.015656,6.3
6.9781523,6.95
4.2064285,4.93
7.142398,7.98
5.4204993,6.42
6.09829,4.8
6.56494,7.4
5.820197,6.72
6.7388167,6.8
6.200091,6.19
5.893287,5.28
5.375164,3.86
4.7333302,4.3
6.631431,4.04
7.3314667,8.06
6.07041,5.09
7.5791593,7.1
4.972793,4.28
7.565741,9.6
5.6778646,8.65
6.2994704,8.08
4.5467944,8.07
7.2080674,6.37
5.9899993,7.4
5.510694,4.64
5.6764374,5.65
9.647113,9.3
5.033511,5.75
4.580247,5.05
7.1454597,8.39
5.485462,5.23
4.820776,5.61
7.5374036,7.1
5.6019106,4.05
5.789631,9.09
5.63178,5.36
6.954591,5.17
4.5969353,6.14
6.3484664,6.55
3.2199821,3.76
5.3898263,7.38
5.554331,6.15
6.3306274,5.43
5.2052636,5.42
4.362335,4.66
5.972482,6.29
4.9973927,7.39
6.2155776,6.15
4.9356875,5.0
5.298243,5.85
7.267303,6.67
6.241796,6.14
5.429754,7.68
5.2824187,5.93
6.081132,6.0
5.73429,7.13
5.785502,4.39
6.4033036,7.11
7.1556926,5.08
5.439498,4.98
4.7557707,5.43
5.5469084,6.19
4.845943,6.3
4.5739737,3.91
6.411613,6.41
6.931618,6.5
5.042721,6.37
4.189412,5.08
5.2440524,4.33
5.764444,6.04
6.934966,6.84
5.9046044,4.86
4.3991914,8.22
6.5934114,5.6
5.587826,5.47
5.402528,5.17
6.039507,6.23
6.70414,8.26
7.003502,6.8
4.6388273,3.76
4.9645042,3.0
8.250759,9.22
3.6127152,5.05
6.0171375,5.28
5.3676834,5.66
6.274722,7.34
6.62724,6.6
5.4539013,4.88
6.167444,5.71
4.6335373,7.34
5.771987,6.07
6.3816066,6.0
5.2829604,3.92
7.0046,9.1
4.079272,5.0
5.852769,5.94
4.809939,7.72
4.267976,4.77
4.9231987,4.52
5.4046354,5.24
4.423027,5.29
8.038191,8.9
5.7568097,3.9
8.774242,8.4
6.7694263,5.89
5.429873,6.8
6.3806434,7.0
5.705357,6.52
6.887258,5.34
5.1716304,4.52
5.424702,6.32
6.019846,8.17
5.25498,6.42
5.437698,4.34
5.912706,5.99
4.5173283,5.87
4.562889,6.44
6.120991,6.69
5.081625,4.46
4.3769894,6.56
6.3487353,5.51
5.290078,5.78
5.4445305,6.04
5.4160957,5.82
5.9879932,6.88
6.553272,11.2
5.2232666,6.52
5.049817,4.86
6.0243835,1.22
4.7917156,7.38
4.6417627,4.3
5.110499,4.43
6.6557293,8.79
6.5788198,6.77
4.2693996,4.86
5.7463217,7.04
6.5733275,5.92
7.2519274,7.62
7.2031345,8.59
7.4606867,4.3
3.9006767,4.39
5.010839,4.21
7.0668216,5.72
7.1540065,7.01
5.3078194,3.73
5.4565473,3.85
4.944931,4.91
5.087411,6.19
3.4963195,3.91
4.280038,2.92
6.8767223,6.77
4.9054356,6.84
5.1280622,7.67
5.435563,8.47
5.3857536,5.14
6.4484286,7.49
5.1548004,8.39
7.3435493,7.68
5.913301,7.41
7.354808,4.4
7.587647,5.82
7.3450456,6.01
5.5594225,6.96
5.935298,5.0
6.993309,7.85
7.035111,6.11
7.3333592,6.21
6.1480265,5.8
6.879576,6.52
5.5651045,5.22
6.373664,5.92
6.3324647,8.29
5.1197014,4.33
5.9308004,5.2
6.114568,5.74
5.9162917,5.6
6.0472016,5.43
6.1879325,5.89
6.1430197,6.42
6.6370335,7.13
5.863067,5.89
7.1835446,6.4
7.598932,5.85
6.912948,8.0
5.729509,8.15
6.7969985,5.82
6.8999553,7.77
6.4346604,5.19
5.0721855,4.51
7.7812214,6.95
6.3909435,4.68
7.3718596,6.63
7.60466,7.25
4.8344517,4.82
8.502787,7.73
7.6008935,7.07
7.2559896,6.52
4.9956627,4.06
5.5583005,5.6
5.892054,4.42
8.0429,7.41
6.047049,5.72
7.810259,8.22
7.3227277,7.19
5.787165,4.57
6.2357903,7.96
7.3235474,8.08
7.2482004,7.92
5.7834673,6.86
6.4544215,5.4
7.0536094,6.73
7.540764,8.29
7.375286,7.72
6.5961633,5.7
6.671911,9.27
6.484871,9.89
6.1124864,6.02
7.1081433,6.44
7.8125367,7.88
6.675954,4.13
6.71689,5.71
6.8423667,8.48
6.7793765,5.52
7.2152405,6.77
6.8812094,6.44
7.483494,6.81
4.8277454,6.21
6.425895,6.04
6.0701265,9.29
6.4278517,7.42
6.9068236,8.79
7.869327,8.25
6.7972536,6.24
7.5089674,7.89
6.892678,6.12
7.7958994,9.04
6.659946,6.05
6.1214933,6.81
8.950799,8.29
6.035604,8.59
6.616183,6.92
6.783638,5.82
6.307005,7.28
7.315979,8.79
6.9666348,6.91
6.7407327,7.48
6.7249546,6.42
6.375544,6.8
6.467329,6.52
8.251951,9.55
6.665514,8.11
5.410585,5.52
6.599706,6.78
7.3638935,6.15
6.8099194,6.07
6.54389,5.02
7.3665338,6.34
7.136266,7.93
6.8845415,7.17
8.031186,6.64
6.1309986,6.5
6.5020137,6.23
7.0121245,9.06
5.7017245,5.33
7.550966,7.31
7.7962317,8.24
6.3392615,7.26
8.431992,8.5
6.4245014,8.52
5.837724,8.25
7.066025,7.12
6.3379602,6.36
6.309391,5.84
7.4006195,6.96
5.8758426,6.27
7.0198374,5.49
6.426604,7.15
5.6042995,7.14
7.7379675,5.09
7.1626406,7.51
6.835553,5.4
7.2770243,8.82
7.660468,8.24
6.220382,6.41
7.0371847,9.32
6.558117,7.74
6.3473754,9.39
7.114068,6.5
6.6403213,7.44
7.7578726,7.6
8.383656,8.61
7.6634207,7.04
6.851523,5.66
6.676453,5.6
6.3124394,5.72
6.653425,7.1
7.427228,8.04
6.3624578,6.54
7.443696,9.72
5.9100275,7.51
6.8022227,6.19
7.679572,6.2
6.7227783,9.07
6.740457,7.76
6.60175,5.84
6.6631927,5.82
7.3857465,8.04
7.7337294,6.71
6.945707,7.07
7.0119233,9.22
6.76979,5.68
6.8434258,7.54
6.8672457,6.43
7.6512833,7.34
6.9268723,6.55
8.006102,5.81
7.574592,5.9
6.252763,6.51
7.592099,7.45
7.175728,5.45
5.770408,9.28
6.6976953,7.77
7.454954,8.08
6.461429,8.02
6.2543707,8.57
6.320727,6.34
7.0269966,5.66
5.877655,5.54
6.669958,7.82
6.1090403,7.19
6.375844,6.45
6.243657,8.62
7.952256,8.1
7.5936494,7.85
7.165317,6.79
5.917791,5.28
6.2211943,6.43
7.26825,7.79
6.447406,6.49
6.22474,7.91
6.404264,8.2
6.6842113,5.68
6.70188,6.34
7.015973,6.73
6.558586,6.41
5.064671,6.91
6.018283,6.31
6.7260094,6.52
7.887141,8.61
7.1967607,5.4
7.9708204,7.91
7.470155,8.42
7.5454073,8.02
6.0410824,5.63
4.809351,4.7
7.0880494,8.7
6.0489774,7.63
6.2308464,8.72
6.6554856,6.26
6.0364623,6.59
6.2825165,7.7
6.7457304,8.21
6.199666,6.92
6.4748206,5.07
6.771125,6.01
5.593159,6.33
7.045817,7.4
6.6571865,8.22
6.3000383,5.44
6.8646736,4.78
6.4028716,7.03
6.360151,6.68
7.5183525,7.17
7.0527215,6.82
7.020332,7.2
6.3037915,6.8
6.027654,5.4
6.561274,7.96
7.212106,6.72
6.7403626,5.89
7.0301247,7.07
7.1323853,8.15
6.4195995,6.57
6.655059,7.05
6.560677,6.5
6.5520473,5.86
6.1280875,7.7
6.0249734,5.79
7.8464737,9.3
6.1622605,6.55
7.197927,7.08
7.01848,6.81
6.4382386,8.3
7.4713264,7.61
5.7710495,5.91
6.71703,6.28
6.186843,7.7
6.3450418,7.92
6.7532663,8.64
6.466961,7.23
6.308277,6.29
6.6331677,6.59
6.4661365,7.44
4.916389,5.18
6.720175,6.34
5.929318,6.8
5.780033,6.17
6.4708567,6.35
5.451058,6.59
6.6523046,6.36
7.226242,7.96
7.006834,6.78
7.4006786,8.64
7.621983,7.7
7.113912,7.9
8.00001,7.92
6.391663,5.74
6.37612,5.77
6.291845,5.48
6.526321,5.6
6.761121,8.4
5.6797423,6.22
6.8775806,8.3
6.36153,6.99
7.230322,5.57
6.368067,7.13
6.2226744,5.82
6.6010475,8.8
6.212677,6.57
6.9659123,5.86
6.763304,6.52
6.1275377,5.11
6.936985,6.36
6.2673726,8.7
5.597284,5.28
6.3019323,7.21
7.6052237,9.3
4.981959,5.73
6.493355,6.29
6.72783,7.0
6.7994246,5.96
6.4404573,5.48
7.5001154,7.62
6.266876,7.09
7.938391,7.67
6.8236585,8.0
6.652344,7.74
6.1591973,7.7
5.4261675,5.41
6.876818,7.6
7.3148766,7.89
6.47395,6.0
6.1875777,6.84
5.558607,7.11
4.972558,5.37
7.407377,6.78
7.234528,6.74
6.5797086,7.35
6.834159,7.85
6.1824822,5.4
7.6838574,7.99
7.376218,8.8
7.576484,7.4
4.815222,7.29
8.309804,8.8
7.586753,7.06
7.6833234,8.03
7.0470047,5.91
8.265502,8.07
7.846225,8.57
7.99905,7.36
7.4594965,8.0
7.931753,7.57
7.6288095,6.67
8.024832,8.06
7.980918,7.81
7.368465,8.4
7.6931324,7.62
8.761106,7.41
8.014937,7.59
7.417797,6.74
7.8401937,8.34
7.0660787,7.85
5.825138,7.13
6.889611,6.05
7.4673977,8.35
7.8693824,8.08
5.06097,5.94
6.1143975,4.32
5.9373236,5.51
5.693411,5.22
7.1080666,4.52
6.217648,4.91
5.997873,5.6
5.3407555,5.46
6.791436,5.52
5.639516,6.7
6.3920884,5.1
7.330659,6.68
5.6091595,7.52
5.454397,2.54
5.0811605,2.79
4.7773256,4.84
8.71868,8.57
6.798397,7.98
9.634586,7.82
6.5417523,8.0
5.587664,5.41
8.423838,8.74
6.0134406,8.46
6.677796,9.19
5.5997515,4.54
4.8736105,5.1
7.778969,7.5
5.6624064,5.01
6.893606,5.68
7.1319265,8.22
5.470364,5.65
8.750223,8.8
7.7135015,8.02
7.677208,7.32
7.5639486,6.66
7.000966,7.3
8.105423,8.85
7.824521,6.98
6.379651,5.48
7.3325167,8.85
9.482609,8.82
8.160356,8.46
8.294764,9.7
6.1228366,6.46
5.517949,5.39
5.857787,5.02
5.0709157,4.15
7.0449834,6.48
5.349745,6.46
6.0734625,7.74
7.048484,6.79
5.4530296,5.74
6.8227706,6.4
7.6433797,6.05
7.8824353,9.0
5.471529,4.9
5.7449665,5.6
6.84291,6.18
6.6466846,6.68
5.643588,5.19
7.111601,6.37
7.182669,7.26
7.505275,7.36
7.580884,9.0
6.5876837,6.08
6.0014696,7.03
7.461666,7.13
6.288751,7.42
7.6282463,7.24
6.778882,7.26
7.014469,6.92
5.111285,4.1
5.750862,7.3
6.818981,8.15
6.338898,5.74
7.4466763,8.4
5.620819,7.37
7.419563,6.58
7.22665,6.77
6.3375735,6.0
4.9880223,5.55
7.101432,7.92
6.6765757,6.12
5.9650784,6.5
7.171725,7.57
5.5865674,5.49
7.494445,7.4
6.7125077,5.14
6.0186725,6.19
6.2470913,5.8
7.242309,6.15
5.1553154,5.5
6.539571,5.35
6.806901,7.26
5.5801086,6.3
5.952289,6.04
5.921651,5.61
7.1139455,6.8
7.487178,7.28
6.776818,6.0
5.4498997,4.28
7.0863924,7.1
6.146677,5.61
7.55657,8.44
7.2332077,5.03
6.5651755,6.21
7.5497255,6.72
6.6644707,7.14
6.6270704,7.15
6.540711,7.22
6.679129,6.72
6.794993,7.85
7.149518,8.72
5.950471,5.51
8.1169405,6.42
6.4633603,5.82
7.2494392,8.3
7.334891,8.57
6.9068065,8.0
6.47091,9.51
5.6248026,6.96
6.0341897,5.31
7.55752,6.1
6.52592,9.3
9.152848,7.6
7.851776,4.54
6.5870237,6.85
6.572703,5.71
6.3259296,7.07
7.459738,5.83
7.720167,6.66
6.344521,6.0
6.9832616,8.01
7.703548,6.01
7.057375,7.54
7.102863,8.76
6.0644116,6.67
7.856057,6.54
7.70322,8.06
6.6991034,7.74
6.3454266,4.33
7.2166133,8.0
6.480184,7.62
7.5853753,7.03
7.069236,8.1
6.962195,7.19
7.353434,6.93
6.759833,8.46
7.769867,8.0
7.0356097,6.15
6.489828,6.19
8.400292,6.08
7.6915803,8.37
7.3008447,8.64
6.9722586,9.1
6.696618,5.43
7.5402055,8.6
5.997592,5.97
8.257063,8.37
7.797125,7.0
6.7577553,5.68
7.738533,8.42
6.3696017,7.44
7.8955636,8.9
7.507218,6.26
6.239616,5.91
7.3809547,5.16
5.416502,5.8
8.104598,8.7
8.053366,9.82
7.1333084,7.08
8.351085,9.36
5.5433893,7.92
7.282141,6.98
7.8590827,8.9
6.9865813,8.2
6.966608,7.46
6.5098763,6.82
6.8313084,8.33
8.524369,7.16
7.287276,8.0
7.0078826,8.14
6.841427,5.26
6.867828,8.5
6.2630444,5.1
6.650444,8.3
7.8301353,7.35
5.6821404,6.22
7.19306,4.73
6.2529097,8.1
6.147891,6.11
7.519998,9.64
7.987467,8.18
5.8399158,6.41
6.1812534,8.11
7.3559856,8.66
6.0490456,8.93
7.322038,6.94
7.940728,6.4
8.440507,7.85
6.838089,6.09
7.430975,7.5
6.595244,5.72
6.194688,7.51
5.707,6.04
8.3685055,9.7
7.8433514,8.23
6.979769,6.34
6.587891,8.7
6.582991,6.27
6.8183994,7.47
6.232072,5.49
6.948298,5.55
7.2010484,5.97
6.582521,5.48
6.1276793,4.42
6.9288373,6.88
6.9575777,7.34
6.585804,5.22
7.44218,6.36
6.3626413,7.47
8.059739,6.82
7.705311,6.18
7.597684,6.29
7.389866,7.92
6.901375,5.96
6.034667,7.74
5.6889195,5.35
7.7774496,9.7
7.6476903,9.0
7.4789834,6.96
7.3240056,8.4
6.4806433,8.5
8.372106,7.73
5.9199233,6.59
6.512291,6.14
6.946079,6.08
7.4405756,5.84
6.812447,6.75
5.555193,6.2
6.954611,7.43
5.929609,4.92
5.92949,4.2
5.3377094,2.05
4.5137615,4.15
5.786381,6.1
6.450174,7.04
5.9955983,5.18
5.438686,5.28
5.115163,5.34
7.172969,7.26
5.413869,5.77
5.0327168,6.21
6.961066,7.28
5.9090266,5.82
7.075042,7.77
5.767196,5.28
6.625299,6.34
6.6131043,5.8
4.419905,4.0
5.73856,5.17
5.496261,5.6
6.097683,4.79
6.717862,5.31
4.760296,5.41
6.2709928,8.1
6.454612,7.17
6.366471,4.98
5.2751093,5.0
5.7485485,4.93
6.3681545,8.7
6.8605857,6.96
7.160696,9.0
7.11747,8.0
6.276998,8.36
5.5083,5.8
7.401035,8.52
6.960313,7.7
6.868968,7.12
6.7069845,7.96
6.036373,6.74
6.6062245,7.42
6.643426,8.7
7.38701,8.52
6.8891845,5.9
7.787317,7.48
6.410214,7.92
6.440059,5.8
6.434281,4.79
7.006745,6.6
5.500821,4.53
6.321815,6.77
7.249491,8.1
6.252263,5.35
6.025716,7.82
5.457139,5.2
5.5437937,4.63
7.587879,7.92
6.1167464,5.7
5.939598,5.05
8.1597185,6.88
5.766907,6.17
5.8040495,5.8
7.0980496,6.34
6.333547,5.42
5.497798,6.05
7.2650404,7.4
6.4484696,7.08
6.627887,7.44
6.272264,5.48
5.5401053,5.2
6.2867575,5.46
7.108297,8.22
8.168385,8.7
5.5207047,5.89
6.492105,7.22
8.360669,7.48
5.2131834,5.8
6.8352294,7.37
8.2727585,7.89
5.0589747,4.82
8.001925,5.52
7.716036,8.05
6.967573,7.25
7.6534877,8.4
8.35664,8.7
7.1077366,6.74
7.596118,9.01
5.9573846,4.39
6.6123486,5.82
7.3502655,7.05
7.326384,7.26
7.092641,8.0
6.783287,6.39
7.4553194,7.01
5.684765,5.0
7.1231513,7.5
5.5146613,5.55
5.97609,4.59
8.099044,9.0
5.7898693,7.03
6.925378,8.52
7.19434,6.33
5.369608,6.82
7.0585637,5.0
5.983201,5.64
5.657644,5.68
7.0131297,8.85
6.033384,7.63
5.678423,6.72
6.869761,5.02
6.2250233,6.22
4.471165,5.01
5.4362864,6.06
5.5479527,8.92
6.471933,5.81
5.644119,6.64
6.6806912,6.0
6.4012737,4.79
7.0196557,4.25
5.1693473,7.4
5.6679974,7.22
6.925024,6.25
5.795702,4.39
5.2299542,6.49
5.4862943,5.24
6.205338,6.85
6.0477705,5.37
5.599987,6.94
5.2903776,6.49
5.170752,4.05
6.4210095,8.1
7.321009,5.23
5.7364345,4.49
7.282326,5.77
5.3223095,6.09
8.374753,6.28
6.1802015,7.32
5.925579,4.92
6.0026,6.03
7.0736313,7.66
6.8287315,4.7
5.37122,7.4
5.383684,5.17
5.4033155,4.94
5.5127325,5.77
5.7102776,8.0
8.135518,6.52
6.984611,8.3
6.8071795,7.64
5.506378,5.59
5.8966465,5.69
4.6891575,3.89
6.0602026,5.71
6.469079,6.37
5.720568,6.42
5.291242,5.21
6.063024,5.72
6.682056,5.46
7.230213,7.28
7.737114,5.97
6.9667935,4.44
6.7091303,5.01
6.635317,6.34
6.6670947,6.7
5.9046793,5.8
6.668875,7.34
4.5039034,5.7
4.7739887,6.96
5.2284822,4.3
4.8577356,5.33
5.439532,6.11
6.991337,7.8
5.641284,7.52
7.1504693,6.45
7.2303343,5.44
6.4828215,3.96
5.63232,5.41
5.9872813,5.4
6.7632136,6.07
5.387679,5.24
5.6290765,4.96
5.8095326,4.43
4.842681,5.0
6.7898617,6.72
5.121435,5.25
5.1154428,5.01
8.1307535,3.53
6.3533587,6.01
5.471438,6.37
6.945335,4.35
7.7854166,8.3
8.124088,8.3
6.541833,5.4
5.230748,5.53
5.9892917,5.59
5.89816,6.04
5.1111774,5.4
6.1758227,1.52
6.4859924,6.55
5.62028,5.9
6.0490546,5.57
6.4074373,6.51
5.278334,5.12
5.3988853,4.89
5.72237,6.21
6.403741,5.56
5.421502,6.85
6.103868,8.3
6.9327044,6.34
7.6116138,7.7
6.9141383,6.47
7.056593,6.62
5.926587,7.0
6.630656,6.96
7.1051435,8.24
5.924756,4.66
5.1212435,6.04
4.410709,2.24
6.990801,6.38
5.2529564,6.4
6.532983,5.45
6.0396614,6.86
5.5214944,4.82
5.984105,5.68
5.3818197,5.9
6.431802,6.4
6.6466017,5.67
7.1907787,6.84
7.590358,8.3
6.7471695,6.44
6.6171203,8.09
4.8832335,4.74
4.8519316,5.37
6.6078243,8.24
6.009529,5.59
5.2892966,4.7
6.6823187,5.22
5.854284,6.79
6.638945,9.74
4.991641,7.22
5.630234,5.76
6.2616954,5.85
5.5848136,6.4
6.9901757,6.47
7.678062,8.0
8.436612,9.0
7.423277,6.0
8.071988,7.0
5.091322,6.89
7.278703,6.19
5.592237,4.16
7.37973,6.15
6.285647,5.09
6.045572,6.21
5.6342254,9.37
6.6996994,7.35
6.7996616,7.65
5.6123796,4.49
6.080636,9.62
7.3895793,6.77
5.1875086,8.54
7.3527145,8.29
7.276185,6.61
7.201256,7.15
5.5860705,5.36
5.7556353,6.14
6.391975,4.6
6.7238708,5.07
6.678755,8.04
7.5479913,9.2
7.156292,7.5
6.6888137,6.7
6.5247955,5.37
7.391461,6.06
6.8219748,6.11
7.057484,7.13
6.59303,8.05
7.560032,6.38
6.7607927,6.36
7.8382187,5.38
6.7580295,8.03
6.8431287,8.19
5.9931993,7.48
5.2976875,4.74
8.061159,7.19
7.0513754,8.14
7.486966,8.07
7.4095354,9.96
6.7211995,8.7
7.200286,7.77
6.7579365,6.09
6.7252703,7.24
6.8936877,6.96
6.6847844,6.3
6.9408727,4.9
7.247955,4.31
6.3013916,6.3
6.8911557,6.3
6.5041733,6.3
6.8037534,6.3
7.7273545,4.12
6.7103167,6.07
6.037023,5.29
6.055168,4.92
5.813197,6.0
5.39896,4.52
5.599814,6.0
6.4732804,5.94
7.814782,7.25
7.006515,5.14
5.151651,4.47
4.701563,5.82
4.16864,4.79
6.454093,4.67
7.437398,7.97
5.7643223,4.54
6.606411,4.76
6.6159077,6.54
6.384594,7.87
6.112572,6.15
4.137604,4.64
6.637958,7.0
6.7710495,4.57
7.4679356,7.54
5.9566865,7.52
6.8320584,5.03
7.5990515,8.1
7.317249,7.68
4.5928903,4.57
4.4405565,4.76
7.072212,3.3
6.2405314,4.15
5.2200584,5.79
4.694908,4.77
5.487841,3.73
5.47253,3.87
6.1225424,5.46
5.155838,4.26
9.785494,6.8
5.5465713,4.53
5.438485,3.79
5.475217,4.6
4.803873,5.43
7.619846,7.85
7.8163743,7.96
5.4794407,5.64
6.643037,6.53
5.1963825,4.59
6.449551,4.77
4.8568716,4.15
7.0105658,6.11
4.9719853,4.46
4.878207,5.22
5.933765,6.28
6.3992777,5.46
4.5088425,5.68
5.2200994,5.15
5.6112394,3.26
6.5925403,5.74
8.607874,6.9
5.890723,5.0
5.779534,4.42
6.34687,4.09
5.818569,4.67
5.889537,4.87
4.893668,4.72
6.5505795,5.07
6.2630234,4.24
5.812605,6.0
6.86067,9.05
7.3353696,7.68
7.3173885,10.02
6.5567813,5.3
8.642623,7.65
7.9192853,8.91
6.5080075,6.08
7.5691733,7.2
7.222674,10.0
7.5807343,7.99
7.6599565,4.55
7.3196287,7.65
7.3457437,6.18
8.067074,6.85
6.4972057,7.2
7.0210705,6.5
6.7238703,5.59
6.9692044,5.08
8.753164,8.29
6.5692115,6.85
8.433058,8.0
8.344441,7.82
6.618418,7.25
7.853073,7.0
7.463323,7.47
7.163986,7.57
7.11492,7.61
7.0652823,9.3
7.455934,8.37
7.9485617,8.24
7.4516306,7.12
7.581383,5.22
6.9979014,8.62
7.642261,8.6
7.983308,7.15
8.19612,8.57
6.5816402,5.97
7.8354397,9.2
7.3118477,8.55
7.58097,7.47
8.447877,5.7
6.820428,6.96
6.8850346,5.04
7.8125925,7.89
8.043795,7.7
7.269694,6.7
6.733141,7.55
8.022334,9.1
7.4112067,8.8
6.9448414,8.37
6.1172314,8.15
8.24675,8.21
7.906247,8.45
8.2153635,7.9
7.305062,6.65
7.6391177,8.17
7.445499,7.1
6.483913,5.4
8.267713,8.64
7.559603,9.6
7.8522744,8.1
6.857019,7.5
8.687344,7.71
7.8857985,9.76
7.7196445,7.64
6.6229568,4.68
7.5166655,8.2
6.3581424,6.9
7.3682475,7.3
7.3961325,6.19
8.050005,7.83
7.196886,8.0
7.7286687,5.4
5.6354146,7.43
8.344576,6.96
7.676739,6.49
8.526001,8.02
6.206786,8.03
8.36659,5.54
5.8351007,5.98
8.978518,7.49
6.534397,6.23
5.658272,7.4
7.5976186,8.5
7.493019,8.35
6.7370462,8.96
7.781631,5.94
8.6239805,7.98
7.6141405,7.96
6.807581,9.28
6.8872566,6.06
6.9011283,7.01
7.2609468,7.25
7.8485107,7.38
6.7273717,8.3
7.864741,7.89
6.7496934,7.51
7.7084846,6.47
7.4442954,7.11
8.576374,8.55
8.067909,7.52
6.8506455,7.22
6.563255,5.67
7.423078,9.29
8.1869545,7.5
7.4893794,7.55
6.7259684,5.5
7.861817,8.27
5.506608,7.87
7.3533893,8.72
7.6706476,6.43
7.6242704,7.66
7.40737,7.51
6.7770805,7.91
7.5377,8.22
8.1857,8.0
6.638493,7.12
8.118988,8.85
8.101336,7.46
7.2912345,9.5
8.744504,10.34
7.309737,7.3
6.69929,7.44
7.9117327,7.8
8.069474,7.68
6.5934134,7.07
8.317716,8.32
6.984447,6.36
5.7869368,8.23
7.0251207,5.77
8.301566,7.8
7.6933837,7.73
6.4693694,7.25
7.201988,7.9
8.039469,7.89
6.983376,9.09
7.8991785,8.27
7.559649,6.04
6.9785905,7.37
6.8747396,6.7
8.337316,10.37
8.197638,5.82
5.687227,8.52
7.6453524,7.28
7.2470694,8.36
7.3345017,7.4
7.8501816,7.9
7.78469,8.5
7.827199,7.39
8.220677,8.24
6.293941,8.12
6.724276,4.59
8.538786,7.5
7.1574492,8.93
6.120779,8.7
6.9937243,6.7
5.197709,4.72
5.831043,7.51
5.716605,6.0
5.5280337,5.09
7.273567,5.3
6.2582064,6.3
6.695564,6.2
5.7579303,6.1
6.513721,5.2
6.2226315,5.17
5.7913995,5.8
5.8139286,4.92
5.2704844,5.6
6.012897,7.37
5.6906986,8.33
5.915879,4.2
6.8430376,5.52
6.4398036,5.9
6.174465,6.44
5.145735,4.84
6.999459,5.68
5.09161,4.03
6.2093987,5.6
7.786845,8.52
7.4911504,6.74
6.4914336,5.77
5.726985,5.0
5.6343403,5.8
5.5445533,5.8
5.944109,6.08
3.672508,6.23
7.7757845,8.05
7.120298,4.11
6.8985267,6.0
6.2596364,5.85
6.3940864,5.05
5.8760448,5.3
6.2072697,6.6
6.231875,5.8
6.254132,5.39
7.2480764,8.3
6.4335837,7.3
5.9053025,6.5
6.842538,6.53
5.5656137,6.52
6.924699,5.62
5.9891353,7.59
5.75896,6.52
6.004635,5.1
6.198161,3.83
5.9051166,4.88
5.332865,6.4
4.6917696,5.92
5.301207,6.89
6.309851,7.44
5.704643,5.52
5.4619055,5.49
4.815222,4.44
5.9710217,6.7
6.141527,6.73
6.077421,5.77
5.6005692,3.91
5.5361614,5.52
6.0211897,6.76
5.494693,6.65
6.7751975,7.23
6.9973955,6.79
5.3168745,5.77
7.230189,7.68
5.42938,5.88
6.03326,5.24
4.950833,6.17
5.864849,5.5
6.882463,7.11
7.2604523,6.31
5.518127,5.88
5.5147305,4.88
5.293117,6.13
5.42843,4.48
6.1856246,6.09
5.385371,5.64
5.584669,0.92
5.619799,5.2
6.307195,5.23
8.014471,7.96
6.4027777,7.2
6.4787107,7.6
7.2013783,7.07
5.3612227,6.05
6.7357183,6.55
5.396405,5.66
6.135789,7.48
5.3065405,5.81
6.632674,6.52
6.984295,8.15
8.016312,7.92
6.4733715,5.23
5.376459,5.3
5.009561,5.04
5.4542646,5.43
6.317127,6.38
5.8247075,7.24
5.4543843,5.42
7.227277,6.37
5.684379,6.84
7.598554,7.22
6.272128,7.43
5.4853134,0.77
5.798669,7.68
6.9649696,7.68
5.9704294,6.82
5.327499,5.22
6.221821,6.74
6.0115156,4.72
5.822475,7.27
6.314035,5.57
7.0882726,8.05
6.666056,6.83
5.2606072,5.78
6.2909803,6.49
5.95099,5.97
5.85711,5.28
6.208453,0.83
6.640298,5.41
4.948002,5.64
7.260775,8.4
7.1226,8.7
6.8525224,6.52
6.9108276,5.37
7.394287,6.61
6.781881,5.42
5.4609685,5.59
5.7306175,5.79
5.8656225,5.82
5.1864657,5.35
6.924989,6.86
5.6259813,5.11
5.788985,5.02
6.2605367,5.98
7.5176916,7.3
7.281003,8.05
4.994052,5.35
6.6278644,6.74
5.958066,7.14
6.4581923,4.72
5.8048496,7.37
6.628088,6.4
6.114358,5.7
5.8906493,5.15
5.967687,4.52
6.9903827,5.98
6.5586367,6.66
6.351915,5.37
5.827343,5.47
4.9688325,5.44
5.402833,4.37
6.164014,6.51
5.809413,4.28
6.3106794,6.65
6.457418,5.35
5.596897,6.38
6.7144275,6.6
5.5016985,5.59
6.3778224,5.17
4.818489,5.85
7.2595677,5.49
6.16301,6.91
6.4162664,5.25
7.26229,8.08
8.019402,7.1
5.4512243,7.7
7.1379147,9.0
6.8001423,8.89
8.436283,7.0
5.571808,5.39
6.3587155,4.61
6.261972,4.64
6.4575315,7.0
9.011774,5.98
8.652355,6.8
5.6452723,5.11
7.8925176,7.27
6.7439733,7.9
7.45298,7.53
6.4205422,7.17
6.976122,6.04
6.4591217,7.0
6.473892,7.17
7.94306,7.99
8.986113,10.42
5.711305,7.05
6.5623646,7.89
7.336812,7.12
7.069091,8.34
8.510138,9.38
6.150393,8.28
8.558515,8.87
7.929633,7.68
6.926593,7.7
7.3956604,6.16
7.8151565,7.01
7.3703866,7.88
7.126278,6.98
7.9505057,5.68
7.057191,7.46
7.278622,6.77
6.3349967,4.58
7.4474716,7.95
7.4657803,8.06
7.0875435,7.74
7.4219213,8.47
7.7726746,7.63
7.9479675,8.53
7.4839797,7.74
6.907193,4.86
6.9595723,8.15
6.893753,7.3
5.9699426,6.85
7.260626,5.73
6.8688707,6.82
5.404753,5.26
7.5725064,9.06
9.327015,6.7
7.5221243,6.94
7.2818794,7.47
7.4994435,5.58
6.3004737,7.24
6.9869375,7.0
7.544101,5.4
6.9408903,7.72
5.7511024,5.24
5.606894,7.8
7.000133,9.0
7.355617,7.89
6.3938217,6.27
7.009381,9.0
5.857815,4.94
7.1319613,7.01
6.6461263,5.35
6.582476,6.2
7.2491827,7.56
6.19732,6.02
5.088953,5.77
7.150345,8.06
6.407254,9.1
6.274737,7.36
5.6225524,4.66
7.3093877,3.22
6.497709,4.68
7.553538,6.05
6.795725,5.96
7.1483483,8.74
6.6197495,8.17
6.1371355,5.07
6.4331255,7.12
7.8629384,9.1
6.2893233,8.3
5.876413,6.05
7.384059,6.19
7.171097,8.44
7.7561593,9.7
7.637047,7.68
5.7665625,6.69
6.634138,6.66
7.859457,8.96
8.447434,8.64
8.246401,7.15
7.0271254,5.86
7.78733,6.14
7.8550715,9.52
7.952292,8.4
5.926664,5.71
7.1955013,6.89
7.7489347,5.5
6.4132013,5.54
7.6242433,7.2
7.538846,9.24
9.357506,6.93
7.189839,6.29
6.890419,7.28
7.7812533,7.06
7.298444,6.62
6.3746877,5.5
6.697556,7.82
5.869713,7.52
4.751471,5.52
7.5691004,7.25
5.479242,6.3
7.1156483,4.43
5.7662196,4.49
5.083125,3.88
5.5116014,4.82
4.1346064,3.62
5.623126,3.95
5.898284,4.43
4.8039145,4.72
5.2400784,4.28
5.4981847,4.02
6.7237487,5.17
6.2548246,4.69
6.302694,5.11
7.225837,6.19
4.5596924,6.92
4.777357,4.99
7.3612523,9.08
7.7596455,6.75
7.844044,9.24
5.3129716,5.17
6.876846,5.65
7.23808,9.04
7.3091836,8.85
6.22019,6.25
6.6537886,5.26
7.4557014,9.39
6.671455,5.97
6.0307674,7.77
5.2889147,4.91
5.949135,6.59
6.6008143,6.14
6.9585924,8.89
6.2462735,6.0
6.486975,6.11
7.6544356,8.66
6.094231,5.41
7.6534266,7.84
6.3490477,6.45
7.343067,7.77
6.3654823,6.64
7.9565144,9.21
7.551341,9.42
6.7759576,7.08
6.5460315,6.87
6.6864033,6.66
5.806988,5.0
8.003156,8.49
7.7815075,7.63
5.56811,7.68
5.227437,4.86
5.8455696,5.21
5.9436984,5.99
6.7071314,7.29
6.7347493,7.85
5.408758,5.34
7.3226795,7.05
7.460258,6.79
5.716731,5.94
6.6577554,5.8
4.4035597,5.63
7.5709515,5.99
7.596236,9.23
6.8413486,6.64
8.081183,7.7
7.3557863,7.31
5.285123,4.93
8.232515,8.62
6.517463,6.24
7.838043,8.85
8.66492,7.6
6.851167,7.7
5.8127656,4.88
6.825857,9.0
5.248512,5.24
8.0412245,8.85
5.992851,8.4
10.783606,8.3
7.516214,7.93
6.3760085,5.91
6.549013,6.68
6.1098557,4.62
6.8814836,6.13
9.398605,9.37
7.282826,6.73
6.915298,8.41
6.6126146,5.64
6.8058443,6.82
6.41183,5.63
7.247886,8.17
6.486356,5.87
6.6045194,5.66
7.4772015,7.68
6.2700167,8.64
6.486042,9.41
6.781249,7.6
5.86965,9.09
7.1938114,8.54
7.270845,5.1
6.6856885,7.37
6.512643,5.02
6.343192,5.52
6.2468348,6.51
6.9910836,9.49
5.4907575,5.17
6.3908377,5.88
5.999414,6.03
6.331131,6.28
6.5297723,7.8
7.3265023,5.19
6.2989984,6.82
6.553138,7.31
6.0910835,5.96
7.4153137,10.1
6.3173337,5.59
7.9789667,7.6
5.1388845,8.94
6.773431,5.38
6.169848,6.35
5.881644,5.09
7.851971,6.08
5.567214,5.0
8.391729,7.72
9.205097,9.54
6.466386,6.15
7.399675,7.64
6.305523,5.87
5.775128,5.01
7.210864,8.41
7.3369894,8.39
6.3791857,9.31
6.8777347,9.52
7.2206554,4.78
5.281436,4.87
6.395288,6.3
7.855363,9.7
7.0753326,7.16
7.926115,6.07
5.467787,6.34
7.7679305,8.2
7.000983,6.25
6.650474,5.64
6.9312077,5.7
5.0781393,5.26
6.5217934,7.9
6.4577527,5.12
6.8421516,5.96
6.43178,7.02
7.502626,5.28
7.4263415,9.0
5.585684,4.88
6.167662,5.45
7.2490983,10.4
6.2897253,9.42
6.004743,6.32
5.45022,7.6
5.978983,6.74
6.714395,6.8
5.140233,6.64
6.6737585,5.05
6.891036,5.21
7.741493,6.66
5.5727935,4.0
8.322149,7.51
8.487484,8.4
8.304792,9.3
7.1315255,5.43
6.716013,5.92
6.10364,7.74
5.0344133,7.0
6.429863,4.85
6.228846,7.96
6.031087,7.64
5.7581234,4.19
6.0857577,5.77
6.7459583,6.92
5.647007,6.94
6.3924623,5.83
5.3783827,5.8
6.324073,6.2
6.3808713,2.05
5.9252977,7.34
6.662111,6.03
5.6259995,5.3
5.2890587,5.02
6.1463423,4.88
7.1354585,6.87
6.5408874,5.85
6.3435593,5.58
6.8609734,5.85
6.2612357,5.7
6.613327,5.77
5.85485,3.81
6.27813,5.96
6.4677444,5.35
5.661468,4.77
6.5661616,6.37
6.7111287,5.55
5.8894854,5.73
6.6604347,6.56
6.31001,6.98
6.06777,5.06
6.408838,5.0
5.3383646,4.7
6.521362,6.54
6.487806,6.79
7.4616647,6.7
7.1112294,8.3
5.9872074,6.49
6.153941,5.72
6.1261964,6.41
6.126537,5.96
5.9033284,5.96
7.0175524,7.1
7.120599,5.22
5.978119,7.7
6.286602,5.74
6.21459,4.3
5.42599,6.01
5.621896,5.68
6.5521483,6.55
5.8622127,6.66
6.3763175,5.77
6.398685,6.39
6.5904145,6.91
6.7346606,5.36
7.026032,6.14
7.071881,7.0
7.344787,4.52
5.8020988,10.05
6.3367906,5.0
6.7356963,7.49
5.9808235,5.7
6.315673,5.69
6.995681,8.0
6.035429,3.92
7.352463,1.6
6.601004,6.06
6.4177866,5.17
6.3392015,5.28
7.070417,5.4
6.462726,6.34
6.301571,5.0
7.025229,6.4
6.1736884,6.89
6.483089,1.72
7.0505977,4.96
6.60672,5.07
7.3997297,4.74
6.268416,6.25
5.846592,5.41
5.556403,4.97
5.9867554,7.28
5.6364164,7.3
5.695396,4.72
6.008032,3.75
6.8053527,5.93
5.550725,5.99
6.690343,6.64
5.198992,6.15
5.4039435,5.21
5.831154,4.8
7.4813724,6.43
8.384357,8.83
7.259705,6.62
6.3895054,5.34
7.0894794,8.05
6.05742,5.6
6.936137,7.82
7.117352,6.39
6.81469,8.19
6.535136,6.49
6.453161,6.7
7.196239,5.81
6.834572,5.52
7.8558927,9.3
7.8308244,7.22
6.756138,7.38
7.8014593,7.7
6.8219237,6.77
6.5341196,4.84
8.277469,9.4
7.683785,8.32
7.3396387,8.52
8.374596,8.96
6.743876,7.55
7.793065,8.59
6.6965938,8.25
7.2059784,4.62
7.3390374,7.95
6.8838477,7.59
6.7045293,6.1
7.590048,9.0
7.8842883,6.51
7.7719274,7.64
7.31302,6.49
7.101342,7.66
7.576061,7.55
8.125898,7.89
8.369875,8.4
7.208502,8.51
7.180614,6.66
4.922143,4.62
7.657259,8.82
7.513794,8.29
7.2760267,9.0
7.1866155,7.51
8.527342,6.53
6.945045,7.08
7.7961187,7.08
6.250467,7.79
8.8374405,8.76
7.3900795,9.05
6.4899573,7.66
5.1822667,8.91
7.5566006,9.3
6.414302,5.3
5.8924046,5.66
6.9992375,8.19
6.6493616,8.11
4.325668,6.52
6.8896265,4.43
6.6612587,5.57
5.4038796,6.55
7.8881526,6.61
8.179484,7.77
6.390292,8.27
7.78724,7.43
7.8868756,6.64
8.031893,8.7
6.6853867,5.71
6.213172,7.96
6.8844113,8.92
7.2149262,6.83
4.578658,4.31
6.505528,5.65
7.4228663,7.8
6.908678,5.46
5.988503,5.49
7.068673,4.14
6.670567,5.24
4.996006,4.45
5.867682,7.36
7.416168,7.62
4.9785976,4.66
6.295872,7.42
7.017767,9.33
6.0879087,7.27
6.9533195,6.22
8.618627,8.55
6.000969,4.96
7.8479276,8.59
6.468147,6.6
7.28442,7.37
6.529136,5.05
5.1964536,4.67
5.749175,5.84
5.747628,6.03
5.826959,7.09
5.9480314,5.91
5.4563656,4.43
7.306848,7.37
5.847605,5.67
6.793773,7.8
6.3478656,8.92
7.706608,5.52
6.2054753,6.77
6.8065085,7.29
6.529883,6.37
6.5082107,8.77
6.5926447,5.63
7.3073235,6.69
5.0526166,5.41
7.6858587,7.69
7.201845,4.84
6.110692,4.03
7.786809,7.18
6.6398916,7.02
6.935913,6.74
7.135813,5.42
5.8438125,6.89
7.424514,8.89
6.625201,5.99
8.634847,8.28
6.9105353,5.55
6.0806093,7.89
6.6122794,6.67
5.208517,7.24
6.99473,8.22
7.0235524,5.74
6.0918326,5.41
6.610088,7.14
7.6119757,5.52
8.017845,9.52
5.9654965,3.99
6.1981626,7.72
7.3263493,7.64
6.580582,5.2
6.5170584,5.53
5.662066,9.9
7.568042,8.02
5.863067,4.98
5.369041,6.21
6.0830674,4.6
5.6929846,5.89
4.959591,5.92
5.69641,4.73
5.2513733,3.74
4.696369,4.41
5.4636927,5.09
5.751884,3.47
5.8193274,5.01
5.541672,4.87
5.934042,5.23
7.8723907,6.69
7.2073574,7.0
6.0871773,6.59
8.067385,7.0
6.322023,4.84
4.9085493,4.72
5.734531,5.68
4.546405,5.64
7.3938255,7.72
5.7186055,5.06
6.626764,5.74
7.08021,6.59
6.9541,7.82
6.7726483,8.0
7.6952877,6.8
6.8635707,6.04
7.4307184,7.51
7.5173545,6.7
6.523672,8.12
7.4419065,7.4
6.0625734,7.3
7.424566,7.54
6.3511357,6.82
6.218256,7.32
8.58712,8.51
7.346597,5.72
5.8365974,6.77
6.7878556,7.85
8.279765,7.96
6.6161933,6.52
5.3924723,6.15
6.949144,7.05
5.5443306,5.6
4.4510736,7.5
5.68692,7.7
5.442972,5.7
5.444768,5.6
5.733982,5.43
6.786848,5.71
6.1090183,5.74
5.834996,4.85
6.1334987,5.74
5.516588,6.14
8.698642,9.05
8.53593,8.72
8.316425,8.11
5.268056,4.22
7.979006,8.0
6.209743,7.7
6.1898837,5.64
7.823847,3.41
8.872855,9.52
6.9692173,7.46
7.9829054,8.6
8.887866,7.89
9.571783,9.49
7.6377053,5.61
8.58993,8.26
8.55161,9.4
9.5553875,7.64
8.717233,9.23
9.291469,8.28
7.5896115,7.64
8.019341,7.06
8.464876,8.31
8.876556,8.96
8.809805,9.01
7.897717,7.51
7.615738,7.22
9.524354,9.72
7.800106,7.17
7.7095623,4.92
8.558974,8.8
6.8297467,5.2
8.401786,11.3
8.866614,8.26
7.958971,6.52
8.061362,6.99
11.2572155,6.46
7.4192414,7.05
6.8473487,8.16
7.8747177,8.85
9.5637,9.77
9.5150585,10.7
7.278043,7.39
7.561743,7.89
8.2692995,7.72
8.682389,10.2
8.31941,7.44
9.072975,9.4
9.355984,9.74
8.307391,7.45
6.829542,5.96
7.3090916,4.7
8.696692,6.05
7.2681637,6.3
6.9966836,8.57
8.341219,8.82
8.024378,10.15
9.4119215,8.34
9.215336,8.22
8.189059,6.59
7.3681297,5.0
8.239333,7.7
7.0675836,9.76
9.421818,10.24
7.30614,6.0
7.8359294,8.52
6.727916,6.13
7.0433607,3.92
8.956426,10.0
8.47784,7.62
9.8443165,10.64
8.900076,9.74
5.5412927,6.12
8.846303,9.36
9.681081,9.55
7.1224666,6.83
8.052737,5.94
8.423559,8.44
8.3910055,8.3
8.121042,10.54
7.584104,8.92
7.664755,9.72
8.316795,8.21
8.429893,10.24
9.179542,7.52
8.183713,10.0
8.719474,4.68
8.493539,8.3
8.062191,9.79
8.00762,7.46
9.412386,5.57
9.120026,6.33
7.8178678,8.68
10.048388,9.7
9.49313,9.16
8.367095,8.09
9.355786,8.0
8.173804,6.06
8.966349,9.6
8.487066,7.98
8.035481,8.37
7.6530733,8.6
8.692717,9.1
6.0682554,8.1
7.13609,7.07
8.315274,7.74
8.083036,8.9
9.3134365,9.04
9.323516,9.0
7.2952495,6.83
8.064643,8.05
7.8660626,7.85
7.4957037,9.0
7.6022725,6.01
8.123539,8.85
7.4956107,9.4
7.097622,4.28
7.7448316,9.15
8.910813,9.42
9.108846,10.43
8.85273,7.11
7.435171,8.15
7.451411,6.82
8.182807,6.53
6.5337453,6.29
7.7259555,7.09
7.093608,7.8
6.9886484,6.5
6.7676263,7.0
7.695927,7.68
6.317102,6.7
6.565086,5.96
6.418012,7.41
5.790215,6.59
7.3421836,7.14
5.50189,6.28
7.047172,7.96
5.7164617,7.92
7.0244517,6.86
6.593881,7.64
7.108977,7.85
5.9489446,7.32
8.584383,9.26
6.757554,7.1
7.177516,6.32
7.355939,7.68
7.381663,7.77
5.772665,5.7
6.827221,7.7
6.293421,7.4
8.174556,7.7
7.3952017,5.55
6.315597,5.1
9.110375,9.15
5.971758,5.3
5.3037176,6.31
5.498736,6.57
5.5812817,5.42
5.6104937,6.47
5.811561,7.54
6.4822297,7.59
5.596114,6.8
5.819781,6.19
6.62215,7.68
6.4276605,6.97
7.0293627,8.3
6.1173573,5.42
8.251813,9.01
7.07337,5.23
7.8553867,8.72
9.302795,8.92
5.3915267,5.18
8.302179,8.7
6.1623607,4.52
7.6128683,6.5
5.469136,5.19
6.8661246,7.73
8.157504,8.3
5.6324787,5.85
6.2317505,5.25
7.163856,4.66
6.942488,8.85
8.372599,8.55
4.806956,4.74
5.9201827,5.13
7.297646,8.46
7.3603625,10.22
6.2258506,5.26
7.804825,7.89
8.753373,10.24
8.604762,8.52
9.6936865,10.7
5.4775057,4.49
9.158532,8.82
8.478902,6.3
6.661682,7.21
6.136985,5.98
7.674363,7.54
9.037129,8.7
6.550882,6.27
8.509596,8.3
8.508818,7.74
7.713207,7.59
6.1176744,8.12
4.9008183,5.89
6.7499266,6.51
8.870995,9.26
7.669459,8.6
5.7459774,8.77
6.862735,6.84
6.3841248,6.57
4.572941,5.99
5.552876,5.65
5.3083677,4.42
4.657196,5.25
10.121517,10.92
7.331776,6.28
5.8908114,7.22
5.862668,6.05
6.2577467,5.76
7.8122435,6.89
8.88404,9.47
8.273098,7.27
9.589888,10.0
5.751976,4.85
8.78975,9.27
6.1260695,7.7
7.301517,6.06
5.298452,5.85
6.2742724,5.14
5.8374825,5.94
8.417541,8.96
6.913698,10.48
5.9037075,7.1
8.365872,8.02
6.298766,6.93
7.3808675,6.12
9.382321,8.89
7.2896385,8.0
7.9179263,6.3
6.932374,8.7
5.9876084,5.35
6.1800942,5.21
8.545523,8.43
7.3932695,6.31
9.411164,8.96
7.0675287,8.05
7.8251047,5.0
6.6410947,7.39
6.5607934,5.26
6.4776835,5.96
8.260075,7.82
5.2177906,5.32
6.681221,4.78
5.6081867,5.51
7.8618183,6.91
5.4324656,5.66
5.122562,4.46
5.5489316,5.22
5.8012323,4.15
7.8303995,6.52
8.734579,7.82
4.961699,5.44
5.877091,7.34
5.8495154,5.57
6.9752007,4.77
8.470177,9.74
6.9427958,5.6
5.30432,8.34
4.962509,7.0
6.658329,6.93
8.49384,8.68
8.55839,6.23
7.6514874,6.04
7.6632385,8.14
5.3725185,6.02
6.516663,7.85
6.7810287,7.03
7.322335,6.85
8.222544,7.46
6.721102,8.59
7.3356996,7.34
7.6364107,7.55
5.778733,4.08
8.441799,7.02
8.691984,8.62
7.963245,8.2
4.064033,4.55
8.893311,8.15
6.3093286,6.29
8.14934,9.15
6.422452,7.4
7.714438,6.51
6.5529737,6.51
6.4948015,7.68
9.085105,10.51
6.478413,5.96
9.027104,8.46
4.96995,4.57
8.245624,9.14
5.7103853,6.84
6.4703894,9.34
7.5159526,7.33
9.577551,9.82
9.437387,9.01
7.879402,8.66
7.2288127,5.68
6.802376,6.46
7.6314344,6.19
5.6453753,5.69
8.231897,9.47
6.1210213,7.14
8.138292,6.84
7.7750263,7.85
5.847623,6.04
8.117995,7.24
5.3426604,4.96
6.6239686,6.1
6.5883136,7.05
8.1393,9.28
8.480291,7.7
7.7546744,7.85
7.0051985,4.05
6.7017426,8.8
7.446121,8.52
7.967799,6.66
8.397843,8.52
6.113434,4.37
8.6070175,6.33
8.976062,9.82
9.18129,9.25
6.390955,6.08
6.609907,5.0
5.3189597,4.23
5.167935,5.37
5.3588552,3.78
5.2083654,4.11
6.973765,5.16
6.141721,4.84
5.126583,3.6
5.036083,4.8
7.0787973,7.72
5.5347466,6.64
5.855416,6.3
9.360245,10.1
7.511881,9.66
7.3023334,8.7
6.3505654,9.05
6.821871,7.0
7.5242233,8.23
7.5036035,5.04
6.1988697,4.21
6.6336837,6.98
6.3642087,8.3
7.1749053,9.6
8.141311,7.51
7.248157,8.42
5.401567,4.99
7.519051,8.0
6.4358277,5.16
7.059475,11.0
8.496143,9.5
7.161939,8.18
6.7623396,5.5
5.8194866,7.2
6.1184225,5.81
6.0080175,7.18
6.7069526,10.1
6.3763385,5.6
9.077247,7.4
7.554997,9.5
8.153105,7.4
6.607889,7.6
5.909256,6.54
5.7710967,4.85
5.4732523,7.34
7.2339892,7.72
5.556866,5.51
6.9422994,8.82
7.019111,6.5
9.251182,9.7
6.3470483,6.58
8.695801,8.98
6.491839,7.0
6.0085287,5.09
7.1020794,9.5
7.5349417,8.77
8.322581,9.9
9.380093,9.7
5.549346,4.07
6.8620377,4.96
9.592918,9.4
6.120636,6.24
7.1204824,8.6
7.1694717,6.15
6.3550534,7.44
7.093048,8.14
7.470587,7.9
6.986718,8.42
8.962147,7.48
5.0257936,6.64
7.9798617,8.98
6.855644,8.98
8.636304,7.85
5.5615764,6.9
5.796007,4.1
5.925853,6.6
5.5270433,7.2
5.5173383,6.5
6.6353006,7.0
5.692679,4.8
6.0275774,6.24
7.040437,7.1
7.242548,6.1
5.6743145,7.0
6.682204,5.9
6.479872,7.77
6.5391207,8.0
5.8843765,4.96
7.0216255,5.46
5.5887647,8.22
6.018609,4.35
7.415113,7.12
5.0473423,5.2
6.6664615,5.1
7.129001,5.16
5.967302,5.37
6.3429704,6.52
5.4544287,7.22
6.783668,6.3
6.956978,7.23
6.02674,4.85
7.2276435,7.38
6.339061,7.29
5.6443563,6.57
5.859193,4.06
5.691835,4.77
6.606538,7.52
5.3589334,4.16
5.1663804,4.72
6.3864174,7.52
7.230682,7.35
6.641059,7.89
5.236473,5.3
6.033431,4.09
6.309401,6.89
6.4011736,7.03
5.4398627,6.05
5.7220883,11.45
5.6958895,7.14
6.9975195,4.04
5.3858314,6.1
8.701575,7.92
7.455344,5.72
5.2373,4.28
7.149199,5.54
6.8892865,6.92
5.9164114,5.15
5.6573772,4.15
5.3468204,4.54
6.4221582,8.22
6.7238145,6.68
6.516876,7.52
4.834627,7.17
5.2994924,6.17
5.1324873,5.06
6.2298784,7.48
7.004093,8.26
5.712021,5.23
7.9222026,5.47
6.386275,7.49
6.671585,7.28
5.911834,4.53
6.579692,5.24
6.830761,7.37
7.048175,7.4
4.9019837,4.69
6.2100115,5.94
6.765453,5.03
4.793594,7.3
7.38129,4.49
7.4841075,7.1
4.9103785,4.53
5.624341,5.52
6.569259,5.88
5.9259577,5.7
5.754108,6.46
6.1866984,4.9
6.524366,4.96
6.0264835,5.33
6.7525854,6.19
7.487806,9.05
6.3687477,5.89
4.915123,4.43
5.994482,8.07
5.484638,5.32
5.0920877,4.65
6.595363,6.03
5.200937,4.52
7.069809,6.64
7.347481,4.24
6.4954896,4.14
6.0242724,7.15
5.963995,4.98
7.370573,5.3
4.804289,5.92
5.6195107,6.95
5.532449,7.2
7.451349,7.08
7.551113,7.46
5.0739985,5.54
7.1738195,6.8
6.279157,7.54
5.778671,4.64
5.71446,4.74
5.333218,4.13
6.2120266,6.77
5.8247147,5.82
7.6743975,5.12
8.398549,8.05
6.6006017,6.22
5.152897,5.55
6.026394,7.11
6.300602,4.88
4.9888077,5.38
6.126982,4.48
6.3492055,4.85
7.2419624,6.85
6.642642,8.88
6.069223,4.33
6.0889015,7.8
6.8702555,7.24
7.024925,5.78
5.731205,4.43
6.238379,7.22
6.178205,4.94
6.314401,5.96
5.422485,8.0
6.778731,7.1
4.9108768,3.97
6.0318675,5.82
5.175387,5.41
8.935882,9.4
7.6052775,6.99
5.6769023,5.08
7.6722307,8.0
4.794588,5.02
5.028512,4.2
4.667678,5.06
6.012134,5.92
6.564097,6.39
7.883162,6.57
7.9101872,9.29
6.4495745,5.72
4.3658404,5.82
7.533906,6.14
4.4968967,7.7
6.122282,4.6
5.9408927,5.27
5.557522,4.72
5.234021,5.07
6.596743,5.37
5.484438,6.44
5.7447643,6.74
5.9525614,7.14
5.703496,6.9
6.827688,6.4
6.067355,7.2
6.91018,6.35
6.6596255,5.4
5.7565255,6.92
5.834334,6.0
6.19839,8.12
5.9215765,6.49
7.225765,7.29
4.675892,4.72
4.9007206,5.7
5.804662,5.3
6.1477695,4.39
5.9355664,4.62
8.270876,5.89
4.586606,3.41
4.0511165,5.3
7.4944143,7.1
8.156993,9.05
6.2340364,5.14
6.6330442,9.51
9.864657,9.0
8.766916,8.06
9.214456,9.0
6.238226,6.59
8.197466,8.03
8.53967,8.2
5.1004105,2.22
6.7935596,4.02
6.593596,6.68
7.643172,7.1
5.9856563,7.55
6.368391,8.74
6.89484,7.52
6.67268,8.96
5.9793944,7.3
6.6071568,7.67
4.975261,5.03
8.97852,8.77
7.973195,9.0
6.5618653,11.15
6.167345,5.74
5.5971985,3.8
7.6212473,8.09
5.676881,6.81
6.609682,2.05
8.217481,9.0
8.025267,8.34
7.930401,7.57
6.49617,8.25
6.2045617,4.72
9.521191,9.0
7.179732,4.52
9.27742,9.0
5.7255077,6.89
6.5274363,5.23
7.149934,6.7
4.2217436,4.02
8.114792,8.26
9.335045,9.0
5.1652474,7.19
6.3543835,7.7
9.184661,9.0
7.8426485,8.15
8.497439,9.0
7.836826,7.64
5.804165,4.74
8.1841755,8.43
8.782,8.96
4.7166586,5.2
6.0662804,4.96
7.575203,8.1
6.341185,6.2
6.9221745,5.0
6.8753943,6.82
7.9180694,7.82
6.9577084,7.7
8.082867,7.48
8.43171,8.48
4.67581,6.82
7.687112,8.55
6.466018,6.82
7.456072,7.77
8.256882,6.08
7.719135,8.42
6.194944,4.51
5.529741,6.96
7.9793663,7.01
8.3852005,8.82
7.338962,1.87
9.204208,9.07
7.887003,7.52
8.980704,9.0
6.717725,6.4
6.578489,8.39
7.9879866,8.0
7.042506,8.6
6.912403,7.24
7.133364,8.64
6.0146194,7.46
6.4690757,5.11
6.559775,6.3
6.157563,7.09
8.441859,7.6
7.101003,8.89
7.301549,9.0
6.332367,6.28
6.2951565,7.27
7.989159,7.69
4.570462,4.34
8.276298,8.39
7.9293747,8.14
5.210088,4.27
5.177147,5.25
7.2958846,4.08
7.056286,8.6
7.667393,9.52
8.225211,8.64
5.5855007,4.97
6.867055,7.82
4.2471266,4.31
6.5880537,6.05
6.812562,5.9
5.219896,3.99
5.383895,5.85
4.7893662,4.14
4.9706182,4.1
6.65643,7.85
8.070722,7.57
6.759585,4.8
7.1521783,7.72
6.0464387,4.62
7.063364,6.73
6.2077537,4.81
6.1660833,5.88
6.3231673,5.15
4.9800754,7.08
6.911963,9.25
8.508708,8.15
8.020743,6.87
6.5571074,8.05
6.7563972,9.28
7.939907,7.41
7.125455,6.8
9.645188,8.7
7.734299,7.8
7.6781893,8.7
7.2075877,7.62
8.597429,8.8
8.058718,7.64
8.085339,8.3
8.698612,9.41
8.083546,7.64
7.3183284,9.38
7.4961996,7.47
8.118017,7.19
6.573835,8.74
8.3638315,8.85
9.498806,9.72
8.5304985,9.4
6.261594,8.19
8.685991,7.89
6.4529824,5.37
8.655395,9.48
6.568854,6.82
6.266404,5.24
8.399415,9.0
8.575987,9.07
7.462537,6.2
5.6245832,6.6
8.489214,8.58
7.2236786,7.1
8.537163,6.9
8.244892,8.92
7.64666,7.2
8.032252,8.01
9.25547,6.8
6.5645013,7.1
7.0155416,6.85
7.5937333,6.6
6.847503,7.14
7.3433146,6.95
8.487222,6.77
9.761074,9.72
7.2445297,6.24
7.637168,6.9
6.5238276,7.82
9.669346,9.39
8.261306,9.7
8.107389,7.73
7.872554,7.72
7.567093,9.52
7.818701,7.37
8.341278,8.1
9.015915,8.65
8.520925,9.43
8.830555,6.33
8.555711,7.33
6.807469,7.03
8.495135,7.54
7.354947,7.72
6.7850356,7.09
8.746718,7.7
9.760298,9.64
7.98434,7.62
6.861308,6.64
7.512637,8.01
6.5666957,6.92
4.853177,5.2
5.314978,5.89
6.586306,5.5
6.8409553,5.5
5.2932005,5.0
6.456966,7.6
5.9087806,5.1
6.4380164,6.04
6.5913973,7.89
6.912231,6.74
7.164307,6.92
7.0458674,5.25
5.520356,5.54
6.68781,6.7
6.2855897,5.35
6.5288577,7.23
6.1278844,6.33
5.548126,4.0
6.464743,5.16
6.5054855,7.03
6.7619257,8.15
4.612794,4.17
6.4425573,5.0
6.9721546,7.62
6.559485,4.9
6.8370953,5.4
5.9303412,5.27
6.2336035,7.14
7.694402,4.59
6.667927,5.82
6.8742256,5.15
8.26108,6.95
7.7926106,6.29
7.882147,5.58
7.883565,4.97
7.262178,5.16
6.751087,7.23
5.864295,4.42
7.2335577,7.97
7.4111238,8.11
6.542744,8.25
7.0776153,6.79
5.552336,5.9
6.9507203,6.74
6.7918773,8.08
7.238924,7.16
7.182356,6.8
6.9700794,6.2
7.8067183,6.98
7.3356485,7.4
5.9983864,5.62
6.8804827,8.7
6.392405,5.42
5.91236,5.53
6.072596,5.05
6.8438964,5.84
7.534893,7.3
7.82013,8.32
7.054218,8.11
6.23213,5.85
7.380309,6.26
7.921586,7.8
7.822194,7.51
7.958485,8.29
7.1172614,7.8
8.429776,7.74
8.171755,7.22
6.2719793,6.6
7.1458344,8.18
5.186466,6.17
7.9843407,7.62
8.129525,8.4
6.07352,5.89
6.0233183,5.1
7.3246894,4.45
5.5206766,7.0
6.129779,5.94
5.230187,4.84
8.049306,8.22
6.788148,6.8
6.554645,6.97
7.373174,7.92
8.33419,6.83
7.338924,6.87
9.140944,7.8
6.542597,5.36
7.3394675,7.39
7.0088143,5.95
5.9768615,7.21
7.905786,9.52
6.9562087,5.44
8.260429,7.16
6.059455,5.48
6.695968,5.72
5.8684607,5.3
5.6200666,7.92
5.824863,7.6
6.848637,5.4
6.650185,6.0
8.298467,7.97
7.0564137,7.31
6.2961793,5.28
7.820407,5.71
8.133419,8.2
7.54578,6.55
7.3404484,8.26
4.906221,5.12
7.1708817,5.73
7.017969,7.67
5.506963,7.7
5.4437566,7.42
7.220276,5.14
4.744905,4.86
7.143073,7.09
6.247235,6.56
5.4941297,7.6
7.0564933,5.4
7.186462,7.68
7.1511774,7.07
6.066372,8.0
8.27948,8.0
7.709747,8.04
5.044773,7.19
7.4837494,7.82
6.0223756,7.24
6.979133,7.77
7.376834,7.41
6.440096,6.8
5.3612695,6.31
6.106562,6.41
7.1144104,6.36
8.807684,9.0
7.4671135,7.14
8.157486,8.08
7.343028,7.96
6.0815034,5.7
5.813506,10.38
7.9463406,7.12
7.7644014,7.34
6.1201067,6.36
6.549886,7.5
5.244363,4.19
7.7136445,9.06
5.6251183,5.95
6.109211,5.95
6.754242,6.52
7.558624,8.34
6.5028267,8.23
7.3988338,7.24
8.55929,7.12
7.750798,8.19
7.3189898,8.22
7.045883,6.91
5.974554,6.37
6.8894567,6.25
6.180531,4.79
6.2076435,5.43
6.3058987,7.59
6.5292225,6.62
6.8047,6.56
6.6373596,5.69
6.853317,6.5
7.0451355,7.44
5.9003015,6.97
5.717903,5.41
8.170522,8.07
6.1536083,5.78
6.6688533,6.89
6.2050815,8.57
7.8551645,7.24
7.407136,6.85
6.0588737,7.32
7.962451,8.12
8.202192,8.96
6.917952,6.4
7.2802634,5.05
7.2472486,7.69
6.0172267,4.83
5.463868,11.38
6.9882812,8.19
5.1670413,5.66
6.2006855,6.9
5.817396,5.23
6.6688766,8.05
5.95965,5.3
7.173323,6.61
8.103634,6.81
6.7124157,6.71
7.049045,5.13
6.0192227,5.42
6.507799,8.14
7.5225325,7.96
5.8740573,5.6
7.7136497,6.4
8.041214,8.52
6.380083,6.97
7.802556,6.26
5.649909,6.79
6.834887,6.98
7.034912,6.96
5.591868,6.79
5.6298504,6.3
6.7910595,5.16
5.6130424,5.48
7.7017756,7.34
6.052919,7.72
8.136227,9.07
6.898404,5.15
7.1360025,6.57
8.51935,9.0
9.455558,8.92
7.9718523,7.58
7.884683,8.57
5.002185,6.05
5.2430115,4.0
6.926943,7.23
7.663691,8.32
5.830757,6.98
4.62057,5.12
7.206242,8.2
6.9712086,7.27
7.2162147,7.56
6.6751018,8.51
5.60423,6.49
7.780335,7.8
7.418311,7.8
5.9792643,4.77
4.462355,3.74
5.037698,3.14
5.587642,4.52
6.1633167,7.39
6.5026536,5.13
7.3470354,7.17
7.5510235,6.66
6.0006185,5.0
5.216791,4.48
8.237938,7.92
8.2080145,8.7
7.752796,7.64
7.2875967,4.63
6.2488794,6.38
7.421738,8.47
8.587306,8.96
6.7721047,7.52
6.686843,5.6
7.0341177,7.22
8.398685,5.97
5.546036,6.35
6.2663937,5.94
5.819288,5.42
7.903639,8.0
6.4506674,6.21
7.475543,8.15
8.760302,8.77
7.007012,5.0
6.8614717,5.68
6.409775,8.46
8.363495,8.22
6.4614363,6.7
5.6415663,5.62
5.6767197,5.2
7.8879957,7.89
5.2076697,4.1
6.221244,5.25
7.8007717,8.05
6.176135,4.38
6.6430387,7.15
7.755621,6.82
6.7391295,6.58
7.0309834,7.7
5.5408883,7.52
7.194791,7.2
7.32721,7.49
5.207663,5.74
5.921719,4.52
7.5212317,7.55
7.944772,7.74
6.0430365,5.77
5.4023085,6.46
7.469411,7.28
7.746475,7.43
7.7360888,6.79
6.3537674,6.8
6.2462044,6.3
6.6767473,6.56
7.9532785,6.4
5.5165505,5.64
6.099058,4.64
6.5312004,6.1
5.5300546,5.52
6.5062275,5.96
7.0860834,6.0
5.705462,6.28
5.749989,5.5
6.84208,7.75
6.356129,7.08
6.7989917,5.79
5.861384,5.05
5.8795476,5.68
6.6646457,8.05
7.7964644,8.59
6.821876,5.44
6.5868945,6.82
6.865215,6.22
7.3493156,8.89
6.368453,7.85
6.2776904,7.2
6.091814,5.33
7.3337603,6.05
6.903719,6.2
7.152057,5.96
7.2942457,7.38
6.955801,6.39
7.276817,8.55
6.880927,7.43
6.904687,7.09
6.780676,6.22
6.935796,6.09
6.0400786,6.91
7.391094,8.82
7.1574907,7.74
6.88845,7.56
6.809382,8.35
6.5272894,6.87
7.953514,7.14
7.4618444,8.14
6.739444,5.13
7.031408,7.1
7.036317,5.6
6.535393,6.6
6.7962737,6.64
7.81228,7.19
7.1920114,5.0
7.182717,6.45
7.2952857,7.8
5.546446,5.25
6.8998437,7.27
7.1070194,7.98
6.9074736,6.05
6.9711003,5.32
6.811228,6.47
6.9084415,5.87
7.3577976,7.33
6.4821734,5.2
7.255073,8.68
8.158968,7.92
7.885208,7.24
6.894982,6.0
6.0316677,5.43
7.6744456,6.67
6.979442,8.13
6.893923,7.4
7.233005,7.68
6.1771517,6.37
6.1858883,6.0
7.095357,6.67
7.060898,7.72
6.9273577,6.3
7.0126476,6.97
6.5305967,5.59
7.040441,7.04
7.158542,7.7
6.774457,6.74
7.477357,6.57
5.469158,5.52
8.16447,7.92
6.6439066,6.73
6.9728513,7.93
6.1831737,5.4
8.278913,8.4
6.833939,7.02
6.5008597,7.92
6.485906,8.4
6.990592,6.86
7.761307,7.89
7.2261395,7.92
6.516077,8.8
6.645502,6.18
7.4638753,6.44
6.8194127,7.13
7.059991,6.69
6.207263,4.0
6.69263,8.41
6.827369,7.5
6.1477838,7.42
6.9902263,9.38
6.084458,6.74
6.479372,8.97
6.5632563,7.01
6.3913713,5.85
7.9429736,8.13
5.6589212,6.04
7.5756907,8.02
7.1056385,9.0
7.345181,9.32
7.280668,8.82
7.116241,6.03
5.8139963,6.62
6.149694,7.84
6.387994,9.1
7.2954955,8.3
8.026227,7.44
6.309712,9.15
5.749282,7.3
7.0335226,8.53
6.502348,7.3
7.5695558,6.85
6.3895836,6.87
7.8061614,8.13
7.7045774,8.99
7.0620174,6.62
6.833155,6.16
6.8016596,7.47
5.649309,6.7
6.9953446,10.28
7.165967,7.1
7.334354,7.08
7.8120656,7.92
6.9303627,6.74
6.4525566,6.66
7.465317,8.89
6.695724,7.0
6.447287,7.51
6.9283953,7.08
6.411002,6.18
5.408886,5.76
5.978095,5.89
7.8662224,8.15
5.0263042,5.68
6.6435227,8.08
7.1585727,8.05
7.515409,9.39
6.9296455,8.03
7.1715593,7.6
6.697582,5.0
6.624597,5.9
6.8175297,8.0
7.535157,6.51
6.780521,7.7
6.392437,6.71
7.502778,7.86
7.134858,6.49
6.3309035,5.96
6.6655235,6.11
6.425649,5.7
7.091292,5.63
7.335039,7.77
6.626572,6.26
6.9916906,7.72
7.0236845,6.31
6.553412,7.06
6.698396,9.12
7.0638394,5.3
7.008004,7.85
7.102462,9.31
7.4557557,8.24
6.2482715,6.31
6.949441,7.19
7.958121,7.31
7.0264983,8.11
7.2131844,5.6
5.449795,5.28
7.422696,7.87
7.485469,8.28
5.9968257,6.23
6.818353,7.74
6.6142683,8.6
6.434207,5.6
7.1864696,8.21
7.9399943,9.3
7.1877365,8.4
6.5814714,8.19
7.936021,6.42
8.38684,7.16
7.8463635,10.49
6.1500854,7.51
6.685937,7.03
6.1878386,7.76
7.0836606,9.3
7.18076,7.0
7.387627,7.76
6.6773043,6.31
6.511788,4.9
6.5691147,7.74
6.6936755,6.89
7.224345,9.1
6.0667186,5.0
7.3431845,7.33
7.2700157,7.0
6.8986187,8.23
6.232312,6.12
7.478977,6.8
5.956382,5.8
4.610772,3.5
5.1555896,5.4
7.845516,6.43
6.229434,5.55
7.3305244,7.3
6.6709523,6.31
6.6250405,7.7
8.086846,6.45
7.4515424,8.4
6.0079346,4.08
5.9098134,5.96
6.97551,5.23
6.0654683,6.29
7.2915716,7.11
7.062599,7.82
6.484773,6.51
6.2042823,5.05
6.794025,4.68
6.0679317,7.0
6.982893,6.1
6.733365,6.8
7.048584,7.82
6.0926538,7.7
5.940239,4.1
7.3435216,7.72
5.239028,5.1
6.3441525,4.52
6.669277,4.96
5.6237297,5.3
4.9262595,4.0
4.8034973,5.0
6.7490354,5.25
6.1661825,6.1
6.8246984,5.35
5.7379446,6.29
5.5386333,5.52
5.6303835,5.17
6.80081,7.44
4.6914744,5.0
5.330372,5.64
5.128584,5.35
6.75628,6.64
5.306554,4.0
4.883301,4.85
6.715523,4.98
4.1738787,5.0
6.2491,5.26
5.0376787,5.0
4.2477617,5.0
6.01776,4.11
6.815821,6.26
6.2918324,7.72
7.2857122,6.55
6.9341574,6.26
7.310398,4.91
7.562117,8.74
7.2740755,7.8
8.935359,8.52
6.5512395,6.8
7.910308,8.22
6.5001388,6.8
6.7142053,9.4
6.3940706,5.32
5.7450356,5.7
9.056807,9.7
6.1624446,5.0
7.851579,6.97
5.854991,5.54
8.280219,8.8
6.8585362,5.7
7.0784574,6.2
6.1255994,5.2
6.3546724,5.6
7.226226,5.4
6.3751116,6.13
5.92033,5.39
6.7455726,8.4
6.2255683,6.2
7.066486,5.53
7.5615826,5.07
6.3985496,5.37
5.8476195,5.26
6.6383977,6.47
5.5440707,5.82
5.4706097,6.0
5.7429686,7.14
6.134806,4.84
7.6882124,7.72
6.978673,7.35
6.586415,5.38
6.159026,6.49
7.2835627,7.64
6.052246,4.35
6.2613697,5.54
5.5230193,6.77
6.2843184,4.0
5.8242073,6.29
4.4124365,5.56
5.587343,5.94
6.5246177,6.68
5.7692103,7.09
6.9961967,6.71
6.581574,6.66
7.3084483,7.4
6.1595554,6.01
6.9036145,6.11
5.4469438,5.7
7.285905,10.39
5.92097,5.4
6.7409997,10.0
7.217002,6.3
6.7614307,7.51
6.8902307,5.7
5.193889,6.5
7.009721,7.6
6.8620434,7.33
5.558468,6.48
6.4225755,5.6
6.6544304,6.34
6.4334736,5.8
6.3548446,5.62
5.8099747,8.38
5.4088993,6.99
6.778504,5.57
7.657814,6.41
5.9760504,5.43
6.8740315,8.41
6.846769,5.66
5.778272,6.23
6.7541084,7.0
5.945201,4.92
7.2522373,6.82
6.110179,6.3
4.4722853,3.51
5.8277426,7.3
6.0844116,7.0
6.1083717,5.74
6.143358,6.22
6.421424,7.1
5.3534245,5.74
6.5327077,6.48
5.482115,6.4
6.2219276,5.96
6.233755,5.92
6.603253,6.7
6.5122347,7.51
6.852506,9.0
6.6260905,9.0
7.7721453,8.7
6.380797,5.5
6.386398,8.0
7.2090306,5.89
6.168398,6.0
6.0006766,6.64
5.8012867,6.27
6.510721,8.74
6.5564756,8.0
6.016087,6.1
5.910126,6.5
8.928201,8.7
6.0724545,7.22
6.6575546,7.6
6.562947,6.41
6.584512,4.8
6.592632,7.57
7.3249226,6.7
6.793111,7.0
5.97706,5.7
5.0392256,4.8
6.354656,5.41
6.9193025,5.7
6.246412,6.74
7.580527,7.59
7.0862775,7.62
6.6269383,7.35
6.4628997,8.22
5.821645,6.87
8.073592,5.41
7.278272,5.19
5.5553246,4.35
3.5138721,2.91
5.568508,6.12
6.5949,5.6
6.67189,5.37
5.6849036,4.8
5.818656,5.21
2.6573205,3.12
6.5901,9.08
3.4326794,3.18
5.8632045,4.9
5.5961165,4.88
5.0995502,2.71
5.7135797,5.5
5.180095,4.67
6.767901,4.74
7.230411,6.7
6.3448973,5.02
7.0677366,4.65
3.4010599,3.88
6.363763,4.78
5.6822615,5.22
2.3282204,2.76
5.5808973,6.19
6.4831705,6.18
6.826341,5.84
6.0987215,5.62
6.904804,8.24
5.391821,4.96
4.870456,6.19
6.8201003,4.71
6.999517,7.05
5.8015714,4.84
5.9005303,5.65
3.562685,3.39
7.3359623,8.05
3.553954,3.12
5.990264,5.59
5.650324,5.74
6.8971825,6.03
5.3814335,4.94
5.964501,8.38
7.197134,6.12
5.926621,6.11
5.503708,5.0
4.329034,3.44
5.449364,4.3
6.4144306,6.6
3.053774,3.18
5.595916,5.59
6.2005506,5.55
4.426958,3.68
6.495879,5.46
6.6954436,5.18
6.436842,3.4
3.0339227,3.29
2.7519248,3.48
2.9592083,3.32
5.507159,6.68
5.707765,3.87
5.1975675,6.38
5.037874,4.68
7.2969775,5.64
4.912355,6.6
6.4061933,3.0
6.80507,3.15
5.2181244,7.25
4.6861005,5.64
4.096715,3.96
6.3618593,5.22
3.2491574,2.54
4.686101,8.39
6.3268723,3.85
6.766262,6.68
5.463683,2.87
5.859253,2.98
5.459296,6.02
6.083274,6.19
5.4982133,6.51
5.5752077,8.31
4.9938927,3.62
3.6259825,4.24
5.4222193,4.95
5.088538,5.17
5.892413,4.08
5.8461175,5.64
5.9605517,3.52
6.244286,3.52
6.9026375,7.09
7.198262,4.47
7.0556912,5.68
6.771368,7.3
5.947055,6.82
6.4839563,5.64
5.6748433,3.97
6.1672325,8.05
6.7175965,4.34
4.326107,2.08
7.084746,7.52
6.2128973,5.0
6.495295,6.0
5.8794556,6.0
5.4288177,7.0
6.345522,5.0
6.393557,6.0
6.6527514,6.14
6.3337336,7.0
5.8737636,4.37
5.569577,6.0
6.507286,6.0
6.86147,5.0
6.4566674,5.0
7.000983,5.0
6.2573886,5.0
6.1340113,3.98
5.7267065,7.0
6.243444,5.0
6.378808,7.0
7.012161,6.61
7.323674,8.3
6.7752943,6.4
8.749573,9.0
7.877013,7.93
7.6557813,8.62
6.734974,7.92
6.5697665,7.01
7.4417105,8.35
8.437945,9.62
7.0922375,8.43
6.4525914,5.74
6.9062066,6.32
7.7172403,8.37
6.1670837,8.0
7.267244,6.27
6.5770006,7.12
6.253557,7.96
8.553245,8.52
6.6842623,5.9
6.48819,7.22
7.741176,8.7
6.418795,6.82
7.6798673,7.61
7.7112317,5.84
6.393726,6.64
7.904753,7.71
5.768938,4.41
6.432689,6.65
6.1692953,6.87
8.430446,7.84
6.4981666,6.15
6.2905555,5.29
8.663841,6.93
7.002878,7.4
8.120715,8.61
8.230652,9.34
8.150137,7.87
7.0080895,5.52
6.5338116,6.3
8.215561,7.0
8.43006,7.85
7.815196,8.7
6.386131,7.0
8.419701,8.37
8.091172,8.4
7.1387024,5.54
7.8535767,7.52
6.4854107,5.9
7.6706586,10.05
6.204984,8.2
6.6008186,7.94
6.640466,6.26
6.584746,7.24
7.926095,8.06
6.613447,6.02
6.3052187,6.6
7.221206,7.46
6.5401235,6.04
6.993719,9.3
9.0881605,9.17
8.280576,8.1
7.5228114,9.0
8.189557,5.1
6.777511,6.03
7.4229536,9.05
8.394599,8.72
6.8165245,6.16
7.975362,9.42
7.1434484,5.95
7.3012686,6.33
8.151531,8.72
7.554738,7.33
7.0719566,8.4
7.0803075,9.82
7.8299794,7.9
6.2440014,7.0
7.0579205,7.31
7.8564625,8.08
7.322324,9.7
5.8993683,7.55
8.261648,7.22
6.679254,6.8
6.67103,6.94
8.905654,9.39
7.8588715,7.57
8.464446,9.59
6.4902577,6.35
6.4154296,5.07
6.8328676,7.04
6.864112,5.47
6.0472927,9.3
6.3733425,7.19
6.110533,5.19
6.5104065,5.7
7.7320814,7.26
6.5600324,6.59
7.592953,7.95
6.3091226,6.68
7.0869513,7.12
8.200329,7.38
8.375145,8.19
6.9701223,6.07
6.338496,7.85
6.304003,5.77
7.549894,7.28
6.6332746,7.07
7.5078087,6.74
6.8726377,6.1
7.5899334,6.7
8.00366,7.06
6.4308467,6.47
6.74619,7.33
6.5775223,7.82
5.587614,7.3
6.5531106,5.43
7.326303,8.2
7.57001,8.1
5.582123,5.5
6.049213,5.4
6.4719105,5.78
7.481537,7.22
5.6570516,5.29
7.2821593,6.54
5.2045774,6.46
6.802944,7.55
5.966622,6.4
7.719431,10.52
7.194747,7.47
7.394275,7.18
7.0120125,5.4
7.076984,6.3
7.8729525,9.52
7.0678043,7.48
6.258262,6.77
5.9720845,6.36
7.587553,7.29
6.949113,7.92
5.973511,8.52
4.9139786,4.57
7.1160874,7.7
6.9235725,6.53
7.5897417,7.42
7.4024754,4.39
8.340881,9.52
6.081859,5.48
6.442069,7.77
7.8111877,7.93
6.0686035,6.44
7.60868,7.5
6.493283,7.1
7.331981,6.78
7.9571323,6.67
7.330356,8.48
6.318353,6.25
5.8215847,4.99
6.3400536,5.68
7.2085905,7.44
7.938906,8.74
6.4760103,5.6
8.151575,9.22
5.3972025,4.9
5.4350185,7.59
5.8129673,6.51
6.0488524,5.8
7.361512,6.66
8.675726,8.48
7.9394293,6.51
5.6047955,5.61
6.041934,7.69
5.932714,6.19
6.9212837,7.3
6.3198752,6.7
6.7968593,8.3
5.7190638,6.17
7.6095467,8.64
7.99539,7.85
7.045989,6.55
6.2885337,6.82
5.7059684,7.43
6.526633,6.0
6.327585,6.34
7.478507,7.66
6.2316594,6.29
6.113676,5.27
7.0442133,6.8
6.147433,6.46
7.4524283,8.07
6.0005355,7.3
6.2518554,6.67
6.962769,7.44
6.8926816,7.01
7.045723,5.1
6.1360855,7.32
6.246267,6.4
7.0207253,8.89
9.077935,9.3
7.3398423,8.36
7.9232116,7.8
7.9470425,9.52
7.5857053,7.44
4.865843,5.28
6.2295732,7.52
7.68358,5.76
7.1888576,8.7
6.362853,8.17
5.955082,6.59
6.0576334,5.7
6.7513595,8.17
6.246075,6.21
6.55359,6.54
7.27945,6.57
5.824168,5.36
5.743131,5.73
5.3334703,5.17
6.3283744,7.03
7.52956,7.64
6.0859118,7.28
7.182624,7.52
6.4146414,8.05
6.234584,7.34
6.2078853,7.0
8.424253,9.52
7.6274676,8.04
6.478069,7.66
7.1636586,7.0
8.098816,8.22
7.379571,6.75
7.228733,7.89
6.370446,4.73
5.987857,6.66
7.3656836,6.74
7.170474,8.74
7.1184835,8.52
6.24923,6.68
6.95082,7.0
8.233231,7.24
6.8174405,6.13
6.81707,6.89
6.6811347,4.95
5.5736837,7.82
4.8129187,7.99
4.5400276,7.16
4.7929,7.72
8.035792,7.83
6.387674,7.03
5.7072263,5.11
6.324724,7.56
6.176007,5.53
6.0516353,6.3
7.7152777,7.8
5.9089885,3.09
5.6451964,4.52
5.2643704,5.73
6.085456,5.1
6.0252185,6.74
6.438177,6.17
7.31876,7.89
6.5821447,5.08
7.2609053,8.66
6.262438,6.2
6.2060175,6.04
6.3127666,7.57
4.9858756,3.64
5.865946,4.56
5.9877067,8.12
5.8247414,7.05
6.3364983,6.7
4.6907215,3.51
6.0615544,5.99
5.661683,7.11
6.0817175,6.8
6.580179,7.02
5.7879615,6.09
6.749099,5.53
7.1452007,6.76
7.5215397,6.14
5.634354,4.71
5.376014,5.64
6.9136796,6.74
6.438889,7.82
7.0098796,8.26
6.4572864,6.11
6.1503067,7.15
6.730249,5.58
6.7513614,7.56
5.6769757,4.96
6.583066,8.11
4.835826,5.06
6.490594,6.76
5.68997,7.92
5.9110284,7.13
6.877069,6.23
5.355364,4.25
5.496648,5.93
6.8907113,7.03
5.335001,5.6
6.667362,7.21
7.045851,7.04
6.581765,7.15
5.6289105,6.08
6.2887297,7.18
6.314257,4.88
6.7281284,5.53
7.2227373,8.25
5.7101874,6.33
7.691847,6.2
6.399108,4.3
5.785882,6.66
7.491546,7.85
6.7012177,6.38
7.4784327,7.32
6.0129156,5.48
6.6373935,5.65
6.1784234,7.2
5.6596465,6.48
5.8965573,7.68
6.1646953,6.27
6.0846777,5.61
6.930304,7.6
6.861073,6.96
6.6379805,6.7
6.470454,7.9
5.9611197,7.3
6.759168,7.55
6.6878705,6.06
6.1725187,6.29
7.5184674,6.65
5.967702,7.52
6.607668,6.5
6.0643067,5.56
6.4398174,6.07
6.0785813,6.15
5.8598537,7.21
6.9321623,7.91
6.015993,7.08
6.7068872,3.12
6.8137956,8.0
6.677799,5.43
5.987216,6.95
5.9693017,6.5
6.6861415,7.38
7.799266,7.8
5.6102753,5.59
5.4270153,7.47
5.7772536,6.62
6.1478305,5.92
6.2652373,5.46
6.541631,4.82
5.833862,7.72
5.8598294,6.08
6.1188493,5.12
6.8609395,7.48
7.876326,8.89
7.6552916,5.85
6.890941,7.47
6.073509,7.03
6.2137756,6.05
6.6548586,6.71
5.926431,3.7
7.575879,6.03
5.2924204,4.25
7.2280965,7.82
5.9836116,6.05
6.7319574,5.7
6.2960386,6.49
6.363042,7.11
6.48521,6.42
6.855515,8.51
7.4172015,6.43
5.889917,5.19
5.827521,6.05
5.9526134,8.04
5.9186172,6.28
5.745027,4.42
6.55078,4.68
6.634331,6.12
7.474147,8.31
6.8800735,6.13
6.5921984,6.34
6.2438397,7.62
6.023354,5.23
6.1681027,3.28
6.8959002,7.17
6.9679337,7.09
6.7099705,6.82
6.325509,7.68
6.2729545,7.12
6.51531,7.05
5.9410176,5.41
6.362997,5.15
5.9684267,6.26
7.302108,7.12
7.8475785,7.14
5.4805236,5.42
6.4994,5.27
5.5505743,7.13
5.75923,6.11
6.1797886,6.62
6.7984486,6.4
5.770759,5.04
8.036052,6.57
5.3495903,6.42
7.290531,7.39
5.8015833,5.39
5.6630597,7.52
5.4330835,5.4
5.9835114,5.27
5.1267776,3.9
6.542336,5.6
6.328906,7.15
7.300049,3.04
6.6085553,5.18
6.92852,6.6
5.876387,4.56
5.798436,6.14
6.884985,7.08
6.555102,6.85
5.754496,7.0
6.2515965,5.85
6.6670938,5.68
5.949699,5.47
5.872108,8.16
7.179713,5.41
6.3082733,6.09
6.105002,6.96
6.3071675,7.17
6.8550243,6.73
6.2887144,5.03
5.211075,4.54
6.589593,8.17
6.2284594,6.04
7.2160993,7.15
5.751369,6.71
5.1463695,7.41
6.1911902,6.04
5.6868815,6.16
4.997113,5.26
4.1277227,3.56
6.232724,8.22
5.0203676,5.71
5.4684443,9.96
7.66516,5.86
4.834203,5.33
7.4642186,8.54
6.766697,8.3
6.3832417,6.57
5.570337,5.01
6.675603,8.19
7.9234743,7.23
6.8745456,5.7
7.179433,8.12
4.958898,4.2
6.824523,5.68
5.5399923,5.7
4.756901,5.3
6.2159333,7.72
7.6408515,7.74
7.9804506,3.98
8.122935,7.38
5.435784,5.82
7.345311,6.7
6.2578835,6.85
5.5784616,4.77
6.5083113,6.41
6.1351256,5.24
7.8482723,7.33
5.8798623,4.91
6.394298,7.8
5.752818,6.85
6.2237473,6.66
6.2660146,5.26
4.868808,5.19
5.19495,6.24
6.959676,7.8
6.5057683,4.33
6.8913937,8.0
6.199346,5.41
5.3921957,7.2
6.960812,6.68
6.0560923,5.55
6.429612,7.12
7.095038,9.7
6.2468095,4.77
6.0545864,6.65
6.906743,9.14
7.1060405,6.8
4.709484,5.3
6.2262316,6.2
6.475727,7.17
6.8373094,5.3
5.4323773,5.7
6.320216,5.17
5.8132553,5.31
6.105679,6.7
7.1975846,5.2
7.1332397,5.82
6.8484316,8.72
6.57889,6.05
6.4782796,6.09
6.267843,7.2
8.28974,8.43
6.188484,6.57
6.0275407,6.25
5.7205606,6.2
5.68645,4.66
6.128459,8.08
6.8030653,6.44
7.3982787,5.9
5.179223,5.8
6.856401,7.1
6.883751,6.3
6.7673154,2.44
6.147684,6.8
6.046915,4.96
6.8854933,7.26
5.2634945,6.76
5.9850755,6.85
5.774681,5.7
7.6731234,7.55
6.238724,4.65
5.62627,6.32
5.570764,5.7
7.0425067,7.36
7.127212,7.1
6.3233557,7.7
6.1787224,5.55
7.1895895,6.4
7.482374,9.22
6.7478304,7.7
7.000194,7.46
6.3087907,7.33
6.8275166,6.51
6.5189433,6.08
8.013781,4.92
5.9460216,6.1
6.6036377,6.63
7.3024807,6.45
6.1592727,6.69
7.7993774,7.8
5.7961,5.66
8.302069,7.64
6.7163486,5.95
6.776298,7.66
7.151285,7.35
7.8979673,8.59
5.3363104,5.6
4.5916643,4.17
5.946606,6.07
6.7221127,4.74
6.003211,8.35
7.084507,5.6
4.93336,4.35
5.557064,4.87
6.3428063,5.52
5.3671503,4.07
5.255877,5.33
5.9886703,5.29
5.5106273,4.97
5.5464215,5.81
4.713247,5.91
4.7860146,4.59
5.8688498,5.07
5.7934628,5.46
6.331346,5.49
5.9063888,4.14
6.503852,6.6
6.019486,7.44
7.2035804,6.92
6.3583016,5.0
5.782194,5.84
5.9667983,4.17
6.2258077,6.2
5.8524055,5.52
5.4477625,6.08
6.99546,8.47
5.391356,4.44
6.662521,5.34
5.653088,5.16
5.5661087,5.37
6.728496,6.29
6.3273487,6.49
5.384569,4.9
5.371234,5.2
6.8187065,7.05
5.391739,4.33
5.8669086,5.85
6.659884,4.64
5.95841,4.43
7.2152944,6.22
6.712678,5.51
6.9711776,6.44
5.9650316,6.0
6.3742027,6.21
6.45014,5.44
5.481924,5.77
7.326551,7.55
6.6564527,6.85
6.78957,7.64
5.349776,4.42
5.2339125,5.01
5.964904,6.88
5.716416,6.15
5.7384048,6.89
6.2521787,8.48
6.4455395,4.64
6.6852965,7.52
7.3381424,7.76
7.0921693,8.32
7.436814,7.53
7.762814,7.49
6.9297566,8.22
6.593005,8.52
7.4976926,7.01
6.87808,6.37
5.4912505,4.4
8.506363,8.26
7.685455,7.09
7.155101,9.12
4.96509,4.52
7.5915074,6.25
6.711287,8.25
7.9308043,7.68
6.257028,4.85
5.7045956,3.32
8.222387,7.61
7.2746973,5.47
8.170682,8.03
5.0425377,6.1
7.4290924,8.05
6.8071785,4.38
6.012404,3.92
8.133765,8.07
6.254863,7.7
4.919774,4.91
6.6071687,5.35
5.8427315,4.8
6.694823,7.74
5.204435,3.91
6.0209546,7.15
7.299091,7.43
6.867184,6.97
7.1871414,5.42
5.8031025,6.1
8.100406,8.05
5.918083,7.6
6.1409125,5.0
5.760865,4.03
5.760427,3.52
6.3184834,7.38
5.908604,6.34
6.096633,5.51
5.733773,6.66
5.9743586,4.87
5.373246,4.81
7.9980116,7.22
6.0370135,6.66
6.1674433,5.7
5.345726,5.3
6.420516,7.0
5.680807,6.75
5.345773,6.21
8.677731,7.69
6.7747827,8.3
6.0152516,5.14
6.219865,7.96
7.4056,6.84
5.691398,5.2
6.020013,6.7
6.9486227,5.56
5.487531,4.52
6.7827783,5.92
7.030261,9.3
5.516457,4.24
7.721648,6.26
8.333641,6.92
5.3190756,6.28
5.523728,6.3
7.238664,6.46
8.239939,7.82
4.855786,3.53
7.0546594,7.57
7.454042,7.55
7.772252,7.13
6.0780973,6.68
5.4770617,6.3
6.0852776,4.55
7.838135,7.4
6.3052692,5.89
6.8055363,6.8
5.6001024,4.49
5.833896,4.05
6.1174016,5.15
5.487391,3.15
6.5313087,8.15
6.1803355,6.2
7.528184,7.4
8.100975,7.38
7.3750315,8.4
7.0151815,6.92
5.467918,4.6
6.80357,6.0
6.4597178,5.28
7.139607,6.88
7.4005065,6.56
6.189935,5.7
5.7930064,6.39
6.5655212,7.28
6.8259287,6.34
6.507794,2.46
7.0738683,6.32
6.0810027,5.41
7.2974195,7.96
6.9233603,5.31
4.457407,2.41
6.674615,4.23
6.772072,6.26
7.2331595,8.27
6.982435,7.15
6.0855107,5.24
5.8309894,4.78
7.2771635,5.6
8.530202,8.46
6.965947,6.52
5.8277774,4.64
5.7576413,4.05
6.4625273,6.4
6.8251734,7.85
6.6416574,3.99
6.3423414,5.28
6.7898917,7.22
6.0103693,5.92
5.987747,5.7
6.6912417,6.7
6.081341,7.4
7.5000234,7.99
5.818088,4.89
4.825287,5.35
4.4499335,2.92
7.1644845,6.16
6.3095007,4.28
6.96592,6.5
8.136199,6.49
7.3077273,7.77
7.745784,6.82
7.2112865,7.41
6.29901,7.4
6.0770345,8.26
7.9500213,8.57
5.4386053,7.46
6.624749,8.3
6.851722,10.15
7.7463303,9.7
6.470458,6.9
6.50625,6.6
7.690792,8.4
7.186383,7.1
8.274053,6.55
7.632733,7.59
7.266693,6.32
7.6138616,7.36
7.2457743,7.92
7.5745697,8.52
7.4540396,6.82
8.193148,6.89
6.1458406,8.12
6.7636385,8.59
7.1956997,7.2
7.506857,6.46
7.6311474,6.2
6.2889557,6.34
5.832955,5.9
6.7531834,7.29
7.0242414,6.04
8.074774,7.3
5.021559,5.21
6.8958626,8.3
7.6261706,7.48
7.472556,7.33
6.7664123,4.85
7.649464,7.54
8.257427,7.77
6.5736914,6.96
7.3162494,7.77
6.6778717,8.0
6.806928,6.74
7.129756,8.42
7.28535,7.74
6.3499355,4.59
7.4019995,8.05
8.709378,7.68
5.749448,6.23
6.6142683,5.67
7.0529165,7.25
6.6951385,7.42
6.613454,6.39
7.2794294,7.55
7.769927,7.46
7.5691137,7.25
5.524973,4.89
6.2476144,7.49
5.979849,7.7
6.157537,6.16
7.9596725,6.24
4.755473,4.47
5.412983,4.84
4.7484775,5.61
4.7240934,4.97
8.599965,8.52
7.231542,7.17
8.409862,8.1
5.851006,5.42
6.3718576,6.63
7.018846,7.64
6.910058,6.71
8.396344,9.0
6.040731,6.7
5.866532,5.1
6.135133,5.52
6.709522,5.9
5.8909307,5.19
5.563901,5.2
7.9371753,9.4
5.6522727,4.38
6.8618164,7.64
5.115451,5.84
6.1486735,5.68
5.771256,5.0
7.2506685,9.97
5.91852,6.6
6.9029765,6.5
7.903105,7.09
5.653548,4.3
5.8221636,6.55
5.86334,6.0
8.076429,9.0
8.38225,9.0
6.0199904,5.83
5.832077,5.0
6.3242464,6.47
6.3314843,7.6
6.159539,5.7
7.4331355,6.3
7.48282,7.26
8.529002,9.0
6.6643414,7.13
5.7732177,5.19
8.488995,9.0
8.193902,9.31
5.5144176,6.7
6.276702,5.15
7.1325684,5.0
6.078287,6.05
5.4880943,5.9
7.034285,6.1
6.927976,10.15
4.995542,6.8
6.5812197,7.46
5.775494,6.02
3.5563025,4.48
5.0385423,8.7
7.0075955,9.7
6.4738503,4.74
6.3886714,11.7
8.628754,8.07
6.341968,4.41
5.341278,6.0
8.957678,4.38
6.6296744,5.72
6.0509224,4.92
5.7501597,4.37
4.087389,5.89
7.822234,6.37
5.8878937,6.99
5.680152,4.32
6.0227575,5.19
5.518297,4.4
6.6087937,5.89
4.941369,4.28
6.8291616,6.05
6.2174907,6.92
8.251906,7.64
6.3668046,4.26
7.742343,8.66
7.331589,8.32
7.3951974,9.22
6.420618,7.48
6.6229444,9.0
7.6944923,7.38
6.958994,7.68
6.719225,7.38
6.418869,8.05
6.059363,7.92
7.529432,7.45
6.9791713,6.01
7.0360007,7.37
7.265557,7.57
7.7713566,8.89
8.093489,8.4
7.9075313,6.19
6.728276,7.24
7.3748026,8.04
8.178155,7.99
7.9597287,7.01
7.0765038,5.0
7.752516,9.05
7.424288,7.96
7.412842,7.55
7.922257,8.14
8.353788,7.48
7.6919937,10.0
7.638881,8.15
7.875164,6.28
6.46432,6.64
7.078787,6.55
7.1345944,7.74
6.0665035,6.0
7.2949247,7.31
8.35556,10.0
7.2169943,7.64
6.609943,8.38
6.6284394,7.74
8.042818,7.99
5.06192,5.85
8.047411,9.49
5.034602,5.31
6.091234,7.74
5.5881395,8.22
6.8803062,7.59
5.540331,5.35
5.9682064,4.92
5.5816417,7.27
6.3506136,7.7
5.970096,5.28
5.4967036,4.74
5.5309896,4.71
5.7875404,7.09
5.6509614,5.0
5.973579,6.54
6.613409,6.62
7.0560503,5.1
5.7520885,7.19
7.2569656,7.15
6.970491,7.12
7.843543,7.4
6.671807,5.89
6.646766,7.06
7.36364,9.05
7.7537994,9.0
7.7540393,6.96
7.710233,8.65
7.316252,7.98
7.125988,5.49
6.5510936,6.03
6.531938,7.3
6.855839,8.28
6.883023,7.67
6.9014897,6.74
6.784952,8.82
6.638777,5.06
6.652366,7.02
6.3035936,6.6
9.155653,8.84
6.0096455,6.5
6.3325453,6.24
7.4344172,8.57
7.0743403,7.07
6.5815816,7.3
6.8301225,7.63
6.8178167,8.94
7.0473,6.24
7.478236,6.62
6.96889,7.22
6.576296,6.17
7.771474,8.1
5.963381,7.0
6.9048195,6.89
6.4737873,5.71
7.441712,6.86
7.2384124,8.54
6.839306,8.92
7.0362267,8.32
6.9516096,6.9
7.291196,6.21
7.321876,7.15
7.913161,8.7
6.178051,7.1
6.76315,7.89
6.596177,7.17
6.753814,7.23
7.1365848,5.7
6.6048555,7.4
6.390429,5.66
7.299976,8.15
7.539522,7.07
7.211423,6.33
5.39982,6.34
5.715724,3.0
8.792077,7.9
6.9805007,6.0
5.2179384,5.31
7.6786003,5.19
7.683876,6.75
7.837575,7.76
7.4234786,4.6
6.078954,5.96
7.07698,7.36
4.885676,4.51
5.6449623,5.09
5.127841,7.19
7.156442,6.33
7.72032,7.77
6.764349,7.57
6.4343095,6.44
7.796725,6.1
5.9040885,5.52
6.1660933,6.59
7.5517554,6.5
7.078343,8.0
6.1589947,4.74
7.447448,7.5
6.612503,6.8
5.88204,5.3
8.321593,9.96
8.334307,5.92
6.890921,7.7
7.961566,8.34
6.648752,7.96
6.0344324,6.62
7.710764,6.51
6.349019,7.15
5.96649,5.0
7.8515778,7.72
7.737926,7.17
9.29148,9.43
7.6900826,7.25
7.0777597,8.3
7.1128654,5.85
6.453394,6.5
6.8197026,7.61
7.4810514,7.72
6.052671,4.42
6.353041,5.58
7.1403418,5.84
6.095509,6.12
6.4856324,4.99
7.5782743,6.38
7.1747,6.52
7.7724066,6.52
6.701781,4.0
4.7962823,3.64
5.4860196,3.66
5.469577,5.0
5.779943,5.62
5.8814898,5.86
6.3391347,6.65
6.9685416,6.0
6.785507,7.02
5.62005,5.92
5.5696964,5.0
7.577017,7.8
5.68275,4.49
7.7571683,7.73
6.049573,6.87
6.23102,6.2
6.71177,6.31
7.4362593,7.2
5.8274317,7.58
8.053819,7.9
6.8428473,7.96
6.667347,7.2
6.779028,7.7
6.412494,5.92
6.247574,6.95
6.2291727,7.19
7.539007,7.52
6.933855,8.29
6.3416667,7.19
5.9804635,7.1
6.768511,7.78
6.873344,7.8
6.868709,7.82
6.441897,6.34
7.0939555,7.57
6.9634585,7.15
6.4585066,4.05
6.0318675,7.17
6.7010307,5.16
6.1513147,7.02
7.2177706,6.16
7.7658095,7.88
6.371589,8.39
6.179958,6.3
7.1979804,8.6
6.7239494,5.57
6.3343296,7.06
7.167771,6.23
6.3641324,5.2
6.150546,7.13
6.6926227,6.66
6.2911105,7.05
6.414151,7.92
7.3829165,7.85
7.59491,8.39
7.039895,7.42
7.964868,5.33
6.965588,6.57
6.2123313,7.0
7.3907623,7.92
5.5871477,5.65
7.417414,6.32
6.964918,7.5
5.8233085,6.44
6.178522,7.32
5.872211,6.24
7.0739756,5.27
7.454776,7.3
7.1778455,7.4
5.9471107,5.1
7.1676664,6.14
7.1940556,7.8
6.475128,6.7
7.67821,8.09
7.0082593,6.4
7.2661886,7.14
6.1494966,5.11
6.298963,6.11
5.603095,5.23
6.5443516,7.02
7.8252563,7.77
6.058332,5.57
7.4661884,6.0
7.247519,7.19
5.8020077,5.31
5.5363994,5.5
6.094151,5.92
7.4550333,8.1
7.5007896,7.89
5.444974,5.5
6.8191476,6.32
5.774144,6.0
6.4834347,7.0
6.5074954,7.0
7.043135,7.22
6.203352,5.77
6.0613937,7.5
7.4112177,5.89
7.3810554,6.42
7.257734,7.05
6.491165,4.15
7.1502237,7.91
7.5387926,8.89
6.0239997,6.0
7.801074,6.32
5.889663,5.53
5.514952,9.15
6.1908507,6.0
7.6220274,7.54
7.020116,7.73
7.999158,7.12
5.7953773,6.21
6.3907146,8.4
6.550662,8.0
6.0357075,6.07
7.4310875,8.74
5.111525,4.3
6.8630714,6.82
6.516439,6.05
6.3807273,6.3
6.0665975,6.59
6.3668885,6.86
6.2347364,6.25
7.0144334,7.6
5.620179,9.37
6.687291,7.06
7.8153214,8.01
6.600353,5.6
7.6309085,8.64
8.244633,10.52
5.7672057,7.6
6.3303814,6.52
6.6322484,6.03
5.6512446,6.32
6.909629,6.0
7.175682,6.21
7.891326,7.93
7.355157,6.1
5.462398,8.0
6.147549,5.59
5.976883,6.28
5.760201,4.51
5.9748273,8.3
5.7069573,4.34
7.205676,8.43
6.5572143,7.08
6.8508143,6.21
7.144012,5.9
5.482299,5.5
7.416992,8.64
7.038501,5.73
7.191545,7.3
6.0397844,7.3
6.67073,7.03
6.499393,6.45
6.8426833,5.68
6.1298475,8.0
6.9079976,5.6
6.837548,7.59
7.115025,7.01
6.790992,6.77
7.174721,7.05
5.904176,5.58
6.7186894,5.29
6.8327823,7.96
6.986499,6.09
5.6800137,6.85
6.2857757,7.3
6.8938594,8.7
7.11022,7.08
6.0012183,6.9
7.5051866,8.34
7.3987966,6.89
6.052895,6.43
6.8271046,5.8
5.592631,4.0
6.8264236,6.38
8.464806,6.74
6.163319,5.7
6.9707646,7.06
6.9711633,7.52
7.164689,6.44
5.168582,4.57
5.34508,7.68
5.4103703,4.14
5.810032,6.0
6.8236723,5.22
7.1716146,6.85
6.6813903,7.52
7.537221,8.89
7.9621997,6.1
6.3202405,3.93
7.1588717,5.44
7.817712,7.4
7.2589917,6.71
5.7948146,6.67
7.1889915,8.29
6.4024916,5.7
8.571655,5.4
6.2860255,6.24
6.4662905,6.79
7.4621935,5.62
6.1952157,6.73
6.9455333,5.49
6.628263,7.04
7.6318874,5.39
6.472944,5.59
6.334832,8.6
7.9966526,8.92
7.600212,6.3
6.649087,6.77
6.3651447,6.29
6.2345815,6.77
6.2399244,6.63
5.8305163,5.7
6.450558,8.15
7.470955,6.96
6.4162455,7.54
6.229244,7.62
7.1687317,5.89
6.4567633,5.54
7.13906,6.02
7.356684,7.8
5.5692644,5.52
8.031922,8.15
6.474743,7.8
6.155919,5.15
7.80967,7.82
7.3532143,5.88
6.2100735,7.7
7.809006,8.96
7.278159,5.3
8.432462,8.89
7.769531,8.05
6.0964093,6.6
5.64786,4.19
6.506727,5.79
5.881425,6.72
6.833876,6.66
6.8627563,8.03
6.845523,7.0
7.338254,5.76
5.8558364,7.13
5.9432535,5.51
6.8376484,7.64
6.972697,8.17
6.0247283,5.77
6.4965296,5.85
5.9102044,7.13
6.1953444,5.49
6.650895,5.4
7.383796,7.55
5.813355,5.29
5.790803,6.4
6.4735446,8.3
6.633424,8.19
8.138861,8.22
7.854137,8.3
5.351468,6.11
7.0806375,7.2
7.30383,8.22
6.9305816,8.4
5.4239917,5.91
6.404054,7.05
7.302887,7.0
7.403195,7.38
6.0805044,6.57
6.297492,6.37
7.949247,7.64
6.756668,7.77
6.220305,6.38
5.50764,5.47
8.1311245,8.22
5.062599,5.08
7.0162077,5.55
7.423349,7.33
6.385478,6.13
5.8158913,5.38
7.4022183,8.77
5.4540696,5.8
6.040336,6.4
3.6154253,5.2
6.625109,7.0
5.3295674,6.2
5.626788,5.7
5.880166,5.0
5.7348084,5.2
6.147132,5.3
6.060877,6.0
5.755247,5.8
6.141973,5.8
6.9958572,7.17
8.301162,8.62
6.060907,5.06
7.989119,7.74
6.4395385,6.67
7.7907968,7.16
7.5764217,8.3
7.513537,7.7
8.387394,9.28
7.6253586,8.85
7.3444624,9.3
7.988026,7.75
7.5751534,8.42
7.06324,7.4
7.5956507,6.48
7.377421,7.3
8.265882,8.85
8.162164,6.96
6.287109,7.46
10.324585,7.44
7.2433167,9.3
7.946617,7.7
8.642359,7.86
8.487155,8.12
8.684946,9.06
8.019853,7.4
8.0619335,8.66
8.400311,6.4
7.024305,7.74
8.374597,9.0
8.26364,7.14
8.718308,8.54
5.596217,4.82
7.7585535,8.51
9.071807,8.15
7.342334,8.72
7.3890367,8.52
7.0396543,7.42
6.1603723,6.22
7.1405644,6.96
7.6394806,9.03
8.3794565,6.34
5.544309,4.26
8.898388,8.3
8.280841,6.14
8.020657,7.57
7.629474,8.19
7.412682,7.96
5.3377204,4.73
6.319905,7.74
8.984184,7.92
7.861241,8.7
7.5014553,8.52
7.428013,7.42
6.5071936,5.6
7.5238166,5.0
7.974005,8.01
7.5392847,8.37
7.203297,7.07
7.8001647,8.0
8.764039,8.77
8.057434,7.8
7.2117195,7.05
7.0434117,5.35
8.306985,8.3
7.471872,7.34
7.7099266,7.74
7.346387,4.0
7.008624,5.74
7.5775614,9.06
7.392238,6.79
6.4984803,7.48
8.592544,8.36
5.4693522,3.74
7.043165,7.48
8.131815,9.22
6.6952367,5.19
7.5458546,6.52
5.460891,5.85
7.3074884,6.85
7.9027143,6.85
5.709652,7.68
6.0373716,5.35
8.234845,8.04
6.1950264,5.5
5.236458,5.69
6.2171087,5.6
5.827177,6.0
6.5091968,7.43
7.07142,7.8
5.500214,5.54
5.71576,5.3
5.7879524,5.2
5.1610384,3.48
6.250839,6.64
7.140369,6.43
5.34904,5.19
7.0364466,6.32
6.86106,5.59
5.5269127,3.64
5.229332,5.3
5.4644365,5.67
6.7569046,8.4
8.009118,7.84
4.5637293,5.0
6.116491,6.33
7.9820094,8.71
7.553304,7.54
6.788289,6.77
4.6258287,4.2
8.20438,7.44
7.119171,6.6
5.661004,7.12
7.1599274,7.31
6.3357434,7.32
6.936554,8.66
7.3531694,6.73
7.8317375,8.41
7.1535597,6.48
7.170909,8.96
6.928802,6.86
7.547048,8.24
7.7818055,7.21
6.173976,3.7
8.883616,8.03
6.8755193,6.1
7.9707623,8.82
6.0339775,6.14
7.324532,7.05
7.058399,6.68
6.673184,8.32
7.2792797,6.07
8.154856,6.34
7.424905,5.47
7.3644233,8.33
4.988323,5.0
6.0581827,5.8
7.931304,7.38
6.957656,6.63
7.192314,9.05
4.9532413,4.7
5.9685216,5.8
7.055415,6.83
5.694575,7.09
6.045452,8.82
6.7809873,8.0
7.4341254,8.12
6.326203,9.0
5.9992843,5.01
7.5775723,8.01
5.021819,6.1
8.519727,8.22
6.79813,6.33
7.0237465,7.97
5.314054,5.9
7.7452283,8.7
7.2328997,5.66
8.19344,7.51
6.4753065,7.01
6.398976,8.19
6.3870482,5.27
6.1787386,5.51
5.659167,5.41
7.14827,7.91
7.1797633,8.64
7.677506,7.91
7.2370577,6.99
7.8699446,7.3
6.2341585,7.0
5.3139467,6.49
8.010011,7.91
6.9011774,6.85
6.3326726,7.69
7.133228,6.57
6.288565,8.1
7.368648,5.12
5.3088207,5.3
7.145267,8.38
5.9134865,5.47
7.336471,3.39
6.059716,6.4
7.112195,7.54
8.280844,7.59
6.0209994,6.97
6.614527,7.7
7.480264,6.18
7.4337,7.84
8.1636305,8.14
5.9455643,6.1
6.7447515,7.03
6.863416,6.17
6.456405,5.56
7.2875323,7.3
7.4556828,8.15
5.9636593,6.08
7.647049,7.79
6.975528,6.11
6.197377,5.85
7.049733,7.01
6.150536,5.63
7.495503,8.64
6.393344,5.92
7.2233877,8.27
6.0129094,7.31
7.630211,7.31
7.2517366,5.12
8.208263,5.27
6.9777064,7.92
6.4733343,6.85
8.320276,6.15
9.003954,8.3
6.735231,7.59
8.543825,8.4
7.809906,5.66
7.147648,8.15
6.247841,9.1
7.2378154,8.04
8.090238,8.3
7.6926465,7.8
6.918755,6.38
4.644339,6.37
8.990113,8.3
6.9726562,6.26
7.1771784,7.11
8.019077,5.31
6.962958,6.59
8.088725,8.28
7.239189,7.92
7.1770277,8.46
7.142005,6.96
8.084187,9.41
6.882177,6.82
8.079983,8.24
6.752232,7.01
7.9658375,8.19
7.228856,8.25
8.490944,9.92
7.2160015,7.77
7.197994,7.17
8.118322,8.0
4.758459,4.49
5.4821167,5.0
8.364529,5.89
6.6971126,5.79
6.560502,5.32
5.330983,6.1
8.963629,9.3
5.4817896,5.8
7.084306,6.4
5.271349,5.9
4.849569,6.62
6.666862,5.6
6.639383,7.1
5.578482,5.26
5.7793083,5.66
6.3967953,7.7
5.180164,5.6
6.8083777,7.08
8.118669,7.68
4.8833447,5.6
6.738816,5.18
5.9361343,6.38
6.9134045,8.05
6.9023323,6.82
5.8811417,5.66
5.601156,6.0
5.6214733,6.15
6.09324,5.3
5.4728503,5.9
6.453693,6.98
7.5639253,8.24
7.252865,6.2
8.108626,7.77
7.534037,7.85
7.6383457,6.24
6.1689973,5.05
7.8237796,4.11
8.290581,7.68
7.7374372,5.3
6.922466,7.21
7.9135146,5.49
7.3804812,7.02
8.681929,8.0
7.8808336,5.15
6.9681215,5.3
5.3432846,4.76
6.049965,6.15
6.4428062,7.1
7.2220297,5.05
6.7884817,6.73
8.293344,8.21
6.5494704,7.15
8.135076,7.32
5.913697,6.15
7.3998227,7.33
6.162824,6.22
7.166389,6.55
7.6158776,7.23
8.11507,8.36
7.513489,5.57
5.639011,3.92
6.5355167,6.3
6.6434855,8.02
8.075558,8.52
5.341431,7.59
8.046208,8.46
7.674556,7.09
8.164896,6.67
7.787828,6.31
7.4161177,6.3
7.2727547,7.41
8.010811,8.02
7.6036563,7.21
8.238631,6.47
7.070924,5.8
7.631577,7.52
5.7498236,6.61
7.723181,7.7
7.748044,6.92
8.228287,7.54
7.3488655,7.8
7.2215734,5.09
8.356393,6.95
7.2102184,5.72
5.146325,7.55
5.670013,5.74
8.06316,7.22
6.6654468,7.77
6.964109,5.8
6.760354,7.74
7.0606675,10.0
8.48997,9.11
6.9529705,6.41
8.620171,9.52
8.545891,8.3
9.0721,8.52
7.595971,6.64
7.456729,8.39
7.0898933,6.8
7.4312696,8.22
7.467531,7.03
6.204512,6.66
8.011299,9.7
8.102857,8.03
7.4946513,10.26
7.6501207,6.99
7.9775505,8.24
7.765162,8.52
8.09318,9.4
7.5712614,8.46
7.528076,7.39
7.3561344,7.11
7.7191696,9.0
8.071903,8.96
8.094271,9.05
8.486449,7.9
8.742971,7.28
7.557174,8.7
7.9761753,8.11
7.624319,8.52
7.2462163,8.03
7.610034,9.0
8.978594,8.15
6.9621005,6.42
8.199644,7.43
7.7101073,8.7
8.753627,9.18
8.005167,11.11
8.020084,10.3
7.9131813,8.7
7.9414496,7.3
7.594851,5.79
6.9535856,7.05
7.577164,9.3
8.054357,7.55
7.786707,5.29
8.556687,9.22
7.5367723,8.0
6.999119,8.7
7.440625,7.96
7.392482,9.3
8.512406,8.52
8.614989,9.0
7.995969,9.3
8.635363,8.91
6.1533484,5.97
8.017249,8.22
7.279201,8.29
8.035855,8.23
8.928016,9.19
8.445743,9.0
7.3788466,7.49
7.2627454,7.19
6.927021,7.68
7.7887526,7.35
8.051234,8.3
8.213034,8.38
7.7949123,8.4
8.071891,9.3
6.423962,5.36
7.4787984,7.24
6.8384867,6.13
8.482155,8.28
8.75192,9.15
7.0722322,6.43
8.1244335,8.4
7.256546,7.82
5.415201,6.77
7.2123113,7.12
8.427709,8.23
6.2325506,5.64
7.859357,7.21
7.9952183,7.96
7.365935,8.66
7.5492353,8.4
8.810098,7.96
6.77732,6.06
6.4257092,7.42
7.1572886,7.92
9.16441,8.7
8.294812,7.77
9.06875,9.46
8.362253,8.85
6.5858026,9.15
7.079072,4.6
7.5651693,6.88
7.709229,8.67
7.7133803,9.7
6.614765,5.81
7.008676,8.13
8.789473,9.14
6.818339,7.19
6.912543,7.74
7.8005548,8.22
8.25066,8.16
8.865513,9.42
8.159873,8.66
7.5750175,8.7
7.585929,8.41
9.012075,9.42
5.5240755,6.78
6.4227753,7.82
8.268094,8.54
6.1185923,7.09
5.793718,5.07
7.231333,5.62
7.9133363,6.72
7.689728,9.6
8.251025,9.0
6.6973276,5.43
5.9234524,5.92
9.005149,8.53
7.9318123,10.26
7.251664,5.81
8.216379,9.07
7.848004,8.3
8.134284,9.35
6.2976146,7.12
6.589871,6.67
7.8944063,8.59
7.8195176,8.46
7.1654005,8.39
6.474472,4.77
7.308038,6.19
6.2508936,7.28
6.4170814,6.21
6.1902504,6.05
8.410137,9.3
5.5407305,3.57
6.027971,5.59
7.0804043,7.81
6.976854,7.0
6.394184,7.24
5.9859114,3.49
5.427252,5.3
7.510693,7.14
4.707117,5.07
6.0948143,7.15
7.2448297,6.81
8.127494,6.68
7.5484047,8.1
6.191917,6.89
8.21029,8.59
9.389278,8.3
7.5339785,7.17
6.8862863,6.44
5.941978,4.29
6.907226,5.85
5.471231,3.52
7.18127,6.65
7.140518,7.46
5.49714,7.2
6.663466,8.3
7.4661946,7.07
7.6082373,8.33
6.560251,8.04
5.9152102,4.73
7.435245,7.3
7.110947,6.4
6.5246606,6.45
7.2424073,7.6
6.8126125,5.58
6.6579432,6.43
5.9066534,6.16
7.2419496,5.42
7.4228644,8.81
7.886158,8.42
5.3267784,7.25
8.558254,8.77
7.175576,7.17
8.220272,8.24
7.7290173,8.64
5.360182,4.61
6.358905,8.18
7.4744687,7.11
7.041169,7.01
6.538388,5.89
5.389495,5.44
7.2076135,7.07
7.57546,7.48
7.9666176,9.85
7.2077384,5.72
5.754747,3.78
6.8746786,7.28
7.3895264,7.54
8.604521,8.05
8.18046,6.46
6.4599633,5.13
7.282727,7.92
7.8601575,8.77
6.440595,6.89
6.9810505,3.82
5.883859,6.54
7.3921347,5.6
8.141084,7.92
7.056857,7.03
7.0218635,7.49
6.1214237,6.85
7.3280497,8.59
7.151371,6.92
6.666026,7.77
5.611724,6.6
5.3179135,7.01
7.822503,9.21
5.813845,3.46
8.379874,8.35
6.612713,6.2
7.285274,7.84
7.3999066,6.87
7.7649,6.96
7.6883774,6.64
6.8845716,7.82
5.7169127,5.15
7.6451654,9.0
7.136274,6.05
7.7102475,7.28
6.013092,6.22
7.427552,6.36
7.387923,7.72
6.3633823,6.67
8.631072,4.9
6.2734528,6.48
7.517545,5.93
9.009396,8.82
6.1472697,8.66
6.612384,6.85
5.3696175,6.47
5.4328365,3.56
6.373496,6.11
8.007612,9.54
7.29655,7.7
7.542911,9.0
6.520366,6.86
8.400158,6.32
8.385809,8.0
8.269236,8.0
5.0750017,8.88
6.7159057,8.28
9.567337,8.52
8.362776,8.38
6.374449,6.44
6.761096,7.4
6.071389,7.03
6.1706443,7.6
7.249426,7.08
7.493537,6.55
6.8135734,7.11
8.576902,8.4
7.367977,6.36
6.9225917,7.19
7.599219,7.64
7.1996036,7.7
7.478041,6.81
8.177987,8.39
7.3157563,8.19
7.2972536,10.0
6.4100437,7.2
8.068006,7.92
8.064346,9.82
8.253077,7.69
7.024682,8.63
7.6036015,8.57
6.4238696,8.82
8.894724,9.89
7.3953943,6.81
7.82457,8.95
5.7405667,4.79
7.84509,8.67
7.7712507,7.61
6.220307,4.35
7.684395,8.54
8.122178,7.19
7.326356,6.11
7.2099376,8.8
8.823132,8.97
7.4143963,9.52
6.503683,7.51
8.89245,10.0
6.9732842,3.85
8.817703,8.15
8.097894,8.85
6.0877023,7.82
6.821093,7.68
7.1476426,6.85
5.905949,6.48
7.897457,8.7
7.5463142,7.96
7.361995,3.67
7.9350595,8.96
7.296927,7.25
7.9750123,9.52
6.4224963,6.7
7.2097845,7.89
7.0488014,7.51
7.69246,6.8
6.076439,7.92
6.926779,5.41
6.4850287,7.19
7.8644133,7.54
8.860409,9.15
7.365575,7.39
7.2306814,7.04
7.926193,8.74
7.6739035,7.85
6.2517858,5.35
7.7480097,6.86
6.931427,6.34
8.163624,8.82
7.598278,7.68
6.7055635,6.81
6.96468,7.85
7.5808945,8.77
8.166788,7.7
6.6365128,7.1
7.650814,8.7
7.1304154,5.26
8.49065,8.7
5.606024,7.74
7.424674,7.6
6.733745,7.74
6.2782516,4.68
7.470795,6.63
7.162445,6.62
6.501539,6.76
7.609803,7.4
7.6736064,7.91
8.323131,8.8
7.4532733,6.34
7.740346,8.72
6.9401417,6.11
7.4463005,7.92
7.123855,7.07
7.6148424,7.68
7.5282955,6.7
7.1828513,6.39
9.533741,8.92
7.7636337,6.92
7.69335,8.7
7.460614,4.96
6.532782,6.34
6.788222,5.32
7.2877693,6.68
7.8815174,8.96
6.7191215,8.82
7.6449823,6.26
7.1395597,7.39
7.0826244,8.0
7.778975,9.0
7.789644,7.39
7.8681383,7.7
7.3643594,6.6
6.6405044,6.61
7.0770807,6.42
6.8560534,7.82
6.577494,7.27
7.0451937,8.07
6.6486254,8.59
6.461598,6.44
7.700659,8.66
7.293319,8.17
6.39213,6.72
7.1668377,8.0
5.2862883,5.94
7.9132833,7.96
6.763346,6.56
6.635917,7.58
6.695098,7.17
7.530597,8.37
7.831085,7.95
7.1110783,7.96
7.689156,8.68
6.8203163,5.57
6.728963,7.96
7.8901453,6.03
7.344156,8.08
6.556093,6.65
5.579,7.87
6.665029,7.01
6.303356,7.72
6.466475,6.83
7.062911,5.9
6.721783,8.44
7.6524105,8.1
7.2169747,7.22
7.4787755,6.97
6.5160193,7.42
7.1760693,6.03
6.8859634,8.07
7.0916066,8.94
7.412196,7.52
6.3630996,7.92
6.720588,6.63
6.1584826,7.4
6.0856256,7.93
7.9377904,5.46
6.1947412,8.22
7.133102,7.26
7.261558,7.37
6.7885494,5.95
7.90562,8.76
7.1286073,5.83
7.666105,7.21
6.581225,7.27
6.530491,7.16
6.279484,6.76
6.424915,6.08
7.3512607,7.98
6.3164496,7.78
7.4435387,7.28
6.1989055,6.64
6.247403,7.63
6.7424555,8.3
7.593602,5.14
6.928939,8.05
7.9406433,8.22
6.3199234,9.49
6.3986354,8.03
6.6667767,9.42
6.7023993,8.92
7.4102893,5.85
7.229351,6.82
6.91357,5.05
7.220353,6.75
7.245913,8.96
8.203414,9.07
8.19705,7.59
6.7610254,7.82
7.526921,7.54
6.855386,8.85
7.4124956,7.4
4.5484447,4.49
6.7566442,7.92
5.0256157,5.23
5.938779,6.52
5.9298897,7.0
7.179515,6.63
7.011428,6.37
8.371952,7.49
8.255207,7.13
8.676008,6.36
7.3818884,5.19
8.3120365,8.05
7.343776,6.28
6.809012,6.57
7.252031,4.9
6.835056,5.13
6.4683366,7.12
6.258424,5.66
8.717139,6.77
4.756122,5.08
5.5615473,5.38
9.803832,7.8
7.118146,6.54
5.8851504,6.7
5.5981627,4.53
5.426903,5.0
5.12159,4.05
8.171548,6.83
6.885965,7.85
7.7152896,9.3
9.103198,6.71
6.4896235,6.85
6.4951015,6.09
7.083777,8.14
6.9387007,5.8
7.7088747,6.4
6.3764043,4.91
5.6708884,5.33
6.0163274,8.2
7.0191226,8.0
7.4344606,8.46
5.9200425,6.05
7.133233,5.57
7.0583067,7.92
5.7607317,7.18
6.798089,6.74
7.369212,7.84
6.988407,6.54
6.313766,5.24
7.559189,5.47
4.7073154,4.97
5.939005,6.04
6.0482206,6.05
5.402495,5.3
5.157605,4.81
5.497778,4.36
4.641397,5.25
4.958644,5.14
6.339488,5.62
6.6237555,4.64
4.881975,6.6
6.347728,7.0
6.1934233,5.1
5.679911,5.82
5.184854,4.7
5.218559,7.7
6.4749293,4.89
5.4883137,4.82
5.2165904,5.89
5.232426,5.57
4.9731555,5.41
4.71664,5.96
6.3455143,5.82
5.356909,5.05
4.4390445,4.8
6.5590425,5.4
6.45069,5.54
6.5769906,4.8
4.438566,5.22
5.695135,6.05
5.680083,5.16
6.222934,3.16
5.2775307,4.92
4.808987,4.9
6.4086385,5.09
5.019019,5.0
6.0011287,6.28
6.6691756,4.25
6.043873,7.05
5.3778524,5.01
5.863559,7.0
5.1286693,5.3
4.9255347,4.34
5.6136546,5.73
7.079329,5.07
6.0094266,5.4
5.538395,4.52
5.808654,5.14
5.3680477,5.8
6.3302426,5.21
5.190896,5.06
5.8221245,4.52
5.642501,4.61
4.881462,4.64
5.1762705,5.96
5.3121653,5.1
6.251838,5.82
4.8154564,5.36
5.4922338,4.27
6.332043,4.52
7.0902905,5.0
5.8294296,5.42
5.493547,5.25
6.518535,5.31
5.301032,5.36
5.919281,5.3
5.6525126,5.8
5.137704,5.22
5.0030026,5.77
5.718789,5.44
6.0854616,6.46
5.1532764,4.27
5.3625674,6.7
5.4973083,5.08
5.26211,5.31
5.4498963,5.55
5.9203057,4.22
7.767281,4.77
5.0340858,4.71
5.8072076,6.71
5.457395,5.0
5.633023,4.85
6.589895,7.0
5.2759724,5.76
7.211729,5.32
4.9881907,4.6
6.5010204,5.96
4.5550227,4.66
6.3385715,5.34
5.4938207,7.4
5.5359445,6.7
4.472644,5.9
6.402272,7.06
6.45607,5.22
4.9575806,6.46
6.295351,5.55
5.9942904,5.26
7.345126,5.3
5.296399,5.19
6.2086267,6.12
4.9480305,5.57
5.892093,8.46
6.2919426,6.7
5.366046,6.42
5.289094,5.68
5.9778943,5.63
6.754696,6.16
6.532499,5.21
5.936087,5.26
5.4407954,5.31
5.3012547,3.98
6.5781074,6.05
5.2657323,7.06
6.0442734,6.3
7.2830467,8.04
4.362488,9.1
7.0972652,6.62
6.018109,6.7
6.7918973,7.41
6.0379987,7.2
6.938575,5.3
7.093069,6.21
5.618565,5.2
6.2619934,4.41
7.1958504,6.0
5.223113,3.54
5.4900327,4.91
6.1222587,3.52
7.1574287,5.25
5.5431533,4.93
5.085063,5.4
7.2464657,5.23
6.050081,3.75
5.22505,4.96
5.4062934,5.22
5.19606,4.1
5.310975,4.23
5.7276216,4.32
5.0369596,4.21
5.107985,6.85
7.16751,5.68
5.1062527,5.63
4.948891,4.07
4.9129214,2.94
4.9045277,6.15
4.8590384,4.94
6.328199,5.08
6.8560185,6.42
6.2421775,4.65
5.5346103,4.45
5.826698,6.1
4.9039392,5.53
6.9786277,4.61
4.467299,4.97
5.50185,5.1
4.5188303,4.53
4.8598795,4.4
6.2395277,5.96
6.5060835,4.7
6.1013384,4.07
6.361203,5.36
5.874842,5.56
7.8545637,4.4
5.2745476,4.0
4.7493725,3.63
6.978512,5.96
5.6076317,4.35
5.2461042,5.43
4.8211975,5.27
6.823785,6.62
7.8603477,8.51
6.820718,8.3
6.2462816,6.68
7.8432455,6.0
6.8520904,6.71
6.7099147,6.14
6.9759398,7.48
7.7795143,9.08
7.376811,8.53
5.879393,6.34
6.890626,4.12
8.767393,8.55
5.856206,4.85
7.0305266,6.68
7.6967745,8.42
7.003695,8.6
6.976284,9.15
7.6387954,8.49
6.6040187,5.85
7.9628134,6.0
6.5245094,6.66
7.254689,7.7
7.055906,7.72
6.4939175,7.59
6.7383275,8.48
8.627651,8.63
5.6152167,5.0
7.648473,8.25
7.1450863,5.36
7.1114697,9.1
6.1838636,8.05
7.350933,10.0
6.549892,7.48
7.6181593,6.39
7.890689,9.11
6.4146447,6.63
6.907426,5.65
6.505286,7.55
5.9740334,5.76
8.0910425,10.54
7.1073856,5.41
7.2083817,7.7
7.8230305,8.89
7.316288,6.96
6.6426244,8.4
6.8913293,5.4
5.0425444,5.8
7.4012475,9.52
7.1071887,8.06
5.624078,9.11
7.547173,7.18
6.4626913,6.7
7.594991,5.67
6.381247,6.55
6.962327,5.5
7.887108,9.49
7.5852175,8.97
7.4899125,6.09
6.6571994,7.77
7.4991665,8.3
7.878535,9.49
6.7884364,7.0
6.903201,6.88
7.527709,7.34
7.4836416,5.32
7.0178213,8.62
6.639162,6.9
6.847799,6.81
6.2226276,5.7
6.2578974,6.14
6.3755703,5.7
6.703205,9.06
6.948447,4.89
5.9809933,6.42
6.832216,8.64
7.035841,6.89
6.6271057,5.06
6.911305,6.19
7.0948462,5.9
6.6904016,5.9
6.035765,5.67
6.4015856,7.0
5.9667454,5.57
6.9734693,7.4
7.198747,8.9
6.1036515,6.7
6.0464916,7.3
6.3799453,7.72
5.9513264,5.9
7.1485023,8.47
6.7648773,7.96
6.261531,5.19
6.1152263,7.0
7.10947,6.59
7.549184,6.81
6.399603,7.92
4.633209,4.28
5.9694023,8.21
6.0768385,4.64
5.7902384,4.15
7.446393,4.92
5.8139024,6.26
7.042671,5.25
7.0764184,6.53
6.96532,5.92
6.0364914,6.89
9.037172,8.73
6.6906557,6.29
7.3686423,8.1
8.955572,9.66
6.371281,7.37
6.6519084,5.0
6.076367,6.42
6.100302,6.85
7.0965414,8.3
8.198465,8.3
7.210256,7.21
8.927759,9.64
8.983072,9.64
6.994943,7.07
7.6647806,10.0
7.1360364,8.4
6.0402822,5.74
7.343789,6.86
6.655341,6.02
5.9351106,5.77
7.777862,7.45
7.688798,7.22
7.467389,7.02
7.3096848,6.4
8.247746,10.26
6.0974164,5.79
7.2347326,8.3
6.3989563,5.9
7.6952324,8.46
6.6014476,6.23
7.618926,5.12
8.766559,7.72
8.5512295,8.21
9.275657,8.84
6.9971957,10.26
8.426842,7.49
4.2684445,5.17
7.5374084,7.39
7.2351494,6.7
7.1474767,7.36
7.45092,7.74
7.741251,6.57
6.7217956,5.96
6.9439282,6.7
7.5321617,8.43
7.6929464,6.46
7.662245,7.0
7.0114775,7.14
6.7408953,4.86
5.833196,7.5
7.2715983,7.22
7.204362,10.4
6.1274896,9.22
7.0658345,5.47
5.9238167,6.16
5.8203297,7.42
7.4789085,5.74
7.289588,6.72
7.696762,6.31
5.94538,5.04
9.104938,9.7
6.4539466,6.65
6.705869,6.44
6.030305,8.52
7.8079824,11.12
6.075432,6.86
7.096307,6.28
7.7332516,6.96
6.922542,7.11
7.4785533,8.0
6.678805,8.36
6.3393626,7.48
6.9501677,7.27
6.0646577,4.9
6.2904806,7.96
5.5838594,6.41
7.1386275,8.41
6.5614552,6.31
6.9930706,7.8
6.754691,8.98
5.1291885,5.8
8.35944,7.15
7.6573534,9.77
7.4498215,7.49
8.376734,9.46
6.6295714,6.01
8.909245,8.69
7.1160016,7.1
6.4166946,8.0
6.8185663,7.07
6.2749047,5.7
7.656564,8.4
5.776352,4.23
7.3455186,6.1
6.928419,8.77
7.6085925,7.89
6.4064183,5.95
6.418639,6.32
6.5243497,6.4
7.0689054,8.05
9.149063,10.26
7.1475425,9.15
7.232726,7.17
6.628432,6.16
5.9696627,8.0
7.1286035,7.67
7.4739056,5.94
7.7974405,6.55
6.1611013,7.35
6.6303544,7.26
6.6860557,6.05
7.100828,6.16
8.770211,8.61
7.317525,9.0
7.3899198,6.85
7.226245,8.15
7.1805196,6.35
7.850051,7.96
7.6402016,7.89
6.8402047,5.47
6.0382357,6.0
7.8118906,9.1
7.0272675,8.7
6.7255588,7.57
6.28177,7.85
6.9078026,5.6
5.478657,5.36
6.8375854,7.8
5.640091,4.24
6.733834,5.92
6.9220285,6.67
8.548304,7.15
7.510898,7.44
6.9039893,6.59
4.991799,5.62
8.589291,9.12
7.2650976,7.52
6.965966,5.95
7.6426754,6.55
7.0036,6.48
7.866944,8.4
7.316566,7.29
7.817107,8.96
6.7717743,8.89
6.9101186,6.52
7.756838,6.4
7.8502817,7.98
6.8957853,8.54
7.11604,7.29
7.375266,10.26
5.9908533,6.0
6.9727545,7.96
7.2473083,8.22
7.1401954,5.0
7.2567205,7.76
6.510599,5.47
6.2447586,6.68
7.8469844,6.85
7.3602705,8.7
7.5452747,7.41
5.1537676,5.38
6.6591206,7.64
7.3759775,8.1
7.9759455,8.96
8.221461,11.05
7.3284483,8.15
6.9062767,6.78
8.301423,9.05
6.039734,5.48
7.392965,9.05
6.235993,5.54
6.4480925,7.7
7.5437365,8.26
9.054136,8.51
7.540438,7.51
8.733477,9.19
6.3695807,7.48
7.474377,8.15
6.2049365,7.14
8.497991,5.02
6.911765,7.25
8.893569,9.77
6.635166,6.57
7.297134,7.89
7.444847,7.56
7.2638226,7.28
7.2734914,8.68
7.448236,6.68
6.6962147,8.4
6.1668606,6.86
7.6962485,8.52
7.1560254,8.55
6.250426,8.66
5.852891,5.4
7.736136,6.21
6.873203,7.0
8.560162,7.29
7.945412,7.21
8.160182,7.68
7.4109683,6.85
5.7199564,6.66
6.8519382,7.7
8.220325,8.3
7.3299465,6.49
6.611167,7.52
7.921976,13.8
6.3014073,6.1
6.370217,6.7
7.6653113,6.92
8.38229,9.0
6.065548,6.7
8.254011,8.15
7.1165423,7.8
7.0121713,8.02
7.7298346,8.86
7.261043,6.23
6.8130364,5.44
5.8059344,5.2
6.867403,7.57
6.897972,4.38
5.1194816,5.1
7.1557636,8.7
7.031381,7.33
7.3366947,7.67
6.355699,6.64
6.7378225,6.87
7.293432,5.99
7.3347735,6.27
6.9875574,7.15
7.860971,7.13
7.943573,8.7
6.301097,8.15
7.0290866,6.8
6.722696,8.72
6.5749846,6.43
7.2193875,6.99
7.055656,7.67
8.360131,7.74
5.9861307,6.1
8.361291,5.64
6.3634677,5.96
6.703303,7.26
6.257748,7.06
8.173646,8.4
6.920206,7.19
7.5453854,6.48
8.475222,8.18
6.861237,8.6
6.311783,8.85
7.807393,7.48
7.4654813,6.77
7.001252,8.4
5.9662485,6.22
6.4900594,6.3
7.8584414,8.3
5.736529,6.61
7.5747604,6.12
7.8657537,7.37
5.743643,6.4
7.700713,9.0
6.350449,6.59
6.5231123,7.53
6.606417,6.2
6.777936,7.54
6.244135,6.5
7.53928,5.5
7.935828,8.0
7.641815,4.13
5.468561,3.1
6.50139,5.24
5.417195,5.73
6.6574764,4.1
6.32066,6.11
7.8495474,8.54
5.829712,4.96
4.6562996,6.46
7.34515,7.24
5.450985,6.49
6.848104,7.85
7.097051,8.2
7.3240547,4.23
6.3929334,5.11
6.2283216,5.72
8.202072,9.66
6.3960366,5.96
6.5255218,6.94
5.5277624,4.55
7.251161,4.17
4.8832526,5.28
7.032273,4.3
6.527067,5.16
6.157385,5.66
4.899194,5.03
8.310404,9.89
6.9148774,5.22
7.5986123,6.79
5.2345376,5.6
5.3552847,5.34
6.908047,7.22
7.360727,5.91
5.4702077,5.72
7.6571164,7.67
7.947974,8.03
6.3531485,8.0
7.051539,7.09
7.369446,7.32
6.9169054,7.15
6.075339,7.09
5.9729266,6.56
6.685514,6.65
6.521248,7.46
6.970376,7.34
7.135096,6.18
6.412151,8.4
6.6580663,6.39
5.317683,7.1
6.489805,6.5
7.89988,5.51
5.8910823,4.53
6.8444324,5.45
7.7706575,7.57
6.2365065,6.86
5.601107,5.48
5.851412,5.62
5.687659,7.32
5.5924993,5.43
8.664605,6.93
6.040742,6.08
7.5216746,6.14
6.071614,6.19
7.196759,7.96
4.8115406,5.9
6.395816,7.17
7.463467,7.37
7.4460945,6.48
7.1724143,7.96
7.154434,7.82
6.9498277,6.17
6.494882,6.4
6.5538692,7.46
7.640362,8.04
7.5354137,6.63
7.398352,7.8
7.9109874,6.48
6.037586,6.87
6.7364144,6.8
6.674767,8.7
6.9408526,6.31
6.673623,6.51
7.0605063,6.31
5.930656,4.98
6.9154816,7.4
6.601869,7.51
6.0592175,6.09
5.6979265,6.92
6.107788,4.41
6.5955725,5.55
5.930817,6.15
5.527249,4.21
4.33051,4.35
5.4741507,4.62
5.4134817,5.24
5.2881017,4.52
6.529129,5.74
5.631269,5.03
6.100739,5.54
5.8941383,4.02
7.986595,7.01
6.2523737,6.3
6.699134,7.82
4.994735,5.82
6.7088223,6.2
6.9780397,7.42
6.7332644,6.55
6.635859,6.3
5.455134,6.7
6.605592,6.3
7.2191753,5.51
6.8767715,7.19
6.877111,8.15
7.1745424,6.8
7.1639786,6.8
5.4751744,5.1
6.7250814,8.04
6.324992,5.49
7.5194445,5.36
6.0616617,6.6
4.64299,4.96
6.452507,5.2
7.114988,5.96
5.9024143,4.58
7.166636,6.64
7.0910482,5.0
6.9838276,5.0
5.8790193,7.15
5.1959424,5.9
6.2544365,7.28
7.5411544,7.21
7.519586,6.74
5.647137,3.07
5.8771167,6.48
7.0231814,7.5
6.67367,5.96
6.32936,4.74
7.7978077,6.3
5.5781703,6.57
7.0852327,7.51
7.2460694,7.7
7.097206,7.59
6.6843987,6.09
5.987319,6.04
5.4459295,5.54
6.2607565,6.86
8.022068,6.9
6.189252,7.0
6.5609136,7.35
7.217721,7.6
8.205468,8.1
6.021345,6.5
6.050705,7.1
7.8151793,7.57
7.310702,6.77
7.496375,7.08
5.856409,7.28
5.764003,5.86
5.6503315,7.01
5.9251404,7.17
4.7988777,6.05
7.418827,8.0
6.470375,6.07
6.557104,6.0
6.0981107,7.96
4.802161,8.3
7.50809,7.6
6.2968416,4.66
5.916905,4.51
7.736275,7.14
5.9727306,6.68
5.239718,4.6
7.812043,6.6
6.49828,7.48
8.05706,6.01
7.377942,8.1
5.679786,3.6
7.3450603,7.52
6.355977,5.66
6.971603,7.35
6.553464,7.85
6.722699,5.59
7.411549,7.4
8.210176,7.85
7.4453435,6.52
7.3009276,8.0
5.444317,5.89
5.4119606,5.78
7.226211,7.3
6.0655546,7.41
5.833656,4.24
6.8106446,6.75
5.71249,6.22
7.016106,6.97
6.4131937,5.5
5.016691,5.19
6.8466144,7.35
4.7973604,4.07
9.090863,5.82
7.225363,7.49
7.81294,8.02
6.4130626,7.82
7.593118,8.85
6.0228972,6.21
6.310998,6.52
5.9313307,6.52
6.6002665,7.3
7.105257,5.17
4.917092,3.92
7.181137,8.09
7.275528,6.89
7.7586355,9.89
5.3566403,5.09
7.057822,8.57
5.5789657,6.54
6.4507866,5.41
7.1482415,9.0
6.1876297,6.34
5.2827306,6.43
6.8374853,6.05
5.082861,6.3
6.9004407,7.72
6.506674,8.13
7.047773,8.37
6.8170056,6.49
5.306618,4.2
6.3154383,5.2
4.9388623,8.05
5.8952694,5.41
4.5149136,5.65
7.519943,7.28
5.2012863,5.2
6.1933794,6.91
5.574002,5.54
8.0002985,7.66
5.7996817,4.45
6.6299634,6.7
6.4081964,5.0
6.599113,4.6
6.193539,8.28
6.2367716,6.76
6.2773514,7.53
6.4838157,6.55
5.8849497,5.92
5.0037456,4.55
6.1412687,4.86
5.768555,5.95
4.904728,5.74
7.153262,8.25
5.673026,8.74
6.448644,8.89
7.2845054,5.55
6.772212,6.85
5.633072,4.55
7.363965,8.64
6.5818763,8.43
6.800382,6.5
6.340616,7.4
6.484747,5.6
5.9278307,6.0
6.258462,5.8
5.637206,5.8
5.5334444,5.1
6.430882,5.8
7.0288324,7.6
5.471208,6.4
6.109209,6.04
6.784013,7.32
5.8070526,5.82
7.2602987,7.08
7.6215568,5.7
6.4827595,7.06
7.2742114,7.41
6.678181,7.23
6.513934,5.89
7.246136,7.54
7.6083536,7.02
5.325053,7.52
5.8465643,6.57
6.1438036,5.22
7.3184943,6.75
7.2670975,4.66
8.023814,7.61
7.4606767,8.0
6.6690125,8.7
6.4907227,4.77
6.5565586,6.37
5.8511734,6.33
5.0282793,4.6
6.0209503,4.45
6.6122055,6.25
3.9336154,4.35
5.1019306,4.35
6.932126,5.85
5.4480543,7.4
7.400051,7.11
6.0042667,4.35
3.4951935,3.59
6.6966634,6.6
5.510999,3.36
6.8746524,6.51
5.7076197,6.33
5.4333773,7.01
6.9700017,6.8
6.0387564,7.22
5.466383,5.64
5.02862,5.88
7.042342,4.22
5.768648,5.73
6.0805964,5.98
6.612044,5.91
4.851408,5.77
6.0991845,5.43
6.1768785,6.19
6.0950823,5.24
5.540515,5.52
6.806567,8.0
5.88654,6.88
5.6131873,4.98
6.4156637,5.98
6.6656265,7.54
6.3219533,6.48
5.9210854,5.15
6.147984,4.81
7.5441275,7.96
5.578191,7.59
8.046767,7.23
7.0042305,7.22
6.976059,7.51
6.034304,5.41
7.5214415,6.56
6.921503,6.34
5.372353,4.53
6.639042,8.23
5.7982817,6.36
6.1355915,4.73
5.3690257,5.24
6.2418714,5.85
6.79517,5.97
6.4258823,6.04
5.4687495,6.34
7.467206,7.3
5.4605026,4.8
5.2458057,3.62
5.657108,5.22
4.5983725,6.15
6.135034,6.82
5.756597,7.59
6.527744,5.9
7.146722,6.46
6.36416,4.85
5.4344063,4.46
6.0717926,6.3
6.33934,7.09
6.334504,4.88
6.0024767,2.64
5.9280686,2.0
5.6338716,5.8
6.198231,6.7
5.2851324,8.2
5.6442933,7.1
5.9243827,7.7
5.474342,5.05
5.322695,5.55
6.300755,6.55
5.834796,5.54
6.8316274,5.4
5.7643895,5.0
6.4219723,5.74
6.537239,5.6
5.535585,3.05
6.6415105,2.05
5.337885,4.15
7.057869,8.4
5.821662,6.1
5.9714336,5.2
6.3029985,7.54
6.973713,5.4
6.2198625,5.3
6.9085956,6.38
6.6121507,6.0
7.230284,4.71
6.8503823,5.41
5.5989256,4.97
4.883432,4.71
4.7922235,5.02
4.6257243,4.29
4.8693852,5.42
6.583218,4.76
5.154338,5.18
6.827343,7.85
5.7692757,3.85
7.1446137,4.43
6.850156,6.37
5.6628623,5.48
6.686196,6.77
5.641116,4.03
6.2704234,4.82
4.1204157,4.89
7.389971,6.61
6.640281,7.92
7.8902955,7.97
6.756481,8.2
6.783186,7.15
6.52593,8.08
7.3808084,7.3
6.6493645,7.17
7.6355643,6.53
7.6225476,7.56
6.066583,5.33
6.5330114,5.73
8.774487,8.62
6.9400635,7.25
7.0672245,7.15
8.212437,8.3
5.931682,5.86
5.678324,6.15
8.018568,8.7
8.253184,8.3
6.617893,6.23
6.975023,6.65
7.7847667,6.73
6.7054734,5.24
6.984432,7.41
6.0091047,5.13
7.056147,8.05
6.502125,5.6
5.8345995,6.3
5.7748003,6.78
7.3934083,9.15
6.84362,5.09
7.9179654,7.82
7.4311314,8.52
8.388842,8.0
6.2278476,6.22
6.679725,6.04
8.320911,7.97
7.612081,5.96
7.0319004,7.09
6.3243027,8.19
8.874541,8.62
5.783803,5.21
6.635505,7.33
7.8017416,7.97
7.627493,8.23
7.718903,7.8
6.265101,5.15
6.316118,5.52
7.2659225,8.4
6.700136,8.41
7.9962416,8.39
7.995259,8.22
8.39491,8.52
7.5263386,7.52
6.8151846,7.15
7.2305903,4.8
6.432192,6.69
5.446011,4.95
7.1589465,7.16
7.3948493,7.99
7.6056848,7.74
7.6232595,6.52
5.865408,6.86
6.9588437,7.22
7.0897837,6.06
7.4390306,8.43
7.258773,7.52
7.2357945,6.02
7.3838105,7.96
7.0093884,6.22
5.8960257,4.0
6.886202,5.0
6.9824567,5.98
6.2954025,7.92
5.2302685,5.19
6.830402,6.92
7.727929,8.0
6.2370048,7.74
6.5085487,6.36
7.5214024,6.6
6.475603,5.04
8.524315,7.62
7.8749094,7.46
6.425753,8.12
6.2566237,7.85
7.687854,8.03
7.541005,8.05
7.839552,7.97
6.336362,5.82
6.926581,7.06
7.942658,7.96
5.9660845,5.85
7.714272,7.69
6.2949276,5.6
8.253806,9.22
8.693417,8.92
7.23219,5.6
7.446845,6.73
7.8061924,7.55
7.3228316,7.4
6.2144713,6.03
8.175718,7.82
7.4617386,6.46
7.1793065,6.43
8.259073,7.72
7.3875895,8.42
6.816303,6.34
7.6480227,6.18
6.7428584,7.89
8.585962,8.24
6.6462426,7.33
7.4930806,7.7
4.82513,4.64
6.983553,7.62
6.268263,5.05
5.291903,4.64
5.7917423,5.47
5.6536007,4.31
5.565532,4.36
5.811198,4.29
7.756917,8.29
6.481106,6.65
5.7421675,3.53
6.377487,5.9
6.456913,1.47
5.7056675,4.71
6.80039,3.59
5.8638315,4.73
6.2317557,6.13
7.3202534,7.36
5.903656,6.3
6.068968,8.1
4.5886965,4.37
6.116584,5.48
6.3656,6.4
6.047668,6.12
6.1786537,7.9
6.652563,7.17
5.8655553,6.18
5.267976,4.31
5.449282,4.22
5.3420115,5.14
5.5686183,3.94
4.9699855,4.71
6.340785,7.54
5.0958304,4.27
7.4369745,7.9
6.827033,8.17
6.6857576,8.0
7.5691347,6.95
5.31696,3.95
6.9238377,7.46
6.455525,8.0
7.8500214,6.47
6.9534497,7.74
7.4862924,7.6
7.0420094,6.33
6.3002024,7.21
8.253262,8.4
7.424517,6.69
7.092292,6.62
6.8358665,6.64
6.2539153,5.3
6.9427047,5.83
6.5200157,7.29
6.393878,6.2
5.6040707,6.68
7.195958,6.32
6.7792945,6.8
7.056241,7.64
7.573816,7.44
7.2865024,7.15
7.6857176,7.19
7.146024,7.4
7.787352,7.21
7.8042874,8.1
6.4832387,5.9
7.5659757,7.36
7.057993,7.37
7.408778,7.46
7.5918875,7.33
6.447376,7.47
7.1575,6.49
7.5697126,6.24
6.5417504,8.4
7.3335567,7.36
7.7495155,8.7
7.1610765,7.02
6.434299,7.01
7.5181074,7.19
7.142417,7.42
5.6470947,5.92
6.11778,6.74
6.9947467,7.05
7.0559936,6.96
6.5925035,7.77
7.4629307,7.66
4.685384,3.2
5.120308,4.88
5.5458503,4.64
5.3108644,5.02
5.558672,4.62
6.1398287,5.16
6.273915,7.01
4.43808,5.26
5.846122,5.5
7.5306144,8.35
6.3454356,8.14
6.059135,7.2
8.237979,8.05
7.0783157,7.9
7.816373,6.92
6.5694904,8.05
6.709946,7.2
6.794279,7.2
6.5413218,1.9
7.165522,6.44
5.9803467,7.62
6.914314,5.34
5.537223,5.74
5.712434,5.8
8.002523,8.48
8.376831,7.42
7.550953,7.1
5.887389,5.4
6.3817277,2.1
7.6749463,7.89
8.16622,9.1
7.250581,5.64
7.3919444,8.05
6.624747,7.31
7.6762104,7.79
7.694875,6.17
8.649885,9.0
7.2972946,9.05
7.0292788,6.49
7.8460636,8.0
7.719661,9.0
5.033452,5.77
7.5437164,8.5
7.2736106,9.7
7.446439,7.94
6.534263,5.04
7.7320337,6.16
7.447311,7.51
5.4792805,5.1
7.3151817,5.72
7.644548,7.49
5.6320305,5.47
7.5739765,8.43
7.4833636,9.05
6.174273,6.92
6.7708344,7.74
6.745913,7.32
6.914179,6.0
7.9375,9.0
6.272093,6.92
7.043859,9.22
7.3598776,8.52
6.4498897,6.92
6.840876,6.59
7.2155423,5.72
7.4887753,7.9
5.3693547,8.52
7.116079,6.59
6.2842183,7.92
7.814614,8.26
7.6856513,7.24
8.586506,9.09
6.7474866,7.13
7.5261383,6.12
7.233763,8.35
6.316177,6.47
6.744369,7.21
7.0886903,8.26
8.349267,7.55
7.504644,8.13
8.751718,7.31
6.659169,6.92
6.7432356,7.5
6.427641,5.87
7.2087145,7.42
6.634034,7.44
6.443947,7.18
5.3929443,5.4
7.050335,5.81
7.34863,7.22
8.273122,7.98
7.461607,8.22
6.1198697,7.6
6.0531993,6.86
5.8262396,8.0
7.172489,8.05
7.222107,6.07
7.3214965,6.38
6.928419,6.79
6.382661,7.51
6.5248036,7.96
8.878238,8.52
5.5401926,5.53
6.0257487,6.3
7.7886696,9.0
6.6374874,7.4
8.372153,8.1
6.605857,7.38
8.9284525,10.32
6.9711094,7.8
6.69383,6.85
6.752945,5.9
6.958427,6.96
6.6693325,7.77
6.502909,7.8
5.9918675,5.9
7.084541,5.12
6.64917,6.57
5.8307514,5.19
6.6005917,5.85
4.9995947,4.52
5.6276884,5.74
6.114741,6.06
5.766911,4.6
5.017062,6.42
5.4823327,5.0
6.9618917,7.28
6.594245,6.33
6.4863014,6.67
7.1239624,8.15
5.961922,7.46
6.3636055,6.32
5.4995394,5.0
5.5308337,5.01
6.2703037,5.89
5.766968,5.21
7.3101416,6.9
5.6453085,5.7
6.6186905,7.85
6.075489,7.44
6.7653785,6.03
7.1738763,6.52
7.5822954,6.92
6.694673,5.0
8.240145,7.82
6.7784944,6.12
7.022319,7.04
7.288809,7.37
7.2042837,10.1
6.8892126,8.3
6.9660187,7.01
7.3244815,4.51
6.3755736,6.04
6.1739564,5.51
5.7036552,4.57
6.734579,6.01
4.7416663,5.14
6.414445,5.24
6.3915806,4.88
6.4327564,6.64
6.240964,6.59
7.402012,8.74
7.827824,9.28
7.49906,6.8
6.1904106,6.44
5.461576,6.07
4.9348974,5.47
6.8663735,5.32
7.2845545,6.52
7.9830527,6.2
6.8682356,7.57
5.2235556,5.68
6.6319003,4.91
7.6534667,6.04
7.458287,8.32
5.9561663,4.81
6.8643637,7.51
5.486397,6.47
8.269704,9.22
6.471792,7.48
6.7034626,5.08
7.6259384,5.28
6.417454,6.37
6.4879146,4.23
6.182572,4.95
7.3899646,4.07
6.0524697,6.1
6.5391603,5.62
6.800096,5.49
5.6511116,6.72
6.179697,6.77
5.210933,6.0
6.4902043,6.05
5.8062,5.26
5.9649734,4.91
6.7750278,6.14
7.5901175,6.6
5.3033133,5.77
6.0819626,5.47
5.2722354,5.64
6.1178656,5.84
5.584565,5.51
5.0724335,5.35
5.07085,5.42
5.5419474,5.24
5.767947,6.07
6.475809,6.83
7.06435,7.15
5.8391623,5.43
6.276242,5.54
6.039463,5.79
6.1064067,8.23
6.746304,5.81
6.4445367,7.52
7.8404455,8.47
6.483765,7.0
6.036013,6.68
5.4758797,5.97
5.228159,4.98
6.1408367,4.82
6.177347,6.04
6.011387,5.25
6.6121335,6.45
6.499128,5.53
6.821575,8.35
4.2621374,5.83
6.102091,5.1
5.932198,5.54
6.4974957,6.46
6.2614384,6.28
5.9994154,5.15
5.7432055,7.04
6.367359,5.75
5.979584,5.39
5.167592,5.17
6.283595,6.5
6.066268,5.09
6.508693,5.82
7.15189,6.66
6.4098186,5.13
5.672748,5.51
5.443536,6.28
7.1771684,6.88
5.839548,6.26
6.1917825,5.97
6.625418,6.13
6.0733833,7.6
7.833532,6.12
4.183329,5.55
7.499877,5.41
4.819112,4.92
4.7387123,5.27
5.543989,5.43
5.422954,6.07
4.8882337,4.96
4.6892033,4.92
5.63484,5.59
7.5530224,4.36
4.7986946,5.48
6.4858775,4.86
5.4824905,8.33
5.704599,4.92
6.3506126,6.15
5.901788,6.57
4.6484337,4.36
5.889967,7.54
6.206283,6.15
5.7803035,5.3
4.499175,4.02
6.150051,8.92
5.452837,4.22
5.4891286,3.67
5.4949746,4.23
5.3849616,6.04
6.921791,6.35
6.909157,6.35
6.605811,5.73
5.4073744,4.28
6.764835,6.34
6.842415,6.93
5.802237,7.65
7.4574795,6.46
6.612404,7.92
5.640753,6.97
4.711034,4.1
6.4279413,4.93
6.0583887,4.94
6.944362,5.85
6.365191,6.46
6.8956504,4.85
7.516587,4.1
6.21098,4.2
6.7338247,5.3
5.529568,4.41
6.084189,5.9
4.253787,4.78
6.7594814,8.82
8.408266,8.28
8.020558,4.96
7.321462,5.48
4.291295,4.05
6.3802114,6.41
5.7956486,3.34
6.5431366,7.8
8.144915,6.85
7.3410654,6.93
7.2304897,7.4
7.562128,7.15
8.923357,9.52
8.558718,8.7
4.8513474,5.1
6.6193213,8.22
7.7010565,7.11
7.1147118,6.46
5.710552,4.8
8.476889,8.6
5.558749,7.0
7.318637,6.52
7.0834403,4.89
7.7314177,8.28
8.244467,7.77
5.7631054,8.59
8.05522,7.46
5.9364576,7.74
6.9648943,7.54
7.2401776,5.52
5.7299557,8.3
8.228077,9.3
4.796112,5.05
6.345028,7.4
7.022379,8.31
7.803294,5.3
6.0102396,6.54
6.90038,7.4
5.6013417,5.25
5.86337,6.7
7.3053937,9.49
8.724193,8.4
7.621188,7.04
8.435345,7.09
6.772321,6.4
5.871,5.32
6.911194,6.01
6.205092,6.1
7.3352036,6.68
5.786812,3.97
7.8106856,8.39
5.417841,8.09
7.8418365,5.86
6.0911446,6.63
5.5753465,4.7
6.429274,4.61
7.4870086,6.49
8.069058,8.34
6.2077546,8.2
7.3321877,6.34
6.0027843,5.29
7.3214164,7.62
6.840955,6.8
5.015959,4.54
7.246097,9.0
7.9275994,6.84
9.399677,9.0
3.9839497,7.64
6.51098,7.8
6.4016614,9.27
7.498989,7.7
6.9778204,9.0
7.3776965,8.48
7.2328587,8.7
6.675621,5.41
6.6087427,5.15
6.080293,7.31
5.3395615,3.78
5.2805986,3.8
3.843967,4.74
7.2058077,6.89
6.33148,4.86
6.0248957,5.9
5.736897,6.0
6.6056194,6.96
6.3313384,5.82
5.131529,4.98
6.429087,6.39
6.4173026,5.81
6.7120686,6.56
6.761574,4.57
7.4689336,6.38
5.8767443,6.0
6.162134,5.41
7.0942802,7.55
6.8998585,5.52
7.085172,8.54
6.07856,5.17
6.440317,8.4
6.1413236,6.94
6.247569,7.49
6.461638,6.84
6.8812413,8.6
6.5353694,7.16
6.0449967,5.96
6.400066,5.82
7.2827015,8.0
6.6725817,8.3
6.5351152,5.24
6.245588,6.34
6.8103228,7.17
6.30104,7.1
6.3479395,6.57
5.9181066,6.22
6.2389755,7.89
7.2102833,7.08
6.884507,5.37
6.3385477,6.22
7.0673523,7.43
6.8300486,6.12
7.536887,8.52
7.973019,8.7
7.6846743,8.1
6.789746,6.63
6.7601867,7.38
6.7475696,6.0
7.2225847,7.6
7.10987,6.7
6.4488316,6.74
6.982804,5.68
6.1508055,4.74
6.7690654,5.44
6.3266125,6.19
6.4233136,6.95
6.9535832,7.57
6.350872,7.44
6.9831767,6.8
6.137759,7.3
6.6110277,7.7
7.4192457,7.02
6.6073203,9.52
8.287849,9.05
7.0372715,6.19
6.2521467,7.28
7.123898,6.77
6.8842406,7.16
5.642021,7.1
6.983777,6.95
6.4361672,5.82
6.8372784,6.15
7.0233965,6.72
7.08847,7.05
6.436912,7.1
7.2056828,7.49
6.961005,6.52
6.255569,7.54
5.7854533,7.15
5.711569,5.5
6.063689,6.12
6.889385,6.64
7.0952835,6.13
5.9877386,6.1
7.872903,7.38
3.7019842,4.4
4.5348134,5.37
4.329288,4.14
5.173944,5.89
8.411646,8.46
6.14487,5.1
7.998415,7.55
6.6515975,7.34
7.331809,8.92
6.117891,7.92
7.4090867,8.52
7.9883537,7.49
6.3165517,6.49
5.7703753,5.5
6.021737,6.26
7.252056,8.43
8.34862,7.48
5.886073,6.88
5.690906,3.07
7.242565,5.82
7.117827,7.25
6.059846,6.96
5.5048676,6.19
6.83239,8.0
6.823497,5.39
6.582801,8.7
6.211847,9.28
6.399485,6.39
5.2238483,4.66
7.6755433,7.66
6.8085513,5.89
5.467848,4.81
6.872159,6.1
5.0799603,8.26
7.1482697,7.64
6.238883,7.09
6.2783384,4.44
6.141548,9.02
6.401628,7.47
5.9603868,4.28
6.691153,8.05
5.6581635,2.71
7.279701,7.8
6.2574196,7.74
6.304685,7.49
6.117545,9.2
8.354764,8.15
6.3189335,6.68
5.5499983,7.8
6.9527345,4.86
6.0004907,8.28
7.0412064,6.01
5.544958,5.15
6.447016,4.82
6.1745286,5.31
5.520702,5.57
6.176988,6.83
7.2760706,7.59
7.4520726,5.27
6.3987637,5.69
7.664774,7.8
7.4573407,5.9
6.9513245,6.6
7.202643,7.7
6.518007,4.74
7.238147,6.25
5.811675,5.4
6.3206673,6.3
6.926009,7.35
6.7985797,5.54
7.30065,7.05
7.7689295,7.45
8.022377,8.15
5.938794,8.0
5.3178463,6.23
7.501099,7.01
6.8377166,7.52
6.8050566,5.9
7.0434403,7.89
7.1958303,7.09
6.229941,5.0
6.826893,6.5
6.1390357,6.3
6.871684,5.05
5.7722054,5.9
6.4752984,7.7
7.3922534,8.47
7.3022227,8.0
7.9756174,6.91
5.2121897,6.48
6.41702,6.34
7.465702,7.77
7.336006,7.32
7.0037827,6.77
5.9039917,6.46
6.8986287,5.8
6.3659883,5.7
5.385125,6.3
7.367728,6.18
7.4183717,8.04
6.3437114,5.3
7.051112,7.24
5.9778843,6.3
6.942976,9.0
8.036091,7.43
6.3751593,6.89
7.9972057,8.11
6.0236387,5.19
7.7180843,5.72
5.9200277,4.82
5.528627,4.24
5.8180914,5.87
7.45708,8.1
6.6306334,5.71
7.1313825,7.7
6.057417,7.31
7.0575953,7.46
6.389046,4.77
7.049776,7.48
6.739256,7.44
6.3595734,8.1
6.0692368,6.35
6.731814,5.38
5.901867,6.79
5.8844924,8.7
6.691728,5.85
8.149125,8.16
7.7208967,7.29
8.133449,6.67
6.9906454,7.22
7.8293424,8.09
6.480553,8.14
7.20595,6.6
7.935214,7.61
8.364928,7.45
6.553489,6.9
7.240383,8.02
7.3730903,6.11
7.1880856,7.49
7.205139,7.08
7.1805863,6.6
5.6655183,8.42
6.3065004,7.42
7.724416,7.92
6.659117,6.68
6.141897,6.4
7.4612713,8.27
7.9188557,6.39
7.6421866,7.79
6.3926425,8.04
7.067156,5.53
5.6225324,6.19
7.399659,9.07
7.1771054,7.62
7.066631,8.37
6.8735867,7.12
6.1354165,6.1
5.904608,6.07
7.1045055,5.13
8.052658,9.0
5.8573217,5.13
7.45552,7.36
6.167653,8.52
7.2695723,8.19
6.4064546,6.09
7.461178,7.13
6.9552183,8.15
6.2220697,4.16
7.8889637,7.62
6.2255898,6.22
7.0504375,6.57
7.6412416,8.35
7.233001,7.88
7.904565,6.04
7.3006325,8.11
7.4302444,8.03
7.8181953,7.03
7.56678,8.15
7.6139054,6.52
5.6822786,7.08
7.1720138,7.26
7.7855897,9.09
8.269142,7.13
7.5857058,7.06
6.8659186,7.25
8.001714,7.91
4.681944,5.59
7.3355184,9.1
7.3901525,7.41
6.490054,9.0
8.094144,7.51
6.90046,7.07
5.9498024,5.04
5.9610243,7.07
7.1681366,7.46
6.0397215,6.3
5.494734,7.28
6.8829255,6.0
7.211977,6.4
7.0135527,7.73
6.9936476,6.34
7.341501,6.83
8.045147,7.19
6.667011,8.11
7.4616246,7.31
7.8709674,9.13
7.809007,7.15
7.5162997,7.36
7.405738,7.68
7.5034466,7.39
7.1524425,6.84
6.3949914,7.57
5.7110195,7.23
6.2385077,4.9
8.1940365,7.31
5.2349806,7.85
6.217147,7.97
6.903868,6.45
8.041149,7.28
7.48736,8.54
8.3431835,8.09
7.8542013,9.27
5.7989454,6.19
7.270585,7.19
7.485921,7.33
5.326864,7.16
7.302948,4.26
5.9203157,6.74
5.779431,8.14
6.193402,6.1
5.9393783,7.52
9.053102,8.68
7.702845,6.3
7.997554,6.07
8.401025,8.09
7.101667,8.03
5.5571065,4.96
7.7164373,8.1
7.7579184,7.3
6.253829,7.0
7.681409,7.15
8.11653,8.12
8.396535,8.11
7.3534827,7.37
7.301688,8.04
7.3712125,5.03
7.5869613,8.27
5.567912,5.1
7.1284723,8.7
6.7061634,6.44
5.8386345,4.1
5.9090295,5.77
5.5452256,4.36
5.9655743,6.34
5.932359,8.99
6.1317506,8.82
6.1929836,8.17
6.219027,7.81
5.8646293,7.37
6.357202,5.22
6.4840865,6.12
7.5175924,6.12
6.2109127,6.26
6.9780703,7.87
6.149029,6.73
5.957328,6.1
6.1466103,7.0
6.7311997,5.64
5.94489,8.59
6.0993605,7.05
6.3895965,5.3
8.033634,7.96
6.581102,7.6
6.282991,7.85
5.5434723,4.99
6.361999,7.35
8.103422,6.23
5.708039,7.24
7.161356,7.03
7.709313,6.0
6.3226876,7.3
8.32165,7.26
6.020236,4.36
6.3567657,6.06
6.7537813,6.19
6.237978,5.18
6.330583,6.56
6.1990576,5.2
6.9359436,5.8
7.533036,6.82
7.043564,6.77
6.6588507,7.31
6.004135,5.2
5.5849113,4.3
6.578775,6.3
5.303927,6.39
6.602156,8.0
7.5633183,7.0
6.5515094,6.16
6.8516917,6.47
5.9000573,6.13
5.968908,6.26
5.888134,5.0
5.19234,5.85
5.9402566,5.44
6.7875633,7.55
6.732283,6.19
8.037727,4.9
6.135773,5.19
7.452679,5.4
5.81888,5.92
5.7405925,5.1
7.462906,6.6
7.2330494,9.15
6.632793,5.28
5.0595007,2.04
5.853431,5.16
7.2483172,6.35
7.67399,8.7
6.1812882,6.55
6.43599,7.19
6.793701,4.38
5.2061415,6.1
6.138535,5.1
6.0230417,5.9
5.2952647,3.9
7.500774,5.38
6.9981675,5.3
6.278187,5.82
6.7997665,6.82
6.0254617,5.8
7.2768264,5.95
6.72719,7.76
5.585058,6.7
7.6126904,7.3
6.113244,8.05
6.8079314,5.4
6.0908794,5.89
5.424412,5.9
7.4578743,8.52
7.7864122,7.85
5.8421764,6.26
6.8822317,5.0
7.082192,5.62
5.95669,6.37
5.6119885,7.77
5.8598356,6.5
5.7520604,5.47
5.9702,5.8
6.4791875,5.28
6.0939903,8.14
5.3140383,5.77
5.031889,4.0
5.8178043,5.0
6.2288465,4.32
6.1399074,6.7
5.953618,5.8
6.5293207,6.54
4.392614,3.9
6.155843,5.1
6.5250864,7.37
4.913008,7.01
7.0431747,5.66
5.891442,4.46
5.298108,6.24
5.2916613,5.89
6.131388,5.08
7.127711,4.82
5.3618197,7.1
6.450921,7.28
5.3035116,5.31
5.8996987,4.82
5.86387,5.0
6.9726505,5.11
6.8061843,8.0
6.2661157,5.88
5.2427654,4.14
4.650752,5.03
6.645387,6.39
7.0353556,6.03
5.7126513,6.11
5.3218145,3.7
9.081869,8.96
8.5135145,8.96
8.539466,8.96
8.590458,6.65
8.71714,8.96
8.806174,8.26
9.409926,7.44
8.7843075,6.07
8.603704,7.44
8.794188,8.96
6.593748,6.31
6.1930737,5.7
5.59064,5.9
7.375345,7.49
6.138855,6.04
6.7213593,7.96
5.859139,7.4
5.8946705,5.52
6.176772,5.77
5.1566153,4.58
6.3115582,4.96
7.804394,8.85
6.800144,7.7
6.4941487,5.75
6.073448,4.56
5.4674034,6.8
7.3635216,9.07
6.161012,6.08
6.992587,6.63
5.6140423,6.47
6.1231656,4.67
6.691815,6.76
6.4795775,7.38
8.028391,8.1
5.6249485,3.3
5.026795,8.0
5.250081,4.6
5.594462,5.32
5.2997203,6.54
6.0151253,5.64
5.7432184,4.95
7.104969,6.49
6.623359,7.55
6.6599026,7.0
7.541023,5.48
8.41278,5.96
8.031682,3.9
6.0639544,4.0
5.576849,4.8
7.350686,7.15
6.3967347,5.4
7.8847876,7.32
7.25839,4.84
5.7503185,6.21
6.6002417,7.0
6.902244,7.11
5.9353824,6.1
5.9913383,5.47
5.042886,5.87
7.2544274,6.22
5.7245517,7.39
7.7146955,9.06
6.774784,6.01
6.557866,6.3
7.482382,5.55
7.4691815,7.45
5.5796685,8.22
5.7676344,5.35
4.818426,3.91
6.0870056,6.54
6.498449,5.6
6.554244,6.85
7.6198263,6.19
6.207641,6.96
6.1048217,6.54
7.1220713,4.3
6.358627,5.88
6.753786,8.1
6.9717765,5.16
7.261573,6.94
7.7813506,8.15
5.5686474,5.19
7.045258,6.59
7.244018,8.52
5.8940525,7.0
7.560195,5.77
6.6481686,6.94
7.045315,7.17
5.7374125,7.37
6.0908437,6.64
5.67443,4.63
6.4232597,4.15
6.3406196,7.15
5.003621,4.12
7.133314,6.51
6.1683216,5.26
6.9801035,7.85
6.071215,6.65
5.451459,5.36
6.88377,4.7
7.115585,6.7
6.7111845,4.6
6.444448,5.26
7.695514,6.31
5.2666044,7.8
6.673361,7.52
7.6965036,8.92
6.9273567,6.24
5.756196,5.9
6.9504175,6.62
6.74434,7.8
4.952149,4.17
6.4008565,5.94
5.521086,6.2
6.629764,6.0
6.459094,5.94
5.882963,6.85
7.6543226,5.05
8.859353,6.71
8.132292,9.3
4.7404976,5.07
7.936864,8.29
6.5636296,5.54
6.5542555,5.43
6.833277,6.01
6.218084,6.44
5.745034,5.51
5.4859996,4.43
6.7024474,7.96
5.7338977,4.55
6.7088394,6.4
5.872445,6.85
5.9792986,8.1
5.9144664,4.92
8.239347,6.4
4.758981,4.92
6.9637856,9.15
8.568029,6.58
5.97308,7.11
9.76025,9.4
9.173229,8.8
5.5880394,6.96
8.59293,8.43
6.540581,7.7
6.7314954,6.76
7.3874683,5.83
4.6717024,3.97
5.851135,6.51
7.848071,6.69
3.8057487,3.75
3.4851465,6.3
6.711827,7.43
4.8840513,2.75
6.2697687,5.51
7.23062,7.82
7.055335,6.94
8.8670845,8.47
6.7596116,9.19
8.758618,6.77
5.0348606,6.06
6.7780247,9.0
6.50794,6.33
3.9519203,5.18
5.420512,5.06
6.045831,5.89
6.5619254,6.11
6.862097,7.92
6.0876513,4.46
6.4043326,3.0
8.034044,8.26
6.7856207,5.38
7.610998,7.72
6.9259167,10.7
5.1296186,4.82
5.292356,5.22
6.8449287,7.21
5.3610325,4.1
6.635596,5.57
6.832591,7.33
8.276583,8.82
4.776397,5.34
3.8766603,3.2
4.7418957,5.27
6.0933585,5.47
6.1642647,6.96
7.780225,6.51
7.312885,9.15
9.071312,9.0
8.1959505,10.4
7.4547014,7.71
6.984474,7.47
6.108602,7.01
4.0213804,3.62
7.734629,9.05
9.136708,8.55
6.5820184,7.62
5.7038994,5.78
6.7679076,8.15
6.095935,5.02
7.4734554,8.22
7.0492945,8.7
7.2689695,5.75
6.94337,3.53
4.5401173,3.46
8.529589,8.05
5.2548676,6.66
7.2239494,8.05
5.180938,6.35
7.18026,5.3
7.6069336,5.15
9.677873,8.85
6.804624,9.0
8.2878,8.14
7.1438093,9.0
6.935585,7.89
7.650392,6.68
6.6601677,8.22
7.8834267,6.29
10.086249,9.52
4.1865363,3.49
8.755831,9.47
8.6894,8.7
5.529679,6.0
5.242593,5.64
5.3506956,4.89
5.4415293,4.8
7.797626,7.55
7.870653,8.59
6.0786448,7.82
6.2826424,6.18
5.6391277,6.65
7.5683875,8.14
6.420503,4.84
6.255622,6.0
5.2292614,5.03
6.980603,5.85
5.493685,6.87
6.580877,6.88
7.884839,9.17
7.4923983,9.6
7.319969,6.64
5.047551,4.67
5.1962986,3.63
5.67919,4.72
5.302175,5.12
6.3087697,4.64
5.630141,4.96
7.155392,5.7
4.0223904,2.89
5.437405,4.88
4.7784142,4.62
5.9449563,4.25
5.698591,4.24
4.745221,4.72
5.227905,5.89
6.189401,5.92
8.001091,5.97
4.5336685,7.94
5.414863,5.23
6.206687,8.49
8.115091,4.97
5.255163,5.05
5.2987347,4.85
4.694854,5.37
5.2623425,4.74
6.1146083,5.02
5.531779,0.48
5.5196657,5.17
5.505083,5.24
5.0970135,6.78
6.286559,4.74
5.618531,4.44
4.8941307,5.4
4.7320876,4.69
5.4022813,4.77
5.290539,4.49
6.2008724,5.22
5.632216,0.22
5.298609,5.72
6.606916,4.72
6.680628,5.62
5.0325704,4.62
5.1938186,3.9
5.837556,5.57
5.5848613,6.15
6.0603766,1.82
5.233264,4.54
5.3131866,4.7
4.8822865,3.05
6.1352577,4.99
5.386321,6.2
5.591984,4.96
5.089113,3.8
5.995844,4.43
5.4938397,4.78
5.8655314,5.6
5.103368,3.76
5.3160458,4.96
4.9397902,4.8
4.3533506,4.06
5.9828005,4.92
5.2533937,5.68
6.135432,5.64
5.561335,4.52
4.055419,4.54
6.1771355,5.1
5.432946,5.01
7.4124694,6.37
5.280879,5.52
5.636429,5.24
5.256632,5.41
6.047629,6.0
4.2860794,4.85
6.2928324,7.3
4.903798,5.26
4.7081394,3.6
5.664642,4.46
4.5829124,4.22
5.182608,4.92
5.252283,6.22
5.7660036,3.62
5.733339,4.42
5.6135273,5.9
5.040547,5.08
4.455044,5.34
4.93278,4.31
5.683634,6.74
5.948096,5.16
4.798598,5.55
6.0467367,4.92
5.491206,5.59
6.176138,5.3
6.1547947,5.27
4.9492335,5.85
5.044339,4.77
5.1410875,4.25
5.6451826,4.04
5.491061,5.72
5.592556,6.25
6.0976014,5.27
5.188685,4.06
5.801303,7.42
6.3380833,5.15
5.5870957,6.21
3.6876202,4.83
5.768158,4.08
4.803939,5.82
5.797129,4.46
4.12867,4.0
6.934737,6.92
5.525568,5.52
6.9803543,5.24
5.3715773,4.52
5.240299,5.14
5.9620194,5.22
5.86384,4.02
7.0088277,5.03
6.896079,4.3
6.616118,4.18
5.2246532,5.54
5.478859,4.12
5.553266,5.47
5.6847277,6.03
4.801731,4.37
5.5998116,5.82
5.178586,5.96
5.410896,5.4
5.8784194,4.85
5.1666636,5.0
5.3158784,6.34
5.294294,4.4
5.7580624,5.94
5.526945,6.05
5.901564,5.05
5.255043,6.1
6.0142083,4.59
4.4734898,4.96
7.4126806,7.63
5.414857,5.21
7.4805565,7.97
5.825413,6.52
5.8918934,5.4
7.2375984,7.59
7.4389596,6.15
6.8645563,7.16
7.0484176,7.1
5.64343,5.1
5.043509,5.3
6.424978,6.4
5.1721225,6.1
6.0515666,5.72
4.9327073,3.96
6.4251547,8.04
6.6117344,8.17
5.4681067,5.52
4.962682,8.57
5.583768,5.72
5.8291388,6.0
5.257262,4.17
5.0438433,8.92
4.878639,4.3
6.1865683,5.7
4.303346,4.89
5.7266707,5.3
7.2903466,6.6
6.5405393,4.74
6.48081,6.51
7.4562964,7.44
7.2829447,8.48
6.589076,7.19
6.964626,6.4
6.4890513,8.56
7.135125,6.48
6.158812,5.24
6.029981,5.02
7.055391,7.4
5.243809,2.32
6.087017,8.05
6.2597094,6.17
5.744102,5.12
6.536971,6.54
4.460828,3.98
6.205069,7.15
6.362777,7.77
7.2542043,6.81
5.0520525,5.49
6.7029567,5.82
4.727584,6.0
7.0635023,7.39
5.31884,5.1
6.3274813,5.39
6.513163,6.37
5.2389507,4.6
4.831545,5.43
5.682414,5.66
5.766156,5.36
5.7793326,5.96
5.9992056,4.46
5.93295,6.07
5.488827,5.15
4.83047,7.19
4.722775,3.3
5.749589,5.92
6.3532662,4.92
5.4651847,5.15
5.2794952,5.7
4.7591877,4.85
5.5637136,4.44
5.0680594,5.84
5.179878,4.3
5.1879997,3.9
6.5530314,5.3
5.0787044,4.75
5.432873,4.64
4.9032598,4.69
5.1186543,4.44
5.9496136,4.67
5.881797,5.33
4.2569966,5.17
5.7529473,5.37
5.771724,5.3
5.502796,5.43
7.288161,6.0
8.226456,5.01
5.3266573,6.35
5.9442587,4.79
6.225791,5.54
5.667108,5.02
5.4702115,5.0
8.539372,4.71
5.8129463,4.74
6.5469003,4.64
6.2339807,6.0
5.0096636,5.51
4.4617662,3.91
5.4067183,5.01
4.800224,4.03
5.8367424,5.31
6.7806997,5.1
6.0759544,4.59
6.017433,5.88
5.3133945,5.14
5.74909,6.1
5.7732506,4.93
5.983145,4.7
5.640565,6.09
6.1279025,4.38
5.6087627,4.89
4.5278053,6.16
5.506134,7.64
5.1824837,4.72
5.263874,5.46
6.7874446,5.4
5.935501,4.37
4.659065,4.69
5.3808055,4.49
6.4311643,6.57
4.9599633,5.39
5.540263,4.64
6.5134363,5.28
6.6126356,4.63
5.270862,4.49
7.2627864,6.05
5.0774164,5.55
6.7975383,4.59
5.6532745,5.92
5.9183216,4.74
5.76476,5.97
4.8934145,4.94
5.8332725,5.26
5.4545813,5.1
5.096965,3.95
5.8324895,6.4
5.859812,5.3
5.972106,4.64
5.5771093,4.99
5.0331497,4.82
4.790248,4.57
5.5040197,5.83
5.932307,6.5
5.7674026,5.21
5.325519,5.0
6.62021,6.4
4.888011,4.29
5.8885956,5.55
5.3114395,4.92
4.9340963,5.6
6.382518,4.71
5.7471395,6.82
5.8794723,4.96
6.4672947,5.55
5.304665,5.74
6.8807707,4.72
7.034905,5.0
6.46839,5.61
4.4443083,6.22
5.967092,5.3
4.4568834,4.5
5.6858177,5.3
6.9306893,5.52
6.148788,5.33
5.7010856,5.8
5.8247285,4.82
5.2792583,5.0
6.4194903,4.55
5.808731,5.19
5.874879,7.24
4.9635725,4.46
6.3659654,4.64
4.1165967,4.55
6.6633544,6.6
5.7196364,5.4
6.181307,5.77
6.357871,4.52
6.634335,6.4
6.171573,5.66
6.4174504,7.62
5.050722,5.0
4.914046,4.92
5.826557,4.37
5.5578513,5.03
5.801873,4.85
5.939272,5.4
5.0902877,5.82
4.9500265,4.73
5.215225,5.32
4.9362693,4.7
6.301521,4.34
5.4229293,5.8
5.0912666,5.28
6.408979,5.0
5.5969043,4.92
6.3350897,5.54
7.217313,4.92
6.9061413,6.11
5.7423477,4.43
7.384701,6.96
6.9584546,5.51
7.5298405,6.89
5.8984575,4.52
4.962119,4.97
5.662213,5.65
5.9484534,5.08
5.542852,4.78
6.175866,4.96
5.334082,5.6
5.891182,5.28
5.5094957,4.57
6.168736,5.68
6.542078,4.77
4.5720496,5.05
5.273976,5.64
5.8134956,4.68
7.206883,5.6
6.7366652,5.27
5.8811054,6.05
5.2090273,8.52
5.367378,6.0
5.7745156,6.29
4.485655,4.6
5.6616554,5.41
7.272975,4.93
6.4772086,6.7
6.0270104,4.0
5.920734,5.7
6.8164206,5.52
6.457737,7.96
6.53253,4.87
5.4053154,6.27
4.7687435,5.06
5.1347904,6.52
5.4303174,4.92
5.19346,5.33
5.505999,5.22
4.728656,5.54
4.784321,6.52
5.7674036,4.0
5.588452,4.12
5.2932844,5.62
6.017882,5.3
5.6830535,5.57
6.324377,4.79
5.65141,4.12
6.393148,6.24
5.7582493,5.85
5.7227616,5.43
5.2579226,6.81
4.808429,5.19
6.0249734,6.4
4.758674,7.46
6.2672443,5.18
5.913868,4.64
6.0854583,6.05
5.803361,5.13
4.8786254,5.22
5.4517517,5.27
5.2932005,5.14
6.1361527,4.8
6.438225,5.15
6.1931977,5.08
6.9014144,5.42
6.169822,5.89
6.3674784,4.74
5.9861946,4.89
6.1025014,4.96
4.766841,4.8
6.6031833,4.89
6.45354,5.3
6.3448114,5.03
5.6121993,5.3
5.8273377,5.57
6.6080914,6.35
5.217214,4.4
5.1377006,5.6
5.957194,5.52
5.8416924,6.85
6.7094045,5.21
5.9604793,5.47
6.4086075,5.25
5.2672424,4.71
5.3182116,4.96
5.653132,5.08
6.59686,7.26
6.1626253,4.4
6.2210913,2.96
6.430442,4.98
6.533293,4.92
6.1450615,5.89
6.683117,6.0
5.390795,7.44
6.513062,7.48
7.3960023,5.77
5.996453,6.32
5.776808,4.22
6.6785073,5.64
6.43677,5.82
6.988116,4.0
7.579481,4.3
6.7778225,4.74
6.35559,6.22
6.763354,5.82
4.454084,3.15
6.7138968,6.44
5.4078407,6.24
8.082246,8.7
6.0553584,3.7
5.779052,8.0
5.438572,7.82
6.7424827,5.85
6.0622663,6.89
7.9421883,8.0
5.431837,6.77
7.473752,8.09
5.5934014,6.3
7.1479053,8.0
6.167975,4.42
5.1144443,5.55
3.6696556,4.63
8.205782,7.09
6.378128,5.68
7.0571203,6.8
6.0949817,5.35
7.6444073,7.05
5.917441,5.23
6.9749594,7.55
5.121678,5.59
6.0479174,5.43
6.433546,5.01
5.742474,5.57
4.891147,7.89
6.3182607,5.89
6.577609,6.64
5.3668966,4.25
5.518692,5.96
4.867326,5.89
5.2067933,5.39
5.2336287,5.57
5.1576295,6.02
5.971432,6.18
6.3781977,4.87
5.0273423,5.31
5.7107396,4.33
5.149723,4.28
6.852073,4.81
5.4290547,3.59
5.985264,4.46
5.977269,5.34
3.8744907,2.44
4.1865005,5.16
5.7614655,4.99
6.930433,5.89
4.2992735,4.13
7.336753,3.5
3.3723373,1.87
3.3488452,5.37
3.9148872,4.4
4.9512706,5.11
5.2088795,5.14
6.586686,6.37
4.745787,4.35
5.241143,6.92
6.8613987,6.74
5.669075,5.14
5.8027563,5.35
6.910116,8.48
6.070184,5.44
6.8127356,7.3
6.635062,6.68
6.480378,7.19
7.9980097,8.0
6.275538,6.47
7.4132533,6.44
6.341408,6.89
6.696209,3.61
6.6288643,6.9
6.92645,6.89
5.8897886,5.69
5.7192583,5.26
6.2314825,6.17
5.5469375,4.39
6.1856785,8.0
5.721921,5.43
5.529819,5.55
6.295331,4.19
7.739002,7.8
7.264581,6.09
7.3446717,4.59
5.825014,6.12
6.6946354,7.46
5.634632,5.28
4.324362,5.55
6.891963,6.16
7.255705,5.08
5.991281,7.3
6.4434304,5.96
4.689876,3.57
4.899226,4.63
6.2348104,6.0
4.815714,3.8
4.9326158,7.26
5.371983,5.68
6.184014,6.98
5.851467,6.82
6.4910164,7.57
5.601552,6.94
5.956377,7.7
6.172654,7.1
6.172707,7.17
5.158869,5.97
5.703629,6.35
5.521997,4.64
6.763301,6.8
6.537137,7.47
6.051954,5.27
6.4796457,6.3
6.0546727,7.59
7.7511806,4.07
6.624454,4.15
5.3883533,5.82
5.339126,3.77
5.8643174,4.69
7.484824,7.3
7.2425427,7.3
5.270847,6.11
6.7407804,7.91
6.625123,8.3
5.6967945,5.42
7.3889556,8.74
7.455251,6.55
6.9796557,8.52
7.1862354,8.02
8.012121,7.68
7.1283994,8.05
5.103336,5.37
7.2071266,6.26
5.176931,6.33
7.562485,8.43
6.3471246,6.89
6.8213234,6.21
4.3575563,6.08
7.049244,6.98
6.8863554,7.02
6.544239,7.42
8.150839,7.82
6.8121014,7.59
6.239965,7.31
8.214885,9.0
6.2915893,5.54
5.8817625,6.68
6.696387,6.0
6.0651813,5.0
6.7519016,6.27
8.382831,8.96
6.2513046,7.0
4.6302176,2.97
4.282146,3.8
4.9697795,5.14
3.8745947,3.78
7.2153854,6.89
7.073145,6.31
7.205712,7.96
6.2154946,8.52
6.6133733,6.74
6.5699515,6.74
6.0569015,7.46
5.6892977,7.77
6.324795,7.3
6.4968643,6.47
7.083192,7.64
7.098831,7.68
5.70725,7.59
5.806335,7.29
6.3494487,8.22
6.292387,6.17
5.538598,6.06
6.7976546,7.82
6.276504,8.72
7.0119905,7.55
6.869302,6.42
6.088275,4.91
3.6218286,6.96
7.913909,8.05
7.260278,6.52
5.467241,5.3
5.9906483,5.14
5.57742,5.42
7.9342995,4.42
7.469234,7.82
6.3365126,5.92
5.4436026,5.23
6.1958537,5.01
7.416239,8.66
6.410591,5.64
6.2584167,5.04
6.6394753,4.28
6.3711,6.02
6.1327424,6.19
6.748942,5.43
6.964794,4.06
5.030143,4.7
5.988711,6.51
5.7194543,4.85
5.9594765,8.4
4.6853247,4.0
6.520928,7.02
5.9039135,6.0
7.127297,8.74
8.007566,7.08
7.531107,7.49
7.477041,7.21
7.0403957,7.13
7.1027484,6.25
5.934074,5.32
6.198957,7.05
5.367924,4.82
7.156053,7.48
7.762867,6.62
7.544615,7.16
7.5279174,7.09
7.1828938,8.1
7.117443,8.1
7.5246425,8.08
6.9302654,6.0
6.308665,6.49
7.191114,2.03
4.81124,6.16
5.043317,6.52
6.9256425,7.49
7.290709,6.92
5.983935,7.33
7.8442745,4.84
6.178549,6.37
8.025858,7.23
7.2177773,5.1
6.713939,6.03
6.639101,7.37
5.7146363,5.01
9.2053795,9.68
6.283791,6.03
6.210764,5.9
6.9278646,7.3
7.796666,8.0
6.7817464,6.79
6.371887,6.85
6.675161,6.99
7.519087,7.22
6.634349,6.96
7.0117126,6.21
7.1886,6.7
7.2599273,7.4
6.327068,5.8
6.522919,7.36
7.008317,6.59
6.7801194,6.0
6.8890924,6.82
6.1622205,7.74
6.745134,5.28
8.089364,8.8
6.3580565,5.82
6.7892346,6.1
5.9307327,6.72
7.7733297,7.85
6.7585397,7.03
6.527228,5.81
7.2411866,7.74
7.255285,6.52
7.4031286,6.49
6.640958,6.28
6.4772325,7.3
6.7595687,6.7
7.0492015,5.57
6.3022723,6.92
6.692473,6.9
6.7493596,6.04
6.870874,9.3
5.9765677,5.96
6.950889,6.88
6.5496635,5.56
6.2790036,4.88
5.071188,4.52
6.319071,5.28
7.73873,7.6
7.1645484,5.55
7.7768126,13.3
7.8446956,4.59
5.250802,3.31
3.8965416,4.55
5.4169903,4.05
5.2823715,6.4
5.495586,5.72
8.248527,8.34
7.407279,7.6
7.377891,6.34
6.233184,6.25
7.159365,8.26
6.5631466,6.2
5.8620005,5.15
5.2071953,4.77
6.9991994,5.4
5.5988307,6.22
6.129181,7.4
5.38768,4.0
5.9127107,8.8
6.9700804,5.25
4.949293,4.92
6.184969,7.7
5.6835847,4.85
6.285568,5.19
6.070754,6.77
5.9487205,7.24
5.6237826,6.77
5.8926272,6.6
6.4411135,6.02
6.5093822,6.0
5.9171295,5.48
6.3857636,6.16
6.0834618,5.18
5.4650574,6.85
7.703879,6.0
6.823591,5.57
6.537992,6.44
4.638654,7.22
5.689241,6.15
3.9241004,6.48
5.2497406,5.23
6.74622,7.52
6.3059945,4.46
6.0509896,6.56
5.8753304,5.47
5.9754133,5.55
5.9863687,7.38
7.508255,6.0
6.714479,6.51
6.7614746,6.8
5.995213,6.37
7.049146,5.35
7.19132,5.55
7.6473227,7.49
7.088009,5.42
5.957044,5.55
7.2026997,5.71
6.283985,7.15
7.3192863,5.7
6.4215536,5.31
5.3385835,6.62
5.8764567,5.2
6.937983,6.16
6.943896,6.26
6.586378,4.94
6.4835935,4.51
7.3462563,7.21
5.970169,6.72
6.4401827,7.54
5.157755,8.92
6.2282405,5.92
6.1368837,6.1
6.1137357,6.4
6.684363,7.3
5.902017,5.35
5.846375,8.02
5.335996,4.89
7.189312,7.52
4.933006,5.6
6.368261,7.55
5.81027,7.12
6.756901,7.92
6.0122423,6.4
5.101316,4.55
4.4508553,6.42
5.880765,5.5
5.9931602,7.24
7.478445,7.72
5.663372,6.1
5.8485527,8.3
6.015638,7.92
6.452811,7.59
7.541428,8.06
5.8353357,6.4
6.229769,6.9
7.87406,5.73
6.7605667,7.3
5.867291,6.44
6.094011,6.96
5.5497303,4.7
5.265583,4.7
5.94459,6.3
5.472587,6.0
7.62047,7.3
6.3440366,6.15
6.4274,7.0
7.0293045,7.4
5.9512067,5.44
6.7242246,5.25
6.012716,8.52
6.2836137,5.29
4.9350934,6.08
5.6204343,6.64
7.234632,8.44
6.6861906,7.17
8.467211,8.11
7.9278603,8.21
6.629807,6.62
6.8171215,6.79
6.994267,5.3
6.8235755,4.95
7.481272,7.39
7.3315864,7.06
7.4028625,8.3
7.315916,7.56
5.2261705,6.51
7.488039,8.06
8.058938,7.32
7.2837663,7.24
6.0427933,4.04
6.469654,6.46
7.8139377,8.05
8.169206,6.91
8.289533,8.33
6.2856207,6.54
7.1087847,4.5
7.302876,6.56
6.415236,7.02
7.507927,7.02
7.6302257,6.03
4.7913094,3.07
8.65234,7.42
7.321745,6.94
6.6836867,7.43
6.728249,8.19
7.311814,6.75
7.837221,6.55
7.561595,7.82
5.763882,4.31
6.7485776,7.01
7.3489647,8.22
6.6658487,8.01
8.488359,5.77
7.546241,6.76
7.095471,7.71
6.034174,4.67
7.152025,8.15
7.7134457,8.2
7.1287394,6.34
7.642168,8.19
7.9649777,6.64
8.079933,7.55
7.751358,7.6
6.8897448,4.76
7.446233,7.59
6.992809,7.4
6.687097,6.06
7.462761,8.89
7.0890574,6.92
7.7453775,7.22
7.7419834,7.09
7.444834,7.12
6.973817,6.79
6.14689,7.49
7.3772316,8.08
6.0748506,5.7
7.071124,6.14
7.704173,8.03
7.4487424,8.0
6.5622807,7.27
7.201041,6.32
6.3293114,7.33
6.3959312,6.81
7.5315065,8.14
7.720559,8.38
6.794352,7.23
7.3555117,6.63
8.37079,5.68
7.5048423,7.43
5.652526,6.71
6.193887,5.91
7.7501254,7.27
7.4204183,8.11
7.532819,5.88
5.8049097,4.76
7.3256054,7.48
6.0279074,8.3
7.5216007,8.15
7.6065674,7.8
6.6743894,7.33
7.383184,6.46
6.1289086,4.07
7.6900353,8.26
6.6839056,6.38
7.380323,6.36
7.3169975,6.76
6.2780476,5.8
7.2357736,6.96
7.13225,7.07
7.767903,7.07
6.5166116,7.34
5.7032623,7.89
7.459075,7.12
6.977533,5.81
7.3734727,7.46
6.6814337,5.13
6.884629,7.58
6.7775345,6.87
5.904711,7.49
7.101313,6.74
7.0698147,5.6
8.11586,7.35
7.282334,5.56
8.027641,7.46
6.3196692,8.92
5.70922,6.08
6.2488704,4.82
7.3741302,5.18
6.981946,6.2
5.787424,4.43
7.341804,5.83
8.245221,7.3
6.2174053,4.68
7.8807173,7.29
6.5903664,6.87
7.838048,7.57
7.4089084,7.24
6.772075,7.08
5.997856,5.52
5.779314,8.12
5.524058,7.24
7.2524776,6.5
8.012686,8.52
7.2072535,6.88
7.783079,7.75
7.0906053,7.36
6.283386,5.23
7.346912,8.05
5.7965965,7.2
7.1743855,6.82
6.414085,6.56
5.5747843,7.14
7.751981,7.52
6.010163,6.47
7.842168,7.62
6.7215014,6.04
6.0867014,5.37
7.477024,8.51
6.162951,6.25
6.647834,5.06
7.0729303,6.17
7.1191244,8.62
6.935025,6.59
7.3213196,7.4
7.403426,7.27
6.934273,7.14
6.908882,7.0
7.342756,8.21
7.2890043,6.35
6.724515,7.2
8.200063,9.15
7.5451055,8.11
6.836298,7.77
5.021185,7.57
6.025756,6.06
7.366374,8.32
5.137019,5.52
8.405526,8.67
7.908901,9.74
5.9898834,8.52
6.662494,8.52
6.8996067,5.55
6.395874,7.3
6.697691,8.27
7.937918,7.96
7.187604,6.2
5.692931,3.8
6.20611,5.89
6.4743485,7.3
5.5559626,5.34
4.90274,3.65
5.3826265,5.35
5.5622935,5.82
6.0061088,5.52
5.153985,2.29
4.7529397,6.14
5.364527,6.68
5.088112,5.05
5.423209,4.27
4.713315,4.3
4.826099,4.44
5.805362,5.38
5.391584,5.38
5.543885,4.62
4.9523125,4.89
5.2885194,4.4
5.661938,5.6
5.145105,6.59
6.0944076,6.96
5.37223,5.07
4.7380815,5.04
5.1162024,4.8
5.696792,4.27
4.8738794,5.68
5.190619,3.75
5.3616076,4.92
5.7285767,5.52
5.4417953,5.2
5.0442305,5.03
5.033954,4.72
5.499279,4.64
5.629754,5.16
5.1819572,4.55
5.3628664,5.89
5.509037,4.8
5.1702414,5.19
4.770525,4.92
5.274128,4.7
5.4023232,5.52
5.167544,4.46
6.0482717,5.52
5.8932962,4.89
7.0762362,5.23
9.190418,4.7
6.52732,7.04
4.326639,5.06
5.5585766,4.13
7.2588377,5.2
5.691048,6.15
6.1898737,6.37
5.3378205,5.44
6.8014464,5.27
5.8266664,7.6
6.205874,7.52
5.445178,5.66
6.557545,6.6
6.0061064,5.6
7.49485,8.22
6.954103,8.4
6.1465883,6.6
7.083828,5.14
5.8326445,8.0
6.189802,7.86
6.5712914,7.43
6.604832,6.66
6.10802,6.4
6.9679704,5.36
7.0615554,5.5
6.4687753,5.5
5.689194,5.8
5.5212593,5.79
6.374036,6.94
5.6633406,8.15
7.7048674,6.36
6.887393,5.33
7.9226675,6.35
6.0429,4.67
6.0454583,4.46
5.4949636,4.69
6.317026,6.54
7.138242,5.22
5.6902714,5.64
5.532186,4.51
7.6503057,8.72
5.398448,8.25
5.455244,3.84
8.715414,8.08
5.5006666,6.2
8.108077,7.3
6.7223325,6.0
6.5646358,5.47
7.348517,7.26
4.7732787,7.52
8.5688925,6.48
6.189737,7.11
6.4595623,6.74
8.168167,8.29
6.1498394,8.1
7.940702,8.3
8.563882,8.1
7.307235,5.74
8.20602,8.46
6.209529,6.33
4.113719,7.22
6.4865174,6.43
7.5621233,7.12
7.8657894,6.3
6.3456984,7.37
6.9243608,7.03
8.489174,9.7
8.720492,7.52
8.206986,8.84
9.825151,9.2
6.5930934,5.49
8.560696,8.37
6.528446,8.36
7.743741,7.89
6.906452,4.27
5.296012,8.55
6.18909,7.3
6.3386025,5.8
7.0040736,7.07
5.9422503,8.62
6.011033,4.55
7.909742,7.21
6.593961,7.39
6.640945,6.05
6.8605685,5.8
7.113731,7.19
6.255923,5.96
7.281529,6.68
6.5189962,7.6
8.325062,6.79
6.4935813,5.66
7.781416,9.3
6.5324225,5.3
7.962853,7.89
7.0713286,7.02
5.97855,6.2
7.095088,7.95
6.898536,6.66
7.4930706,8.09
6.701364,6.35
7.199789,7.2
7.806679,5.13
6.5234575,6.14
6.6017194,6.24
6.944695,8.17
6.1738405,6.63
8.677486,8.97
7.9843817,7.51
6.849906,7.52
7.4909644,8.68
6.4453855,6.08
7.5503173,8.44
8.839959,7.92
7.0444613,7.2
6.030987,5.26
6.8284287,9.24
6.69544,6.7
6.121345,7.25
6.4619756,5.01
6.844698,6.14
7.0868545,5.58
6.1690683,5.26
6.688475,7.3
7.720841,7.72
6.7451153,6.18
6.4531875,6.19
6.432561,6.3
7.5161037,8.52
7.1999235,7.18
7.3585496,6.82
6.9470997,7.88
6.269065,6.09
6.475055,7.57
6.330359,6.14
6.3111506,7.76
6.1051826,7.6
5.9497023,5.68
8.312756,9.49
6.984048,7.38
5.817142,5.89
6.793229,6.28
5.3853507,4.3
6.970994,6.87
5.960122,6.55
7.0327525,6.71
6.7716513,6.85
6.2572346,6.13
5.954131,8.49
8.166282,7.23
7.035748,7.34
6.683173,7.35
7.410817,8.0
8.050231,7.77
6.6905246,5.9
6.6057396,7.62
5.9452333,6.0
6.3005853,6.47
7.1099143,7.84
6.0916934,5.03
7.738901,8.21
6.367172,7.05
7.4736266,7.66
6.881748,6.93
6.1113305,6.23
6.8655434,6.92
6.9990406,7.8
6.435492,5.48
6.5306563,6.4
5.7437816,6.72
6.408315,4.66
6.4802065,5.51
6.5173616,7.16
6.008305,6.82
5.922162,4.19
6.702859,5.21
7.4666862,8.1
5.731173,3.5
6.154253,6.69
7.2916546,6.67
8.122013,6.31
5.5431666,4.51
6.146191,5.42
5.798808,5.38
5.07255,4.77
5.5586357,5.35
5.7449718,5.84
5.9727154,3.74
5.239137,5.02
6.2721286,4.74
6.759115,8.4
5.0610666,6.14
6.535306,5.18
7.1616664,7.54
6.634236,8.14
6.3606386,6.76
6.3029923,5.57
5.1350574,6.79
4.573777,5.78
5.7089977,5.46
6.223625,7.46
6.7370777,6.63
5.2292876,5.03
7.2348347,8.0
5.3786764,6.29
5.857035,6.63
7.8332186,8.62
7.099477,5.28
8.017353,5.92
5.8027153,6.62
6.045451,5.15
6.46183,6.41
4.959809,5.18
7.273948,7.82
5.6703377,6.14
6.531695,6.7
6.8220572,6.4
6.142437,5.9
7.5673375,9.85
6.902936,6.03
7.4251895,8.2
8.323272,8.82
7.006868,6.53
6.510341,8.4
7.7666636,5.0
6.294733,6.62
6.0030413,6.93
7.1667495,7.15
7.302204,4.46
7.436473,7.0
9.010868,9.7
6.9386826,6.41
7.6530933,5.35
6.7968984,7.29
6.8283906,7.3
6.5669847,7.89
5.5576367,4.7
9.283291,9.22
7.159223,6.4
7.298018,8.0
7.0310163,6.43
6.374732,7.11
6.794136,5.27
6.931663,6.7
5.2121453,6.27
7.571073,4.51
6.4339643,7.8
6.4256206,7.57
7.4158607,6.2
7.933998,5.52
7.1975007,6.8
5.701025,7.08
8.157842,6.51
7.0314856,6.07
6.142484,6.85
7.0352545,6.27
5.8870935,6.61
8.118267,8.15
7.3699846,6.7
6.5066423,5.57
6.713358,9.15
7.1438284,6.92
6.2622437,5.82
6.687019,5.77
7.2936583,7.18
8.345589,9.0
7.1296334,6.3
7.0194855,7.15
5.7040887,5.46
6.359367,10.0
7.2395406,7.92
7.2577353,7.21
5.9498134,6.33
8.171577,7.55
8.009033,8.28
6.892498,7.66
7.034698,7.91
7.6301646,7.3
6.310998,6.4
6.2242513,6.9
5.3247485,6.66
7.7031217,8.7
8.039611,7.95
6.9693413,7.63
5.9408593,7.72
6.7483478,4.7
7.4214354,8.52
6.373102,7.74
7.1811543,8.62
6.888445,6.18
5.996494,5.47
7.5027575,8.11
7.216665,9.0
6.7008862,7.96
6.216605,6.17
6.898488,7.1
7.4460735,6.89
5.362816,5.6
6.1763334,6.54
7.8050194,6.41
8.058614,7.01
6.4396515,5.41
6.8439403,5.89
6.3218913,6.84
4.754033,4.89
6.2976847,6.18
6.0492325,5.48
5.202306,5.4
5.703466,6.92
5.752203,6.07
5.0067625,5.03
6.861263,8.82
5.870476,3.54
5.5482216,6.37
8.099826,8.8
6.4745216,5.14
8.068628,8.3
5.8781805,5.9
7.00232,4.59
6.841346,8.06
6.1224895,6.0
7.40536,7.62
8.259407,8.59
7.1765585,9.0
5.5370083,5.28
5.8797164,4.91
7.207576,5.46
7.7608924,8.72
7.4108486,8.25
6.5223026,8.42
7.973306,7.65
6.171803,5.1
6.206282,8.51
7.7277756,8.28
5.9501104,5.7
6.8332176,6.34
7.077056,7.3
5.1579323,5.4
6.669125,8.7
7.598778,8.52
7.193469,7.77
6.8248143,7.63
6.844028,8.69
6.374658,7.1
6.5922847,5.18
6.611614,7.37
6.233267,6.82
7.728135,8.18
5.64602,6.6
7.6737432,7.31
6.6345367,7.8
7.7102413,7.79
6.5571527,7.61
6.2693634,7.66
7.1158514,7.12
5.862443,8.51
6.5833955,8.48
7.6025705,7.46
6.826172,7.76
6.784124,7.38
7.4643025,7.66
5.8942533,5.59
7.263102,8.22
6.578538,7.07
6.8419147,6.4
7.71682,7.77
7.131352,6.75
6.1565847,7.32
7.865345,7.4
7.106654,8.15
7.722934,8.44
6.836249,5.27
6.4893007,5.96
7.9289894,8.12
7.636601,7.8
8.241867,8.41
6.328235,5.43
7.245173,6.4
6.6400566,6.74
7.3383427,7.7
8.2188225,9.0
8.583824,8.36
5.468836,5.0
8.539984,7.38
7.641448,6.37
7.1602325,6.85
6.6308146,6.96
6.1768017,6.9
8.910006,6.92
7.917044,7.61
6.7814164,9.7
7.6520686,8.28
7.4453588,7.25
7.6579604,8.4
7.078558,6.61
7.720354,7.87
6.480752,6.96
7.052435,5.52
7.633575,7.45
8.080034,8.17
5.563505,5.46
4.849876,5.96
6.1359553,7.09
7.8041806,8.08
6.7459345,6.13
7.316086,8.4
7.2114453,8.52
5.652091,4.75
6.734491,6.2
7.675804,7.71
5.902177,4.5
6.538286,8.29
7.621158,7.35
7.2458477,6.6
8.811106,8.47
7.2133822,6.62
6.9942155,9.1
7.595786,7.38
7.5932894,7.41
6.871897,8.15
6.053442,6.68
6.3186526,5.22
7.3051157,7.79
7.331387,6.34
6.896799,8.36
6.3452125,6.82
7.7367697,8.7
7.9410286,8.3
4.694639,6.66
5.438995,5.46
5.9141736,5.42
5.397395,3.94
5.359011,5.18
4.933102,4.42
5.5747557,5.74
3.779871,4.24
7.2462025,4.12
5.4009676,3.49
7.0408077,6.28
6.5793085,6.39
6.0715156,6.04
6.9797564,5.51
6.0492096,7.18
5.814361,7.17
6.2174478,4.21
8.55757,7.53
6.071721,5.01
7.801526,7.96
6.1714406,5.32
6.533081,7.05
6.292813,6.07
7.053798,6.43
6.2817726,5.13
6.544261,7.2
8.092542,5.27
6.7802095,6.03
7.1325545,8.62
6.498165,6.82
6.8670425,5.65
6.9853625,6.94
6.8635216,5.82
6.611443,5.17
6.709786,6.89
5.997709,4.62
6.559256,5.54
6.243695,8.19
7.435768,5.21
5.3546867,5.74
4.588523,5.32
6.78659,8.77
6.15351,5.47
4.7667747,4.19
6.4925723,5.53
6.9164023,7.32
7.287967,6.52
6.7042937,6.07
5.643596,5.33
6.106337,5.25
7.727367,7.15
6.923064,8.14
7.0570307,7.51
6.2429404,3.67
6.2626276,5.41
6.352739,6.26
6.1203256,7.51
5.906768,5.33
8.081533,8.74
7.4315886,6.3
8.109908,7.46
7.9212637,7.7
7.717186,8.62
7.7486315,7.7
7.8623686,8.7
7.950323,8.7
8.555108,6.74
6.33713,5.52
5.164166,5.46
5.708246,7.37
5.7914443,7.82
6.834814,6.1
5.0538297,5.2
7.150409,8.52
5.437314,6.07
7.294638,8.7
5.4763827,5.92
8.103708,4.43
5.782486,5.07
5.6124215,3.04
6.268497,7.43
6.812944,6.14
6.169182,6.81
5.498595,7.6
5.295577,6.82
8.060604,6.36
6.377157,5.24
6.281479,5.96
5.9091005,3.25
4.982193,4.51
6.001305,6.69
6.189048,6.22
6.95417,5.58
7.558589,6.45
6.6344786,6.07
6.3889003,5.96
6.7141438,8.05
6.6909685,7.1
6.6395063,5.74
5.725753,6.54
6.1998577,6.27
5.9391446,7.01
7.907683,6.51
8.799804,7.49
6.1844287,7.46
6.55501,5.08
8.026862,8.17
6.273245,7.54
5.71988,5.74
7.93606,8.09
5.6918106,6.66
7.565044,8.52
6.9849877,6.71
7.369952,6.64
6.3293333,7.12
5.061195,7.79
5.7223783,6.22
8.738672,7.06
7.634904,8.36
6.9066725,6.26
7.2701283,4.85
7.54033,5.24
6.309224,6.25
6.4032574,8.1
6.596055,6.66
6.9028535,7.09
5.740798,4.18
7.0997105,9.0
7.09893,8.1
7.49193,8.4
4.7723,7.01
7.94241,8.52
6.1766777,7.0
5.87108,7.0
6.5862455,8.0
6.0363994,5.41
5.789803,6.48
10.170108,8.61
5.741587,8.89
6.922529,6.55
7.9897714,7.64
9.24066,8.12
5.682762,5.03
5.777123,7.21
7.369688,5.06
4.284112,3.38
4.0761194,4.27
6.281596,6.43
6.6638117,5.66
7.7720113,7.9
7.362954,8.15
6.9352036,5.52
8.1526985,8.3
6.7047777,7.11
7.881684,8.36
6.844834,8.17
7.819646,7.96
8.072077,8.46
7.635711,8.0
7.775927,6.49
7.459672,5.62
6.4365096,5.84
5.9775047,9.7
7.468877,7.68
4.7761416,5.82
6.619854,5.6
7.2765083,7.56
5.8330007,6.24
6.3274035,6.84
6.1416354,5.7
7.666976,5.66
5.783379,5.52
7.5162296,8.25
7.0659394,6.49
8.088144,8.19
6.0935173,6.19
5.62395,6.2
8.888421,8.92
5.9939985,6.2
5.3160777,5.3
6.0704165,5.62
6.1705995,5.65
6.799327,6.28
9.177047,8.89
6.95098,5.25
7.509354,9.0
8.725542,8.1
6.543797,6.42
5.8054557,5.19
7.0119963,6.82
6.4479823,7.25
7.2203107,5.57
7.553633,7.83
6.2213836,5.44
8.422855,8.8
6.2937174,6.33
8.082421,8.42
5.823304,4.52
6.489254,5.44
8.47169,8.68
8.317947,8.23
6.0381403,7.07
6.8957825,6.85
5.9266663,7.41
7.3427224,8.4
8.783155,8.55
6.598855,6.19
6.660897,5.5
5.3800087,6.0
6.8749695,7.64
6.9521346,6.1
6.434983,6.16
7.972995,7.2
7.639637,8.1
7.1722455,7.77
5.186697,6.4
6.6600084,5.0
6.9832134,7.01
5.0278425,6.78
6.3842664,5.27
6.7343626,4.75
7.5656524,7.4
7.0691586,8.01
6.4851117,5.0
5.2973533,4.89
6.1546674,4.25
5.844916,6.0
6.8496428,6.32
6.272846,6.0
6.1481924,7.9
5.3279905,6.2
6.335871,8.37
6.8567524,7.89
6.887481,6.74
7.4819393,8.82
8.580887,8.82
7.962213,8.2
6.426775,6.8
5.7842197,6.3
8.372373,8.44
6.406351,6.0
7.7786603,6.27
7.184726,6.67
6.8525825,6.1
6.232114,5.66
7.2156587,7.6
5.9625335,6.28
7.7752075,8.41
6.434114,4.75
8.147768,8.96
7.069033,6.31
6.851999,5.22
6.3134627,6.35
4.4659204,5.09
5.3197966,5.83
6.416476,4.54
8.476751,7.54
7.794773,9.0
7.5224543,8.92
6.2348523,6.84
6.272551,8.6
8.301638,9.29
6.9436083,5.28
7.950174,5.9
6.6548395,9.19
9.091122,8.33
6.2649207,6.9
9.162554,10.96
8.404727,7.89
5.8159595,6.81
7.6805453,7.0
7.8036556,8.16
8.281915,8.8
7.6574554,9.17
9.54829,10.41
7.049125,7.27
6.4379487,4.88
5.4738183,6.0
4.9333005,9.52
6.0381727,7.2
6.681993,7.54
6.4136777,5.32
6.7175965,6.87
6.394122,7.54
5.9860682,5.73
6.7960215,6.87
7.3793917,6.55
5.7201076,7.99
6.234525,5.49
7.6264563,6.66
5.688235,4.92
6.6924176,5.63
6.9815583,7.05
7.5401287,5.86
6.6605806,8.72
6.6296115,5.82
6.53401,5.1
7.7643733,6.19
6.4811954,6.3
6.343182,6.66
5.837403,6.92
7.5189905,7.15
5.961763,6.95
6.568887,6.29
6.179434,6.14
7.230705,6.64
6.297669,6.9
7.4852333,6.68
6.9038873,6.92
7.0504303,7.0
6.2227726,7.56
7.3665133,6.72
6.760004,7.22
6.861995,6.59
6.733566,5.95
5.7922945,6.29
6.5530353,6.4
5.578476,5.24
5.8285713,5.65
6.678887,6.53
6.047861,6.8
6.231785,6.54
5.9325714,5.67
6.998244,7.19
5.4916344,5.52
7.735439,6.38
5.6999846,5.4
6.994709,6.05
6.7512407,6.4
5.797729,6.59
6.721278,5.6
6.6209526,5.59
6.812699,6.85
6.0082717,7.37
6.0480366,6.97
6.9117293,5.85
5.648014,7.32
8.065272,7.96
7.5064774,5.66
6.8922305,7.7
6.6469445,6.38
5.979905,6.79
6.8714595,6.39
7.177924,5.7
7.755571,6.55
6.055142,5.92
5.8339186,7.36
6.033292,6.8
6.3674326,6.7
5.2040434,6.0
5.580767,6.2
7.1158867,6.37
5.5861545,4.3
7.1712985,7.89
6.0827193,6.07
8.29081,8.25
5.918119,7.08
7.236901,8.15
7.300903,6.39
6.289503,6.3
6.56252,6.1
5.318323,4.4
6.0939255,5.49
6.4433227,5.02
6.5646253,5.4
6.743801,6.41
7.6284795,5.74
6.382598,7.1
7.6624556,7.2
5.6386447,8.0
5.7009,7.24
5.80751,5.15
6.495981,5.1
6.729787,5.39
5.612759,4.5
6.390737,5.7
6.2763505,5.8
5.9156547,6.6
7.3172255,5.1
4.807532,5.8
7.539337,7.68
7.5499344,5.6
5.3220463,4.37
7.334271,6.84
5.8051476,5.73
5.183261,5.5
7.372392,5.8
6.8745956,7.7
5.081818,5.15
4.938719,4.96
7.6283712,5.28
5.5748463,7.92
7.586429,5.89
6.9938445,8.48
5.1036024,3.71
5.777706,6.29
7.383105,7.33
6.646109,6.2
6.495624,7.82
5.143895,4.53
6.65613,8.2
6.126641,6.89
5.7746954,7.17
7.4228134,4.89
6.885243,8.14
6.9920993,7.61
6.175871,6.64
6.8782115,5.2
6.732318,5.52
7.807418,3.12
5.779995,5.0
7.1256585,5.49
7.346256,9.48
4.714406,4.5
6.830835,5.72
6.7110333,8.22
6.6886497,4.64
7.9004087,7.05
6.8883333,7.2
6.2632027,4.8
5.62346,5.76
7.2523813,8.7
7.3784094,7.26
5.8147783,4.8
6.924316,4.6
6.0411315,7.41
6.5249095,6.06
5.8272133,7.36
6.686699,5.55
7.7341723,8.77
5.938366,5.6
7.1712084,8.8
6.428705,8.0
6.713562,5.85
6.4071894,6.52
6.2282815,5.3
6.6630855,4.77
6.124973,4.64
7.819037,6.76
5.9385695,6.5
6.389078,10.62
6.68361,10.59
7.7122626,8.4
6.7471,5.02
6.78222,8.22
8.722294,8.47
6.646964,4.75
5.812771,5.89
8.465798,9.47
5.4648576,8.22
6.2444434,6.25
8.491432,8.59
7.9749894,7.16
7.357938,5.27
8.444439,9.46
8.054328,9.19
8.26101,8.62
7.5968223,8.4
7.184054,9.33
8.002699,8.85
7.668289,8.07
6.56198,6.84
6.782258,8.05
6.5128055,7.54
7.5804896,7.44
6.56997,5.44
7.363511,7.42
5.7123146,6.3
5.851219,5.07
6.912497,7.11
6.360965,7.6
6.5107555,6.37
5.948715,5.41
6.7723455,7.66
6.84933,7.51
7.299085,7.48
5.0391464,5.42
6.2970366,6.9
6.417622,7.68
6.4048853,7.52
5.5561557,6.81
5.291647,6.14
7.029471,7.29
6.5102406,6.74
7.29264,7.55
4.8409877,3.72
5.4328537,5.62
5.5347743,4.85
5.4675136,3.26
5.3439546,5.46
6.0261316,6.89
7.6278276,6.2
5.6319456,4.78
4.8243737,5.86
4.9192014,4.75
5.4877596,4.65
4.921133,4.18
6.5634217,5.34
7.6064415,7.0
5.6551085,5.33
5.1149874,5.2
6.347561,5.54
5.4940195,4.82
7.366189,8.33
6.280188,5.17
3.949494,5.07
6.483736,4.93
5.747653,5.56
5.153241,4.65
5.3720536,5.02
6.7280407,4.83
6.186304,5.18
6.6316113,4.49
5.8711696,4.64
5.365969,4.91
7.5135183,7.89
6.260231,8.47
7.059161,6.68
4.966019,5.06
6.7981396,5.85
7.479468,7.36
6.8238816,7.55
7.700268,7.28
8.387152,6.85
7.165764,7.47
6.6099443,10.24
8.159836,8.6
7.655498,6.41
8.233038,8.82
6.3770647,8.77
6.539769,7.05
6.4791675,6.0
6.4236197,7.0
5.9641833,6.9
5.753789,6.15
6.6135077,4.35
6.9811583,5.02
6.35526,7.14
6.7324243,6.72
7.344204,6.2
5.1576405,5.78
5.1268682,5.52
4.9123063,5.5
5.991778,6.39
6.6797023,6.64
7.439496,8.4
7.189027,5.81
6.90087,7.85
5.7767425,6.37
6.6491976,6.64
7.1026907,7.85
6.294403,5.9
5.459214,5.79
4.794387,5.62
6.91466,6.05
6.158639,6.23
6.2017055,5.4
6.1466255,5.2
5.707255,6.3
6.7011156,5.98
6.4775963,7.19
6.5984592,5.92
5.805463,5.8
6.177614,5.3
5.680651,6.24
3.0830448,2.42
6.990714,8.3
7.1860113,5.51
7.5711784,7.0
3.9246378,2.52
7.059769,8.05
5.744519,6.85
5.937149,7.17
6.266701,6.74
6.4899173,7.54
6.664794,7.3
5.954067,4.17
5.999024,6.33
6.5261717,6.92
6.2407527,7.01
7.9497895,10.4
5.4187346,4.85
6.9775424,7.05
6.0068617,6.46
6.1066303,5.0
5.741131,5.13
6.838679,6.68
5.938684,6.1
5.581977,5.64
4.69805,5.8
7.1392565,7.68
6.3373356,5.51
6.036343,6.1
6.9184265,6.26
6.768308,8.3
6.741577,6.9
7.2105265,6.57
7.347983,7.51
6.097997,8.7
6.929841,6.6
6.525357,6.27
7.021963,5.67
6.821619,6.7
6.489763,7.96
6.446985,7.35
5.8258877,6.88
7.651513,8.7
6.5779796,7.59
7.0976377,7.91
6.8692346,7.6
5.942956,6.02
7.9197264,6.63
7.2696233,6.64
6.7089877,6.26
6.249801,6.32
6.466173,8.03
7.6485586,5.47
6.286261,6.4
7.0036445,6.43
6.5755906,8.0
8.607761,8.1
7.694529,6.63
6.3773885,6.72
7.8953166,8.82
7.261095,7.03
6.089417,7.24
7.4801755,5.91
7.7797723,8.4
7.228846,6.37
6.713703,7.39
8.897619,8.33
6.381408,8.0
7.8612547,8.4
6.364728,8.05
7.4353237,6.6
7.1101875,7.41
6.653867,6.11
5.669051,8.4
6.271636,6.58
7.227794,8.15
7.310991,7.66
7.04255,6.78
5.616385,6.0
6.8270087,7.04
7.0073233,7.08
7.767123,7.3
6.618704,6.15
5.4561315,5.17
5.945767,5.22
5.2082376,5.7
5.041325,2.6
7.0223327,6.05
6.809552,5.8
5.7057242,7.38
6.431429,8.4
7.280222,8.44
6.2888556,6.77
7.3016915,8.04
6.7420073,5.64
5.3924556,6.2
6.485015,7.89
6.9982347,6.08
6.420029,7.12
7.064085,6.6
7.292882,10.0
7.233316,7.06
6.853461,6.15
7.6855354,7.24
6.1741867,6.68
6.7849493,6.64
7.068352,8.15
5.7636137,5.8
6.8692904,6.5
6.5836825,6.8
6.977988,6.72
6.998598,5.51
6.379589,8.89
8.682037,9.17
8.368868,8.55
7.6112814,7.85
7.060947,9.19
7.073119,7.8
6.5767007,5.85
5.787723,5.35
8.024741,6.43
6.4507976,5.05
7.5125937,6.35
5.0487795,6.03
5.8671184,5.82
6.436967,6.21
6.0741353,6.66
6.177291,7.17
6.533962,7.26
7.7819605,9.21
7.2307024,6.85
5.4579134,4.55
5.916253,4.85
6.850307,7.58
7.1086907,6.4
7.3738184,8.13
7.4215937,10.15
7.596664,7.24
4.905282,5.9
7.7114005,6.42
6.4855857,9.39
6.623151,6.64
6.0467257,4.37
5.1142387,6.34
5.221121,7.52
6.0377016,7.16
4.939286,9.0
6.996216,6.44
5.605426,6.89
7.295336,7.33
5.2972054,5.0
5.0735345,4.85
5.4591646,7.24
6.5550323,4.35
5.02127,4.52
6.6519284,7.04
7.677971,9.0
6.449714,7.59
7.1297183,5.96
6.794909,6.07
4.7661695,4.3
5.751489,7.14
6.025319,5.44
6.0349455,6.49
5.7044706,4.84
5.2291927,6.9
5.793663,6.06
6.513226,7.25
5.566562,5.34
5.372423,5.57
4.9511027,4.85
6.1931543,6.3
6.381878,6.24
6.4089794,5.14
6.1939716,5.77
6.660182,5.76
6.6420784,5.52
6.278165,6.57
5.6851063,5.57
6.394006,3.66
4.405016,4.28
5.7259727,7.88
7.802472,7.82
6.6916776,7.92
7.281701,7.52
8.190894,7.92
7.3064995,9.0
7.2818007,8.24
6.8446937,7.3
7.316925,7.55
5.605918,5.5
7.3376937,7.6
6.348146,8.28
6.7792277,6.77
6.599364,7.89
7.9458246,7.69
9.479559,7.85
6.832369,7.07
8.796539,9.0
6.8996925,8.32
6.717382,5.14
6.693264,5.97
8.030416,8.42
7.067611,6.98
6.300787,7.96
7.973883,7.3
6.403855,8.55
7.318971,8.33
6.632756,7.82
6.210025,5.21
6.9928246,7.16
6.732287,7.14
6.0141773,7.21
7.232708,6.39
7.2264237,7.5
8.632384,8.49
8.018917,7.74
8.452026,8.85
6.591024,7.54
7.73974,7.11
7.15239,8.82
5.964424,8.1
7.0530505,7.05
7.040817,6.68
5.8174777,5.95
6.905725,6.3
6.2970586,6.05
6.770951,6.84
6.2716002,5.22
4.941759,5.82
8.58179,8.92
5.5935907,6.52
5.7445927,4.49
7.8016686,8.52
6.4274096,7.72
7.042292,6.86
5.1679854,5.17
7.442177,7.1
8.019792,6.06
7.3052144,5.96
5.3353796,5.77
7.0838056,7.66
8.726881,9.05
6.5122538,7.19
7.4911833,7.01
7.29248,6.01
6.9535446,6.09
6.447863,8.52
6.2847605,6.3
6.5592375,6.1
6.112852,5.09
6.8993964,5.56
6.291261,5.8
5.4715853,5.22
6.301401,6.64
5.6079493,5.03
6.910056,6.17
7.410481,7.05
4.79155,3.95
5.6364503,6.04
6.319138,5.19
4.9689326,5.29
5.1018004,6.4
6.3540325,7.2
7.78493,7.62
7.388711,6.6
6.5430694,8.89
5.5196877,5.82
6.0805674,7.74
5.59779,7.97
5.9799514,5.39
6.1957393,7.3
6.5857644,5.71
6.9818044,7.74
6.0431027,5.7
6.7592854,7.52
6.49394,6.8
7.3071594,8.24
5.748946,5.68
6.083241,8.26
6.615418,5.1
6.893854,5.41
6.1306214,5.67
5.926019,0.53
6.3655176,4.98
6.8800406,8.0
7.288412,5.69
5.9173765,5.1
6.1503396,5.92
8.278289,8.21
6.6698594,7.33
5.671589,7.92
6.444139,5.87
6.896995,7.45
6.4200253,5.7
7.914309,8.64
7.2885656,8.44
5.798867,5.64
5.933983,5.22
6.6842155,6.5
6.7323546,8.47
5.5980167,5.3
5.7747073,5.77
5.3126636,5.9
6.4374967,6.52
7.3721886,5.92
5.222434,5.02
5.9875655,5.09
6.232682,8.0
6.21039,6.26
6.906519,8.3
7.2459064,5.7
6.745859,7.47
7.452805,6.43
5.9996085,5.87
5.449517,6.08
6.4557567,8.09
6.2943225,6.18
6.425817,7.43
5.516774,7.11
6.4306784,6.29
6.4022574,5.46
7.3083873,5.72
6.1401067,4.24
6.3602624,6.25
6.9519854,7.66
7.9164286,8.38
6.166819,7.13
7.0144134,9.96
7.6555862,8.0
5.7736125,6.6
7.347642,8.05
7.5842185,6.74
6.944361,8.52
6.5690656,7.66
7.508531,8.52
7.533157,8.4
6.2205534,9.15
7.2850375,7.03
6.760123,7.92
7.043768,8.0
7.8527737,8.21
7.916692,8.59
7.0359173,7.68
7.299475,7.7
6.7326207,8.52
8.844675,8.7
7.7032514,8.7
8.656594,8.4
6.7343216,5.21
6.8915963,8.7
7.7371473,8.77
5.556259,6.38
7.5870214,8.55
7.781807,8.7
6.756057,4.74
6.1739283,6.72
7.220992,6.84
7.7911587,8.15
7.7345347,8.4
7.3347282,7.74
6.918644,7.59
6.5875053,6.28
6.9544935,6.25
6.875733,6.11
7.1541853,7.13
7.295726,6.31
6.534263,5.74
7.27301,7.36
7.119622,5.77
7.1634803,7.46
7.3686643,7.43
5.8316507,6.52
6.8847704,7.21
6.79168,7.24
6.49875,5.05
5.8167295,5.42
6.6204042,7.32
6.743097,5.7
6.940231,6.0
6.199147,6.35
7.0098677,7.24
7.660651,7.33
6.585842,4.8
6.6589665,7.0
6.894925,4.46
6.9770074,5.85
7.4138784,7.29
6.4139595,7.14
6.9311576,5.68
7.204378,5.24
7.5909624,7.17
6.4266376,6.05
7.1699553,7.14
6.7640405,6.17
6.972047,6.52
7.163685,7.7
6.5395274,5.37
6.0042157,5.67
5.191784,5.37
5.992079,5.33
6.7079396,6.85
8.680656,8.54
8.205911,7.99
8.382267,8.62
7.913805,7.97
8.505172,8.29
8.982952,8.85
8.383645,6.91
7.6773386,7.43
8.139159,8.59
7.983702,8.64
5.6212664,6.71
5.8576736,6.95
6.2466817,6.88
6.8424697,6.2
5.532292,5.82
6.8066707,7.44
6.6032124,6.62
5.9418135,9.21
5.9567294,5.55
6.0761776,6.35
7.888469,8.4
6.178114,6.21
5.0670795,4.41
6.216403,7.52
6.9045873,6.52
6.014713,5.68
6.7235017,5.8
5.3935223,6.88
6.8080945,5.69
6.6431017,7.34
5.3315377,5.74
6.116926,6.33
6.020195,5.89
6.676376,5.54
5.658046,5.46
6.45763,5.61
7.94827,7.25
5.547892,5.89
6.441413,6.91
6.7453547,7.52
6.8236833,6.96
6.795046,7.57
6.7985706,6.57
6.494506,6.63
9.128983,9.49
6.333945,6.98
6.4340825,6.4
6.284458,6.0
6.679325,5.28
6.394872,6.39
5.7646303,6.41
6.6759014,5.8
5.966003,6.98
6.8771,6.55
7.8904285,6.3
6.3572373,2.4
7.5062723,7.41
7.3380265,6.71
6.1162424,8.31
6.0373583,4.0
7.788568,8.07
5.9147387,4.66
7.6830916,8.4
6.7018275,7.19
6.6891975,5.81
6.679371,7.35
6.6225085,4.98
6.700868,7.06
5.9745865,7.21
6.489834,6.63
7.1604714,9.27
5.0767336,5.12
6.489644,8.85
6.563266,5.16
6.8229795,6.58
7.2557764,7.92
6.4633093,6.04
6.2154417,9.22
7.8176384,6.5
5.4603395,4.6
7.185319,8.49
6.355432,7.0
5.6975236,5.1
6.7802486,6.19
7.2046757,6.64
6.1112995,6.35
7.3577504,8.3
7.3650737,8.05
7.9851956,8.29
7.4992523,6.99
6.913344,6.69
6.6942544,6.31
7.847112,9.57
6.1127887,7.7
6.5409846,8.7
6.275264,5.7
6.6958027,6.3
8.211519,7.24
6.0655565,6.21
6.515793,6.92
6.9027643,5.89
6.271025,7.22
6.6867166,7.32
6.2852983,5.8
8.502021,7.65
6.6364627,5.03
6.5719123,5.22
6.5322204,5.09
6.421425,6.3
7.827324,7.99
6.931902,6.18
6.9509244,6.51
6.3822827,7.43
5.9270773,8.15
6.9571314,7.08
7.458913,5.67
6.4705653,6.7
9.010787,9.99
6.1817045,5.59
6.457121,6.86
6.991719,7.92
7.4221015,8.52
5.427044,6.3
7.893249,9.3
6.6473536,6.77
6.049027,7.96
6.6653066,7.49
5.6688967,7.89
5.5534987,6.0
6.7474155,6.85
7.62636,8.3
5.754258,8.7
6.421178,7.09
6.6293855,6.84
5.9807787,6.8
7.842695,7.77
6.2866855,5.42
7.8183746,9.24
5.6674557,5.14
6.494917,7.12
5.838372,6.28
7.0383635,7.46
6.3521867,6.14
5.998421,6.19
6.652827,5.92
6.863417,6.49
6.8934665,6.96
5.9914904,5.8
7.697015,7.07
7.0618224,7.8
6.859178,6.38
7.51997,8.43
6.3013997,6.91
6.541973,7.82
7.375761,7.44
4.926818,4.23
5.91747,5.39
7.3367715,6.64
7.2564516,9.58
5.9661427,9.3
6.812266,5.01
6.960135,5.89
6.7379785,6.41
7.711471,8.4
6.9181056,5.24
5.687351,7.77
6.473733,8.11
7.7251444,7.6
7.6569176,6.05
6.1355815,6.19
6.8982215,6.26
7.4624853,7.72
6.551422,6.37
5.960405,5.53
6.699743,5.1
7.001384,8.98
8.046893,9.64
8.652403,9.0
6.8811793,6.71
8.263775,7.52
7.538691,8.7
6.5763626,5.28
6.6493945,5.54
6.742572,6.59
7.016926,5.92
7.891401,8.57
7.574383,8.26
6.6736455,9.54
5.9297276,6.28
6.501861,6.56
6.0258636,6.14
6.599647,6.54
7.3396645,4.83
7.2071266,6.63
6.9644947,7.96
6.572226,7.82
6.061991,5.7
5.917115,6.16
6.944977,9.37
6.6743875,8.25
6.0560875,6.78
6.4970527,6.15
7.7407103,9.1
7.191779,7.92
5.3768497,6.94
7.7718477,6.51
7.884835,8.22
6.1349616,6.89
6.0377517,6.03
9.089295,7.42
6.9429893,6.43
6.3797774,7.09
6.956962,6.94
5.053775,4.52
5.863985,6.25
6.9372296,5.57
8.162594,6.7
7.079778,6.8
7.052231,7.74
6.7988486,8.49
7.6621447,7.51
7.016748,6.26
6.0612955,5.26
6.8206277,8.52
5.8950205,6.92
7.121868,7.17
6.4562054,5.62
6.7380958,7.24
7.26311,8.05
5.667496,7.3
7.305241,8.22
6.1346827,6.09
7.649066,7.25
6.428453,8.33
6.28829,5.69
5.574347,6.38
6.9607573,6.33
6.453675,6.56
7.236913,5.76
6.8267784,5.03
7.297761,8.22
6.915042,7.4
5.4035296,6.3
6.973962,8.74
6.608659,6.2
5.835694,6.6
5.873863,6.9
5.8123946,5.4
5.7441506,7.0
5.3180795,5.84
5.8076606,5.2
4.850792,4.08
5.6284924,6.6
5.751076,5.6
5.6965623,6.41
6.150463,5.9
6.0059958,5.0
6.6405964,5.46
6.2819343,6.6
6.6269035,7.66
5.6478395,7.2
6.50608,5.45
8.389881,7.87
8.399017,8.06
8.420948,8.27
4.626047,5.42
5.2570715,4.72
5.7885857,6.95
5.903074,5.12
6.0784974,7.85
5.9344506,4.99
6.071113,4.79
4.4931226,5.17
6.0510936,7.55
5.904346,5.5
5.3729734,5.0
3.9568677,4.61
5.243582,5.81
5.429579,5.34
5.0513883,4.62
4.3468933,5.27
5.399935,6.36
5.6767797,5.21
5.70593,3.59
5.6023602,6.07
5.5206738,3.74
5.5934453,7.17
5.4324274,6.36
5.3174653,4.34
6.207924,7.7
6.1648674,6.0
5.1239843,5.7
6.138528,8.2
6.42678,5.8
6.1480546,7.9
6.911119,5.82
6.294261,6.6
6.7034802,5.9
5.670094,6.7
6.6401567,7.08
5.4473033,6.4
5.692953,6.4
6.6140985,5.56
4.7015085,4.4
5.7042584,6.1
7.566861,8.2
6.642472,7.36
5.294131,5.6
7.383067,6.7
6.366056,6.0
5.833301,4.43
4.8458586,2.17
5.378386,5.97
6.7273393,5.03
5.2202516,5.43
5.21186,4.0
6.5495095,6.0
7.2852955,8.66
8.34586,8.92
7.289813,9.04
7.961048,8.48
6.4063287,9.15
6.353994,5.3
7.9422936,8.56
6.402716,8.7
7.2973747,7.69
6.208461,8.35
6.224816,8.22
5.5045953,6.45
7.672102,5.96
8.013639,7.07
7.679311,7.41
7.9704247,8.54
7.8041625,8.08
7.410373,5.92
8.191583,7.32
8.115714,7.82
7.0766687,8.95
8.358009,8.44
6.812426,6.5
6.1397367,5.85
7.9107847,9.83
4.9497,4.74
6.8859224,8.92
7.214927,7.51
7.6887875,6.72
8.003253,8.8
5.803305,7.04
8.387174,6.33
8.621349,6.0
5.7557297,5.8
8.025287,8.28
7.389758,7.41
6.6239667,4.0
6.996971,8.69
7.0209613,8.74
6.928885,8.0
7.6237736,7.78
7.748895,7.85
6.6900363,5.92
5.3048024,5.5
7.1203113,9.22
7.109872,8.8
8.111098,8.97
8.191699,7.41
7.6297474,9.4
8.708982,9.05
7.8154507,8.41
7.1710067,9.05
6.6351304,6.65
6.97889,6.93
8.5454645,9.15
8.837754,9.09
8.049925,8.17
7.8514853,6.79
7.0788774,8.01
8.344567,10.84
8.982389,10.25
8.213881,9.3
8.666204,9.14
8.306393,8.6
5.6367664,4.93
7.6662617,8.24
7.806544,6.14
7.4817977,7.17
8.177691,6.45
8.351261,9.52
7.8342237,7.39
8.605679,8.19
7.159465,6.84
4.8487763,4.43
8.508805,8.06
6.9500504,8.7
7.807672,7.04
4.8958106,5.31
8.612302,7.49
7.654785,9.22
5.9697633,5.18
7.6434164,8.09
8.267517,8.7
7.189476,7.75
7.188296,8.32
8.343751,7.87
7.405951,7.6
6.654029,8.27
8.459969,8.45
6.9147425,8.35
5.9545503,5.2
7.683105,9.05
7.1143937,6.35
6.1424065,7.95
8.117556,6.0
8.021171,9.07
4.8040595,4.43
5.1470256,5.52
5.9288406,5.97
3.7745283,5.23
6.405955,6.79
5.5894303,5.32
5.777669,5.92
5.7707353,7.64
6.2792983,5.3
6.20414,8.2
5.9432435,5.27
6.717051,5.94
6.518564,6.89
5.330072,7.6
5.9381247,6.72
5.73785,7.15
5.7693567,6.34
8.130865,9.15
6.704428,7.64
8.527829,8.15
5.3023376,5.92
5.7444797,6.11
5.728103,7.3
7.4597893,8.15
5.129825,7.54
5.891564,5.72
7.0524964,4.72
7.1860147,7.24
6.268451,4.48
6.477209,6.44
8.292528,8.17
6.2486386,7.3
6.795001,6.99
7.052354,7.46
6.608021,5.36
6.890093,8.57
4.7207932,5.24
6.22219,5.54
5.916238,6.2
6.196327,5.82
6.4714937,3.83
4.7834005,4.49
6.189221,6.7
5.8695483,6.2
5.9696455,6.37
6.016921,4.7
8.290235,6.64
5.9536104,5.8
5.882581,6.5
7.4857063,5.4
6.483332,6.15
7.5874352,5.82
7.489554,5.4
7.590752,6.34
6.791978,3.41
6.6524515,6.43
6.6111965,6.56
8.191281,6.47
5.5511084,6.15
7.1747093,5.4
6.8070993,5.17
4.1226945,2.36
4.963668,5.27
4.013977,4.48
5.5119514,6.37
6.291042,6.14
4.767696,2.47
5.5486493,4.62
6.1108236,6.07
6.459555,4.23
5.6232667,3.85
6.7409387,4.83
6.5539756,6.1
7.213196,7.19
7.711445,5.52
6.855523,5.0
6.0323462,6.74
6.731873,6.28
6.600674,4.63
6.243057,6.8
7.6941476,9.92
6.397823,8.48
4.9490137,5.12
6.1880927,7.84
7.4770308,8.38
5.3020415,4.48
5.4161563,4.69
7.07262,6.07
6.0839896,7.74
5.3399143,5.32
7.4755144,5.22
6.8008537,6.04
5.7417784,7.25
6.4580173,5.72
5.2551584,7.6
7.639695,5.94
5.401503,5.14
6.113585,6.34
5.707383,5.7
5.7566857,6.0
6.234541,7.0
5.8454123,5.42
6.0365295,6.0
5.7068224,6.08
5.743895,6.92
6.0715213,5.3
6.3736095,6.7
6.240796,6.0
5.4039917,6.24
5.4165373,10.27
5.7417655,7.14
6.719701,5.02
5.103176,6.82
6.1524754,3.13
5.8270216,4.8
6.3449707,5.37
7.432527,8.62
5.5829396,5.43
6.2014484,6.7
7.2747583,8.52
7.235802,5.49
5.8451033,5.94
6.8781667,7.7
6.110934,6.56
7.136155,8.15
7.504725,8.7
5.599306,6.78
7.692158,7.22
7.302475,8.4
6.88691,8.82
7.058431,6.03
7.5835767,7.68
5.6831975,6.74
5.634633,6.61
6.7097125,5.54
7.8097057,5.61
6.011772,6.39
6.4822173,6.8
8.076047,8.77
6.6989045,6.89
6.7497025,6.64
7.4017,7.7
6.9639106,7.51
6.4119,8.22
5.3179274,5.21
6.926583,5.03
8.457844,9.21
7.096917,8.0
6.300994,9.7
6.9924517,6.41
6.078672,7.5
4.5970955,4.25
5.2023344,5.44
6.7422247,6.2
6.695908,6.5
6.0150037,5.4
5.4587717,6.66
5.9532685,7.5
6.5898995,5.3
6.682253,7.2
5.9690576,5.77
5.107149,5.66
6.2267556,5.43
4.644078,7.0
6.123406,5.8
5.8121395,5.6
4.654636,5.6
5.820113,6.3
6.0810013,4.89
5.996034,5.6
5.513295,6.06
6.5704336,6.68
6.820179,6.02
6.523413,8.52
4.5890236,3.92
6.087503,8.44
6.4946456,6.19
6.319847,6.32
6.893861,5.7
7.486415,7.22
7.4348626,8.09
6.122157,7.53
6.72209,5.0
6.422504,5.38
5.993014,5.89
6.632841,7.11
4.985628,5.89
4.9895716,4.18
5.3706875,6.13
5.9865856,6.55
6.2525144,6.57
5.5716314,4.73
5.862308,4.68
5.201913,4.63
5.555796,4.14
6.0678806,4.66
5.7017274,4.32
6.0797853,5.51
7.0045953,5.89
5.5223494,4.6
5.4211287,10.89
7.2032843,11.47
6.5732975,7.39
7.245037,7.23
8.569199,7.85
6.3092947,4.95
5.2825594,4.19
4.833062,4.47
6.2146287,3.97
6.1175814,4.52
6.997587,4.13
6.2389517,5.31
5.9859886,4.33
5.3299136,4.18
5.078946,4.14
5.1970744,4.41
4.669539,4.37
6.043251,4.39
5.8624334,4.18
4.7856054,4.4
6.4540725,4.27
8.635573,4.95
5.825767,3.97
4.618866,4.57
5.542223,6.31
5.1230497,4.23
5.830826,4.59
6.2302995,5.5
5.8737755,5.2
6.019663,6.2
6.9042597,7.0
6.816608,6.0
6.5592146,5.4
6.102962,5.8
6.33802,6.9
7.692009,7.89
6.366017,5.29
6.8435206,6.15
6.364898,9.0
6.428475,5.86
6.2051387,5.08
5.6428795,5.19
6.5230637,4.6
6.3856235,6.86
7.2460546,7.03
5.661962,8.01
6.9531765,5.41
7.937828,8.22
6.953188,6.94
7.211511,7.89
6.7445207,6.82
7.6719103,7.41
6.486746,7.96
6.101353,6.33
5.846696,5.28
6.141322,5.8
6.2579775,6.44
6.4147363,7.84
6.227689,9.59
8.100022,7.21
5.7467957,9.4
7.0114946,4.52
6.808562,9.4
5.833291,8.06
6.0318284,7.36
6.393889,6.82
6.812901,8.3
7.9082885,7.3
6.1613894,4.91
5.456595,7.28
6.656932,5.07
7.458316,6.84
7.518755,7.86
6.5404186,5.6
7.4745245,7.82
7.2134557,8.68
6.8155847,7.5
7.2761526,8.1
8.102385,5.92
7.559993,7.52
6.528957,6.85
7.247465,7.03
8.282917,7.95
7.290142,8.07
7.289455,8.31
6.747194,7.85
6.5008683,7.4
6.4753494,6.24
6.658323,5.2
7.3812575,8.18
6.5187187,8.58
6.16397,8.51
8.053344,8.6
6.9998474,7.61
6.055707,6.4
7.698352,7.9
6.723297,7.4
7.0066395,7.14
6.853301,8.11
6.7693434,6.6
6.552412,6.46
6.774705,8.06
7.3414683,7.84
6.5085225,8.9
6.303578,6.1
5.289527,4.62
6.0642705,5.7
5.9550557,6.2
4.5558577,4.8
5.903202,5.6
5.4299254,6.3
5.3816414,5.5
6.6010756,6.38
6.99076,6.52
6.684635,5.62
7.536895,6.8
7.9117947,5.65
6.6723824,7.31
6.842843,7.37
6.8380914,7.15
7.411257,6.85
6.62231,7.57
8.032523,7.46
4.8870773,2.6
4.478179,4.31
6.243517,6.74
8.371343,6.59
7.2762012,7.05
7.8544483,6.41
7.7473917,5.71
6.242667,7.3
5.094519,4.63
5.367636,6.2
6.768378,5.5
6.14997,7.2
5.640587,4.5
7.075519,7.18
6.220995,4.0
6.654275,6.19
6.3187413,6.29
7.0483284,7.62
4.8024254,7.3
5.665861,5.74
6.53959,6.15
7.0018854,6.64
6.0839,6.8
6.028615,6.28
6.13393,9.17
5.4690313,6.44
7.8158374,5.08
7.111949,6.0
6.9774523,5.0
7.293852,6.4
5.8502064,6.0
7.0803676,7.46
5.6136317,7.01
6.1836324,5.28
7.0743713,5.48
6.1640425,5.6
6.1060476,5.42
6.621265,2.97
5.6980987,3.17
7.4220552,7.8
7.171689,7.6
6.1219454,5.48
6.722142,8.46
5.4487677,5.12
6.3945923,6.15
5.920084,7.8
7.199826,10.42
6.4554687,7.28
5.066764,6.0
6.5187817,7.82
5.6359906,9.3
5.887311,5.1
6.1501865,4.58
5.6329603,6.12
5.563396,4.25
5.4807863,5.65
5.1860495,6.88
6.081038,7.58
5.3906527,4.53
5.072106,3.91
6.136566,5.27
5.3792973,6.34
4.835467,5.45
6.7179236,7.3
5.3183146,5.1
5.108368,5.1
5.7317357,5.9
5.8280554,6.35
6.461165,5.14
5.8428082,6.6
6.1767416,4.68
5.2110777,4.8
6.1058426,6.09
7.188106,9.39
6.1346073,5.4
6.4106994,5.68
5.381728,6.72
6.2872148,6.91
5.307325,7.47
6.157844,4.83
5.1929727,6.02
5.4087596,4.42
5.2605276,5.6
6.944381,6.77
6.500664,6.8
6.5747614,7.6
6.8232174,6.06
6.4881887,7.17
6.6752677,6.85
5.31681,4.57
6.402507,6.94
7.970586,7.77
5.220089,4.1
5.1283445,4.77
7.2120886,7.28
5.6082096,6.33
4.92634,4.26
4.7434993,4.84
6.81043,7.14
5.445509,7.08
5.942336,4.88
5.9325767,4.77
5.238431,6.42
5.4580655,4.68
6.2657022,6.35
7.1772985,7.2
6.5628133,6.48
6.255794,7.92
5.189338,7.01
5.6109066,3.84
5.6287246,5.01
6.220351,5.17
8.39077,5.68
6.8797674,7.0
6.260634,4.42
6.2681174,4.74
5.825528,6.45
5.8878427,7.4
5.187909,5.9
6.193079,6.3
6.8172135,6.2
5.4396825,5.5
5.9894814,7.7
6.818195,7.1
6.666038,6.03
7.23209,7.2
6.802363,5.3
6.629055,5.93
6.6074953,6.4
5.720638,7.5
5.342618,5.6
6.4923015,6.0
5.239827,4.43
6.6305995,5.8
5.6977882,7.1
5.7597165,4.63
4.4921002,6.3
6.7315493,6.5
5.490021,5.28
6.584127,5.4
5.149916,6.6
6.096617,7.6
5.66549,7.21
5.7288795,4.89
5.2857337,7.1
6.3171835,6.19
6.733993,6.3
5.672092,5.8
6.0854955,7.7
5.3397985,5.2
5.8987026,5.1
6.5188694,7.6
6.6622233,8.1
6.467692,7.09
5.4903183,4.6
7.1698923,8.3
6.420335,6.45
6.633517,6.5
5.763995,6.7
5.451021,6.3
5.995502,5.3
8.610759,8.52
6.6794024,5.6
6.1243386,6.2
7.316992,8.7
4.901328,5.43
7.4905663,7.92
5.775715,5.5
6.297784,6.2
7.4717836,5.6
4.6814747,6.24
5.808286,5.74
6.4822206,7.49
8.028201,5.8
7.8755684,7.74
6.0424905,6.5
8.373182,8.0
8.449766,9.0
5.04902,5.48
5.61384,6.6
8.983629,8.92
7.613427,5.93
8.389602,8.7
6.5592704,8.1
6.2345223,6.4
5.884764,7.0
8.185333,8.22
5.766793,6.9
5.372828,6.4
9.125894,9.89
5.909948,6.51
7.387569,7.59
6.5668283,7.4
7.298514,7.8
6.99258,7.59
5.501844,4.49
4.4008427,3.57
7.2382298,7.44
6.380133,7.39
7.071368,5.96
7.0500817,6.05
6.250213,8.0
5.617609,7.8
6.4917455,5.68
7.3765354,5.49
6.4030433,7.1
8.051184,7.77
6.683254,6.09
6.164606,7.96
8.227227,7.85
6.7503967,7.17
6.921708,6.23
6.243605,5.5
6.9014735,7.22
8.724031,8.7
7.207265,9.58
6.4090695,5.6
8.450384,7.64
8.610582,9.0
8.679312,9.0
7.7671456,8.0
9.452215,8.3
8.122529,8.7
7.8686724,7.96
7.0312667,5.7
8.344249,8.7
4.9242096,4.2
9.438507,8.4
8.199068,7.49
5.9101925,6.1
7.945216,8.4
6.777762,5.2
7.72641,8.3
5.9878216,5.7
8.187566,7.7
8.124732,8.1
6.5069423,6.34
8.927668,9.0
6.4325666,7.71
6.6615725,7.41
6.9418874,6.34
4.8591294,4.5
8.058589,8.4
7.7449207,8.7
8.280835,8.4
7.894536,8.7
5.8833566,4.4
7.842562,8.3
7.6797347,6.4
8.866467,9.0
7.3783755,5.46
7.6230893,5.1
6.7307434,5.21
7.1128793,7.62
6.502071,7.23
7.636995,7.12
8.043354,6.37
7.6617365,6.83
7.037605,7.48
7.3546176,6.25
8.353168,7.48
6.848994,5.63
7.6022925,6.34
8.577701,7.28
5.9026318,5.74
7.0623937,6.71
7.699211,5.84
7.753689,7.09
6.93459,6.69
7.328942,7.0
6.555712,6.85
7.7146215,8.02
7.064616,5.74
6.908867,5.57
6.256918,4.93
8.725822,7.74
7.2400827,6.14
7.1851034,6.28
6.5855427,5.64
6.689479,7.89
8.268659,6.67
7.2840676,6.16
6.5646067,4.79
5.8020873,5.0
5.7097387,5.83
6.7115426,7.09
6.459227,4.98
6.309202,6.57
7.1178956,6.6
7.479756,9.12
5.2605824,5.4
6.9574194,6.29
7.295864,6.43
7.044896,7.03
6.8684754,6.68
7.212381,7.04
7.2020755,7.05
7.688476,9.4
6.6749573,7.57
5.776452,5.86
6.4718804,6.99
7.2957287,6.95
7.296384,6.55
6.906959,7.44
7.080847,7.31
6.644516,6.0
7.677079,8.89
6.767468,6.62
6.993482,7.52
5.978327,5.36
7.567023,7.37
7.1626463,9.17
7.0918136,7.5
6.244675,6.1
7.3810434,5.79
5.8556786,5.49
6.6681232,5.83
7.087557,8.15
5.717278,7.3
8.023725,8.4
6.195462,6.67
6.6709,6.98
9.101645,9.0
7.011508,5.14
6.2865996,7.11
7.777519,7.89
7.0178337,5.83
7.0165257,7.92
7.1832304,7.15
6.8991046,6.77
7.015238,6.35
7.3400836,8.26
7.539996,8.57
7.303856,7.0
7.890431,7.81
7.135885,7.38
7.180732,8.57
5.2161245,6.71
7.186625,7.98
5.3069544,6.41
7.5848894,5.68
6.3072352,7.26
7.767175,7.37
7.3257737,7.76
8.218096,8.4
6.429191,8.7
6.487076,7.07
5.6124,7.51
8.59156,7.85
6.5745015,8.22
7.7338195,7.69
7.1537824,6.98
8.388437,8.97
6.333009,7.89
6.428524,6.49
7.1311655,6.56
7.415447,7.82
6.5276423,6.28
6.7170725,7.42
6.5357337,5.0
5.817713,6.97
6.800391,7.74
7.3658323,6.39
6.60521,7.85
6.025742,5.35
7.0596056,6.47
6.140578,7.52
7.916019,7.18
8.595741,6.05
8.219578,8.68
7.029714,9.05
6.1677537,4.92
5.15272,7.32
5.7032223,6.3
6.8135,7.39
7.3809667,6.09
7.656136,8.17
6.400576,6.12
7.0119963,7.47
7.595635,7.46
8.134218,9.15
7.606738,6.55
6.445688,6.01
7.4056435,6.37
7.792017,8.0
8.083231,7.54
7.893836,8.3
6.402119,5.75
6.108974,6.41
7.332806,8.22
6.786071,7.85
8.108537,7.95
7.8353133,6.71
4.8341637,5.71
5.8447585,6.0
5.6735916,8.0
6.0621557,6.3
6.444158,5.82
5.442111,6.92
5.916179,5.29
6.6429462,5.72
6.607609,8.11
6.926128,6.57
7.48981,7.48
7.487463,6.6
5.4519315,5.54
7.423366,6.67
6.563397,5.08
6.841517,7.3
5.9245586,6.88
6.8871303,7.74
6.037865,5.8
6.749567,6.31
7.317707,9.48
7.004628,7.33
5.83662,5.8
7.0588274,6.67
7.251065,7.7
6.761903,6.52
5.701662,5.66
6.798315,6.33
5.3516803,4.85
5.718143,5.23
7.0592947,6.68
5.9608397,5.18
7.8939466,8.51
6.496127,7.08
6.977474,7.89
8.885824,6.42
7.779883,7.68
7.4095545,6.26
8.349146,8.93
8.6419,8.82
7.6127834,8.47
6.8758774,7.75
6.717316,4.99
6.543258,8.1
5.4422092,6.47
6.0364637,5.66
6.0242314,5.32
7.251814,7.0
6.8279295,7.0
7.2744575,8.57
7.568384,6.42
8.3242855,8.18
8.1599865,7.14
7.9088044,8.4
6.5548077,5.93
7.5036516,7.92
7.9078655,8.3
5.863886,6.7
6.104716,8.7
6.2426305,8.3
7.570227,7.55
7.193488,7.22
8.142913,8.36
7.4215546,7.42
7.4361043,8.1
6.2333283,7.03
5.7532473,5.6
6.4119563,6.0
5.7227335,5.4
6.275067,0.14
8.926479,7.81
7.697505,5.75
8.149406,7.22
6.265191,6.33
6.3626127,5.53
6.797251,7.9
5.9517055,6.66
6.6133733,7.89
7.1690893,7.5
7.4330564,5.35
6.998299,8.41
5.735615,2.78
6.8787684,3.68
5.743443,5.07
7.8347187,5.7
6.568512,6.1
5.1813865,6.07
7.4675975,8.52
6.960811,9.0
6.9304485,6.72
5.4678187,6.99
5.6694465,6.83
6.7336698,6.47
6.098359,6.6
5.792362,6.5
5.8257856,4.92
5.677429,5.3
6.309397,4.92
7.3470173,8.0
5.9840865,4.7
6.6509943,6.74
6.602499,5.96
8.082111,8.56
6.004466,8.17
7.548537,6.3
7.206587,8.52
6.4263334,6.35
6.7467937,6.18
7.087487,7.46
6.2579327,5.56
6.825557,7.0
7.4260497,6.62
7.4963994,7.01
7.002994,6.25
5.8138137,5.7
5.9456124,8.46
7.315891,7.07
6.3372645,6.41
6.9358764,4.67
6.7460036,6.34
7.043864,7.7
7.604621,5.09
5.412572,5.44
6.737037,6.63
7.440843,7.31
6.404013,7.19
6.800175,6.19
7.8949895,8.25
7.295059,7.06
5.393311,4.32
6.0129375,7.39
6.1337066,5.27
7.7126465,8.82
8.122468,7.0
5.7100134,5.32
7.400946,7.72
6.4573054,6.75
7.0407696,7.44
6.125285,5.04
7.3099184,8.32
6.8786483,8.38
7.471483,8.09
5.651729,5.3
7.2141533,7.46
6.6268883,7.12
7.8594866,8.72
6.5095596,5.72
5.888179,6.0
8.05353,8.15
8.140279,10.4
5.6808043,5.5
5.7653537,6.14
7.0679,7.85
6.2314134,6.3
7.2991333,8.62
7.61009,8.3
6.737663,6.0
6.1476493,5.8
6.818847,8.15
6.7716947,9.0
7.17828,8.48
6.482759,5.8
8.19726,8.18
6.5648136,7.3
6.358987,5.89
7.272898,6.05
6.586074,6.36
7.4652615,7.38
6.5290623,7.37
8.352691,8.38
5.2332826,6.0
5.2215114,5.52
6.947081,7.6
6.915243,6.63
7.9610753,6.25
7.8451095,7.51
6.752448,8.21
6.105548,7.85
6.490102,4.6
6.076925,7.21
8.390566,7.8
6.18724,7.64
8.027175,8.42
6.733738,4.79
5.7824697,6.62
5.4138036,6.07
6.8948193,8.26
5.6870193,6.94
7.97805,8.74
7.629014,6.68
6.030869,7.49
6.308454,6.18
7.5933867,7.15
7.1381044,8.2
6.8806186,5.3
6.3153033,6.21
7.418152,6.15
4.449339,4.7
6.272951,6.54
6.04947,7.38
5.4857016,6.6
5.3791127,3.08
5.952476,7.1
5.0527363,4.92
5.772734,4.22
5.557358,5.79
5.5675097,5.21
5.913928,5.17
4.796267,5.69
5.8004637,5.49
5.4322715,5.6
5.844656,5.96
5.256899,4.74
4.751105,3.79
6.326743,4.89
6.75401,5.96
5.966154,6.76
6.5514045,5.41
5.683816,5.29
7.025495,5.9
6.678707,6.3
6.2699175,5.67
6.771458,6.09
6.361382,5.87
6.4670672,5.68
5.9212294,5.42
5.8823624,6.89
6.6038074,6.05
7.1986876,5.2
6.3467317,6.08
5.753414,6.8
6.307548,5.24
7.552902,7.57
7.2158804,7.59
5.7556286,6.39
6.3001223,5.1
5.8243723,6.04
6.3139677,6.58
7.0895567,7.0
6.2533455,7.28
7.572037,7.85
5.55748,6.24
5.8239436,4.84
6.60842,5.46
7.409939,6.79
5.3833585,4.76
6.5443172,7.27
7.4348745,6.7
6.0725913,7.3
6.414677,6.52
6.9201903,6.6
6.4686565,6.2
5.6632414,6.68
6.673247,7.62
6.670165,6.89
7.229861,7.39
5.3864346,5.57
7.121433,5.78
7.633765,6.08
6.195387,4.62
7.210077,7.16
6.064458,5.79
7.194629,6.78
5.74539,5.23
7.2785163,7.85
6.0587826,5.25
4.5894427,5.68
7.0740047,8.0
6.460907,5.51
6.652658,7.15
6.3795104,4.29
8.108632,7.62
7.337431,8.52
6.6011224,5.63
7.4097776,6.21
9.011141,9.7
4.9548645,4.7
6.5297503,5.69
7.3894978,9.07
7.6548834,6.26
8.122854,6.47
7.2721243,7.54
6.611346,5.89
6.1818094,6.0
6.712493,7.24
6.0295167,5.5
6.5537386,4.69
6.240084,6.91
5.5271554,4.92
7.357987,6.17
6.7436705,6.29
8.257107,8.68
6.1250534,5.91
6.9860787,7.48
6.393373,7.08
6.3055825,5.58
6.10557,5.23
5.7317753,5.31
5.5695844,6.05
5.4870753,4.96
6.9570084,7.34
6.918472,5.88
6.2295876,6.25
6.337312,5.94
6.4848156,4.96
7.6533747,7.11
7.3296437,6.52
6.8264136,7.22
7.287582,6.72
6.829584,5.7
6.2860026,7.16
5.9600573,4.97
5.9925566,6.34
7.2056966,7.52
7.4123063,8.77
6.0016823,5.69
5.850781,5.77
7.0009336,5.62
7.29369,7.39
6.8953624,5.54
8.117471,6.33
5.6543045,6.41
6.8687344,8.22
6.0088253,6.66
5.195394,4.66
6.4439754,6.74
7.6106052,5.56
5.894982,5.41
6.494725,7.23
6.2495766,5.6
7.2841983,7.4
6.592617,7.08
7.468568,7.08
6.046295,7.64
7.717939,6.72
7.2364616,5.41
6.1821656,7.2
7.367097,6.0
6.427486,7.4
6.750832,5.59
7.006933,6.03
5.4374275,4.99
6.4454846,6.96
5.746436,6.11
7.355123,7.72
6.7395673,6.42
6.512011,6.05
5.5095425,5.46
6.183588,5.54
5.8220825,4.9
7.100606,8.0
6.277185,6.07
6.2997894,7.15
6.2728577,5.44
6.501459,6.32
6.574648,7.7
7.5264955,7.47
6.2436013,5.82
6.9259596,6.69
7.5375295,8.05
5.9385743,5.0
7.3325567,5.42
7.100788,6.9
6.6458225,7.28
6.0068655,5.59
6.5049047,6.59
7.028454,8.15
5.593129,5.46
6.5966063,6.68
6.7798758,5.55
7.5182133,7.11
6.152273,6.53
5.8513002,5.85
7.5035453,6.74
6.128669,6.41
6.602419,5.14
6.675759,8.96
8.014517,7.6
7.2634087,6.17
6.3142233,5.43
7.8620214,6.85
6.588969,6.61
6.2114406,6.3
5.222922,5.04
6.247443,6.53
4.4922414,5.36
6.9357543,7.02
6.131515,6.43
6.3034425,4.96
6.4167852,6.05
6.00662,5.89
6.946246,7.52
6.534076,6.23
6.907314,6.59
5.9933124,7.92
5.645958,5.59
7.174119,9.0
5.7520103,5.27
6.3248973,7.17
5.6253467,4.93
5.797313,5.06
4.9822187,4.49
6.941697,9.0
5.7711673,5.3
5.883065,5.82
6.880678,6.17
6.1999164,5.54
8.365037,8.05
6.501856,6.52
7.358063,7.7
6.0858345,6.02
6.79468,7.06
7.72114,8.43
6.7912107,6.62
8.012846,7.64
8.130127,8.07
8.444189,7.6
6.4885864,6.74
8.405526,7.65
7.0250635,8.1
6.7283063,7.84
7.084022,7.67
5.400439,6.3
5.4068804,4.11
10.673517,10.42
10.262663,11.52
6.4686356,2.15
9.176581,11.52
8.414948,10.0
6.2649674,7.67
6.0637937,7.3
5.9073734,5.72
9.082883,10.3
5.469191,0.15
5.969347,5.0
7.205711,0.7
5.271209,10.4
6.150684,5.08
5.485208,6.1
5.943878,7.15
6.667453,7.16
9.067776,10.52
5.950666,7.54
5.610201,5.26
7.308267,7.57
6.7020035,8.0
6.0246277,5.59
6.0309367,0.85
7.1585217,8.55
8.746668,8.54
6.5183406,6.35
7.493364,9.22
6.5847683,7.26
8.732769,7.44
7.758335,6.6
7.7290173,7.77
6.959352,5.3
8.496589,9.4
7.3214035,5.77
7.8569126,7.2
5.532619,7.47
10.245647,10.3
6.2512846,5.63
7.866395,7.51
8.215234,7.0
7.341583,5.77
7.850355,8.35
7.0032883,6.71
5.976238,7.33
9.343309,10.3
6.398664,7.38
8.151332,8.15
7.0639224,7.38
7.2960324,7.52
6.852583,6.3
5.482073,8.15
5.878719,7.96
7.3373246,6.34
7.184252,8.25
9.3012495,10.3
8.002906,10.3
6.5113716,5.9
6.857845,6.38
7.0283113,6.24
7.353776,5.81
9.500274,9.3
9.004365,7.4
7.173315,6.68
5.6965885,7.6
9.475789,10.3
7.9984026,9.3
7.618661,6.59
10.074175,10.3
7.6413965,9.1
5.298929,5.35
8.281932,8.66
8.227264,7.02
7.5506816,8.05
8.200545,10.3
8.37549,11.0
6.4646378,6.6
5.28491,6.64
7.665125,9.3
8.488571,8.59
6.7338786,9.19
5.765112,5.66
6.718431,7.14
5.3539295,6.96
7.104703,10.3
7.1240444,7.89
6.7305174,6.12
6.4893756,4.77
7.30837,6.8
8.229822,5.9
8.94677,8.55
7.25083,6.18
7.36886,9.4
6.0227666,8.52
6.6414638,6.8
5.5962887,5.06
4.5812206,4.82
8.930518,6.7
6.941556,5.95
7.3401866,6.4
6.049797,6.1
5.9798875,5.99
6.9570203,9.0
9.093777,10.3
7.050029,7.0
6.6075125,8.7
7.3808117,7.51
6.3504615,5.46
5.4669805,5.96
6.509612,4.1
6.190508,9.37
6.6858196,3.57
6.273803,5.34
6.12559,6.48
6.234205,5.07
4.7685604,4.7
4.5176296,4.44
7.569749,6.64
6.6144485,9.06
6.0408864,8.4
6.373012,7.58
7.833407,6.78
6.4292707,5.0
6.1051555,5.72
6.300734,6.18
6.6022744,5.12
6.077239,5.89
5.652377,8.42
5.7018237,8.12
6.5071874,8.12
6.2031775,6.72
5.835884,5.57
6.860898,6.75
6.237828,7.11
5.867926,6.28
6.262376,6.42
5.6575284,5.85
6.793021,4.81
6.2130585,6.07
7.248376,7.89
7.2034273,8.05
5.770844,5.36
5.482095,5.06
6.3800325,5.12
5.1810083,5.24
5.5284314,4.25
6.087699,5.18
6.7380676,4.99
5.8003216,5.49
7.710442,5.56
5.9199414,5.32
4.9358835,5.47
7.7885203,7.28
7.0915194,5.06
6.5124288,5.8
6.4557233,5.76
7.0993977,8.92
6.068554,5.36
5.7145185,5.81
6.202508,5.26
7.4687963,7.08
5.504285,5.62
7.03243,6.13
8.254406,8.85
7.175942,6.77
6.0107007,4.29
7.811114,6.84
6.9705772,9.3
5.6298146,5.31
6.339053,6.43
7.2008386,5.89
6.6072507,7.1
5.5266128,5.27
8.252288,5.96
5.945885,5.46
5.300071,5.7
4.8522706,5.76
7.0412993,5.71
5.8302593,3.89
6.958204,5.8
6.3193107,5.18
5.602759,5.49
5.6900096,5.46
6.8197083,4.74
5.8182144,5.97
4.6436405,4.88
5.8531837,5.04
5.8582263,5.67
5.6012173,5.22
6.3927407,5.96
5.6255546,6.66
5.6038256,5.19
6.872689,5.61
6.469412,6.96
6.3764963,5.33
5.5935616,5.51
7.37186,5.88
5.631524,5.53
5.636699,5.69
6.330275,7.51
5.8463693,6.65
6.3706765,5.2
4.8613653,5.82
5.972345,4.39
5.4747796,5.97
5.059475,5.81
6.8407373,4.71
4.152485,4.32
4.9737363,4.8
3.6395957,2.3
5.026978,4.96
4.749871,5.9
5.580598,4.28
6.560325,5.1
5.755863,4.92
5.077435,5.25
8.931047,8.96
5.8817525,4.72
5.046557,3.93
5.7367477,6.6
5.8584285,5.8
5.6664486,6.0
6.8529096,5.2
6.684862,5.4
6.4450035,7.1
6.175067,5.1
6.044994,7.49
6.051956,6.47
5.3582606,6.37
5.6965094,6.39
6.3077326,5.4
6.512516,6.92
6.75493,6.57
6.4477534,6.27
6.9485073,7.01
7.071228,5.37
6.848804,6.68
6.534043,5.52
6.155978,3.14
6.6051064,4.92
7.4157014,7.77
7.195505,6.6
7.7932906,7.64
6.0480013,5.72
7.45033,8.37
6.801739,7.7
6.3931217,7.12
5.3575025,5.24
5.509118,9.4
4.789295,4.17
6.800353,6.4
6.9314027,6.8
8.064218,5.24
6.6539383,6.7
7.0319896,7.8
7.03336,7.32
7.572167,8.1
6.502584,6.32
6.201607,6.52
6.4537363,4.56
5.2126474,4.66
5.690196,5.3
6.101901,6.7
6.5600433,6.01
6.6953397,8.28
8.147609,7.6
5.247812,4.89
7.6794815,7.24
7.0056157,6.85
7.9444075,8.49
8.149491,7.1
7.362439,5.11
7.807152,8.17
8.155857,9.3
8.418132,7.67
7.5057063,7.07
8.386826,5.4
8.189675,5.7
7.4729457,6.09
8.09231,7.89
5.9446173,7.2
7.579123,6.5
7.226925,7.96
7.9192123,8.57
7.173311,7.28
7.4945564,6.68
8.202729,8.99
6.9366345,6.56
7.187016,8.39
9.058285,6.61
8.115474,8.17
8.093768,7.06
8.176616,9.0
7.2242126,6.4
8.464763,7.81
8.787632,8.59
6.5361166,6.7
7.9276996,6.9
7.8529797,8.15
8.161438,6.8
8.128459,8.68
9.542993,8.74
7.8165693,7.41
8.279221,6.14
8.7163515,8.63
8.701781,9.16
8.338961,6.81
7.169616,5.26
7.616048,6.37
9.348278,7.74
7.9318614,7.6
9.134135,8.7
7.88749,8.14
8.816016,7.41
8.569741,9.96
7.8017473,7.9
9.514793,8.46
8.061188,8.94
8.716227,8.48
6.4578304,7.01
6.5793047,6.74
9.3271675,7.88
7.6891446,8.22
7.1645384,5.67
7.153195,7.34
7.207795,6.42
7.000753,6.96
7.2999163,9.4
8.124262,8.17
9.114276,8.96
8.580235,8.36
6.3256235,4.92
7.908303,9.67
8.264269,8.02
8.382892,8.12
7.8868504,8.62
7.9225903,9.44
7.227051,6.35
7.257409,6.72
7.4880233,6.18
7.8242736,7.43
7.134799,7.06
7.0150795,6.94
6.7854366,8.96
7.009971,8.7
7.1572113,8.1
6.073865,8.8
7.1329846,6.84
8.843874,9.67
7.990633,7.67
8.708449,8.44
6.4017506,5.8
7.151243,6.49
5.7453666,5.92
9.205042,8.68
8.2168865,6.62
6.5560565,7.0
6.8057847,6.6
9.08102,6.37
8.235745,8.7
7.6981463,10.55
7.757916,10.57
7.655522,7.29
6.4422493,5.82
8.468183,6.72
7.8941765,9.2
7.6601286,8.33
6.727516,7.51
8.203745,7.48
7.8649673,7.64
5.288464,6.02
8.676001,7.05
8.561008,6.9
7.558178,6.75
9.015808,8.8
8.938227,8.05
7.2123594,7.35
8.240726,8.7
8.355837,9.0
6.043655,7.41
5.951301,6.6
7.0620522,8.66
8.895458,8.92
7.4368563,7.43
7.3913603,9.0
8.247876,6.02
6.4265947,8.1
6.6303515,5.69
7.5637827,8.41
9.157614,9.8
6.0232153,5.68
8.073093,8.9
9.521166,8.22
7.820142,6.99
7.7210846,6.59
7.156502,6.19
7.898669,6.23
6.1097493,7.35
6.4209065,5.17
7.3052783,7.66
9.628646,9.31
8.746325,8.52
8.30108,8.3
8.583981,7.44
7.512247,7.8
7.824017,6.35
7.9069963,7.35
7.014861,8.22
6.011693,4.69
5.1449194,4.62
7.366759,5.63
6.5602036,4.82
6.457545,6.65
6.480566,6.62
6.9195895,8.03
7.2131205,5.25
6.6086454,7.55
6.7093844,7.17
6.4142346,7.85
5.418385,6.0
7.044283,5.52
6.18904,6.82
7.465975,7.68
5.634731,5.16
5.916056,4.89
7.9015226,7.7
6.9480762,7.44
6.623765,5.19
4.5718136,5.09
5.782665,5.8
5.8885546,4.17
7.638084,7.44
6.2555156,6.96
5.747345,5.74
7.6768374,4.05
6.12226,6.3
7.224977,8.7
7.3989887,7.48
5.5140963,5.5
7.5914736,6.55
6.295332,6.65
6.0679393,5.34
6.024061,7.13
7.2000427,7.89
6.7854466,5.59
5.8887286,5.59
7.0895777,6.16
7.186897,7.23
6.057563,6.67
5.947025,6.19
7.5677433,6.96
6.684602,5.27
5.720342,6.6
6.186405,6.06
7.206869,6.64
5.7762146,6.26
6.917249,6.54
6.4636083,6.43
5.5207586,6.14
7.589728,7.3
6.793494,6.68
5.4299736,6.4
7.2321296,7.0
6.6909738,7.45
7.3625674,7.24
6.6299257,6.34
6.580663,7.9
6.0799294,5.82
7.4392505,6.92
6.9550476,7.0
5.1321826,6.01
7.1830587,7.1
6.5460668,5.73
7.2985597,7.32
6.49089,7.66
6.977595,4.29
7.592383,8.18
7.640745,7.7
7.08895,7.72
6.1419177,5.36
8.117025,8.36
6.8682346,5.24
6.8739243,5.05
7.768924,6.64
7.8353815,5.36
7.073488,6.96
8.270788,7.82
6.481122,5.7
7.374304,7.96
7.1387715,5.03
6.579741,5.8
5.480345,6.19
7.142467,7.33
5.4752707,6.4
6.141375,5.64
6.6907463,7.4
6.2886114,7.4
6.948275,7.06
7.646374,7.6
6.41716,4.29
6.215231,6.77
6.577872,5.53
7.477932,7.22
6.732791,7.6
7.5781245,7.9
6.4020586,5.79
6.6535196,5.48
6.7552214,7.9
6.587893,6.4
5.016421,4.55
5.0984707,4.27
6.2422056,5.44
6.1291146,4.87
5.4527035,3.19
7.1627526,5.71
7.3735065,7.16
7.878571,7.43
7.2601986,5.72
6.1384153,4.76
6.393273,4.75
5.550111,4.64
3.9875546,4.64
6.2688956,5.48
6.2911286,5.8
5.4000745,4.65
5.6822696,6.37
5.6562386,3.96
5.2784944,6.33
6.0094795,4.83
5.7829685,6.77
4.38872,5.54
6.48197,3.59
5.046536,4.67
6.0166254,8.74
4.6488,3.85
5.827934,7.14
5.7317424,4.31
6.381268,6.59
5.833678,5.04
6.165699,5.26
5.215899,4.0
4.215233,3.52
4.970569,5.24
4.9468155,4.11
5.4793773,4.77
5.4413915,5.26
5.6292667,6.5
5.8759403,4.81
5.428059,4.31
4.914225,4.7
5.407674,7.17
5.080325,5.33
5.9848886,6.23
4.8821917,4.24
5.187711,4.47
5.7215567,6.3
6.439927,3.0
5.770733,4.57
5.3014927,7.37
6.058345,4.75
4.497854,4.66
5.7823725,4.74
6.6790524,6.44
6.123953,7.0
6.0078816,2.28
6.492386,5.97
5.536433,7.28
5.694472,4.34
5.9797935,4.24
5.812036,4.41
6.327726,8.01
6.3201494,5.7
7.047276,5.09
6.107816,7.4
6.314884,5.82
7.2505746,5.31
6.186775,4.91
5.743699,4.85
6.316956,5.77
5.802425,6.28
6.080557,5.92
6.444588,6.4
5.880233,4.39
5.169115,4.3
6.3389573,7.59
6.3359294,7.0
5.423661,5.74
4.992795,5.74
6.081028,4.85
5.673618,7.92
4.967423,5.2
5.7159986,6.7
5.72606,5.18
7.1644273,7.92
5.516275,4.74
5.8984385,6.3
5.4586635,5.43
5.407863,4.59
5.38844,4.82
5.144455,2.3
5.137725,4.22
8.311803,8.0
5.376816,6.22
4.8303137,5.51
5.407864,6.4
5.4077497,4.02
6.0936384,5.46
5.269423,7.12
5.6695037,4.54
5.632704,6.82
5.79051,6.89
5.7828016,6.23
8.3529,6.13
6.379992,5.6
6.6621075,7.27
5.702494,4.6
6.557277,5.4
7.198365,5.8
6.573184,5.4
6.275004,5.8
7.2249784,6.07
7.82691,8.06
5.882032,6.75
6.5663557,5.78
6.4552,7.05
7.1586657,5.4
6.4222364,5.42
6.9095907,5.6
4.6412225,5.45
7.165337,8.01
7.7871385,7.66
8.782545,8.89
6.110512,6.3
6.431521,7.13
7.4402328,7.08
7.258341,8.03
6.78484,7.11
6.452989,6.75
5.831241,7.8
6.063262,5.5
6.5656214,7.01
7.108423,7.12
5.4294024,5.32
6.6682863,6.4
8.489484,8.15
6.289619,5.7
6.480955,6.49
7.70759,8.46
6.609837,4.73
7.6177335,8.96
8.047409,8.02
7.480474,5.51
7.102875,8.19
7.243221,7.7
6.702123,7.38
8.307987,9.1
6.6528044,7.3
6.3462176,5.37
6.382868,8.1
5.441452,5.4
7.218415,7.57
7.40293,6.54
8.503012,7.24
5.8962045,5.57
6.482718,6.61
6.883928,6.71
6.782711,7.04
6.651292,6.42
7.3319383,7.59
6.572532,7.89
7.949754,7.43
5.478152,6.8
6.8090386,7.55
6.5805526,7.66
8.110357,8.36
5.8461547,7.89
5.636119,6.1
5.995647,7.54
6.2390327,6.3
6.813264,4.66
7.2416277,6.77
8.167624,8.64
5.3569765,6.6
6.9715157,8.06
6.3713083,6.4
5.6502094,5.05
4.902333,5.92
5.4409246,7.01
4.9534845,3.92
6.2417493,6.01
5.587846,6.17
4.7043543,3.11
5.0205626,5.05
5.550199,6.29
5.516854,3.72
5.275225,4.28
6.7233243,4.43
4.8472013,6.05
5.075593,6.83
5.5198307,4.11
5.1796913,5.75
7.1717186,5.59
5.391893,4.12
6.083339,4.97
4.8713045,6.15
5.3024826,4.98
4.783555,4.37
7.024068,6.1
5.0225673,7.24
5.8099966,6.44
6.9454594,7.51
5.4387226,5.69
6.63943,5.68
6.3727937,7.39
6.949491,7.7
7.1692047,8.11
6.049521,7.05
8.040637,7.01
5.7977033,6.97
7.891872,7.4
7.6302214,6.36
6.1423907,7.86
7.3955383,7.66
7.931189,7.72
6.2489367,5.55
4.6106524,7.92
6.5661483,8.44
6.163499,8.1
7.1345387,7.7
7.0743976,7.7
7.6265683,5.53
7.130577,8.7
8.379538,7.54
7.336548,6.81
9.218678,9.42
7.4738884,6.84
7.4041414,8.98
7.1629796,7.49
8.32786,8.7
7.3239965,6.74
7.479305,6.28
6.7833023,8.4
8.397971,9.52
5.689121,6.9
8.044984,4.66
7.665431,8.52
8.718159,9.33
8.214935,7.31
9.389996,7.92
6.587893,5.0
8.472904,9.24
6.250573,5.9
8.147417,7.71
7.959735,8.4
7.930988,8.05
6.7290983,6.61
6.407852,6.19
6.42879,5.62
7.010781,6.85
7.351862,7.31
7.387777,7.85
5.8645277,7.72
8.633299,9.24
8.153385,6.07
9.073244,10.3
6.449606,6.32
8.54835,8.83
8.911911,9.22
7.5436807,7.49
7.2359247,6.83
7.031544,7.27
6.8831744,7.46
6.851019,7.46
5.5727754,5.9
7.7518606,5.62
8.29628,8.13
6.6771145,6.82
7.808909,9.15
8.418746,9.4
7.5893145,7.12
8.04865,7.86
8.100613,8.52
7.347804,8.52
7.8089094,8.43
6.6191316,6.62
8.776764,8.52
6.7533727,5.0
6.165826,6.16
5.9914775,7.04
7.2908487,8.33
6.836992,6.92
8.61301,6.88
8.512764,8.48
8.741696,8.79
8.110263,10.22
8.239273,8.32
8.381445,8.76
7.9483123,9.0
6.514507,7.07
7.5944276,8.4
7.2630506,6.19
8.144185,10.1
6.962881,6.44
8.335232,7.51
6.0059032,6.62
8.717894,8.6
7.4241023,7.19
5.8729014,4.82
5.581008,5.47
6.448384,5.6
4.8766947,5.2
8.42817,5.48
5.718833,7.08
5.1268544,3.54
7.1236553,7.64
5.9699144,5.7
6.7666216,6.49
7.0321665,6.68
6.2351065,6.57
5.396431,3.4
4.3519554,5.47
6.3296514,6.42
4.997511,5.52
4.437747,4.85
6.0126467,7.4
5.1960964,5.4
6.826387,8.85
5.177088,4.88
6.879852,7.44
6.3709974,6.3
6.198625,6.3
5.4478965,6.3
6.954403,6.0
6.0378447,7.68
5.6318,7.0
4.9452505,4.89
5.400833,5.52
6.1328845,6.0
7.2414937,7.38
8.4616585,9.6
9.163759,9.34
4.8028245,6.18
6.4088106,8.13
5.725858,6.5
5.6031694,6.6
7.1354175,7.7
6.552295,5.28
6.063609,4.88
5.9124317,5.38
5.5140843,4.25
5.7467637,6.68
5.199822,4.57
4.8777957,5.42
5.2648883,6.4
5.3349695,5.39
5.8159943,7.77
7.1023912,6.52
6.715613,6.02
6.5963635,4.99
5.8334036,5.24
5.762457,5.44
5.195545,4.0
6.460441,5.52
5.6621985,4.51
5.368291,7.32
6.5074143,6.12
5.238532,4.56
6.5505133,6.89
5.4315453,5.76
5.693391,5.1
4.9431467,4.54
8.266182,7.92
6.526902,6.0
5.9013934,6.9
5.728178,7.9
6.8056855,7.1
6.9468226,8.5
6.5858264,6.2
6.8077803,6.11
5.714428,5.01
6.6926475,6.36
6.811095,7.3
6.5632505,6.1
6.233223,5.64
6.6637692,7.99
6.5176716,7.3
6.6752033,5.24
6.27566,5.0
6.047221,8.04
6.8161087,5.91
7.790163,7.89
6.281947,6.09
6.476284,7.36
4.79329,5.42
7.1917057,8.01
4.256562,4.1
7.074314,7.72
6.434746,5.77
4.1115265,4.01
4.445594,2.6
3.0609555,4.09
6.69758,4.14
5.524015,3.38
7.6415205,7.62
7.613317,8.4
6.677008,7.27
7.697887,7.62
6.2373548,6.01
8.739634,6.8
8.268399,6.75
7.386606,7.35
6.4627886,6.9
8.134533,8.46
7.902434,9.0
7.163143,6.72
7.114491,6.03
7.455499,7.8
8.006292,8.49
7.3533435,6.24
7.9859953,7.55
7.76226,7.01
8.513795,8.85
7.8095307,6.52
6.603324,5.49
6.9908133,7.13
7.582468,6.5
7.7557526,7.74
6.5981927,8.43
6.302605,8.38
6.826237,7.39
7.710029,6.24
7.8587523,6.52
6.523468,8.07
8.400944,7.77
7.515032,7.8
6.972357,6.82
6.81789,7.98
8.934082,7.49
7.2931814,7.72
7.4343586,5.88
7.999329,8.05
7.416216,5.6
7.4976025,7.32
8.143978,7.89
7.119726,9.0
6.1783834,6.84
7.740336,6.54
7.232097,9.0
6.2001333,8.24
7.6880198,8.64
7.830941,6.49
7.905894,6.76
7.851261,7.14
8.376849,7.68
7.979917,8.15
7.7102227,8.3
8.267145,5.92
7.7117352,7.92
6.1750956,6.33
7.318904,7.62
6.004516,7.03
7.8770084,8.52
7.1105547,7.24
6.784728,6.96
7.2367907,7.7
7.2303023,6.08
7.5879645,7.49
6.994829,5.96
7.066414,6.68
7.4051523,8.15
8.1310625,11.28
7.1253643,6.51
5.439918,5.48
7.477641,7.08
8.03695,6.43
6.0791683,5.77
6.1545606,6.7
6.766542,6.2
6.3446636,6.4
5.783197,6.9
6.2003536,6.0
6.287266,5.5
6.169139,5.7
6.4643044,5.3
5.3662972,6.3
6.376474,6.9
6.364783,6.52
5.4708915,6.0
6.2683516,7.1
6.888049,6.0
6.7864604,6.7
7.1349196,6.59
6.197537,5.5
6.4034166,6.9
6.058349,6.0
6.027303,5.8
6.9298077,6.55
7.907311,8.0
7.7904654,8.38
5.4962597,5.9
8.322947,8.38
6.27213,7.0
7.6331115,8.09
8.764112,8.6
8.275305,8.48
8.176398,7.82
7.564522,7.74
8.180345,8.59
5.172593,5.8
6.7069035,5.8
7.5349803,9.22
7.4706736,7.8
7.832655,7.96
7.9254866,8.54
7.4891148,8.77
6.022535,5.77
6.6802893,5.29
6.645392,5.95
7.227599,7.77
7.4911375,7.52
6.9439416,7.77
7.3753757,6.31
6.991475,6.13
8.156487,7.03
7.0932746,9.17
5.905919,8.04
5.9102364,6.5
6.397357,5.55
8.130438,8.47
5.943355,7.7
6.510394,5.84
5.357495,5.07
7.721437,6.99
6.9388742,7.59
5.245593,5.07
5.8704066,5.05
6.1286793,6.76
5.8649654,7.02
7.114519,6.3
6.372426,6.37
6.01243,6.58
8.012395,8.15
5.4043417,7.68
8.800463,8.3
6.7283626,7.89
6.9952183,6.51
5.9671674,5.84
6.8090997,6.89
6.436452,5.46
7.0270457,6.85
7.7271566,7.96
6.1785135,5.69
8.805683,9.08
5.5936546,6.8
6.031835,5.82
5.9870143,6.89
6.7625775,7.29
7.659004,7.7
7.8424673,8.7
8.782145,8.28
7.863372,8.16
5.828217,4.34
6.976572,8.7
8.5766,8.72
7.115437,8.0
8.740318,7.31
6.4207673,6.3
5.410089,4.96
7.8070025,8.7
6.538622,6.0
7.3904037,7.1
8.029026,9.3
7.9311295,8.7
6.788691,7.7
7.2411113,8.1
4.879589,4.12
7.4054875,8.0
8.429066,9.52
6.207954,6.9
3.7868006,3.7
8.061241,8.35
6.5086737,8.4
7.248856,6.22
5.4615917,4.54
6.1470857,4.64
5.276326,4.19
7.370563,8.52
6.385799,8.0
6.9879904,5.02
7.11526,5.73
7.9317913,8.7
7.620709,4.89
7.917978,7.66
6.036751,8.0
6.3578005,5.92
6.384404,7.68
6.3468904,6.35
7.2647038,6.94
6.159669,6.85
6.771249,8.0
7.0317183,8.0
8.609858,8.0
7.460157,8.0
5.9155803,5.11
6.3320394,6.1
6.374207,6.66
5.6500883,5.85
6.314499,8.3
5.8233747,5.39
6.1541195,5.8
6.1975884,5.73
6.554003,6.38
5.6237264,5.95
6.132411,5.97
6.1110315,5.88
7.741233,7.59
6.437727,5.64
7.3881836,5.79
6.5461073,6.16
6.3204455,6.08
6.891027,7.59
6.9856176,6.44
5.969276,6.13
6.2791085,5.93
6.630493,5.3
6.549352,7.96
5.955055,5.33
7.7842546,7.19
6.375458,6.26
6.98469,5.6
7.178692,8.08
5.1677794,4.64
5.958803,6.07
5.8848763,5.1
5.7971115,5.47
6.1223216,5.5
6.426366,7.17
5.2143745,7.15
5.4469576,5.69
6.121347,6.75
6.666955,6.41
8.033533,7.22
5.865432,7.8
5.817707,6.81
6.988468,6.96
7.1481934,7.11
6.577389,6.47
7.986226,8.3
6.708073,6.22
6.6575227,6.0
7.5114317,7.96
7.214006,9.0
8.299157,8.85
6.854391,8.05
8.357551,9.16
8.618954,8.46
7.1503086,8.68
6.2683077,8.03
5.2848287,4.54
5.630072,5.15
6.2165866,4.48
5.484631,4.89
5.735346,6.64
6.384345,7.17
5.8165417,8.51
4.683204,4.53
4.89706,7.72
8.432456,7.31
5.010522,7.22
5.819101,6.8
5.486927,7.07
7.3381505,5.42
5.850007,5.66
6.657427,6.27
7.297926,7.44
7.071574,6.85
5.8852487,6.92
7.910185,8.96
5.88132,6.52
6.6501355,7.48
7.739867,9.03
6.2419066,7.85
5.615117,5.39
7.035741,5.2
5.879011,6.46
5.6825066,4.97
6.430559,4.92
7.1375284,7.8
5.749989,5.36
6.0027976,6.08
8.743315,7.01
5.756649,5.66
7.11843,7.7
5.804819,5.54
5.717612,4.77
6.9465175,6.92
8.722322,9.0
6.764292,7.11
5.4066505,4.92
9.474312,10.0
6.554709,4.96
5.926095,5.77
6.568333,6.43
7.979128,6.28
9.20776,10.0
8.246109,7.72
7.1230865,8.82
7.878515,8.3
6.1338673,5.99
7.275812,8.1
6.686621,5.94
7.0681944,6.74
7.115706,7.6
6.4814024,6.74
5.5394306,5.21
7.0179853,8.37
6.4672785,6.52
6.316075,7.6
6.507204,5.2
7.650158,7.6
6.353776,6.47
7.0575724,8.7
4.7814083,8.78
6.499931,6.22
7.24338,6.57
6.40831,6.96
6.671016,6.46
7.9813805,7.17
3.7058282,4.9
7.2831144,7.54
5.861221,6.68
6.699025,5.6
6.947824,8.89
6.7575493,7.25
7.0126324,9.4
7.0831966,8.17
6.3103313,5.29
7.5212836,8.1
7.51271,8.3
6.919818,5.8
7.087401,8.1
7.0794883,6.06
7.386835,7.96
7.451321,7.7
6.179731,6.3
6.174299,7.09
7.646652,8.52
6.71355,7.48
7.588443,9.29
7.248922,7.96
6.246933,5.6
7.248916,8.15
7.165799,7.85
7.9585667,7.55
7.118414,8.52
7.4475217,9.25
6.8489604,7.79
7.965958,9.1
6.9289813,8.55
5.703315,5.73
7.151877,7.33
7.554604,8.48
6.8524384,6.38
7.010953,7.72
6.4324455,7.52
6.3777814,5.9
6.9480247,7.09
7.0036826,5.39
6.9557247,6.4
6.019265,5.4
6.0847826,6.0
8.045965,8.34
6.8381824,7.89
7.405027,6.8
8.227053,8.3
6.689432,4.8
6.529074,8.28
5.458848,4.94
5.579352,6.28
6.4604774,5.02
6.4789104,6.95
4.455508,2.85
4.840765,5.77
5.306811,5.94
5.486814,3.15
4.906636,5.0
6.081893,7.15
6.723265,7.79
7.437893,6.5
7.6747966,8.72
7.0227404,7.78
6.9603777,7.64
6.605265,6.35
6.7207165,8.54
7.4136877,4.41
5.7616653,4.17
6.2043366,4.07
6.252527,5.52
6.449299,5.37
8.528598,8.77
6.3966355,5.35
7.276027,4.22
7.3074417,4.36
4.6741447,7.49
5.8533497,4.49
7.516473,4.1
5.4068327,4.57
5.90563,4.46
5.2675323,5.37
4.9291415,4.74
5.6208105,4.6
8.411585,8.15
6.9868555,4.3
5.970314,4.94
5.5454626,4.27
7.443568,4.59
7.1254272,4.31
7.8796554,4.6
6.698245,4.25
6.966379,4.65
6.9327126,6.15
8.07337,8.85
6.5949936,4.35
6.11294,4.74
6.8223767,8.32
5.9100513,4.84
4.99263,3.8
4.8047466,4.66
6.417267,5.94
6.01194,7.7
5.933304,5.94
6.1129274,5.29
6.9076557,5.33
6.740227,6.54
5.761403,8.62
6.751729,6.82
6.144689,6.43
5.553153,5.47
6.3042274,4.96
6.6635923,6.45
6.728858,6.41
7.727935,6.04
5.9200125,4.99
5.787347,5.36
6.649354,4.68
6.6396866,6.77
5.1560597,5.81
5.7665873,6.07
5.148233,6.1
6.8681774,5.73
6.1090937,6.29
6.100002,6.02
8.137965,7.18
8.489968,4.88
5.351236,5.19
6.17369,5.32
6.051141,4.03
6.734235,6.7
6.0489755,6.77
5.8685775,7.59
5.479905,5.6
6.6079535,5.19
6.963431,5.72
6.808895,6.89
6.1439285,5.28
5.8322563,5.73
5.8530726,4.82
6.1127076,6.9
6.9091535,7.75
6.8150773,8.35
4.5425043,6.02
5.739836,6.16
6.790339,6.05
5.572444,5.58
4.6290865,5.79
5.7036314,5.51
6.786566,4.29
6.589112,9.3
6.0337934,4.48
5.862768,5.78
5.664662,6.05
5.887328,6.16
6.798817,6.68
5.302335,4.68
6.974514,7.06
6.705077,4.52
6.3162603,4.74
5.699132,4.0
6.6861444,4.0
7.1803255,7.29
5.071363,6.98
5.915764,8.02
5.202447,5.4
5.290946,6.02
4.5124226,6.81
5.5287642,4.56
5.9230504,5.84
5.370159,6.7
4.8315554,3.73
6.0496764,7.23
5.757827,7.37
7.738637,8.52
6.7657905,6.18
6.2185473,3.2
5.613369,4.37
5.1446867,6.74
7.1233726,6.53
7.293928,6.85
7.7845335,9.3
5.485196,4.11
7.440097,6.04
5.5628457,5.07
6.1046534,6.24
4.946979,3.64
6.0542545,6.68
4.6334014,3.0
6.3281856,4.36
5.2634087,5.74
6.2332516,6.7
4.429077,7.12
5.311894,3.0
6.5509095,5.77
7.1976013,8.4
5.579618,4.69
5.2224355,4.55
5.4879775,2.92
6.868005,5.51
6.966628,6.55
5.8168344,6.16
6.6323967,6.45
6.006866,5.66
5.5155377,6.61
7.484073,6.24
6.932353,7.38
5.3810005,4.69
6.3444233,7.16
4.589036,5.8
6.690603,7.01
5.84069,5.28
5.853259,5.72
5.997378,4.42
6.784401,4.2
5.838235,5.11
5.0554147,3.94
5.231185,4.01
5.9953227,3.29
7.8234015,8.35
5.826539,6.24
6.912773,5.39
5.6702704,6.85
7.1906953,6.35
5.9193416,5.92
4.8719068,6.99
5.4636497,5.28
7.1437984,6.92
7.1388597,6.85
5.773001,6.09
7.033955,5.58
6.9729223,6.66
6.838594,6.52
7.631263,9.22
6.293348,4.85
6.334109,5.89
6.3021965,5.12
5.030117,4.55
4.694219,3.65
5.843948,4.67
4.9108644,3.82
3.4220161,5.64
5.9973755,5.04
4.377891,2.19
4.0867777,3.76
4.8473797,4.85
4.447152,4.9
6.2126737,3.46
4.4130545,4.86
6.671353,4.69
5.9783707,3.76
5.721571,5.05
6.8676605,5.05
4.8257914,4.99
5.3283978,6.1
5.5315857,5.6
6.243021,5.3
6.1576076,6.64
6.500053,6.1
5.239363,5.2
6.217574,5.9
6.2467694,4.52
6.9276857,7.3
7.496365,5.4
6.6870737,6.3
6.771279,7.35
7.228742,5.68
6.2820764,5.44
5.4705873,4.84
7.132964,7.46
8.089456,8.3
5.8461094,6.4
8.2795515,7.54
6.4899564,7.8
7.089315,5.77
7.005723,7.28
5.4474277,6.1
5.8578253,6.92
5.8927336,5.22
4.7679925,5.08
6.516874,7.4
6.258976,7.19
5.4282246,5.66
5.595972,5.7
6.885162,6.15
8.587384,7.72
7.118238,7.09
5.6242895,5.46
6.179547,6.0
5.243742,5.4
7.2850223,7.52
5.735695,5.75
6.924857,4.9
6.2891493,6.66
7.5404058,5.38
8.412639,5.76
7.6280727,7.77
5.2130513,4.7
6.327275,8.3
8.582977,9.0
7.411784,7.15
7.4139543,7.1
6.0114307,6.4
6.0264297,8.4
6.4456224,5.6
6.4182553,6.83
8.171036,8.13
8.3510895,7.72
6.0753365,8.0
7.543853,9.48
6.778752,7.64
6.429974,7.72
6.637277,9.0
7.14897,9.59
7.511048,9.03
6.350555,5.5
6.35609,5.54
7.2636685,6.24
7.963768,7.84
5.494579,6.25
5.6606646,6.89
5.5802345,5.4
6.625827,5.8
5.93334,6.61
6.4906077,5.12
5.777004,5.37
6.514658,6.71
6.854278,7.54
6.373388,6.31
6.0810246,5.22
7.2381077,8.0
7.2927103,7.96
6.379789,6.23
6.312813,5.61
7.897661,6.83
6.4851103,9.18
8.200315,7.35
6.071737,6.15
7.09626,6.45
6.820727,8.17
6.8376684,7.71
5.716463,4.3
6.405197,9.33
6.4600716,7.5
7.4835873,7.43
7.086621,7.41
6.329481,5.4
5.6582003,4.12
6.1112013,6.91
6.336449,6.57
6.823701,5.57
6.499717,6.8
5.297668,7.6
7.5160813,8.22
7.158081,8.05
6.182649,6.85
6.619837,7.26
6.393702,6.22
7.247176,8.3
5.677613,5.66
6.5930977,8.4
8.1560955,7.6
7.314566,7.12
6.2897115,6.01
6.4565234,8.11
5.8667912,7.4
6.1808033,7.21
6.05839,4.9
7.311452,6.02
7.2838583,8.05
6.748561,8.3
6.2460074,7.24
7.022487,8.15
6.2447734,7.28
6.6585064,5.77
6.915998,7.82
4.5621853,5.1
5.41766,6.34
6.7996173,7.8
8.039683,9.0
6.827862,8.0
6.9024396,5.03
5.47352,6.59
6.878943,6.11
5.0920258,4.92
5.828828,4.39
5.3390794,4.32
6.00562,5.39
5.54675,4.47
6.274358,4.41
5.6067634,3.97
8.076661,6.0
6.7534537,8.0
8.491667,8.0
6.600292,7.0
7.6583495,6.0
7.1887884,8.0
8.788662,7.0
8.0386915,6.0
7.8765254,8.0
8.595851,8.0
7.579272,8.0
7.5670476,6.0
6.5500317,8.36
5.692488,5.07
6.0852547,4.71
6.2755575,6.32
6.4709435,6.0
5.5507784,5.4
6.967229,5.07
5.656808,5.7
5.6805944,5.92
3.5320668,4.05
5.361436,3.28
5.070793,4.5
5.6110086,5.46
5.5357,7.44
7.2912908,6.79
7.13247,5.0
7.42217,8.0
5.670128,7.0
5.975125,5.82
7.024316,6.0
6.243795,6.0
5.877835,7.0
7.2972164,7.0
6.9879513,7.38
6.110445,6.0
6.2286515,6.22
6.442826,6.0
6.3750467,7.0
6.702934,7.0
6.753191,8.0
5.033504,5.77
6.3348885,6.0
5.8219523,2.08
4.9184084,4.85
6.057506,6.6
5.3333087,4.0
5.1573157,5.66
5.9744897,6.1
7.1679173,7.74
5.4022036,4.61
6.572932,7.14
6.8122973,7.0
7.5287275,6.57
5.5148187,5.3
5.8744144,7.37
5.641988,4.88
6.234315,7.54
6.568683,6.02
5.034001,4.77
5.860243,6.33
7.609788,7.28
6.158144,5.09
6.616741,6.64
7.838132,9.95
6.195206,7.6
6.3723836,7.85
6.830745,6.19
6.029954,5.11
5.197754,4.87
6.444007,4.0
4.02824,4.92
6.571135,4.35
5.0925794,4.87
7.4670634,5.65
4.732714,3.72
4.2396965,4.06
6.018975,6.25
6.4407563,10.82
3.8090851,2.75
6.8297276,6.55
7.099144,7.6
5.9283032,3.73
7.659946,6.34
4.969277,2.29
7.6039715,8.35
6.571892,5.1
5.0418177,6.1
5.745405,5.24
5.9084854,6.17
5.5810866,6.66
8.370073,6.04
5.3856816,6.96
6.1238527,4.96
7.1170597,6.68
7.3668547,6.92
7.79985,6.05
8.211952,6.96
7.766261,6.87
6.3871694,6.33
7.0234547,5.41
7.558155,7.14
6.7423544,6.89
6.155909,6.06
6.273134,6.12
6.8053637,7.55
7.0362487,7.13
7.520323,8.3
6.782889,6.53
6.5521064,5.38
7.0544043,5.42
6.084845,6.84
6.4318986,5.92
7.679777,6.28
6.092395,6.08
7.0054584,5.82
6.8419695,8.42
6.930531,7.74
6.9076705,6.37
6.130889,7.66
6.2860103,7.74
6.2881756,8.33
5.554036,5.0
7.4587035,7.47
6.510003,6.3
6.6569304,8.09
7.3159947,8.1
6.1123137,7.96
6.9492903,7.21
6.210127,8.22
5.611062,7.4
6.296382,6.9
6.786143,7.15
5.6551733,7.52
7.6789217,6.72
7.3735733,7.3
7.3772774,7.92
7.4884334,5.77
7.841843,8.9
7.2162275,8.06
6.806378,7.36
6.000824,6.03
6.961995,5.0
7.3342457,7.25
7.6715736,5.73
8.025007,6.92
7.0889072,6.35
6.539942,7.02
6.412273,6.26
6.984672,9.05
6.197558,7.28
7.208348,6.9
8.319633,8.22
6.1102695,6.88
6.7861056,8.33
5.813118,6.79
6.618604,6.24
6.5919027,8.85
7.1015677,6.92
7.1955643,5.69
6.29655,5.42
6.5471115,9.1
7.156557,6.37
6.5296245,8.15
7.1325727,7.41
6.01011,6.2
6.96542,6.73
7.2632914,5.05
7.507212,5.7
7.613195,6.13
6.8057113,5.06
5.38768,6.1
6.5585523,6.05
7.5250707,7.82
7.002446,7.3
7.3601675,8.14
6.8905935,6.48
5.3943577,5.0
7.1642747,8.52
7.4857187,7.72
6.4574027,5.0
6.845842,6.52
7.429895,7.55
7.43417,6.46
7.223119,6.66
7.1365895,6.59
7.148203,5.74
5.9336605,6.63
7.4609814,9.0
7.23056,5.47
6.4913654,7.05
6.9597244,5.3
7.805086,8.1
6.3006463,6.66
7.5954323,5.98
6.249429,9.1
7.143633,7.36
7.003897,5.87
8.689065,8.85
5.8546424,4.31
6.681521,4.43
6.5580406,4.8
5.879715,5.01
5.1406136,4.17
6.3059773,7.22
6.416811,6.77
5.908558,5.18
5.6227846,4.47
6.5523543,4.3
6.911624,4.85
6.253666,4.28
6.935642,4.52
6.447792,4.14
6.090294,5.27
5.53883,5.32
5.1516485,4.08
6.8345,7.52
9.038539,9.66
5.910702,7.13
5.9357567,4.91
6.5976543,8.05
6.8808312,6.49
6.7662888,7.12
7.6269994,7.18
6.800915,5.49
4.767819,5.7
7.4055095,9.0
7.1855826,7.57
7.344297,8.4
4.8185887,6.05
6.8086386,5.15
6.4682503,7.6
7.195658,6.9
6.7056756,6.25
8.316558,7.11
5.9260936,5.99
6.238104,5.46
7.188945,4.08
6.3124294,8.3
5.2177014,4.75
4.512827,3.47
6.3845415,6.31
5.4473467,4.14
3.655862,3.7
6.0527134,4.92
5.781556,4.36
4.572175,4.46
4.246374,3.28
5.2044473,3.94
3.6227047,4.02
5.8802466,4.24
6.6135035,5.11
5.8662047,6.92
5.0784607,4.32
5.5157657,4.72
5.981132,4.41
5.2394447,4.85
5.985024,5.18
4.7749376,6.12
5.652299,4.96
5.0137024,5.15
5.0569477,5.64
5.0403647,5.05
5.6802073,4.16
5.475666,4.14
6.7468905,6.7
5.3556275,4.41
3.81905,4.92
5.444901,4.38
4.954751,5.48
6.020244,4.89
4.861285,6.04
4.7915926,5.02
4.7620025,5.42
5.378422,4.74
5.359505,4.55
6.517371,5.14
6.0521016,4.86
6.843869,5.95
6.348993,4.42
8.010813,8.91
5.4847627,4.44
6.1944556,4.15
5.1208615,4.7
5.705573,6.35
5.3521624,4.88
5.5125475,6.27
5.78497,6.08
5.004656,6.01
6.3066154,5.59
4.5542564,4.81
5.482082,5.59
4.8048973,6.11
6.447117,8.0
7.6142855,7.36
4.345828,5.09
6.1872606,6.82
8.004256,7.3
5.856201,7.72
6.045724,5.85
7.343542,7.8
6.76814,6.19
8.111126,7.52
5.074578,4.22
6.86416,7.64
8.597156,5.49
6.464674,5.57
8.045482,7.21
6.90918,6.51
5.794078,4.52
7.1086636,7.28
7.2076554,7.27
6.7936287,6.37
8.386627,6.44
5.921256,6.59
6.661065,7.82
5.0055823,5.57
6.5697365,7.33
5.5293903,6.05
6.791268,6.86
3.5892365,6.52
6.4802327,6.6
7.2943215,7.72
6.7401958,6.16
7.148653,6.37
6.4356775,5.44
7.0686226,8.47
7.3872933,9.15
7.5980434,7.69
7.601655,6.89
6.4938755,6.48
6.9517407,4.29
4.904506,5.8
7.028484,7.05
6.5277333,6.28
6.8322663,7.42
6.386984,5.12
6.2871175,5.5
6.8657446,6.12
6.42556,6.47
7.708558,8.44
7.5481524,7.42
5.6212363,4.83
6.981154,6.63
8.355811,8.54
6.658244,8.7
7.540326,7.1
5.788913,6.14
6.9242296,6.47
7.392313,6.7
8.150734,7.25
6.41946,7.49
7.116731,6.49
5.9200983,5.38
5.0486255,6.16
7.3076706,7.38
7.447495,7.17
7.939072,7.61
7.527243,5.11
8.906223,8.96
5.376913,5.25
7.3092947,5.15
6.329711,6.21
5.2295804,5.74
5.9518504,3.87
5.3154173,5.03
5.780934,6.05
6.774036,7.21
5.1781187,5.4
7.4688663,7.85
6.811435,7.13
7.2670035,6.47
6.952116,4.0
4.9664435,6.71
6.1940775,7.46
4.7991686,5.27
6.055248,6.17
8.541209,7.92
8.104798,8.21
6.976612,4.82
6.821236,7.15
6.0141587,6.35
6.313226,6.74
7.678381,6.4
7.2063704,8.21
8.049298,7.52
6.2888103,7.28
6.3626127,7.52
8.175131,6.66
6.462325,6.61
5.9955583,4.95
5.851323,4.34
5.7503114,6.24
6.243439,5.73
6.5265894,6.98
6.0010796,5.77
5.755404,5.85
7.3285475,7.27
5.273565,5.74
5.9382906,4.72
7.473726,6.32
4.8624115,4.99
6.104156,7.4
6.204245,6.4
5.609652,6.74
5.2434115,4.7
8.226961,8.52
5.5704584,5.96
7.5953493,7.51
7.959233,7.49
4.5015173,3.51
6.8256984,7.6
7.6145816,5.67
5.883606,6.96
7.179846,6.16
6.506485,6.49
7.5469246,7.23
6.3016505,5.85
6.597845,4.0
7.4560595,6.41
6.8302565,5.23
4.495223,4.92
8.547891,8.62
7.034476,6.13
6.512101,6.98
5.589286,5.3
6.5718775,8.96
7.758292,7.32
5.6206937,5.68
7.188525,7.92
8.524151,7.88
6.7482495,8.22
6.3985443,7.59
6.5624714,5.68
7.235279,6.9
5.0400076,4.89
6.882463,6.27
7.228944,8.1
6.905097,7.82
8.682962,8.57
5.437252,7.07
4.953249,5.76
6.502582,4.81
8.31311,7.22
7.4739084,7.11
7.7584953,7.94
6.0008802,4.65
4.5852375,5.23
6.852188,6.38
7.310704,7.56
7.649506,8.1
8.984811,8.7
6.8786287,6.73
5.912855,2.85
7.1244864,6.69
4.567268,3.43
5.7791023,5.8
7.3234982,6.38
7.2091646,8.59
6.738805,7.96
7.6696362,8.4
4.9463286,7.25
5.456816,4.32
6.6559653,6.4
6.107954,5.96
6.698906,7.96
5.830661,4.74
6.9913406,7.77
7.3269367,8.16
5.480363,5.57
7.073722,5.48
7.7397556,8.02
7.13256,8.22
5.5442343,4.94
5.843483,5.08
6.7405624,7.54
6.148311,8.17
7.7847166,7.55
6.17376,5.3
6.88395,5.72
8.160068,7.02
5.3963213,5.29
7.199297,6.95
7.833148,7.06
7.0020413,7.1
6.4984307,6.48
8.88462,8.64
7.5369363,8.14
5.7340546,4.65
6.597423,4.69
5.3795753,5.28
6.919947,5.1
7.11981,6.43
5.456421,6.09
5.179215,3.66
7.4354024,6.06
5.1920843,6.97
8.379451,7.58
7.1867642,6.31
4.9159994,4.0
6.4749393,8.02
5.7997603,6.47
7.2545376,8.11
7.9298773,7.72
8.060682,6.74
5.607507,5.28
6.7029953,5.1
7.4576464,7.3
5.6317325,6.89
7.202303,6.77
5.87041,6.57
7.5047665,7.43
5.758367,5.28
8.769844,8.51
7.6337113,8.0
6.9534254,7.64
7.0316057,7.31
6.7513433,7.6
6.335724,5.4
6.23761,6.02
6.092978,5.97
5.740726,5.89
5.7315817,5.4
5.789394,6.1
7.048625,7.19
6.1249714,4.77
6.059014,5.55
5.972614,6.57
6.6767416,6.17
6.4655743,6.61
6.5713596,7.28
6.720027,7.51
6.8309827,6.42
6.8460364,6.9
6.4571395,6.0
6.2436194,6.59
7.11286,6.98
7.0428886,6.14
6.0365224,7.24
6.178175,5.96
6.952943,6.64
6.4913983,5.65
6.294803,7.31
6.634469,7.19
7.623334,7.05
5.53555,7.8
5.954157,6.92
7.095747,5.82
6.2918653,7.31
6.6787276,6.74
6.5597467,4.87
7.1428885,6.92
7.128555,6.95
6.758409,5.64
6.484645,7.01
6.858927,6.94
6.266799,6.61
6.688261,6.74
6.085414,6.96
6.736251,6.33
7.0790143,7.4
6.960405,6.93
6.4621983,6.46
7.039239,6.88
7.6377926,7.02
6.7851844,6.66
6.6845827,6.17
6.1882625,5.79
6.957158,6.24
6.951036,7.64
6.3530407,6.7
6.312367,6.39
7.0889463,6.6
7.1857214,5.77
6.496731,5.56
6.3955355,6.58
6.3280873,5.89
6.132903,7.02
5.8110447,6.76
6.5717597,6.66
6.8682675,7.26
6.59555,6.89
6.5956855,6.33
7.0401964,5.88
6.3811464,6.74
6.8613324,6.44
6.763771,6.24
6.620756,5.68
6.6647654,6.45
6.7459254,6.99
7.200669,6.55
6.432598,8.0
6.478368,6.33
6.9890046,6.76
6.0981216,5.55
6.7891603,6.13
6.6755266,6.41
6.262129,5.62
6.6685967,6.41
6.0840793,6.91
6.3507614,6.54
6.974814,7.4
6.8636446,6.21
6.230985,4.81
6.47011,6.17
6.7707105,8.0
5.977994,6.67
6.7227683,6.27
6.6338387,8.36
6.776546,6.76
6.282797,6.01
6.2715025,5.62
7.0577617,6.63
5.7237844,6.43
6.7372885,9.91
5.0158887,4.59
6.0427017,4.85
6.0854106,5.97
5.3209753,5.83
6.4636645,7.96
6.4445767,7.52
6.8559985,5.14
5.4892974,6.7
6.334253,11.4
5.563901,7.02
6.085269,6.76
5.5752306,6.6
5.0726867,3.19
6.402328,4.89
4.186804,6.46
4.312086,6.64
5.588197,5.96
6.106047,6.01
5.6857157,3.77
7.0764756,7.52
7.068609,6.43
5.8065057,5.46
4.7376127,4.7
6.192389,5.89
6.1584253,4.96
5.402323,4.64
5.381501,5.89
5.956326,4.15
4.7969017,4.18
8.229764,4.56
5.37389,5.0
5.785125,3.91
5.3727193,5.26
5.2463965,5.45
7.3259087,5.32
6.7231965,6.76
5.9385495,6.08
7.3389134,5.7
6.0927663,5.24
6.186215,5.7
7.844213,5.85
8.65965,8.28
6.3860884,5.24
6.2832575,5.94
6.6737814,6.22
6.797846,6.28
5.248617,5.51
7.6062393,6.14
7.989674,8.23
7.3449526,5.27
7.794593,8.47
6.6624193,6.41
6.8996463,6.32
6.3459806,6.78
5.652747,6.34
5.9445887,3.89
6.3025365,6.39
5.6288786,5.84
6.0786858,6.49
7.3644943,7.12
7.9849544,8.22
6.780207,6.17
5.3443513,6.95
6.5521464,7.26
8.350538,8.19
6.5407305,5.07
6.078296,7.64
6.0992384,5.21
8.856484,9.02
5.9426146,5.13
6.5339985,6.52
6.537166,7.0
5.5873013,5.52
5.666391,5.52
6.9568925,6.0
6.110045,5.52
5.924116,6.0
6.0102983,5.52
6.0958343,5.52
5.2641973,6.0
6.599447,5.52
5.644874,5.52
6.7169614,7.0
5.950779,5.52
5.8005247,3.18
5.7787886,4.56
5.3001013,4.74
5.2729683,5.42
4.5877433,6.04
6.419611,4.87
6.7414656,5.63
5.946911,4.96
6.7278776,7.9
6.9673,6.17
6.259816,6.32
6.6959443,7.89
5.9105644,6.4
5.3543777,7.92
6.3104916,8.56
7.2889233,8.74
6.4177814,8.0
5.265652,4.69
7.0857463,5.13
6.53065,6.0
5.4338913,8.43
6.6307507,6.92
5.8461037,8.25
7.2081804,2.73
7.248337,7.55
7.2486954,7.8
6.824977,7.21
6.284101,6.2
7.3834615,5.7
6.355387,5.2
6.177075,6.66
6.138239,5.8
7.159018,6.16
7.0011735,7.74
6.8062987,7.01
7.070396,5.88
6.634979,5.8
6.1091866,5.5
5.9176383,5.3
5.702901,5.9
6.12011,5.2
5.458934,5.6
6.7818475,5.62
6.5500593,6.44
5.2427335,5.3
6.2416196,5.7
7.134057,6.69
6.36371,5.74
7.98518,5.3
8.247613,9.52
6.795839,8.4
5.709582,7.72
6.9627905,6.66
6.780446,5.37
6.1417937,7.2
8.45517,9.7
6.7868805,6.14
5.590176,4.7
6.3010044,5.8
5.9701858,6.9
5.580278,5.7
5.239732,8.0
7.2684765,7.92
5.486421,7.44
5.2842617,4.7
4.895604,8.77
6.493038,5.5
6.967009,5.9
6.309684,6.89
7.7925863,7.98
6.911672,6.6
7.22536,4.99
7.121446,4.6
7.1465907,7.1
6.8343997,6.21
5.935631,5.12
6.126278,6.19
7.457071,6.59
6.8223677,5.74
6.097706,5.72
5.5328865,5.12
4.939064,5.32
3.994108,2.85
4.9811006,6.3
5.186558,5.77
7.522,8.22
5.3098874,4.71
5.775887,5.62
5.5230675,5.16
5.1406016,5.36
4.287629,3.22
4.069545,2.3
4.914868,2.85
3.0143387,4.02
6.4075637,4.77
7.654643,8.15
5.9864936,6.49
7.41842,7.79
6.6280594,8.4
7.421312,7.63
5.8653507,6.96
8.375625,7.91
6.2063756,5.13
5.4715147,5.88
6.4503374,9.0
8.2927265,8.21
6.479886,7.85
6.2115116,7.59
6.513986,8.85
7.409603,8.4
5.5497384,5.3
5.5824423,5.64
6.645724,4.41
5.6383567,5.85
6.25158,7.31
5.401855,5.42
7.187108,9.24
6.503328,7.7
6.721425,9.7
8.104538,7.34
6.982361,5.64
5.507769,5.29
4.9501834,5.68
7.0819616,4.72
6.0860033,7.54
5.9357457,6.9
5.118844,7.54
5.7314477,6.94
4.703127,4.4
5.768095,7.42
4.093312,5.33
5.314163,3.72
5.9986067,7.93
6.638598,4.52
6.1539373,7.06
8.091201,7.68
7.3098965,6.92
6.8456326,9.55
6.435174,7.24
6.5103135,8.17
7.199418,7.68
9.252521,9.2
7.1553884,5.35
6.6319957,6.21
6.715012,4.6
5.3559184,7.05
5.9419346,5.36
9.25096,9.28
8.697624,8.4
6.383363,5.62
5.7969446,5.36
9.931849,9.64
5.3436503,6.92
7.584715,9.43
6.062248,6.05
7.7420197,7.6
8.349342,7.4
8.296904,9.3
8.574298,10.0
9.059681,6.38
5.248841,5.74
9.424852,8.77
6.632538,5.08
5.4493284,7.42
7.5646634,9.15
9.610552,9.0
5.6065917,5.77
5.6673684,5.28
7.402234,8.8
5.154918,2.29
4.493516,7.3
6.238682,8.22
9.731807,9.89
5.7125034,5.64
7.4068117,7.48
6.065376,6.39
8.534739,9.68
6.7894187,6.05
9.216073,7.09
8.359283,7.82
9.332551,9.91
6.2927494,7.6
5.4385853,6.85
5.679202,9.6
5.546838,5.0
6.7125306,5.83
9.73994,9.1
5.7215114,5.82
6.9847927,7.54
6.1786566,6.22
7.9327793,7.27
7.9578123,8.4
7.784877,8.4
8.722149,7.77
5.3122344,4.6
6.1827297,5.38
6.963872,8.92
6.016973,4.8
8.995758,10.0
7.875793,6.7
6.8274,9.35
8.19527,7.55
6.893505,4.72
6.0063744,5.81
6.652142,5.77
7.969846,5.91
9.036739,8.52
6.583863,5.35
4.9967985,6.03
9.733834,9.96
5.872595,5.25
8.971936,9.72
6.0270624,6.3
5.888519,5.0
5.7133856,4.54
6.6151485,5.38
5.9609733,6.7
5.8626895,8.3
4.2522364,6.0
4.941844,7.49
5.0303345,6.41
6.11716,6.05
5.21834,6.62
6.2471433,5.68
5.6264577,4.49
5.4062243,4.57
5.847477,6.15
4.5577974,4.77
6.1230392,4.57
6.676146,6.98
5.6256227,5.64
6.8520927,6.18
6.9020224,6.17
6.2257767,6.04
6.429344,9.35
7.560075,9.14
5.0746613,4.37
5.67246,5.08
8.509815,8.04
6.1294975,5.92
8.390543,5.94
7.4018583,7.68
7.9267683,7.57
8.182292,7.94
6.897584,8.66
6.993324,8.3
6.7891765,8.08
5.550824,6.42
6.668657,8.4
8.57093,5.97
7.0959735,6.76
8.002291,6.18
7.7421613,7.85
7.5315895,7.73
6.6703157,8.05
7.3291283,8.51
8.625412,8.6
6.6087894,7.44
6.1959434,5.85
8.584222,8.19
8.421171,6.68
8.142321,8.92
6.1585827,7.17
7.1367493,6.94
6.9335804,8.59
7.844343,7.71
6.809581,7.52
7.676034,7.62
7.0034585,7.46
6.824265,6.13
8.681526,8.43
5.5230193,7.52
7.607495,8.38
8.165387,7.49
9.001098,8.41
8.244879,7.29
8.119778,7.19
7.6067276,8.4
7.524954,9.22
8.24979,7.83
8.199,8.55
8.009836,7.23
8.087136,8.85
9.414237,8.11
7.7973905,6.13
8.815136,8.57
7.9336176,9.05
8.670921,8.11
7.3428845,7.44
7.6721396,5.64
7.3689175,8.11
7.805757,7.58
9.07984,9.22
8.786939,8.4
6.284198,5.5
6.8223195,8.4
7.1312914,8.33
8.375694,7.81
8.682163,9.15
7.805802,8.01
7.125755,7.46
7.8242264,8.99
7.0158825,6.6
7.498865,7.57
7.6105385,7.16
7.6115675,8.43
7.4723225,6.26
8.387744,7.38
7.4362082,8.89
7.505341,7.92
7.6666746,6.06
6.9843926,6.25
9.265766,8.44
7.6728683,8.47
7.3688064,8.92
8.514267,6.02
7.1592507,8.0
7.540935,8.4
7.410781,7.96
6.620147,6.51
6.8106465,5.6
6.546412,6.98
7.742239,6.51
6.9740324,5.28
6.385888,5.96
5.5397077,6.2
6.478205,7.33
6.7094383,7.33
6.61633,5.7
5.839287,7.89
6.775968,7.03
7.731097,6.12
5.9818435,5.89
6.142025,4.95
5.476097,5.11
6.699214,5.12
5.353859,6.9
5.6125813,5.5
6.6118503,4.71
5.6585298,5.3
5.8991427,6.89
6.5211153,5.7
5.6934175,6.52
6.3047733,7.59
7.3198605,7.3
7.409445,6.23
5.9289865,6.43
7.540119,5.8
8.268357,6.21
7.1332283,6.73
5.068629,6.55
6.6436,6.11
6.1157928,6.45
6.606782,6.44
6.785232,7.4
6.3640437,7.37
6.340439,5.23
5.9637547,6.97
6.319747,7.85
6.3279095,5.0
6.8348846,7.28
5.843012,5.21
6.04617,6.84
5.4901752,7.14
5.9931536,7.52
7.2807636,7.59
6.267928,9.4
5.9018307,6.41
6.376153,6.64
7.4576836,8.15
6.6364765,6.89
6.7780848,6.08
6.834925,7.34
6.050477,5.46
6.645523,7.13
6.4591007,7.44
7.2856474,7.19
7.3328753,5.39
6.3486495,6.44
6.062438,7.09
6.58427,5.89
7.4115987,6.75
7.895377,6.49
6.2282248,6.59
4.788501,5.0
8.362541,8.74
7.301121,8.0
7.449061,5.93
6.7814445,7.62
7.2410083,7.64
6.9431376,6.25
6.069381,6.06
6.0936637,7.36
5.957726,6.03
6.326258,7.48
6.009469,5.7
6.9074893,7.46
6.2795253,6.61
6.5357056,5.9
5.132454,6.19
5.7591343,4.69
6.2650084,5.19
7.7721343,9.0
6.7149224,6.21
7.455677,8.52
7.0329876,5.78
5.822034,5.8
5.0643554,5.76
7.7499495,6.6
5.9680243,5.05
6.740906,7.7
6.59373,5.99
6.6720047,6.1
7.033782,7.32
6.6525354,7.64
5.205694,5.68
7.136815,6.56
7.596735,6.54
7.081676,6.18
7.752404,8.09
6.0614853,5.93
6.6831894,5.73
5.8409266,5.1
6.554815,8.05
7.499768,6.17
7.3048387,6.78
6.3647966,8.1
7.041337,7.26
7.638178,6.13
6.8513784,7.4
6.9883223,5.02
6.464283,7.64
7.3140836,7.17
7.031624,5.77
7.276828,8.3
6.5750113,5.0
7.1670814,6.16
6.5462713,5.42
7.8776345,7.68
5.3293505,5.75
6.307062,6.16
7.9932146,7.85
7.3451657,9.15
6.644909,6.74
6.1755443,6.36
6.3295727,6.64
5.8848867,8.0
6.681354,6.1
7.461495,6.8
6.524861,5.53
8.47579,7.07
6.323308,6.79
6.872858,6.67
8.087235,8.24
5.520076,6.0
7.9605165,6.88
7.196909,5.37
7.1574445,5.56
6.098596,5.15
5.9537725,5.32
5.9501553,5.55
5.922218,5.5
6.601397,6.2
5.5572186,5.6
6.316303,6.15
7.3384748,6.63
6.699477,5.82
8.150593,9.3
7.1434183,7.52
6.8697014,6.48
5.3834357,5.0
7.4859405,7.89
6.0776224,5.91
6.476878,6.28
6.508731,5.47
5.4619107,5.06
8.1010685,8.49
7.003701,6.51
7.6762896,8.7
6.460932,6.23
6.6424627,4.52
4.652307,5.51
6.193746,4.9
6.989543,3.44
4.736936,3.66
5.737314,5.26
6.7062707,7.67
7.2364683,6.88
6.3148775,5.69
6.019891,6.5
7.1022267,8.26
7.3776226,8.57
6.141451,7.21
5.641956,6.37
5.6199374,3.92
6.423451,5.21
6.698508,5.95
7.632704,6.91
7.5255866,7.55
4.1490316,3.47
7.2846985,8.47
7.5905695,7.42
6.2724376,5.64
7.1533017,8.52
6.560671,7.54
7.0009537,7.51
7.4268675,7.91
8.105407,8.96
7.5216746,8.38
8.011524,7.33
7.6202984,7.96
6.6914988,7.57
7.6843762,8.36
6.9368305,7.12
7.769757,7.73
6.642889,7.59
7.330243,6.63
8.735595,8.46
6.3037324,6.67
7.9195848,8.2
6.9438086,7.68
6.759652,6.76
6.3529825,6.86
6.964286,6.32
6.8705606,7.38
8.236142,7.04
6.609064,6.02
7.4425845,6.95
6.672718,7.68
6.9293895,7.0
7.286001,6.29
6.7537146,7.01
6.8298874,6.28
7.5468802,7.21
6.8541813,7.64
7.2849345,7.68
7.191971,6.47
7.516226,7.73
7.2698708,7.56
8.095422,7.02
5.5745783,5.66
7.0155573,8.0
7.210294,7.1
8.068592,9.3
8.253129,8.13
5.8364744,8.37
6.6636705,7.51
7.37959,6.84
7.683562,8.0
7.5126576,9.0
6.762013,7.35
5.63022,7.0
8.261179,9.22
8.518801,8.05
5.847305,8.09
5.4894905,5.76
7.1455727,5.81
8.233383,7.33
6.5618005,4.0
6.702035,5.92
5.814317,6.84
6.5990314,6.62
7.7109246,7.72
7.7771263,8.15
7.0421906,7.14
6.36787,4.62
5.269625,7.0
7.7467546,7.57
6.994984,5.82
8.388056,10.0
4.9520645,3.81
6.808955,7.4
6.7962947,5.38
7.9121127,7.46
7.2073884,9.39
6.132904,8.57
6.726402,6.18
7.7261677,8.15
7.8824816,9.11
7.099183,7.05
8.157438,9.0
7.3882294,9.0
6.5689516,6.72
5.137542,6.66
8.028791,9.0
7.2659707,8.1
7.8023252,8.52
7.0139394,8.0
7.006174,8.77
5.1878057,5.42
6.58229,6.15
6.011257,4.19
6.566813,7.55
5.7738194,5.7
7.354472,9.19
5.470914,4.24
8.209117,6.66
6.1881986,6.97
7.8250146,8.05
7.176583,7.08
6.249859,6.6
7.3232574,8.0
7.052998,6.32
7.6876674,7.57
6.164712,6.74
6.5179453,8.78
7.1906033,6.22
5.846411,7.3
7.837388,8.77
6.24734,6.79
6.0395055,4.74
5.977664,5.54
6.889482,6.46
7.006928,5.54
6.126482,5.47
7.9057636,9.0
8.811356,9.0
5.990346,4.51
7.127508,8.4
7.4763536,7.56
6.9355683,9.0
7.6027894,7.19
7.0626717,7.06
7.143461,6.73
8.354921,7.74
7.509748,9.0
7.1897917,8.24
5.8891997,5.52
7.1074257,6.85
7.1002955,8.7
6.5662513,5.68
6.9279475,5.57
7.550264,7.0
5.6236024,4.74
6.2154565,6.13
6.385647,6.2
7.235398,8.0
6.701461,5.46
6.3499126,6.26
6.3108873,4.54
6.033584,6.4
7.791057,8.46
6.363887,6.62
6.753963,7.51
7.7102532,8.7
6.9474454,6.86
6.3700123,7.85
7.3272767,6.3
6.1307864,8.54
7.3022404,8.0
6.9692836,8.19
6.0610456,6.44
5.5210457,4.45
7.401826,7.36
6.040678,6.0
7.468708,6.39
7.546648,6.03
8.100207,8.3
6.671125,7.29
6.251517,8.15
7.002718,7.44
6.5686245,5.37
7.4965067,6.0
5.854539,5.6
6.8074946,8.06
7.4587145,6.92
6.7975235,8.0
6.594668,6.07
6.9422483,8.1
5.8770795,7.46
6.300304,7.39
7.5448384,6.41
7.344208,7.89
7.1214657,6.87
5.7336617,5.6
6.02453,4.7
7.2174973,7.3
5.583029,4.77
6.2646017,5.74
5.8800325,6.97
6.688939,6.74
7.420569,7.55
7.6342506,7.3
5.9287577,5.92
7.6411915,5.83
7.0272803,6.0
6.3189473,6.42
6.9882274,6.15
5.7798543,6.4
6.112028,7.01
6.8103065,7.3
7.0241175,6.52
6.7560177,7.3
7.321276,7.3
4.952404,4.27
6.7329392,8.82
6.249381,4.45
5.7512403,6.74
6.48401,6.08
7.0740333,5.73
6.4326334,4.84
7.9029703,7.22
7.688427,6.77
5.4491262,4.17
5.365864,5.8
5.2012205,5.31
4.900288,5.59
6.319296,5.16
6.206917,4.64
5.848241,5.57
6.806462,6.6
6.7208548,4.42
7.0601807,4.9
6.406693,6.12
5.557951,5.88
5.725034,5.15
5.9897203,4.14
5.699701,5.96
6.685121,6.39
5.9999013,6.55
6.460987,6.68
5.4810925,4.66
5.000473,4.01
4.8273673,5.92
8.056362,6.81
6.322694,5.4
5.874943,6.41
5.0749416,3.66
6.06002,6.82
4.990373,4.68
6.7453313,6.89
6.9421906,6.97
7.132952,5.85
6.629089,5.4
6.953348,8.7
5.473031,7.86
8.608379,7.04
7.6502986,5.12
8.867052,5.49
8.405716,7.66
6.435844,9.3
8.700085,9.21
6.473593,3.61
7.6475844,7.49
6.7815094,6.72
6.31499,7.23
7.1498785,7.68
7.4481564,8.29
7.742243,8.11
8.034526,8.27
8.137285,7.62
9.138399,7.97
7.601762,6.86
6.9804397,7.8
6.2088294,5.6
6.7081127,6.66
7.3036294,6.4
8.974922,9.57
7.958167,8.28
7.4933095,5.93
6.8176494,6.1
8.067171,6.75
7.9308286,9.41
7.9752,8.05
7.5219674,7.03
6.742562,6.69
7.1914034,5.44
7.0813913,7.11
8.245987,8.49
8.472523,8.14
7.1670294,5.28
7.5531216,7.85
6.8555675,6.13
7.926324,7.82
5.22426,5.96
6.2933836,7.52
6.3878484,7.74
5.7718964,4.52
6.7178445,6.3
7.091754,5.27
7.603869,7.81
7.8562913,9.89
6.144026,6.13
6.448694,4.6
8.129784,8.49
6.797953,6.03
5.8609276,5.92
8.335042,8.38
4.927451,4.5
8.65447,8.59
6.6748085,8.0
5.9634123,9.11
5.3952417,4.1
5.9323993,5.71
7.7173696,7.14
7.7785554,7.57
8.036618,8.96
6.889749,7.16
7.794865,8.05
9.223537,8.72
7.144629,7.72
7.5448775,7.64
4.993822,6.8
8.116973,7.55
6.576098,8.21
8.431473,8.06
6.6241198,7.21
7.0806284,6.46
8.799728,8.7
5.517445,7.77
6.3310766,8.36
8.137589,6.19
7.9203987,9.52
8.810251,7.11
8.111964,9.8
6.0541983,6.34
7.188125,5.07
9.046277,8.59
7.9549713,8.68
5.6576967,6.85
7.8030777,8.77
7.8901544,7.72
6.5610967,7.66
8.184782,6.61
7.0689526,8.27
7.868435,7.8
7.196884,6.65
7.0079217,8.21
6.797321,5.06
7.0198083,5.85
8.633135,8.89
7.2653055,7.28
7.4233246,6.74
8.19766,8.32
6.0668454,5.14
6.799581,5.34
6.6712317,5.74
6.891972,7.2
6.7255554,7.6
6.2883105,7.4
6.440318,7.6
6.097594,5.3
6.705379,7.89
6.397389,7.7
6.486126,7.1
5.7967405,5.64
6.127597,4.08
5.6252747,3.54
6.355361,6.25
6.07318,4.0
5.454599,4.96
5.3976517,6.07
5.5692964,6.42
5.206417,5.47
5.342558,6.22
5.6458964,4.71
5.9904914,5.74
5.1442184,4.28
5.6623507,5.48
5.3550935,4.77
5.7650747,5.63
6.7424197,6.05
6.377006,5.82
5.583491,4.89
6.503726,7.14
6.7090096,6.85
6.8278403,6.61
6.762734,6.56
7.7408476,7.92
6.9410505,5.55
7.5878034,7.7
5.8698897,5.9
6.6603775,7.4
5.497771,5.24
6.0939217,6.55
6.431357,5.26
7.2135077,7.1
6.772455,5.92
6.8817987,6.9
6.287204,6.13
6.2782464,7.98
7.1786823,7.25
6.842999,5.31
7.166459,8.7
6.9274774,6.68
8.103078,6.62
4.310171,6.3
5.581379,7.77
6.0047565,4.35
5.9149117,6.1
4.2101107,5.7
5.79448,5.15
6.956567,6.34
7.5691056,9.72
6.505185,8.37
7.5409384,6.82
7.569539,8.46
6.929933,7.85
6.4896655,5.33
7.373034,9.15
6.2890167,6.27
6.4873233,8.52
6.5620255,8.0
7.212038,8.34
7.277212,5.55
7.1479735,7.27
5.811376,4.52
5.761538,6.15
6.5066504,6.59
7.1269393,7.22
6.2559543,5.65
6.2832055,6.76
5.3663654,4.98
7.1224656,6.05
5.7724338,6.81
6.5061126,7.16
5.961307,5.29
6.485252,6.09
6.411498,6.15
6.7541757,4.19
6.692504,6.54
5.6789055,6.04
5.5857506,4.43
5.39465,4.67
4.883604,4.22
4.814398,4.29
5.3071494,4.3
5.4195647,4.14
5.4916897,4.2
6.4138393,3.96
6.7293644,8.0
6.354791,5.88
6.2258725,7.19
6.7896123,7.8
6.6123223,6.04
6.217405,7.31
5.8021216,7.36
6.6785784,8.0
6.690745,7.8
7.3327403,6.54
6.0560937,5.7
6.658696,8.05
6.489064,7.52
6.9125967,5.34
6.50144,6.24
8.380716,8.74
8.2841015,7.32
6.8921385,6.45
5.934015,7.48
5.5918646,5.68
6.4477363,6.05
6.3025064,5.63
6.8230257,8.09
5.2344646,5.85
8.071785,7.1
7.0311823,6.0
7.4134474,6.11
4.322265,5.28
6.5735927,8.3
6.036873,5.5
4.9538803,3.4
5.9402947,5.37
6.28162,7.1
5.196709,6.51
4.8369265,5.59
5.7811265,5.14
7.001836,6.46
6.583131,6.1
6.7280083,6.72
6.4007053,6.71
6.338243,6.5
6.4280753,6.92
6.477656,5.71
7.040903,9.0
6.3006506,5.0
7.666461,6.41
5.3692646,5.5
7.1965537,8.15
6.5051064,6.95
7.2630615,6.82
5.8888574,6.12
6.356584,5.77
5.274771,4.29
4.4719944,4.58
5.512316,5.74
6.5130987,5.34
6.3919477,7.09
5.926673,5.18
5.45292,6.82
5.8794823,5.74
6.674684,6.85
6.247257,6.74
7.1878347,7.1
7.4712024,8.26
6.73334,9.3
6.791062,5.72
5.748134,5.8
6.596512,6.6
9.065874,8.28
6.798647,8.39
5.130681,5.13
7.964321,7.8
7.741688,6.49
8.276399,9.01
4.21428,4.51
5.489356,4.69
7.217383,5.93
6.1448855,6.3
8.63262,9.89
7.408727,7.23
7.5744987,6.96
6.1702952,5.47
6.618837,7.64
6.5929213,4.62
7.39404,6.54
8.247247,8.7
7.6145673,9.0
7.995453,9.0
5.5718718,7.92
8.181098,8.7
6.2805634,4.51
7.2080398,5.6
7.0194283,7.62
6.7556973,5.91
7.014912,6.62
7.2183647,6.68
6.5573974,6.3
6.0791535,7.7
7.5881953,7.8
7.02242,6.32
4.723432,6.75
6.2280326,6.2
5.4452887,8.0
7.2289944,5.96
6.6791677,8.6
6.029188,8.7
6.8079305,6.93
5.218999,5.24
5.707706,5.67
7.0985765,8.82
6.414157,5.64
4.5150647,4.88
5.4596105,5.77
5.5212097,4.33
6.7774997,6.18
3.998413,2.8
3.2825954,2.39
5.1660333,3.48
5.4416566,7.05
6.950015,8.15
5.626563,7.1
5.6681952,2.1
8.336145,7.21
5.2843285,6.66
5.2339168,7.54
6.4165826,6.72
6.1978025,4.3
4.248166,5.34
7.495149,5.89
6.710067,6.7
6.56974,5.1
7.578354,7.7
7.041622,7.41
6.8854227,8.05
6.6048107,6.77
7.1964755,7.09
6.9528456,6.44
7.1109495,6.85
6.6327887,5.47
7.148388,7.16
7.134778,6.6
7.0063853,6.0
7.0475225,6.8
5.999802,6.27
5.476143,3.96
4.7208023,3.66
5.2360125,5.3
4.7175455,5.52
5.704447,6.62
5.797777,4.26
6.5904818,4.7
6.7624536,4.82
6.072791,2.98
5.447482,4.3
8.398583,7.57
5.565881,4.22
6.511338,4.85
5.5621943,5.85
5.4914355,5.14
5.4377275,8.0
4.8958063,5.68
5.3536754,6.3
5.7752724,4.61
6.373817,8.05
6.127325,6.49
5.5010867,6.05
7.37716,6.72
6.834901,6.44
6.314883,6.39
5.697379,5.05
6.357153,6.7
5.987574,6.53
4.7998652,6.32
6.745623,4.11
6.620245,5.2
5.420921,4.42
5.49756,6.89
5.8320594,8.74
5.026956,5.62
4.4301414,4.47
6.1149755,6.22
5.3578224,6.01
5.4318113,6.61
4.762925,4.79
6.083394,5.82
6.00439,5.57
7.6056957,8.1
5.160586,6.2
5.6462007,6.7
7.2176533,8.52
6.500646,6.24
7.863408,9.39
6.7188177,9.3
7.0288973,5.62
5.6916065,6.8
8.467615,9.24
4.9106245,5.11
4.4833393,7.31
6.3546543,5.0
4.392473,5.05
4.6173916,6.46
5.8927364,4.09
5.140275,4.89
6.321391,5.2
7.0599184,5.24
5.7896385,6.7
6.217244,8.05
6.460755,7.85
6.6160135,6.2
7.2585464,5.62
6.606529,8.92
6.4234405,6.0
7.0095816,5.72
6.214633,6.7
5.485183,5.6
6.6697087,6.68
6.644529,6.07
7.2286825,7.12
5.9535565,7.0
7.16156,9.7
5.5825233,5.9
6.2641706,8.02
6.292248,7.93
5.211447,4.59
7.4153433,6.26
5.6381493,7.38
6.8724117,7.28
5.1028705,6.0
6.1368456,6.0
6.650438,6.2
6.710645,6.89
7.850062,5.06
6.3885913,8.0
7.003501,7.35
7.0428095,5.05
5.5684905,4.66
5.6812925,4.6
5.0081234,4.96
4.3446083,4.96
5.608966,5.0
4.0844626,4.4
7.386711,7.7
7.3387165,7.16
7.3651347,7.55
4.515029,3.96
6.3309946,4.24
6.759136,5.19
4.9619446,3.81
5.3776293,7.39
5.60158,8.64
6.874893,8.2
6.733824,7.1
5.9674416,5.8
4.5032444,6.4
5.93841,6.36
6.426683,6.92
5.425535,4.82
6.3621426,5.18
6.9471545,5.7
6.1193852,7.72
6.094162,5.99
5.977367,6.06
6.228677,5.42
6.407668,6.37
6.6126084,6.91
6.613788,6.02
7.4798403,7.8
6.9942265,7.05
6.124598,8.38
7.968812,6.23
5.5006113,8.25
6.139928,6.11
7.787842,6.62
5.6499095,6.0
7.3288674,7.24
6.522724,7.48
5.9173465,6.99
6.376551,6.69
6.7056246,7.15
6.900906,5.32
6.042292,7.46
6.7972736,7.92
6.187333,5.96
5.430473,7.29
6.4756,6.59
6.4079614,7.74
6.4364824,7.11
5.893943,5.77
7.1694098,7.49
6.6955643,6.83
5.3799334,8.7
7.8531895,7.3
6.4779615,6.83
6.174372,5.93
6.423148,7.39
6.9443536,6.89
6.8169436,6.0
5.6664143,6.78
7.8625727,8.22
7.9527826,6.63
6.150523,6.42
6.9953647,7.05
6.101307,5.64
6.6941485,7.34
7.032896,8.7
5.5141625,6.48
6.62145,6.76
7.5784326,7.68
7.966368,8.25
9.258896,8.7
7.7139935,8.17
4.8674994,4.39
6.44077,5.62
6.22256,6.05
5.546666,5.03
6.5452175,5.25
6.5000653,6.79
6.6632233,6.48
7.9147735,9.15
5.8686566,4.9
6.0383196,6.52
6.538595,4.9
5.487158,5.64
6.8619013,5.91
7.466278,5.46
8.250608,8.7
8.052507,8.21
7.71065,8.08
5.651639,5.42
9.37895,8.7
6.5332656,7.44
5.755823,6.05
9.987831,8.14
7.3255053,7.45
5.770332,7.74
8.355322,8.7
5.165997,5.46
5.83064,6.27
6.912426,5.3
6.390302,4.86
5.9127293,6.14
6.7986927,8.52
7.9320307,8.0
7.810415,6.71
7.98695,8.3
6.651748,5.47
7.3521843,7.19
7.001155,6.8
6.049058,5.68
7.322445,7.96
8.037565,8.7
5.9873533,4.34
6.3123603,5.89
6.149647,6.59
4.2276955,5.3
5.6484737,4.6
5.1583023,4.42
5.668215,4.3
5.8387575,6.3
4.385661,5.4
5.439643,6.2
5.0052834,4.1
5.8960433,7.1
6.658552,7.06
6.368874,5.4
6.0668464,6.9
6.0051246,7.15
7.638403,6.29
5.1239653,4.79
4.7469954,5.21
8.557697,7.82
7.492812,7.52
5.404909,5.8
6.971178,7.21
7.3710575,7.6
7.724837,8.15
7.2848024,7.85
4.745501,5.77
8.504101,9.1
7.927387,7.85
6.6818566,9.15
5.3752184,6.46
8.679241,9.4
4.6746135,4.77
7.985792,8.18
4.9982777,3.7
5.3692684,4.4
6.957628,8.37
6.846853,4.9
6.812431,4.9
5.663683,4.98
5.697401,8.17
4.631431,5.36
4.3713646,4.67
4.9676905,5.85
5.246063,8.19
5.715216,5.44
4.5931616,4.56
8.003861,7.96
5.3965464,7.68
6.2675047,6.72
5.536631,5.96
4.6449323,4.19
5.9579034,4.68
6.9969482,3.79
6.6261125,5.41
6.029589,7.16
8.054107,8.35
7.7019033,8.62
7.5652122,8.55
7.568592,7.28
7.653798,6.7
5.0487747,7.51
5.4000716,6.0
7.4992895,6.89
6.9610295,6.85
6.5990663,6.71
7.6479387,6.21
7.672829,7.69
6.121132,6.22
7.9020295,8.38
8.111228,7.31
8.74542,8.68
7.568746,6.15
5.7583127,5.2
7.164742,6.4
7.9125104,8.26
6.1603823,5.54
5.5413933,5.54
5.6408706,6.44
6.4422436,5.34
6.10567,7.05
6.125374,5.01
6.4510164,6.16
5.722726,7.4
5.7461567,3.99
7.169648,6.57
5.8347225,5.47
5.3389926,4.7
6.446566,5.11
5.5194764,6.02
6.4760456,6.27
5.994997,6.6
5.469186,5.25
5.1691756,5.13
5.426976,6.31
7.74072,6.34
7.4726467,10.57
7.492212,6.4
7.291616,5.1
7.1969357,7.94
6.366606,10.15
6.87193,7.36
7.0888705,6.32
6.8157964,6.63
6.690727,8.54
5.6859264,8.39
6.5385203,4.92
6.5470705,6.45
6.402484,6.35
6.9132447,6.8
6.3816996,8.36
6.64325,7.77
5.2468615,6.22
5.9110208,5.6
5.276243,5.47
5.561013,4.27
6.7652216,6.11
4.802469,5.34
6.768936,5.47
4.892306,6.14
5.5414486,4.79
6.24548,5.95
6.5813985,5.64
7.027736,6.55
6.4182167,8.22
7.5862966,8.7
6.6238704,5.71
5.7312603,7.22
6.264137,4.76
6.7219963,5.62
6.2598805,7.66
7.956008,6.57
7.6160827,7.54
6.7257447,4.57
5.8016667,5.17
6.755802,5.31
6.764679,8.1
7.434978,7.27
7.6282353,7.92
6.636731,7.54
7.886714,6.91
6.8749146,7.6
5.202473,5.85
5.7865324,5.38
5.179411,8.7
5.982935,7.16
5.1679783,4.29
4.760822,5.56
5.4811454,4.24
5.0507793,4.82
5.331876,4.47
5.0838475,5.05
5.909377,4.25
5.47143,6.72
5.0049562,4.4
6.0120006,3.87
6.3519673,5.5
7.669567,7.4
6.012472,6.48
5.6158047,6.82
5.3225684,6.66
7.2833023,8.11
7.227537,6.32
7.5419617,7.26
7.448006,7.34
6.37843,5.72
7.1988792,7.22
8.017052,7.06
7.813792,7.66
5.9017177,6.2
7.5055223,8.11
6.7885766,6.72
4.7234163,4.13
5.2133875,5.06
6.52565,5.6
7.2864113,5.85
5.9951496,5.76
6.5146084,5.12
6.3610816,5.36
5.2603197,5.8
5.3583336,5.46
5.3311834,5.11
7.248037,6.14
4.0866556,3.85
5.5907307,3.9
6.556157,8.22
6.454627,6.41
5.7618246,6.0
5.778831,6.23
5.57732,6.38
6.2887506,6.69
5.147707,8.59
5.741514,6.02
6.021702,7.49
6.9046307,9.77
6.8779716,6.7
6.850021,8.0
7.478086,6.67
7.151489,8.4
8.689129,7.21
9.132752,9.09
8.517495,6.8
7.4488125,6.42
7.5057583,7.24
6.7659187,8.3
6.6115,6.54
6.9584923,9.0
8.424096,8.89
8.317957,8.22
6.755488,7.06
6.7312355,8.74
6.686235,8.1
8.307972,9.3
7.8917565,7.7
8.266833,8.21
7.604531,7.08
6.642769,5.92
6.0608597,7.26
5.5077066,4.72
6.116056,6.94
6.964347,4.1
8.299975,8.52
5.181306,5.49
5.670788,5.8
7.881889,6.96
6.107048,5.3
6.355342,4.87
4.998693,5.0
7.9239726,8.3
7.2768807,8.05
5.766902,6.53
6.865617,6.64
6.9134755,8.3
6.563019,6.16
6.2713494,6.88
6.007488,8.4
6.374089,6.96
5.851518,6.71
4.9225917,5.1
5.9232774,7.2
6.4585743,7.39
5.1358323,5.18
5.903981,4.05
6.8380313,6.07
4.9383965,4.57
6.909686,4.31
4.0115314,4.85
6.816923,7.34
6.4020743,5.8
7.136223,7.89
7.6524096,7.82
6.2248325,7.74
6.8886895,8.44
5.8194075,5.42
6.914656,8.52
6.1965337,8.0
7.1561575,8.0
5.668273,3.79
6.037232,7.02
7.776854,8.55
8.47357,9.0
6.4909763,8.26
6.8960176,7.92
6.113923,5.02
6.4344583,9.0
6.4561634,6.24
6.196423,5.97
6.6237955,6.41
5.805833,5.57
6.942381,6.99
6.6299596,5.57
6.257033,6.11
6.4149995,6.28
6.464905,6.48
7.91331,7.32
6.929322,6.99
6.5905843,5.27
5.9668307,5.16
5.9197974,5.18
4.7886095,3.38
6.4228935,9.17
8.720913,7.92
7.1613617,6.48
5.233925,3.75
6.690241,7.35
7.7894487,8.44
6.3618193,6.82
8.011001,7.85
5.9666815,7.64
5.474621,5.2
7.173833,6.74
6.9877973,7.7
6.9877996,7.82
6.0493226,6.02
7.5671506,6.92
6.987771,5.47
5.832017,6.48
7.218323,5.39
6.9877844,6.68
6.9878054,4.87
6.987764,7.6
6.7168555,7.0
6.293581,6.48
6.1632557,6.48
7.106048,7.04
6.656699,8.25
6.9877586,5.77
6.9877815,7.92
6.6785984,7.0
6.2847614,7.02
7.26298,7.91
4.856533,4.28
5.567847,6.55
6.114682,5.23
7.645259,8.57
5.4471555,5.8
5.8052187,5.0
7.4699917,7.22
5.0472336,4.46
5.6197586,5.92
6.298611,5.28
6.2276263,5.8
6.281898,5.65
6.9471107,6.14
6.2256002,7.77
5.5545816,6.51
6.741808,7.59
6.3370957,6.99
6.2713585,6.85
8.416426,7.52
5.2975903,4.66
6.712624,5.36
7.087018,7.96
5.00422,6.64
4.7248516,3.22
5.784805,7.64
5.6498413,4.7
4.733304,5.74
5.344593,6.5
7.200904,7.47
6.6836324,7.0
6.5918393,5.68
5.839504,6.44
5.456957,3.86
6.6967664,6.2
7.139706,7.74
5.752888,4.29
5.765514,6.06
5.4965744,6.17
5.836789,5.91
5.098809,5.05
5.6284037,4.85
6.176201,7.15
5.1616416,5.04
5.5660458,5.21
6.3072944,5.25
5.446829,3.1
6.7406216,4.21
5.051756,3.68
4.2089605,5.04
7.01788,7.4
6.5021024,5.7
7.512515,8.64
6.5838456,5.44
5.9749026,5.27
3.0759263,3.07
5.4781256,4.92
4.786235,5.15
5.1053333,4.39
5.050431,4.35
5.9482765,5.94
5.1774936,3.25
5.150522,4.54
4.076479,5.68
6.5182214,5.76
6.452765,7.12
6.4507,5.71
6.15836,6.69
6.286992,5.41
6.776238,7.74
6.2199,5.02
6.2631598,6.5
5.960495,5.38
7.471251,7.85
6.7764745,6.66
6.1969247,6.07
6.6500745,6.43
6.3425994,5.45
5.7607756,5.62
6.415445,7.13
7.135501,5.02
6.393972,4.63
6.690713,5.15
6.005601,5.12
6.8746324,8.0
7.2469745,6.19
5.925939,8.0
5.5042067,5.4
4.501907,4.13
5.0632396,3.17
6.424313,4.36
5.1509123,4.09
5.072713,7.89
6.0544844,4.96
5.905149,6.42
5.149145,4.21
5.8154497,7.54
5.7141004,6.38
4.9983807,6.74
6.1746354,7.25
5.1847963,6.26
6.1927423,7.66
6.204265,6.67
5.198737,4.46
6.3657737,5.32
5.8544235,6.96
4.973233,4.53
5.996896,7.03
5.1350336,7.96
5.7629647,3.9
6.5978208,6.72
5.830668,6.12
6.2516026,6.34
4.652129,4.75
6.417983,7.47
4.9905257,5.11
6.8119707,9.11
6.599283,6.81
5.2082376,5.96
6.5462303,6.85
5.95503,6.91
7.4930716,6.34
6.78177,5.77
7.3536353,7.42
5.400099,7.55
6.2031503,7.3
6.380946,8.11
6.0507298,7.0
5.6406446,7.34
5.4997816,6.81
6.029066,6.84
6.6060596,6.28
9.182673,8.09
7.237554,7.17
6.4735074,5.43
8.334876,8.7
8.930534,9.49
6.8714905,7.7
5.7102575,6.59
6.7639856,5.97
5.3963003,5.08
6.553613,6.86
7.3660965,8.1
8.421639,8.52
7.035928,6.56
8.490152,8.01
9.189901,8.0
7.369423,8.7
6.3664484,7.1
7.415158,7.41
7.100498,5.44
6.7634034,7.42
6.1092834,5.77
8.192839,7.42
6.5617466,7.72
6.241675,6.24
6.8860087,7.92
7.431671,8.15
7.1517086,7.8
9.323376,9.36
6.5202317,6.79
7.0711546,6.33
7.303086,8.7
7.049932,7.92
7.157719,7.5
6.265234,8.3
5.9588804,7.33
7.1162906,8.52
6.464655,7.92
6.1587443,5.77
7.7743087,7.6
6.2345924,7.3
4.6060696,5.06
4.5436363,5.05
5.1511793,4.72
4.47106,5.34
6.1918616,5.6
7.0246425,5.7
7.47233,7.6
7.030932,7.03
6.949589,5.64
6.8364577,5.3
7.133325,5.77
3.9598064,5.23
6.127781,5.3
5.303252,5.34
6.340127,6.76
5.0673265,6.72
4.5724735,6.05
5.134217,5.79
7.364556,6.95
5.661219,7.11
5.7522554,7.84
7.0030994,6.12
7.108348,7.92
6.2000394,7.6
7.372085,6.82
8.144289,5.97
8.367653,8.26
6.6707907,6.74
8.12822,8.48
8.163913,7.35
6.278007,6.85
6.5324144,6.16
6.3985376,7.3
6.9642735,4.8
8.003027,4.91
7.6292534,6.97
5.432398,6.62
7.144526,7.7
6.08932,6.45
6.9586926,7.1
5.868122,7.82
8.120576,8.12
6.1940885,3.57
5.566934,4.52
7.0872703,8.96
6.908887,5.93
6.33663,6.46
6.8286138,6.2
7.007448,7.14
5.7652144,5.91
6.0117345,6.16
6.957212,7.0
7.7691393,6.43
7.0649204,7.37
7.6378603,7.36
6.0572486,6.94
5.6557126,6.01
7.950756,5.9
6.942473,6.0
7.0961833,5.63
6.3820186,6.84
7.4054737,8.1
6.550393,6.11
6.4421706,6.57
6.455832,5.29
6.937125,7.51
8.585262,7.95
5.8773065,4.1
6.225828,7.8
5.8049164,7.37
6.3197675,6.07
5.596756,8.09
5.9387994,5.4
5.976609,6.0
6.6126237,6.25
6.7134476,6.1
6.5205865,5.9
6.604127,5.4
5.841873,5.94
5.31289,6.7
4.687696,4.1
6.444864,5.5
5.6485515,5.12
6.2329793,6.01
6.5204043,6.08
6.515887,7.6
6.5483027,6.4
6.2308273,6.8
7.075843,7.7
7.0573263,6.33
5.8984365,6.7
6.296488,7.3
6.0249453,5.2
6.183741,5.7
5.813941,4.66
6.086103,5.07
5.0230956,6.5
6.5689135,7.0
6.4503617,4.52
6.743535,7.0
5.861916,4.3
6.5446467,7.0
6.7471385,6.0
6.4385533,6.0
4.9303436,5.41
5.7872972,7.0
6.2358065,5.12
4.3990736,6.7
7.566808,6.0
4.460643,4.49
5.6537695,4.2
5.973877,5.52
6.8611846,9.05
6.6968794,6.89
9.806075,9.32
7.631535,7.52
6.850131,6.74
4.1553745,3.84
