predictions,targets
6.9499016,5.47
6.73456,5.74
4.9637866,3.89
6.703661,4.57
6.526127,7.47
4.29356,4.6
5.968257,4.41
5.108955,4.52
3.848849,4.03
4.7265086,5.6
5.62504,4.4
5.7845364,4.9
4.990284,3.31
7.621806,4.5
5.9699388,4.1
5.3517704,4.3
6.1262426,7.39
6.501727,7.02
6.361103,7.0
6.3710046,8.3
6.577673,5.9
6.1996975,4.5
7.562985,7.3
6.2889395,4.17
6.7930856,6.54
6.1663027,5.3
6.145752,4.6
6.232964,5.29
5.285049,4.31
5.860185,4.92
4.5254927,4.36
7.5161815,7.57
5.989148,4.24
6.9434223,5.34
6.1440954,5.55
5.8066893,5.32
5.7876616,6.26
6.012336,6.37
5.8874145,4.73
4.619404,4.68
5.641199,5.73
8.046184,7.24
5.637269,5.8
5.5829415,4.74
6.05256,6.64
5.811032,6.79
6.8054714,4.7
3.9569447,4.16
4.171386,4.19
5.0081787,4.1
3.432614,3.54
5.9869943,5.38
6.1033545,5.82
7.2150235,5.19
7.2761145,6.11
7.1972704,7.49
6.0692086,7.18
7.1952233,7.74
6.114635,7.41
7.686546,7.2
8.029906,6.89
5.7953587,3.77
5.7109604,4.68
5.8290997,7.43
5.851584,7.0
5.3941927,3.76
5.281809,5.52
5.5928626,6.44
6.707648,6.54
4.8349,5.08
6.620943,6.36
7.117041,7.4
6.5572686,6.41
6.8780684,7.15
7.4474964,8.05
6.3832984,6.64
6.3853335,6.3
9.016591,10.7
9.48011,10.57
5.566967,7.0
6.1871867,5.82
5.4562206,6.1
6.8743134,6.7
5.7297025,6.02
7.0027475,6.58
6.764195,5.96
6.3629737,7.72
5.927965,6.77
7.3945823,6.49
5.497238,4.44
6.647123,6.22
6.2743263,6.41
6.486911,5.03
5.480502,6.23
6.3201623,5.71
6.6311398,8.01
7.284767,7.51
6.799535,5.57
6.077038,6.8
5.8566136,6.1
5.1284876,4.4
6.7459526,8.13
6.0535865,7.3
6.5748043,4.97
5.9808593,8.0
5.4737463,4.7
7.1766706,7.14
6.5361195,5.83
7.5743504,7.52
7.2533145,6.8
6.800052,5.9
4.9402347,4.9
6.68278,6.35
6.4262643,7.2
6.4903293,7.02
6.38047,6.5
4.914742,5.13
7.785817,6.8
5.710301,7.15
6.093521,4.89
5.2242804,4.64
5.255988,5.21
7.104132,7.67
6.188847,6.65
6.879871,5.8
5.591408,4.47
7.184674,7.12
6.750543,4.71
7.5204563,8.77
6.111157,7.22
7.685353,6.91
6.1123357,8.0
6.143006,5.21
6.1964235,8.06
4.810228,4.32
7.5897217,8.19
6.897062,5.72
5.119272,4.14
7.1763897,8.59
6.220717,3.6
5.4952545,5.6
6.5623484,6.08
7.560595,7.6
5.767524,4.6
6.429248,8.01
6.3406696,6.08
6.3223205,7.36
6.134485,5.26
6.2795596,7.8
7.0184603,6.89
6.905048,4.5
6.449072,6.53
6.079166,6.55
6.7903323,6.57
5.798111,7.09
5.805946,6.6
6.3760395,7.0
6.60131,6.78
4.681513,4.4
6.759512,8.33
6.507427,4.97
5.7812743,7.24
7.639473,9.06
7.118288,7.0
7.3567214,7.1
6.587451,5.35
4.7208405,4.5
7.533023,7.64
7.009669,6.3
5.1934514,5.19
6.612297,6.96
6.972528,6.74
7.2727723,7.65
7.0200458,6.5
5.741905,4.88
4.896195,5.14
5.8897986,5.82
4.8542852,4.29
5.3474693,4.5
5.9956274,5.56
7.6013937,7.02
7.173625,8.1
5.8661695,7.21
5.710268,4.3
5.491648,6.52
5.150372,4.6
7.3606515,7.44
5.9736457,6.41
5.7389374,5.2
5.9869056,5.87
7.16136,7.57
6.7175612,6.1
8.162836,6.6
5.352718,4.2
4.9316945,4.8
5.710539,5.98
6.99769,6.38
5.532304,5.29
5.613838,5.15
6.986495,6.57
6.989219,7.82
5.9839478,7.57
5.0668564,5.23
5.094582,4.73
7.859189,7.42
4.637114,4.37
5.501766,5.36
6.68729,6.72
6.962949,7.72
6.1342793,4.4
5.702903,6.53
7.7707467,6.26
6.767891,6.66
7.2275233,6.74
5.3951855,4.6
5.9198956,5.33
7.1464586,7.85
5.2469234,4.73
7.223316,7.49
7.2454095,6.99
6.7720623,6.51
5.368842,4.92
7.1149716,8.03
7.423739,8.26
5.03311,5.09
6.107217,8.48
6.063248,4.56
5.523752,8.49
5.9924026,6.1
5.912778,5.78
6.0916023,5.0
5.380959,6.32
7.010096,9.15
6.8442206,6.3
5.187599,5.72
5.454574,8.66
7.7216954,9.7
5.6439734,5.34
5.1384363,5.07
8.710983,5.47
5.794869,5.22
7.9488697,6.33
5.7036057,4.46
6.3133197,5.33
7.1938086,6.39
5.421835,5.27
6.7328205,6.19
6.772439,5.79
6.419776,5.28
6.7641826,6.72
5.7691407,6.51
5.236636,5.21
5.946094,5.76
6.2112737,5.99
6.462731,6.89
6.6697755,7.59
6.6800876,4.07
7.0413737,7.49
6.7870193,5.67
5.526532,6.34
6.4033318,5.4
5.9875116,5.43
5.265401,6.04
5.482043,5.81
5.5902014,5.77
6.6939197,5.7
5.451514,5.36
6.362293,5.1
5.702994,5.74
5.726043,5.89
5.197988,4.4
6.9612646,7.92
7.334098,7.31
5.104712,5.15
7.8826547,5.33
5.037277,7.44
6.619067,8.46
5.977099,5.85
4.825737,8.85
5.4875994,4.01
5.516584,4.2
6.1019917,4.2
4.909268,4.54
5.9960704,4.4
5.5405693,5.14
5.7597566,4.32
5.427294,7.07
7.339801,6.74
6.6979675,7.32
5.5582533,5.93
7.193032,8.46
8.03557,6.76
5.97901,6.67
6.6152716,6.55
7.7120934,8.47
7.8123636,8.74
7.2308106,7.47
4.513089,4.13
6.1301823,4.76
5.7174187,5.76
4.9229445,5.46
5.363529,5.51
5.210436,5.16
4.7808733,5.49
5.1151114,5.76
5.6221724,5.46
5.1393037,5.19
5.607153,6.11
5.3564677,4.49
5.6545334,5.29
5.123685,4.74
4.6853395,5.23
5.43657,4.87
5.1157017,4.29
5.890228,4.78
4.957951,4.45
5.6589594,4.34
5.037652,4.45
5.743374,4.31
8.2109,5.31
6.4538407,4.79
6.777905,4.64
6.487441,5.17
5.0244017,4.77
4.2901816,5.11
5.5409355,4.52
6.5459833,6.89
6.810254,6.43
7.228695,6.89
6.6713243,5.0
6.98012,6.3
7.12519,7.28
6.251375,6.61
7.3179307,7.2
5.2629848,5.96
6.554675,7.74
6.768525,7.0
7.405881,7.28
5.485931,5.22
5.2826347,4.17
5.1060214,4.54
4.4815445,3.88
7.2444887,6.11
4.330891,4.78
5.48434,4.88
4.073167,5.15
4.2530155,4.79
5.2891526,5.53
5.427915,5.66
5.425026,5.09
5.3541956,5.69
4.804879,5.12
5.4454126,4.19
4.9614954,4.31
4.8617296,4.69
4.805259,4.19
4.780469,5.15
5.6764994,5.27
5.6047096,5.04
5.2366037,5.45
5.579943,5.39
5.0641284,4.87
5.3101416,4.79
5.403827,5.9
5.1889086,5.01
4.985345,5.17
6.458857,4.67
7.9186516,7.49
7.5391135,7.59
6.154457,4.8
6.493701,3.64
7.378735,6.71
7.0685625,7.63
5.0795155,5.27
6.8555202,5.49
4.577128,5.97
6.3627057,5.18
7.5607166,4.96
4.896539,5.29
5.5849323,4.76
5.7255673,4.86
5.903856,4.56
6.6020966,6.74
4.299034,4.12
5.2330327,5.9
5.954017,5.2
5.2259955,3.74
6.46274,10.59
6.910405,10.7
6.2922673,7.17
6.3945045,9.07
6.0753546,4.33
6.786746,6.72
6.5313697,7.33
5.9680133,4.91
8.226551,8.68
8.417335,7.55
7.674582,7.82
8.515991,8.32
6.9654307,5.88
6.8692183,6.62
6.6105876,5.17
6.7624183,6.87
7.2304683,7.29
6.39447,6.05
7.425188,6.19
6.6279626,6.53
7.3010254,7.19
6.696965,7.54
6.4718614,5.52
6.715099,7.47
6.831562,6.66
6.673692,7.91
6.588276,4.92
8.71011,9.25
6.993866,5.55
6.943637,7.77
6.5215864,7.18
6.3287616,7.89
7.2636433,5.66
7.5166764,6.92
6.7778206,6.09
7.8294644,7.3
7.8026476,7.17
6.912144,7.24
6.90488,6.39
6.6885085,4.89
7.93714,7.96
6.997298,6.81
7.0681973,7.46
6.578517,7.67
6.755748,6.01
5.850438,5.88
6.7890005,6.59
6.1000886,7.79
7.328656,7.13
6.464606,7.46
7.4105296,7.92
6.5308423,5.74
6.672197,7.28
7.0692477,7.04
7.091236,7.6
6.6641765,6.86
6.8824806,6.67
6.8468075,7.27
6.7617383,6.23
7.6012273,8.89
6.7388096,6.91
6.64202,7.57
8.512965,9.11
7.417748,6.87
6.2449036,6.84
7.0830274,7.39
5.964634,6.1
7.4810824,7.92
6.3272953,6.84
6.656984,7.33
6.8466425,6.48
6.5505238,6.57
6.705224,7.54
7.96141,5.92
5.9216027,6.11
8.7246,8.35
7.791201,6.54
6.821979,5.95
6.7054243,6.8
6.884945,7.54
7.1369514,7.47
7.189515,7.4
6.9871693,6.82
6.9214144,7.62
7.386769,6.67
7.5091805,5.96
7.1361933,6.6
8.034439,7.96
6.589951,7.0
7.4980536,7.07
6.679135,7.46
6.9998612,8.01
6.422964,5.84
6.3104897,6.01
5.230589,5.1
6.843398,4.83
6.3454876,5.55
6.876946,6.53
5.967929,5.38
5.753532,6.62
6.2122808,5.31
6.2974663,5.55
4.9878106,5.39
6.425007,9.0
6.8989453,7.74
6.391116,7.09
6.365312,6.43
5.9913054,7.47
7.4670324,7.03
7.2087264,6.08
6.7763305,6.31
6.750276,6.66
5.7337728,5.47
7.61324,7.27
6.970787,7.3
7.1870537,8.43
6.632,6.69
8.119292,7.65
6.80941,5.95
7.4523554,7.29
7.2771845,5.7
6.746681,7.58
7.4479537,7.92
6.489352,7.07
8.030246,7.31
5.990599,8.01
5.981534,10.29
6.8885984,8.12
6.7899737,6.85
8.1140785,8.24
6.6331387,6.22
7.9457016,6.12
5.1833982,4.44
7.19331,8.12
8.114406,8.52
6.1976757,8.12
7.3262305,7.47
7.0304384,7.07
7.885891,8.8
7.5235243,8.05
6.5724244,6.85
6.546258,6.72
7.180479,7.31
7.566164,6.43
7.1799784,8.04
6.413872,6.24
8.014475,8.7
6.772248,7.58
7.435127,8.14
6.809099,7.56
6.8264847,6.39
7.1855593,7.23
7.4691277,8.38
6.6034455,5.65
6.1885304,5.64
6.7631984,7.61
7.2442355,8.21
6.98278,8.4
7.8075237,7.92
6.551879,7.44
7.1139097,7.55
5.726079,3.89
7.0144315,7.03
7.2351193,6.68
7.1751814,7.69
7.165513,7.11
6.643891,6.08
6.079449,6.66
7.516672,6.97
7.3022895,8.0
7.500148,8.52
7.4410725,7.46
7.6202936,7.53
6.608976,7.71
6.2234893,8.04
7.615391,8.06
7.2859073,7.48
7.172468,7.21
7.2163677,8.31
7.13555,6.67
6.356984,7.24
8.245377,8.59
6.71322,7.74
7.4867053,7.77
6.268974,6.26
7.9350567,6.49
5.6494737,3.63
5.0830827,4.85
4.4870377,5.11
5.3748026,5.19
6.116602,5.55
6.5570645,5.36
6.945062,5.95
6.624571,5.92
6.6229367,5.66
6.5008245,5.74
6.060158,6.89
6.1731296,8.4
7.4011593,6.61
8.138812,7.8
6.819219,7.66
7.8187466,7.85
6.4980536,7.0
6.8279686,4.88
5.0756483,7.46
5.6985345,6.4
5.1956863,4.35
6.6593194,4.48
5.822623,6.51
6.275048,6.82
6.3032503,7.55
6.511893,6.72
7.528906,6.07
6.6158557,4.52
5.680089,5.48
6.3663344,5.6
6.412849,5.37
6.704356,5.82
5.5383058,6.16
6.470431,5.64
5.881341,5.39
5.7130003,5.72
6.0908523,5.62
7.0716386,5.66
5.4372244,5.09
7.774769,9.64
6.1782236,7.26
7.702773,6.63
6.5315065,4.21
6.061705,6.46
5.441844,6.34
4.368278,4.31
6.5650125,5.6
6.5038447,7.83
8.366776,8.51
6.876604,6.24
5.968397,6.71
6.194321,7.42
6.631728,7.09
6.5205173,6.27
7.012546,8.42
6.0626583,6.18
7.110073,7.0
7.3227863,9.39
5.8570642,4.9
6.1389337,6.12
6.6437874,6.52
6.717345,8.96
7.1615987,7.85
5.3186874,5.23
4.240451,5.39
5.431154,5.17
4.672592,5.1
6.9941006,5.21
5.6394978,4.98
4.434978,4.64
4.78978,5.2
5.760063,4.9
5.276437,4.58
5.1832266,5.37
6.163347,5.05
7.0633507,3.66
5.340987,5.66
5.3777447,5.24
6.7413387,5.49
5.4228716,5.07
5.109724,5.05
6.1856623,5.34
4.9142303,5.29
4.8095016,5.0
4.994986,5.17
5.8123913,5.15
5.81463,5.27
6.3150597,5.75
5.12661,5.09
4.4527035,5.24
5.1247935,4.98
5.9727883,5.23
5.6218452,5.17
3.2607794,3.14
4.751281,2.19
6.7130933,4.43
5.3208385,4.3
5.4860477,4.6
8.465464,8.0
5.903665,7.24
6.5837727,5.97
7.3207593,5.18
6.3430686,6.06
7.2681,5.48
5.677404,5.1
4.8029265,5.51
5.4686923,5.31
4.946002,5.45
5.787296,6.08
6.0981913,5.82
6.048032,3.89
5.3723564,4.34
6.3739343,6.82
4.771974,4.95
5.252586,4.5
6.3082833,5.85
6.567746,6.43
6.092956,6.47
6.5411296,8.19
6.5935574,6.92
5.6098537,6.0
5.552365,5.23
6.719672,6.89
6.3129463,5.2
6.267463,7.0
5.448596,7.46
6.1081595,6.43
6.8143344,6.1
6.6014433,6.1
6.987918,6.94
7.234237,6.96
5.388179,6.3
7.2361207,8.0
5.7313147,7.09
7.1911254,7.08
6.4104986,5.68
6.7845964,10.3
7.435648,8.52
6.368023,9.52
7.436756,6.92
5.806518,6.48
7.1617765,7.64
6.1020947,5.59
6.9615045,4.51
7.08572,7.92
7.751255,8.54
8.0388,7.56
7.8514023,7.21
8.226198,8.44
6.986467,7.32
7.274434,6.28
5.9929595,7.59
6.266275,5.97
6.345003,5.06
7.091456,4.8
7.9953046,6.68
5.6362224,7.6
7.28152,8.05
6.618808,7.86
7.656969,8.12
6.176728,7.21
6.2681775,6.33
7.224846,7.0
7.014737,8.38
6.9885535,7.2
6.8561764,7.05
7.2261305,7.89
6.56575,7.59
7.338423,6.91
6.2535524,8.54
7.293877,7.51
7.837299,7.32
10.265919,8.36
6.117885,6.43
7.1287837,8.51
7.547538,8.13
6.4314775,6.56
5.458498,3.28
5.954088,6.01
6.496576,5.82
5.4831924,6.03
6.2046175,5.3
5.2000103,4.85
6.570875,4.42
5.793259,5.57
5.1534157,4.92
6.150802,5.8
7.134996,5.84
5.699712,5.33
6.1687446,6.85
6.4091744,6.47
5.233393,4.6
6.7758675,3.13
6.3655233,9.15
7.6845665,9.26
6.0842257,5.55
6.000535,6.29
6.7332053,5.0
5.891854,5.77
4.795106,4.22
6.302953,4.12
5.3322334,3.84
5.360779,4.6
6.584533,8.15
6.958102,7.66
6.6437607,6.74
6.680805,7.89
7.6129622,6.82
6.3323193,5.03
5.824427,6.6
7.645378,6.68
6.1013985,4.58
6.2867613,8.28
8.039548,8.96
5.990039,9.64
6.7712607,8.01
7.1581893,8.7
8.165634,8.64
2.7428756,2.07
7.229177,8.6
6.2839704,8.39
6.279344,8.8
6.7261434,6.51
7.019784,7.82
7.0638304,9.05
6.301194,7.39
6.7982507,8.6
5.5623484,5.2
5.2752156,5.07
5.7112875,5.0
7.2691307,7.25
5.9045653,7.5
6.402487,6.18
6.989901,7.74
7.136549,5.36
6.783927,6.89
6.629869,8.01
6.7236886,6.9
6.728062,6.5
7.2778645,7.11
6.4601374,6.25
6.910817,7.0
6.8798566,5.02
7.6774993,7.28
5.388638,5.6
7.369724,6.0
7.23659,7.0
5.9872785,6.5
5.3116117,4.76
5.1316442,4.51
7.8219466,7.16
6.672265,7.08
7.2089376,6.55
6.4764185,6.0
7.3188643,5.42
7.1051183,6.77
7.6236644,6.92
6.1786623,4.9
7.505895,7.23
7.290408,8.27
5.8964443,6.44
7.1780233,7.17
8.200033,7.0
5.3325105,6.39
7.1190653,7.07
5.7762675,6.74
7.184335,7.66
6.6170263,7.82
7.0512204,7.01
7.542947,6.77
6.6832447,5.33
8.286811,7.92
6.2841954,6.7
6.470147,7.23
7.3849764,7.54
7.3668556,5.28
7.3981166,7.05
6.844034,7.62
6.2734704,5.9
7.919653,7.92
6.847134,6.85
8.036914,7.3
7.134165,4.89
6.791098,6.4
7.3834167,6.44
7.3491526,5.57
7.247864,8.3
7.1254873,8.97
6.8514786,6.25
7.4952435,7.72
6.807473,6.73
7.0613484,7.06
7.180743,7.7
7.1148396,6.0
4.647746,5.43
9.403919,9.04
6.971223,5.89
4.844728,5.3
5.850521,5.79
9.5927725,9.59
7.1513443,9.0
6.412094,8.57
5.4621644,5.67
5.8242545,4.95
9.410163,9.08
5.233599,6.02
9.21806,9.63
6.3899326,4.84
4.6637573,4.32
9.164379,9.77
9.083263,9.28
6.710036,8.7
7.2486315,5.6
7.2681723,6.91
4.9294634,6.35
10.310982,10.01
6.967112,7.41
6.788034,10.3
5.3076067,5.55
6.3548794,7.47
8.2616205,8.4
5.9481378,4.59
7.249413,6.36
5.7200646,5.06
6.2756352,4.66
6.5359325,9.46
8.278576,9.74
5.8636847,4.24
7.1351676,7.15
7.6925206,8.1
5.9296746,4.43
5.9613504,5.89
7.5106616,7.76
7.7268267,8.96
6.4910016,5.04
6.068826,6.07
5.881614,5.51
5.814773,5.34
6.2894917,4.74
6.641449,5.47
5.9958773,4.7
6.5262456,5.83
5.753647,5.28
6.6495295,7.1
7.347747,7.7
6.4826436,8.17
7.232297,6.88
6.463985,9.4
6.923401,6.63
7.955927,8.93
6.333053,6.46
5.3050623,7.0
7.139824,7.53
7.7577047,9.03
6.8060913,10.06
6.9510875,7.6
7.5803266,9.2
7.017343,4.71
6.0913033,6.7
6.431859,6.1
6.251407,6.6
7.7647038,9.08
5.5949807,6.89
8.4976635,7.88
5.728814,5.21
8.081545,10.22
6.5330687,4.72
6.2322335,8.85
6.9905167,7.9
7.960696,8.6
6.3858504,8.8
8.030799,7.4
7.4790797,8.8
7.6669493,7.19
6.36219,5.5
7.6719522,5.73
7.2203555,8.48
5.73041,5.92
4.6241794,4.45
5.898835,6.48
7.7227354,6.13
7.079613,6.87
7.2010694,7.9
6.655587,5.79
6.7291017,5.39
6.7922745,6.73
6.5053797,6.14
6.5783906,6.1
6.693239,5.9
6.286259,6.61
7.1953382,6.19
7.094817,7.1
5.735981,5.24
5.944907,7.47
7.323669,7.35
5.793216,5.71
6.988787,6.5
6.2734013,6.97
7.3464427,7.25
7.3246584,6.6
5.752771,7.13
6.508409,5.7
5.945554,5.98
6.2165155,5.44
6.918268,6.07
6.745204,7.02
7.1678777,6.49
7.289939,8.47
6.283879,7.5
6.4963226,6.62
7.118429,6.2
6.924725,7.02
7.1953373,7.7
6.9876876,8.17
6.2137938,7.03
7.12009,6.6
6.7637277,6.29
6.171374,8.2
6.8812246,7.39
6.78495,7.8
6.592573,7.28
6.8255434,5.71
6.6912217,7.05
5.5139065,6.06
7.581931,8.7
6.8244886,6.7
6.8745947,7.3
5.6095505,8.89
7.2160125,6.59
7.0285034,5.75
7.652405,6.52
6.9392877,8.0
6.628916,7.39
5.6892056,5.36
6.979111,9.43
7.533807,4.84
7.4160886,10.23
6.128445,4.74
7.6622376,8.84
6.72658,7.35
6.1881394,6.7
6.09755,8.92
5.820707,5.92
7.4519243,8.62
7.1469135,6.4
6.9950056,8.32
8.121785,8.28
6.2047453,5.34
6.9997225,9.51
7.213738,6.15
7.0200644,8.08
7.4693675,5.64
6.827151,7.89
6.612087,5.8
7.39367,7.41
7.244058,6.53
8.117087,5.91
6.8211308,6.8
6.652228,6.3
7.13654,9.0
6.195352,6.14
6.450159,6.48
6.529101,5.08
6.0892105,4.51
6.331759,5.7
6.6397276,5.71
7.1015925,7.1
6.892512,5.52
7.643711,5.41
7.4053,5.0
4.406349,4.0
7.4618826,8.11
6.934917,7.64
7.237264,8.46
7.198202,6.38
5.992702,6.74
7.426369,8.0
4.396839,4.5
7.2519426,9.1
7.2580743,7.1
6.928421,6.57
7.480991,6.89
8.309072,8.96
6.1945024,6.2
7.6708503,8.89
5.8547635,6.9
7.170208,9.1
7.6333647,8.0
7.529528,6.73
6.86664,7.92
7.39762,8.0
7.7761903,9.03
7.119907,8.31
7.750387,7.55
5.892399,4.2
6.930816,9.52
7.5448318,7.82
7.3834877,5.8
7.048332,8.4
7.581336,8.2
7.6027155,8.0
7.6913037,6.5
6.750392,4.85
7.6062994,7.95
7.0528274,8.0
7.5450706,7.6
7.868564,8.68
6.294368,6.46
7.824088,7.19
7.690588,7.79
6.9371758,5.6
7.649402,8.26
7.583837,8.0
8.031016,8.0
6.163514,6.43
7.5010376,8.89
8.050426,7.85
8.313034,8.0
7.720252,8.0
7.5633993,6.83
5.5971913,6.96
6.0013304,6.0
7.9664035,8.89
6.4277477,7.12
7.9066896,6.58
6.76204,5.9
7.9334545,8.3
7.524271,6.52
5.846122,9.0
5.5040984,9.7
5.3231826,4.62
6.2104163,5.21
7.2063947,8.15
6.9886208,7.86
5.2809324,5.08
7.8140965,8.52
5.0580606,5.44
6.0498238,6.55
7.1778975,5.54
8.021188,9.0
6.542615,9.4
8.1786585,10.0
8.070549,10.0
8.786796,10.0
6.2457037,6.1
5.775696,8.4
5.8734436,5.8
5.925468,5.49
7.035902,8.14
8.543311,10.05
5.7751126,5.02
6.7638907,8.11
7.177326,7.6
6.0545588,7.48
5.7741156,6.19
4.527631,4.36
6.4674616,6.41
7.4601064,6.9
5.9975815,6.52
7.521014,7.82
5.311615,5.2
7.273413,6.6
7.510232,8.37
8.0268,6.33
8.427589,9.4
8.132488,8.52
6.6105,5.96
6.228298,6.3
7.175154,7.04
7.199842,6.59
6.1939983,7.0
6.166669,6.8
6.7856827,4.82
6.607794,6.04
8.673395,9.4
7.1966166,8.37
7.398419,7.33
6.9662437,6.99
6.430064,5.8
7.6016097,10.15
6.574725,6.32
8.5359535,8.52
5.823585,6.08
8.539128,8.7
7.6920776,9.3
8.223677,8.52
6.8611407,7.77
6.090489,6.36
7.5277004,7.89
8.337277,9.4
7.2967176,7.38
6.642574,7.0
8.296708,8.11
5.398076,4.7
6.8520555,6.01
7.2707815,8.49
7.385069,9.1
5.188797,4.6
6.1983356,4.68
8.2943535,8.4
5.2828817,4.6
7.762115,6.75
7.8139186,10.4
6.5169806,5.9
5.9821424,6.51
6.394218,5.98
6.240437,6.12
6.655409,6.17
6.4287086,5.46
7.046815,8.05
5.5722256,6.01
6.675812,7.51
5.742591,6.3
7.3651757,5.66
5.9048395,5.6
8.296316,8.22
7.0026975,8.18
8.255303,8.52
7.557937,7.18
7.707202,8.25
7.3526325,7.89
6.454567,6.4
5.0044756,6.31
6.808553,6.79
7.9726405,7.9
9.193692,9.22
4.706436,5.2
5.446775,4.6
6.119131,6.18
7.056852,7.05
7.45752,9.0
6.0564275,8.7
7.723478,8.03
6.648419,4.64
7.2920446,9.76
7.692191,8.15
7.666349,7.57
5.488251,3.9
6.328682,7.3
7.6139812,8.23
5.617893,5.88
6.9222307,6.89
7.600212,8.7
5.6326785,8.18
5.3151712,6.68
7.306526,7.85
7.620943,7.28
7.436284,7.34
7.501219,8.59
6.21941,5.94
7.6380043,7.92
7.6268597,7.94
5.8060145,6.68
6.0871496,6.44
6.7895246,7.54
8.000758,7.4
6.951303,7.2
6.7174172,8.55
7.327889,5.76
7.459478,7.33
6.430353,6.76
7.170125,7.39
7.709031,8.27
8.102245,5.04
7.3265862,9.34
7.080297,7.09
6.065967,6.8
7.847693,6.09
6.427795,6.67
6.2371616,5.51
6.577327,6.73
5.166669,5.24
7.5585046,7.51
7.79151,7.89
7.240548,7.06
5.9967575,5.73
6.0511484,6.53
7.704257,7.86
9.177445,7.89
5.7524366,6.57
7.479667,8.55
6.946332,5.72
7.1746244,6.45
6.1697206,6.7
7.1084023,7.48
5.911416,6.24
6.0854745,8.52
7.764279,8.3
6.98486,6.37
6.5100784,6.0
6.5705357,5.85
7.051651,7.54
7.107699,8.39
6.609848,5.84
7.16846,7.77
7.1539927,6.91
5.4964952,6.71
7.050675,5.72
6.037858,6.26
6.898438,5.45
5.580513,5.38
5.9852395,6.57
7.9315567,8.3
7.5547943,9.06
6.959711,6.5
7.0781693,7.52
6.1467543,5.4
7.884891,8.8
6.0766034,6.12
5.853537,6.6
7.3029146,5.9
8.756995,7.9
5.6985707,7.64
7.239329,8.59
7.5929065,8.21
7.124634,7.24
5.7746787,5.82
6.731737,5.56
7.115136,8.46
5.8409715,4.48
7.121436,7.1
7.3451824,7.85
7.606832,7.28
7.5276513,5.97
5.9237885,6.37
5.359748,5.77
6.600115,6.66
7.9016304,6.9
5.694619,5.96
6.849956,8.52
7.2614408,7.24
7.493536,7.31
6.9498534,7.03
7.203332,7.51
6.6490793,5.97
5.0069733,4.19
7.1320434,7.28
6.8046765,8.18
7.378412,8.4
6.7563663,7.72
7.313173,6.8
10.265822,6.97
9.035917,7.94
5.210492,6.22
4.3597693,4.5
6.8340325,8.22
6.390885,5.8
6.0052433,4.92
7.4954605,4.64
7.3015423,6.15
5.888113,9.0
6.6560802,6.69
6.71036,7.82
7.0840144,6.4
7.091803,6.64
7.3459325,6.59
7.361736,8.06
7.7112226,7.74
6.318601,6.33
6.476315,5.59
7.9061146,8.5
6.8276567,5.9
5.9382925,7.8
5.9835076,6.0
6.405469,6.92
6.944587,6.35
7.761567,6.2
8.033165,8.19
6.811423,6.6
6.1467834,4.48
6.7816486,8.2
6.647026,8.0
6.1479597,6.01
6.7816896,7.0
7.1442223,5.55
7.2813544,7.55
6.8988304,7.92
7.1084156,6.44
6.8339357,6.5
6.865252,7.3
6.488388,5.5
6.0343413,4.4
5.5857153,6.6
7.7616296,7.96
6.7286344,6.0
5.8888097,6.19
7.36163,7.2
7.0242357,6.19
6.517617,5.48
6.7416615,6.17
5.810234,5.5
6.516448,4.61
6.3787794,4.66
6.74175,8.52
6.5867963,5.52
6.1902776,6.4
6.0855875,6.11
7.247274,8.62
5.133804,4.73
6.408566,6.7
6.3494124,4.8
7.8050313,6.62
6.3471146,7.12
6.389069,7.48
8.210439,9.6
7.0288305,7.25
6.54799,8.35
6.966071,7.15
6.1275053,4.31
6.3936605,6.6
7.726766,7.35
6.7121153,6.45
6.7791452,6.01
5.7808137,5.99
6.8978033,8.52
6.5357738,4.52
6.098967,6.69
7.973589,5.4
7.480494,7.66
4.7346687,4.78
6.0802636,5.79
6.28972,8.46
5.563473,5.14
7.149494,6.52
6.766733,6.5
5.259409,5.89
6.3862,6.63
5.458676,5.62
5.063645,5.06
6.2916856,5.89
5.592723,5.61
6.259328,6.07
5.284698,7.01
6.1621356,7.13
7.0301847,7.21
7.8205247,7.8
7.2057695,6.32
8.051661,7.12
6.913601,7.19
6.204097,6.26
6.030737,5.8
6.496028,5.55
5.6911554,8.07
6.533615,8.43
8.683243,6.16
6.5806794,5.74
9.292458,8.64
7.1233773,6.2
4.5792646,5.9
6.931142,5.22
5.876368,6.77
6.7807093,7.7
6.943075,6.43
7.6778765,5.2
6.30726,9.52
7.7576885,7.1
5.3203664,6.17
5.5586185,4.95
6.131488,4.93
6.143975,5.66
7.02662,5.64
5.226149,5.23
7.4246874,4.77
6.6280727,6.3
7.153456,6.85
7.7985344,7.92
6.6217084,6.05
7.6851635,8.74
7.3130198,8.96
8.45364,9.31
5.435232,5.47
6.830001,7.05
6.3515472,5.99
5.859086,5.93
6.1359572,5.8
5.7844334,4.82
5.089231,5.41
5.2433968,5.6
6.2309594,4.54
5.8003855,5.21
6.6365504,5.06
7.782156,5.39
6.2208652,3.37
5.4194694,5.6
6.344198,4.98
7.4013176,5.64
5.210841,4.39
6.575741,6.74
8.350506,8.1
6.0509377,7.01
7.2802877,6.92
5.5247755,5.55
7.2651386,6.85
6.538036,7.0
6.6719074,8.6
5.822566,6.4
5.514595,7.41
6.190633,5.07
8.580844,8.02
6.9522543,6.92
6.7962193,7.89
5.95295,5.93
6.97388,7.15
5.9785933,5.64
7.5793552,5.72
6.208212,6.24
5.8317323,8.64
7.159469,9.55
5.534141,5.51
5.022138,5.84
7.215439,6.49
5.767824,5.22
7.399253,9.0
6.946974,6.41
7.256545,6.92
7.1147685,8.2
7.3345284,8.5
6.971474,7.55
6.9671183,6.26
6.393902,7.93
7.0141606,6.19
7.6803207,10.0
7.7244124,6.68
6.7736235,9.7
7.548979,6.0
7.7374253,9.3
6.2807064,5.09
7.5637045,8.7
8.061184,6.85
6.829606,8.49
7.2113743,9.1
7.733514,7.35
7.098398,7.9
6.7978983,5.64
7.0023685,9.05
6.842864,7.1
7.54825,7.42
7.8906026,8.8
5.974531,5.56
7.6561737,7.96
7.1927977,7.74
6.6667128,7.96
7.53415,8.02
7.4173737,7.2
7.1765223,6.44
7.6791973,7.89
6.1525435,6.82
4.8228946,4.18
6.7620773,6.15
5.188903,5.68
5.9307833,6.18
6.6628556,7.15
5.6352453,6.44
6.81719,5.6
7.138908,7.34
7.8452587,8.0
7.135949,7.26
5.1179576,4.45
6.9026966,7.71
8.065715,6.76
6.2751207,5.71
6.248292,6.37
6.367557,6.51
5.5231667,3.95
6.609037,6.44
5.7101893,4.3
4.479747,5.07
4.946348,5.38
4.854315,4.65
6.305176,6.92
7.524321,9.25
5.6880884,5.5
5.9899974,7.4
5.131785,4.9
5.884424,7.2
5.828749,5.1
6.54665,6.95
5.9391627,6.4
5.9169707,6.73
6.1747723,6.33
6.9797425,9.35
6.590304,6.88
5.786358,3.64
6.559807,6.76
6.8482413,6.12
7.2285547,4.56
6.3143563,6.22
5.066006,4.41
7.300181,7.31
5.6479344,3.54
6.1321487,6.74
6.76055,7.4
6.1167088,6.58
6.794736,7.05
6.640537,6.1
6.8442636,6.14
7.1593823,7.13
6.7995186,7.96
6.975552,7.57
6.1991935,6.65
5.6657963,6.94
5.776752,3.95
5.8502965,5.48
6.32639,4.36
4.9357967,5.8
6.157756,7.82
5.34953,6.4
6.558426,6.76
5.645048,5.0
6.2438855,8.27
7.190839,5.03
7.2203774,4.21
4.1993327,3.76
6.6684275,5.24
6.873379,8.68
4.754595,4.96
6.0354333,4.42
7.9016294,6.51
6.445522,7.32
6.723782,7.09
6.3398633,6.68
8.460996,9.05
5.550272,5.53
6.595751,7.22
7.8516903,6.77
5.67943,5.79
6.3218174,8.4
7.2653065,8.7
6.684753,8.15
6.928464,5.39
5.624619,5.89
6.997431,7.34
6.0390444,5.43
6.980128,5.94
5.869549,7.66
6.069459,5.89
6.962203,6.0
6.3793373,6.36
7.5018897,5.41
6.374196,8.26
8.001135,5.36
7.261742,7.24
5.0650883,5.64
5.4073877,6.55
6.426415,6.16
6.3338885,5.01
6.7226896,5.82
6.3863187,6.86
6.011291,6.11
6.264487,8.31
8.037346,6.04
7.3050914,6.66
5.621664,5.62
6.440752,7.34
7.7967777,8.7
7.4671206,7.19
7.318966,7.55
7.343405,6.81
7.9656563,8.53
7.891011,6.88
8.286866,7.45
6.9508767,7.24
8.0893345,8.24
7.243103,8.15
7.2391148,6.67
6.915317,6.93
7.7016277,7.66
8.246556,9.0
7.511324,6.32
7.0732713,5.92
7.2339244,7.97
7.809306,7.65
7.854497,8.52
8.235485,6.96
7.975476,8.02
6.979211,7.96
6.2629714,8.11
5.9272866,7.34
5.943673,5.52
7.9619465,8.31
6.5031343,5.37
5.6724668,5.56
5.784786,3.4
5.346398,3.92
6.3693566,6.69
4.597513,5.2
7.0152583,7.28
4.479292,6.09
5.5797486,6.23
6.23132,7.07
8.280398,8.32
5.578207,6.6
5.424362,7.08
6.2058897,7.89
5.6900434,3.98
5.334587,4.15
7.6476994,6.1
7.481823,7.77
6.6656117,5.3
5.1586595,5.55
5.479584,4.36
6.794552,5.28
4.591719,4.57
7.358817,6.21
6.300825,7.46
4.1462374,6.1
6.0380826,5.17
5.965178,5.25
6.799286,6.65
6.3128147,6.55
4.824212,5.52
5.1866393,3.79
7.7440577,8.48
4.627356,5.77
6.32117,6.44
7.1848354,5.88
5.4366207,4.86
6.587528,6.08
7.4087024,7.45
7.3096066,5.22
7.46349,6.77
5.1934195,6.3
5.478837,6.22
5.3545833,4.62
6.4519277,5.74
4.94501,4.51
6.3915944,5.21
7.3936157,6.54
4.8950863,4.87
7.3347955,5.74
6.9782743,8.09
5.9976435,10.19
5.6325917,2.1
6.410909,7.26
7.0691853,7.77
7.780288,9.11
5.425606,7.0
5.9314876,5.48
5.452401,3.82
5.1912317,5.35
6.744642,10.0
7.7877483,6.75
6.0830364,4.09
6.450284,7.32
5.485109,6.26
7.178584,8.09
5.1722713,4.48
6.1816773,4.47
7.2007713,6.21
5.9660406,7.11
6.8493147,8.73
5.8894114,4.24
6.499076,6.18
7.1055055,5.14
5.5912514,5.7
5.450156,7.66
7.2769117,5.07
7.53038,7.51
6.1652412,4.96
6.326962,7.24
6.791669,7.49
4.5210695,6.9
5.8198905,4.5
6.4951,4.09
4.784489,6.74
5.6295958,6.15
7.2484074,8.52
6.5220127,7.89
4.719988,7.42
6.216793,6.35
6.6803446,5.46
6.1238537,7.19
6.4736977,9.65
5.7517123,5.52
5.710836,2.92
6.5261183,8.46
5.6889935,5.32
5.9036326,8.42
5.9014854,6.29
5.6551056,4.8
5.6578646,6.08
5.486314,4.86
6.989323,8.1
6.198339,4.3
8.094145,8.0
7.7975273,8.0
5.2365522,5.6
6.1637216,5.8
6.179947,6.57
6.2225976,5.19
6.1626196,7.46
6.5956945,6.82
5.229101,5.6
6.001546,8.68
5.6750116,7.68
6.1533775,7.71
5.3520722,5.59
6.7289205,7.77
5.568609,4.33
6.182164,7.38
8.636719,5.51
6.19985,5.7
6.8084044,6.47
5.587826,5.36
4.2740526,4.92
5.984732,7.21
6.0845575,6.3
5.993476,4.92
6.3913436,6.6
5.9383435,6.48
5.7951765,7.4
5.829671,5.51
6.1670995,4.56
5.2360225,6.1
6.140431,5.57
6.885062,5.24
5.5858116,4.85
5.6957827,7.64
5.3460894,5.84
5.831294,5.05
7.3940783,7.82
6.850277,6.4
7.0262785,7.48
7.50292,6.2
6.0908527,5.34
7.154854,9.0
6.649627,6.39
7.0596857,7.22
8.316486,8.05
7.1782045,7.04
7.0720215,7.55
6.491165,6.1
6.411276,8.41
6.2917624,6.2
7.1958146,7.0
6.7953286,6.7
7.940585,7.42
7.4400434,7.55
7.44233,7.66
7.6239343,8.05
7.4283276,6.57
7.22954,6.88
6.446524,8.59
6.3079076,7.25
7.104486,7.19
6.10996,5.8
6.9202833,8.36
7.2116375,7.24
6.182585,5.8
6.717458,6.62
7.0993037,6.39
6.689548,5.44
7.999186,8.18
6.587056,7.59
7.429285,5.51
6.655799,7.7
7.146657,6.8
6.6349387,7.52
7.2216053,7.85
6.362736,5.19
7.271729,8.61
6.6199627,6.64
7.399471,7.55
6.7609,6.69
6.767272,7.62
6.8372316,8.34
6.2109027,6.19
7.65629,8.96
6.197154,5.94
6.9934416,7.99
6.601797,6.37
5.815178,6.3
6.9263635,6.03
6.5893793,7.54
7.7065444,6.14
7.893305,5.92
6.0195336,5.47
6.274248,6.5
5.642771,5.28
5.888202,6.3
6.38437,6.49
6.7629027,9.21
5.5459957,6.59
5.871202,5.92
7.0256968,9.92
7.7814703,6.93
6.0974383,7.55
5.5363407,6.67
6.67575,6.4
6.643647,5.59
6.333104,6.92
6.7170525,6.26
6.507961,4.74
7.259387,5.92
5.911905,5.57
6.042924,6.87
5.8589287,5.08
6.1842475,5.31
6.1061435,5.24
4.971848,9.29
5.659157,5.33
6.0971937,4.92
5.4634275,6.95
7.963569,6.87
5.8728304,4.94
6.0124116,6.07
8.848641,6.33
5.8072205,5.31
4.624302,4.14
6.7523456,5.92
5.459487,6.69
5.220154,5.68
6.638182,8.41
6.2395787,5.44
5.8844767,6.3
6.37961,6.03
5.3815775,4.4
6.092629,7.23
5.827675,6.72
5.6165752,5.32
5.445052,6.37
5.5868907,6.76
5.4313736,6.44
6.4309974,6.79
5.3789544,7.1
6.6126156,7.82
4.900829,3.41
5.3635945,3.74
4.811618,5.0
4.2959356,4.4
6.092313,5.59
7.3125467,4.57
5.721773,7.99
6.370072,6.55
5.6734796,5.01
6.930361,7.0
5.1793675,4.82
6.940239,7.58
6.3139353,6.91
6.604497,8.0
7.543706,8.51
6.8237367,4.82
6.9317207,8.11
6.720501,5.39
8.135363,10.1
7.200803,8.05
6.4429383,6.05
5.752187,5.2
6.1687403,6.15
7.627108,8.62
6.803898,8.05
6.898926,6.69
5.851733,9.15
6.2426815,5.0
4.8271103,7.72
7.0265017,4.54
7.612378,7.1
7.6662006,5.44
7.19173,5.89
7.2605915,6.32
7.6604056,8.0
7.883654,7.14
7.020753,8.68
7.807543,8.87
5.7041345,6.59
7.067655,8.05
6.959556,7.06
6.534607,7.44
7.073137,6.58
6.015002,5.72
6.8740716,7.01
6.941345,8.09
7.084184,8.24
8.277069,9.48
6.6581845,11.0
6.5323863,8.3
6.0260673,7.08
7.5147977,7.21
8.070966,7.98
7.766303,9.59
6.1806555,6.74
8.148102,10.24
6.8989406,8.0
7.828071,10.0
6.170064,7.8
7.9696407,9.7
7.0310135,7.93
7.8779793,6.02
6.6181784,7.46
5.7043967,6.72
6.1827445,10.0
6.2736254,7.17
6.2664237,6.86
5.5886,6.32
6.559864,9.4
6.6793704,7.7
5.8048387,4.62
6.3668175,7.33
5.940942,7.87
6.9989204,7.39
6.1849904,7.89
6.454093,7.32
6.7113996,7.05
7.345762,5.0
5.777071,5.04
6.424211,6.34
5.8674493,3.91
5.946456,3.29
5.4324856,6.49
5.3937607,4.05
5.2357483,5.0
5.7604804,4.13
7.7218103,8.4
7.4554644,8.3
5.3777385,3.96
7.9269104,6.99
6.8400207,5.15
6.0133896,5.54
6.666743,4.19
6.7807927,8.07
6.7784357,3.11
7.2286606,6.27
6.473917,4.39
5.74471,7.82
7.444046,7.37
5.387298,5.51
5.6935616,7.27
5.3222475,6.3
6.0329394,5.89
5.623028,4.81
5.1238017,4.86
5.763129,5.29
6.934533,4.08
6.3318095,4.03
9.139355,9.44
7.7201443,9.72
6.358181,5.2
7.1346416,4.72
6.862842,6.3
7.5388517,8.8
7.942421,6.12
8.7747755,7.15
8.021222,8.7
7.1234293,6.3
7.896176,6.17
7.7194276,6.3
5.8728585,6.08
8.747467,7.89
6.641211,5.85
7.882976,6.3
6.5395455,5.55
7.744627,6.11
5.915012,6.0
7.5335197,7.3
5.195084,5.77
7.063091,5.6
8.032519,9.0
6.9643493,6.3
5.047058,5.34
7.522978,7.06
7.704727,7.3
7.2249866,6.68
6.274638,6.3
6.1336055,6.3
8.103302,8.3
8.34265,8.52
8.186139,8.3
7.3381476,7.19
7.400086,8.3
7.55194,6.3
8.420772,8.72
8.215599,8.1
9.27252,9.64
7.1875076,8.3
7.094052,5.9
7.0816803,5.36
8.032646,8.52
6.8485904,7.0
7.937634,7.82
6.3542695,5.27
6.924982,6.24
7.575778,6.02
5.721454,6.3
7.954509,7.23
7.906772,7.8
5.3043413,7.21
7.2292533,5.68
6.4807687,5.96
7.3639574,8.3
8.555021,8.4
7.0124183,7.3
6.61858,6.3
6.6935973,6.13
7.2852817,6.31
7.2126527,6.21
7.4663796,6.19
6.3308806,5.98
6.782945,7.12
6.057757,6.91
5.6360145,6.35
8.316698,9.52
7.352701,7.0
6.555701,7.3
9.577133,9.82
9.249497,9.64
7.1412005,7.3
6.586308,5.54
8.577641,9.0
6.2776985,5.6
6.085807,6.8
7.126802,5.26
6.910984,8.7
6.5975723,5.98
6.6638684,5.96
7.48616,6.39
7.5596266,8.25
5.1701956,3.86
6.0440383,5.4
7.6084204,8.52
7.264962,6.87
7.035807,6.25
6.381337,5.43
7.0790997,5.22
7.516226,6.41
6.8492355,5.63
8.21034,6.92
7.0749354,5.2
6.495735,5.0
7.2025566,6.64
6.0695705,7.62
7.8535485,7.12
8.311579,8.21
7.3618197,8.05
6.677302,7.31
7.2543902,6.17
5.0404882,4.65
8.0281315,8.64
7.36212,7.51
6.4325547,6.59
7.1754713,7.46
6.393567,5.22
6.394051,6.3
7.5908995,9.65
7.355753,5.68
6.234587,4.14
6.0853,6.0
6.626682,8.1
6.6287036,5.22
6.981078,8.0
8.091983,7.43
6.98401,7.5
6.7398686,7.72
6.8964515,8.85
7.32636,5.13
6.7719584,9.3
7.2926545,8.52
6.4301705,7.09
6.709431,6.2
6.2237215,5.42
7.015413,5.09
6.5657115,4.8
6.600655,5.09
6.8636055,5.11
6.397911,8.13
7.386369,7.74
6.7014327,7.36
5.7506704,5.0
6.7009883,6.82
6.433855,8.52
6.77256,8.7
6.490485,5.14
8.017797,7.23
6.7650614,8.1
6.6637354,6.51
6.4966326,8.49
6.573113,6.68
6.7214637,6.48
6.853824,7.41
5.900571,6.14
5.240293,4.5
6.7187552,8.57
7.241258,7.01
6.5325284,8.4
7.028171,7.7
6.396837,5.7
6.788769,7.08
7.1649575,7.28
6.926214,7.14
7.0069227,6.15
7.2258573,7.82
7.206322,7.82
6.191083,8.89
7.179577,6.24
7.4270177,5.73
7.0902386,8.51
6.9909406,7.48
7.5759063,7.89
8.384396,9.18
7.3861923,8.52
7.398937,9.32
6.81775,8.52
6.8327928,8.22
5.754881,6.26
6.375579,5.15
6.5945616,7.92
6.4014635,7.18
7.3234982,7.3
7.223457,7.4
7.3081927,7.5
6.3183427,8.15
6.551074,7.3
7.0363216,5.82
5.9592643,4.99
7.215879,6.34
6.932767,7.2
7.0492797,7.62
6.8051753,5.8
7.075832,8.3
6.6865764,7.86
6.5380154,8.52
6.5033984,7.4
8.05434,7.7
5.937538,6.17
6.1425977,6.6
6.9617925,7.66
6.600627,5.86
6.5514226,6.49
6.8586597,6.46
7.156419,5.27
7.2927737,8.59
7.34322,7.01
6.297774,6.98
6.9441257,8.3
7.235697,4.8
6.8543544,7.05
6.7473636,8.85
6.505428,6.89
7.1727657,6.7
5.926595,9.48
6.5442724,5.12
5.241508,5.64
8.339737,7.89
7.7115498,7.11
7.2520866,6.49
9.09716,8.66
6.807639,5.45
6.415962,4.4
6.5642843,5.74
7.963955,8.08
8.465906,9.16
7.106102,5.23
6.3304386,5.54
6.1773834,5.02
8.345224,8.06
9.121869,7.08
5.9755635,6.28
7.4804225,7.48
5.0636597,5.24
6.0308433,6.8
5.039549,5.6
5.340623,4.94
5.4763813,5.24
7.0686216,7.44
6.8824606,7.68
6.356608,6.22
6.536186,5.0
6.7004995,7.15
5.3395686,4.82
5.5024395,5.22
7.4461393,6.14
7.2864695,7.42
6.232145,6.29
5.612773,6.7
5.729304,4.9
6.9833255,5.48
6.0982633,8.34
5.9942913,5.25
5.924493,4.57
6.684134,9.74
7.85673,7.12
4.211623,4.32
6.167624,5.7
6.2985463,6.34
5.6450133,6.46
7.820723,4.78
6.0858064,6.08
6.096568,4.0
8.494507,8.0
5.8852873,6.42
6.0454526,6.32
6.991591,4.82
6.952508,7.72
5.945325,6.1
5.542326,4.29
6.87523,8.26
5.4969215,7.21
5.326276,7.32
6.1105585,5.85
6.9406343,7.03
5.2367783,6.07
6.5728188,6.8
4.444373,4.5
6.3865757,5.34
5.459388,5.74
5.5964766,4.9
6.5302258,6.46
6.2807,6.89
5.499116,4.85
5.723095,8.77
6.2005343,7.13
6.487287,7.57
6.991742,5.67
4.9956417,5.1
5.606485,5.92
7.458544,8.57
6.126458,5.3
7.4275184,6.59
7.0364866,6.62
7.3551683,8.0
7.382716,7.54
5.442567,4.52
7.569943,6.77
6.6325526,5.5
5.5360737,6.2
7.856617,7.0
6.8740644,6.15
6.9271207,5.66
6.9473352,7.0
7.388602,7.0
6.2905865,6.48
6.616876,5.28
7.361123,5.72
6.29036,5.4
6.6070585,5.22
7.094286,5.72
7.2963185,7.0
7.8083143,6.25
7.3114495,6.89
6.8537154,6.49
5.5250545,8.25
5.776909,5.5
5.8289433,6.3
6.5005965,5.83
4.551322,7.05
5.3281827,4.8
6.918589,4.55
6.072934,7.07
6.9277225,7.56
6.5216203,6.12
5.89363,5.59
5.8338456,5.21
6.186003,7.05
6.267576,6.39
6.3217425,7.49
6.279068,6.14
6.5822597,6.86
6.083093,6.32
5.519825,6.72
7.1826153,8.96
6.8946676,7.24
6.8413787,7.74
7.2497363,7.71
5.3737864,6.17
5.9631295,5.31
6.0387077,6.0
7.199866,8.1
7.1439524,7.44
5.8743234,6.53
6.0334225,6.09
7.0362086,7.52
5.461949,7.77
7.4784718,7.67
6.025387,5.29
5.9270577,6.3
5.98024,6.82
5.4711356,5.54
6.2794847,6.86
6.170753,6.21
7.0793343,5.34
5.907439,5.21
7.1749897,5.43
6.4917097,5.66
6.0116234,5.58
6.8545475,6.3
6.9228544,6.52
6.4280005,8.1
6.565535,6.22
7.7515097,9.3
6.1542573,6.1
6.627171,5.0
5.9998927,6.12
6.2619696,5.85
7.3369403,6.96
7.3227253,7.6
6.755846,6.0
7.0325747,7.57
5.6273465,6.28
6.4772987,4.29
5.852978,6.48
8.463169,8.37
6.8390956,6.51
7.4772263,6.2
6.885856,7.1
6.9391966,6.57
6.2520046,6.32
6.368287,5.25
7.3916025,7.19
7.042923,4.85
6.407103,5.0
6.7559366,5.32
6.4404516,5.02
6.45134,6.5
7.609483,5.94
6.1197777,6.63
6.6699977,4.52
5.597543,3.76
5.6556807,4.74
4.952058,5.6
5.0666456,4.39
4.652498,4.93
5.2731323,4.01
5.6862774,3.57
5.8192854,6.22
5.922972,5.01
6.423265,6.3
6.3863134,5.65
6.5032854,6.49
6.0539985,7.7
7.137119,6.48
6.798097,7.92
6.372797,7.41
6.6628256,5.4
6.2105446,7.01
6.5269985,6.94
5.0197124,6.26
6.7037024,5.31
4.9104905,5.58
6.5027575,9.3
6.476518,6.07
6.0724998,6.21
6.849907,6.4
6.3863115,5.8
5.65656,6.24
6.5483327,8.55
5.9487185,7.89
6.5096793,5.81
6.418418,6.46
6.418011,8.21
5.9561615,6.44
6.980728,5.6
4.151843,5.2
6.00994,7.07
5.576596,5.28
6.0038815,4.67
5.556885,7.17
5.93104,4.04
5.0594125,3.66
5.8833423,3.94
6.4332824,8.52
7.842578,8.52
8.393118,7.82
6.5100155,7.04
7.5479302,7.72
7.08799,9.0
6.4302692,6.0
7.4724426,8.03
7.7858267,5.89
7.095021,7.05
7.994033,7.43
6.8226237,7.02
7.8675747,8.24
6.1455245,8.4
7.342596,7.81
6.4357796,7.24
6.7605553,6.89
5.954805,4.37
7.7483983,9.0
7.3111367,9.4
7.519228,6.89
7.714774,8.49
5.3922386,5.0
7.958721,7.32
6.3597894,7.49
5.9811025,5.09
7.514623,8.41
7.517611,8.62
6.263902,6.07
8.130656,7.8
6.306306,5.32
6.1213994,6.66
8.182084,6.93
6.6604958,5.52
7.6826477,7.11
6.1497364,8.12
7.487626,7.0
5.6198735,4.92
6.113303,6.57
8.498393,8.89
5.2714534,6.14
8.156303,8.92
8.587773,8.48
5.4271073,5.72
7.607395,9.1
6.10049,5.53
8.084685,7.82
6.4412146,7.3
7.5648665,8.1
8.376147,8.59
5.355462,4.15
6.483892,7.54
6.5003014,8.3
4.856693,2.98
5.9542828,6.54
7.4007535,7.01
5.329888,6.36
5.835087,5.53
7.9903526,7.82
5.795129,5.4
7.9705896,8.44
6.6138935,7.77
6.1720004,7.34
5.797626,6.27
6.4071765,6.0
6.5370855,6.76
7.4301043,6.27
8.33772,8.07
7.725891,8.12
7.2432632,7.52
8.81502,8.05
7.016841,7.04
7.755999,8.3
6.1593523,7.22
7.661504,6.48
6.6168437,6.59
5.578327,7.37
7.539922,6.8
6.502225,6.7
6.7451105,6.3
6.965118,6.19
6.0523987,6.22
7.334073,6.14
7.192206,7.04
7.298516,7.35
5.5282097,6.7
7.0724096,7.6
6.466948,6.59
7.049044,6.98
5.6517415,5.49
7.2621236,7.44
6.5561385,5.21
6.8154087,6.88
7.256815,6.68
6.7286744,6.7
6.200963,5.69
7.470638,5.0
6.6589026,5.87
4.726816,5.3
6.804342,9.39
6.7468743,8.52
4.957675,4.3
7.1807337,4.56
6.6740036,5.95
7.375247,8.62
7.267082,7.23
6.588695,8.48
7.4272857,9.0
6.398508,4.95
6.273694,7.89
7.482267,6.08
5.786348,6.0
6.587896,7.35
5.9561086,6.07
6.5552506,5.9
6.289647,7.25
6.765627,8.44
6.3291125,6.86
6.4298244,6.66
6.6395726,6.98
6.49752,6.02
7.1482024,7.61
7.192333,6.13
5.8576536,5.2
6.6765614,6.98
6.369279,7.19
7.1116285,7.0
7.7526836,6.95
6.603672,6.83
6.5926394,6.74
6.636993,6.92
6.7440367,5.96
7.7635384,7.26
7.255291,7.0
6.530528,6.22
6.296335,4.99
6.8631153,7.3
5.5872355,6.38
6.642335,7.0
6.3422246,6.06
6.575166,6.79
6.57242,5.2
7.687722,6.92
5.730129,4.94
7.580608,7.03
6.525967,5.27
7.2679486,7.0
6.6803274,8.35
7.6267443,7.13
6.467142,7.1
7.121642,6.25
6.293503,6.62
7.134723,7.3
5.793311,5.51
6.078372,4.57
7.036402,7.0
5.92355,5.16
6.117403,4.92
6.221146,4.51
6.374064,6.86
6.4504995,6.06
6.3084397,6.63
6.464334,6.52
7.0439143,7.3
7.482406,7.0
6.469038,7.33
5.997861,5.51
6.125161,7.1
6.6004395,7.65
7.3114014,7.0
6.8079104,7.3
6.536602,6.77
4.2999606,4.49
4.0233946,5.04
4.8148074,4.6
4.6972103,4.89
4.5669436,4.62
3.991423,4.7
4.299226,4.6
5.3657274,4.96
4.8635287,4.85
5.155712,5.29
4.558016,5.43
8.376407,5.25
8.875198,5.08
6.6859226,8.3
6.4472203,6.6
6.237534,7.11
6.9940295,6.85
6.8459477,7.05
6.6346927,6.72
7.7361445,9.2
7.135909,8.3
6.6125684,5.1
6.31346,6.7
6.4644966,6.2
7.6427317,6.08
6.200228,6.54
7.0031056,9.05
7.659238,7.99
6.030128,6.9
6.300918,8.05
7.037558,7.17
7.929779,8.54
7.3280635,5.95
7.580152,9.4
7.3843303,7.64
7.633824,7.82
6.566471,6.99
7.018704,5.0
6.877673,7.68
7.1576443,9.0
7.344424,7.74
7.77522,9.04
6.382049,6.72
7.2496376,9.52
7.7253423,9.43
5.7445874,7.72
7.277522,5.95
7.2668896,7.62
7.443928,8.68
7.7739935,7.02
6.898885,6.39
6.677515,8.6
7.227458,6.64
6.7937636,8.92
8.162776,7.77
8.47742,6.39
7.38768,6.0
6.7804155,8.89
6.9867005,7.38
6.5514803,5.99
7.6105404,7.77
6.9860606,7.25
6.27988,8.23
6.894325,6.6
6.6812816,6.11
6.57059,6.1
6.544021,8.4
7.351626,7.54
7.2434387,6.92
7.3419433,7.33
6.3789325,7.52
5.83287,6.47
6.323302,7.01
7.59774,8.97
7.6948643,6.57
6.559884,3.89
6.0791116,5.02
8.146771,9.26
6.850775,7.81
6.5072184,7.7
5.786329,4.95
7.8414593,7.73
6.181557,5.48
6.077659,5.2
8.5181675,6.57
6.7713184,8.1
7.1777406,7.86
5.8311825,4.6
6.8077917,6.88
4.7920465,3.8
5.6042023,6.24
6.8074183,4.34
5.9212036,5.22
4.3026032,4.96
5.494525,4.66
7.511738,5.39
6.392565,6.68
5.86326,5.4
6.573724,6.05
6.255088,7.3
6.0308766,6.5
6.046087,5.78
5.9895844,5.69
6.705097,6.6
5.729465,4.41
5.8059616,6.87
6.5967064,7.9
6.116258,7.24
5.3542614,6.08
7.1744595,5.3
6.486539,7.74
6.9681396,7.94
5.5362406,6.54
7.286635,8.7
6.7340007,7.46
6.6461096,5.75
6.786941,7.05
6.3640766,13.0
6.2472963,5.22
6.4731126,7.51
5.712846,4.18
5.7118216,5.77
5.8165298,5.96
5.266437,5.45
6.662042,6.15
6.5177126,7.2
6.6128573,3.1
7.070588,3.3
5.518088,5.7
4.4380627,3.39
5.73876,4.59
5.7613077,4.74
5.9064837,6.3
5.8879876,3.52
7.081748,5.77
4.464757,3.4
7.885448,8.16
5.3682027,6.6
7.4513884,6.35
7.388365,7.51
7.4840846,5.7
5.5138845,5.31
6.2474127,4.87
6.7688103,8.05
7.316569,8.39
5.7575417,6.02
8.070876,6.65
4.9411125,5.24
6.972843,7.8
6.850885,4.52
6.7073874,7.77
7.2292266,7.86
6.449107,7.0
5.467123,3.1
6.8514633,8.33
7.401561,8.7
6.7884016,8.4
7.0827427,6.06
7.3341727,6.71
8.908857,5.35
6.853948,6.57
5.641041,5.49
6.9739575,7.46
7.1772757,7.0
6.2735558,6.09
7.407123,8.49
6.5108347,9.57
7.675522,7.18
6.6071963,6.69
5.6131306,6.92
5.646968,4.67
6.73968,6.3
5.9956417,7.8
7.375144,8.85
7.195122,7.2
6.3627157,7.7
4.304019,4.31
7.729144,10.1
6.857202,5.57
5.8863897,6.09
7.2904325,8.52
6.7722583,7.92
6.340786,6.06
7.876281,6.09
7.2106376,6.15
5.0064507,6.1
5.2266498,5.21
7.589486,7.15
7.024857,6.85
7.634739,3.75
7.237862,7.49
7.5251884,7.3
6.7687764,6.11
6.132459,5.27
4.992976,9.52
6.466534,9.0
7.610987,6.77
7.3365993,6.96
7.4302454,9.16
7.170167,6.76
4.9402976,3.71
7.6094546,7.7
6.697167,7.05
5.9092755,5.56
7.0210457,6.48
7.0627456,8.11
5.726988,4.81
7.2194047,9.3
6.621822,5.77
5.340363,4.57
7.0779715,6.48
7.0320573,5.49
6.5899525,4.15
7.1273284,7.92
7.1055408,7.4
6.840458,8.7
7.1710577,6.94
6.6546116,3.84
5.5288134,6.05
7.363264,8.0
8.1328125,6.78
7.700465,7.89
5.3784876,5.85
7.2532396,9.15
6.6200633,6.24
6.2774873,7.7
6.6645184,5.37
7.0542665,8.0
7.2462287,7.57
6.3925714,4.82
6.3315425,5.92
6.7153444,7.05
5.117547,4.68
7.836469,5.15
6.0620294,6.85
6.9576354,8.21
7.4844265,7.42
6.799281,6.17
6.6243625,5.87
4.7475953,4.21
6.2460995,5.1
6.5938716,7.05
6.571348,6.24
7.7609844,7.92
7.4861827,7.61
7.5249357,8.8
5.495093,3.8
6.901231,7.16
7.1697087,8.35
6.965791,6.24
6.6631,6.45
6.807672,8.07
5.710605,7.74
8.644138,7.64
7.029172,5.18
7.160177,5.49
7.634964,8.3
7.025362,7.17
8.138194,8.82
6.575437,6.0
6.2593145,4.41
6.8396955,5.0
7.387177,6.7
6.604064,7.11
6.548829,6.04
7.33858,7.7
7.5935354,8.64
5.7139306,5.74
6.0963225,5.49
7.3078623,8.28
6.4996243,5.29
6.90659,8.93
7.029707,7.62
8.072802,7.18
5.3573704,9.05
5.6572785,4.0
7.1469173,5.38
7.0717425,7.44
7.9116154,6.45
6.1374803,4.64
6.837053,6.52
6.6669607,5.74
6.692735,7.55
7.1729054,6.89
7.401236,8.07
7.072187,6.09
6.558748,8.17
7.308313,6.44
5.362884,5.24
6.7582545,6.02
6.0422397,5.24
7.5701246,9.0
7.8386555,7.85
5.9805403,6.0
5.9059153,6.01
6.612988,5.29
6.5239773,4.87
5.771919,5.55
6.356172,6.23
7.8400803,7.89
6.612552,6.1
6.7384086,5.53
6.864659,6.09
6.1196723,6.09
7.9197717,8.8
7.8870854,5.96
6.6944156,6.13
5.2943354,5.76
7.075075,7.59
7.0837045,6.26
7.213829,6.23
6.1877794,7.47
6.3009152,6.8
6.3329377,6.63
6.727489,4.52
7.1504087,8.82
6.766957,6.84
5.8524675,5.09
7.054568,6.77
7.3753247,9.36
6.2548337,8.21
6.088355,5.0
6.3914433,7.65
5.7895274,5.12
6.4477663,6.07
5.283112,5.52
6.7046313,9.17
7.416545,6.95
7.0237646,5.38
6.8859577,6.24
5.580137,4.85
7.6105614,8.17
6.234841,6.62
7.2887464,6.34
7.012634,9.57
5.998096,4.53
6.9553485,8.26
5.0588727,4.86
7.305326,7.67
7.0245914,7.92
6.9973288,7.07
6.9715056,6.82
7.2272925,9.09
5.303045,5.04
6.749234,6.7
6.526432,6.54
6.552285,7.2
6.8020477,5.06
7.2229195,5.3
7.416394,7.17
7.447744,7.36
7.1938653,8.68
6.820255,8.08
7.183094,7.77
7.4175005,7.49
7.610898,8.1
7.043263,7.7
5.784878,6.74
6.0910892,5.39
5.3723564,4.32
6.6042113,6.61
7.090531,5.48
6.6077547,6.76
7.0467772,6.83
5.0206947,5.47
7.8044057,10.0
7.5367985,4.5
9.13452,8.43
8.209172,6.96
8.099483,7.41
7.092112,7.66
8.085022,7.82
8.413482,9.0
7.569711,8.08
7.5078936,6.12
6.2334323,6.93
7.784552,7.22
6.6516414,8.66
7.540761,6.6
7.0917845,8.3
6.4657073,7.07
7.0072703,8.0
7.9452195,7.76
6.860144,7.42
7.435565,8.29
6.391783,4.85
6.188428,6.87
5.6102815,5.6
8.400992,8.44
6.4921384,7.11
7.46261,8.01
6.760805,8.05
7.594335,7.59
7.3056774,7.59
7.592873,7.92
6.9671373,6.97
8.766968,9.18
5.980735,6.16
9.017775,8.51
7.134025,6.76
8.782358,8.1
8.615343,8.33
6.6923747,6.4
6.4650326,5.72
7.733763,7.92
8.622505,8.34
6.696174,5.84
6.1961865,5.7
7.9586725,8.0
7.7503963,7.71
7.1310863,9.1
7.5806136,9.7
7.7784553,6.77
6.528099,6.74
6.950924,6.71
7.842953,6.85
7.7384825,9.5
7.7900662,8.35
8.138878,7.91
7.5949893,8.2
7.6010566,8.41
7.331735,7.96
5.3269014,7.26
7.2740803,6.89
8.7569065,8.82
8.535828,8.47
8.1161785,7.47
7.4621944,6.59
8.478151,10.05
5.7535906,5.17
6.7675195,5.57
7.446727,8.12
7.613528,7.85
6.9398527,7.52
7.016496,7.68
7.900691,8.54
7.4488406,7.0
6.3915515,7.62
6.1134815,6.52
5.720332,8.36
4.890186,4.54
5.327903,4.86
5.841422,5.71
6.324454,3.89
5.2547345,3.52
5.417645,3.95
5.9462867,6.95
5.736361,5.1
7.1436663,4.36
5.757758,5.19
5.292185,5.1
5.709194,6.47
6.8473883,4.52
5.574129,5.6
6.7475934,5.33
6.379807,5.94
5.7158017,5.17
5.778024,6.06
5.918626,6.15
7.6498046,6.84
5.904071,4.7
5.6442294,4.79
6.5597725,6.22
6.5208473,6.15
4.9808216,5.72
5.6399517,4.62
5.106348,6.76
5.98699,4.89
5.938059,6.62
5.580037,7.27
6.0991335,5.59
5.981962,4.66
6.5240974,6.65
6.0686703,7.14
6.01733,4.86
6.184546,5.43
5.8530364,5.06
5.6265693,4.99
6.036553,6.18
6.2694263,5.13
5.410354,4.55
5.8470225,5.6
5.5343738,6.25
5.736999,9.11
5.897703,6.7
5.3548594,5.6
6.228263,9.32
5.8603663,4.36
5.305524,4.76
5.213227,7.1
5.938904,4.09
6.4692216,5.52
5.529354,5.36
5.1274805,4.99
5.7062054,6.02
5.9549785,4.99
5.6400986,6.11
5.508327,6.85
5.528399,4.78
5.9361687,9.2
5.4195137,7.11
6.710593,7.02
6.068641,7.94
4.9757743,4.38
5.656318,7.25
6.917341,9.05
6.2453184,8.12
5.9141755,5.08
6.5854535,6.74
6.766212,8.43
5.389162,5.54
5.730445,5.03
7.1919107,7.32
5.1021156,6.96
5.873453,4.22
5.700165,4.78
5.5057983,4.85
5.377413,5.97
6.0130806,5.78
6.5662975,7.48
5.410161,4.27
5.1981134,9.24
5.2337418,7.09
6.122224,4.05
6.9352174,6.79
6.4470525,6.44
5.8151345,4.93
5.64792,5.84
6.993451,6.4
5.2760105,5.82
5.504813,4.51
5.5427084,6.71
5.522512,5.29
5.9622884,4.75
5.093607,4.77
5.5156107,4.84
5.575054,6.69
6.519566,7.17
5.472374,5.47
5.7660346,5.85
5.556514,6.42
5.09675,6.96
5.833297,6.41
5.7242994,5.72
6.375504,6.89
6.2847695,7.85
5.08366,5.27
5.734827,4.74
6.204483,5.5
5.499757,5.26
6.4918494,6.01
5.9192553,3.72
4.7072945,5.11
4.826572,4.7
5.170002,7.0
5.3922944,5.95
5.3469286,6.12
5.199786,4.75
5.938872,4.08
5.7010136,5.75
7.4367776,7.77
6.2791467,5.4
6.1331406,3.43
6.9478755,5.21
6.3180966,5.8
8.220472,8.43
7.909431,6.96
7.0712304,9.8
8.098035,9.42
5.9978366,7.66
6.1879506,6.21
7.422393,8.1
5.432699,5.62
6.848204,6.66
6.345226,5.68
5.237893,5.33
6.420586,5.47
6.7457147,6.25
7.575183,6.89
7.6033816,9.48
6.2532935,6.8
5.478043,6.65
5.396745,5.22
7.9832826,6.06
7.819142,10.82
6.41215,5.36
7.563378,7.8
8.039086,7.0
7.6025305,6.92
5.839407,6.85
6.829723,5.36
6.3861165,8.82
5.7711897,8.17
6.48657,4.71
7.0851345,7.59
7.145214,6.6
8.478135,9.74
7.320155,9.03
5.222548,5.4
6.8572345,4.77
5.787629,5.39
5.256709,5.0
5.7828093,5.93
5.9159346,5.7
6.2678075,6.46
7.6003,7.42
5.417784,5.6
6.519423,8.52
6.2909713,6.96
8.454105,8.7
7.300499,8.96
7.363904,5.74
7.285652,8.2
6.377344,5.22
4.6978135,7.04
6.212177,7.49
5.536985,4.18
6.1759768,6.31
6.250199,4.77
6.4815555,8.0
5.6799107,4.66
7.6118183,9.07
6.397073,4.99
5.824381,3.37
6.4855514,7.2
8.057009,6.7
8.040126,8.31
5.9155455,6.55
8.431899,6.24
9.097332,7.49
6.1557164,5.6
6.5958652,7.24
7.7940836,8.49
4.8201866,4.43
3.709102,3.4
6.164532,5.84
7.6371164,7.72
5.097684,5.86
7.5886674,6.66
5.9913754,8.05
7.622876,7.47
7.6424813,8.3
6.862135,5.66
7.4874725,8.04
7.2066836,8.52
9.499799,12.19
5.0251975,6.08
5.471692,5.42
7.2010765,7.68
5.407162,6.74
7.5818176,8.29
6.7213526,6.54
6.3932414,5.56
7.2555847,6.92
6.7894697,8.17
5.994433,9.0
6.997774,6.0
5.316787,7.1
7.525947,5.82
7.542219,8.39
7.6420736,8.03
6.9627075,5.1
5.6705575,9.05
6.4541664,6.8
6.293841,6.3
6.763314,7.54
6.4098268,8.7
7.638667,8.23
5.680526,5.42
7.1333685,6.42
6.522969,5.85
6.806872,5.64
6.346476,4.4
7.4690585,6.39
4.6628084,4.21
4.232435,6.65
7.472156,5.89
6.577004,9.3
5.932719,2.66
6.777875,4.82
6.122152,5.14
7.1549354,7.12
7.0690427,8.02
4.883863,3.53
6.6116004,11.1
8.11722,8.57
6.2700715,6.14
7.1610994,6.0
7.6597924,7.47
7.6381693,6.11
5.1216784,6.82
6.3391232,5.21
5.3179946,6.24
7.6147423,7.02
6.219845,8.4
5.885989,2.63
7.9689956,9.22
6.7425294,8.77
4.9746027,4.48
7.685814,7.07
4.4923525,2.8
6.177839,5.27
5.402597,4.54
8.019317,8.49
7.3277116,8.1
6.512593,8.1
7.0063863,8.6
7.6192703,7.14
9.094564,8.74
6.2733374,4.88
5.8225985,6.65
6.4339657,4.22
5.840602,6.13
5.294014,5.11
7.7641687,7.4
7.192903,4.4
6.886808,8.04
6.5497484,7.2
6.7453666,9.15
7.077385,8.54
6.9530706,5.96
7.378124,8.3
6.1098933,6.4
5.3477893,5.6
5.2018113,5.9
6.8681293,6.85
6.1051126,5.0
6.6236315,5.43
5.489476,4.11
6.3005147,6.06
5.4655657,5.0
6.0058355,7.2
8.075097,8.96
6.1653576,6.89
6.0152693,5.64
6.224376,7.3
5.766898,4.16
7.6066217,7.21
7.8241086,9.0
7.917423,8.41
6.469669,5.38
4.9930935,4.6
5.757511,6.05
5.2318463,4.27
7.1200137,9.4
6.2867584,8.96
7.8131447,8.14
5.7451878,8.3
6.505079,7.8
6.095571,6.6
6.8216453,7.39
5.896885,5.98
5.9445057,7.27
5.115028,6.0
6.3566413,5.59
5.961089,4.79
7.035567,7.4
6.6382155,4.93
6.188712,6.77
6.3360424,7.27
6.468824,6.3
6.3860397,5.9
5.4167995,7.35
5.709766,4.79
6.358425,6.46
5.882217,7.09
6.5354867,7.43
6.66262,6.2
5.930605,5.06
5.832322,5.15
6.575542,7.92
6.7883315,8.38
6.4595137,6.54
6.255832,4.89
5.516935,6.64
6.20057,6.64
6.153355,5.52
6.106634,6.44
5.8830347,4.96
5.8713584,5.53
6.722669,6.85
6.8907256,6.4
6.957635,7.23
6.0428133,4.79
7.28485,5.04
5.818635,6.28
6.426968,7.66
5.9698057,6.3
6.3884587,6.0
6.1131215,4.56
6.903054,6.07
6.0391083,4.53
7.286922,7.06
7.3795805,8.0
8.049835,8.15
4.9056697,5.75
6.6953707,7.49
6.5336356,5.23
7.5942097,6.03
7.230095,8.3
7.3569837,7.21
7.050178,7.7
7.582597,6.67
7.2427425,7.64
6.348503,6.0
7.7371964,8.4
6.223924,6.64
7.46861,8.14
6.8852916,5.28
7.273032,6.35
7.534127,5.38
7.313411,9.05
7.213758,6.28
6.9759545,7.81
7.1720257,8.08
6.1917977,6.54
7.127786,7.83
7.7515383,7.85
6.365179,6.48
7.258879,8.28
7.0374227,7.96
7.533885,7.52
7.583782,7.89
6.3291345,4.2
8.375239,7.68
6.2410393,7.96
7.734287,7.6
6.4602494,7.21
6.355725,5.59
7.580225,6.83
7.241885,7.06
6.6166124,7.8
7.5054803,7.96
8.112718,8.4
8.472653,8.19
7.58759,7.96
8.224367,7.85
7.2391996,8.05
6.605653,3.11
7.3772397,7.05
7.5234237,7.82
6.559245,6.06
7.57789,6.63
5.742444,7.04
7.371607,7.43
7.172782,6.85
5.7697606,4.03
7.060492,7.74
7.2423058,8.22
5.847644,5.06
5.588079,9.05
6.860472,7.18
7.343708,6.91
7.1205883,6.34
8.071406,6.72
7.3712173,6.44
5.5819607,9.01
6.7453504,6.08
6.765254,7.62
7.584637,7.2
6.2168527,5.03
7.2677355,6.63
7.0746827,6.1
6.849738,8.15
7.1368017,7.49
7.3156867,6.05
6.078174,7.82
8.247826,8.92
7.6643105,7.09
6.6724744,6.45
6.034269,5.02
5.8621407,5.02
7.085794,7.49
6.154843,9.02
5.032735,5.49
7.190736,7.49
5.860153,4.12
7.0613236,6.04
7.432132,8.3
6.502911,8.0
6.857943,7.74
5.3444004,5.34
7.2749124,8.15
7.65668,9.34
6.7369456,7.31
7.28041,8.15
7.0425386,7.7
7.111915,6.8
6.6745033,8.28
8.230965,7.21
8.050928,8.05
7.274145,8.28
6.644811,7.87
7.410933,7.4
6.6755147,7.54
5.2013664,4.39
6.7842207,6.64
7.774596,6.12
6.2114906,6.78
8.209373,9.36
7.8814383,7.51
7.3978004,7.28
7.346948,0.95
6.86985,7.92
6.8133874,7.02
7.7643995,7.74
7.26503,8.38
7.9252806,8.59
7.295325,7.26
7.2362127,7.57
8.095996,7.0
6.6567326,7.0
7.5017796,6.53
7.585597,8.66
6.904683,7.46
6.3022428,5.44
8.380387,8.4
7.0120273,7.66
6.7827873,6.81
6.121017,9.54
7.3430414,8.32
7.983363,8.7
7.0919337,7.47
7.7353935,6.41
7.4300284,6.18
6.250613,5.1
6.4973187,7.11
8.459016,8.7
7.827434,7.96
7.5693207,6.61
8.126525,9.54
6.3807135,6.42
6.297615,7.34
6.6938105,7.8
7.414969,7.82
7.312174,7.34
7.1611185,6.63
5.648267,6.25
8.27618,7.29
7.084415,8.22
7.1904964,8.15
5.179359,6.18
6.836158,5.52
7.1972103,8.29
6.3856506,6.96
7.7437406,6.18
7.9336195,7.1
5.4986877,4.11
7.0700173,9.55
7.452933,7.59
7.189447,6.58
7.29758,6.56
7.001007,6.77
7.5638556,7.44
5.3190594,5.08
7.1369686,7.26
5.9559298,8.35
7.4606485,8.62
5.6399055,3.47
7.2398934,7.64
7.1880436,7.18
6.4252925,7.64
7.7253723,7.6
6.8620524,7.4
7.198409,8.38
6.638838,5.17
9.789434,6.7
7.4459324,7.74
7.09243,7.48
7.4827356,6.42
5.6454554,8.11
8.007103,8.05
5.8227243,6.81
6.412117,6.27
7.932081,8.12
5.778521,5.36
8.213741,11.0
6.933408,6.55
7.557839,8.17
7.248084,9.15
7.133709,7.33
6.911078,6.58
7.8148246,7.95
6.579817,6.23
6.6785555,6.3
5.5016465,5.56
6.7773147,6.67
7.701371,6.52
7.1063485,7.05
7.66043,6.31
7.7254205,7.43
6.0829697,5.99
7.6229496,6.03
7.969467,7.82
6.7798367,7.62
7.0183244,6.34
7.0584254,7.8
7.8533144,7.82
7.723236,4.58
8.194864,8.52
6.547769,6.66
6.1270847,5.08
7.0347123,6.9
7.421273,7.11
7.4626493,8.12
7.1337223,6.18
6.063446,5.97
4.4856396,4.35
7.438179,7.6
7.438416,5.77
7.370926,7.49
7.1907434,7.14
7.1922936,6.75
8.089203,8.22
5.903412,5.6
7.45079,7.22
7.407065,7.49
5.4195247,5.85
5.613707,4.74
6.3235173,7.54
5.272024,5.66
5.058776,5.24
7.0115204,5.89
7.3277817,6.13
6.326786,6.08
7.3361607,6.62
7.4135303,7.89
6.596916,5.56
6.3721175,7.01
7.4854283,7.34
7.3406215,7.17
5.7284856,5.92
5.514449,5.74
8.155944,7.49
7.5434604,4.4
6.4862947,6.6
8.051656,7.42
7.551183,7.89
7.508119,7.12
6.7626452,8.7
6.1119914,5.02
5.440924,4.74
7.094447,6.5
5.55512,3.47
6.0480614,4.96
6.94534,5.92
7.3399916,5.16
6.4965196,6.72
7.493895,7.94
7.232891,7.08
8.863117,8.85
8.2764435,7.81
5.9970865,4.9
5.988125,4.49
5.2838535,4.52
7.426063,8.33
8.470534,8.52
6.871425,5.45
6.8821363,7.6
7.2204704,8.99
8.623941,9.0
7.2976227,9.22
5.8304415,6.99
5.5881395,6.74
9.483054,8.85
6.6335363,5.17
6.4221163,6.9
9.513962,10.28
7.065472,7.15
5.980474,6.28
7.899909,9.66
8.487124,8.44
6.7835364,8.66
5.4470086,9.62
9.814564,9.7
5.8364425,6.11
6.476267,4.49
9.07617,9.15
9.436802,8.49
7.3015437,6.55
6.351935,5.41
6.0204782,4.9
7.367235,6.98
7.030625,6.43
7.521728,8.8
6.322601,4.36
6.9364433,8.89
5.8698144,7.7
7.4700994,4.56
7.682062,6.62
7.3053956,6.21
7.5517826,5.99
6.5488586,5.54
7.8739147,6.52
6.6770163,6.7
8.253239,9.4
6.6745467,4.92
7.3170977,6.19
8.220407,6.93
6.1244802,5.72
5.1726084,6.92
5.8409214,4.53
7.305749,7.96
6.6737185,7.97
6.837261,7.61
6.094044,6.35
6.1862044,5.02
6.546642,4.81
6.4377155,5.89
6.135434,6.15
6.005931,4.99
7.2627177,7.51
6.5964174,7.04
9.879164,9.3
5.5370483,4.83
7.3743367,8.21
6.651997,4.94
5.3017344,5.51
7.5961804,7.04
6.564784,5.32
7.0780463,6.39
7.3464465,4.65
5.971584,6.91
7.4660797,5.53
7.655281,8.06
8.857183,9.15
6.9691343,5.66
6.767954,7.82
6.9637733,6.77
6.1728168,7.51
7.4691296,9.0
6.768528,5.89
6.1090736,7.59
5.1838655,5.17
6.6918287,8.05
4.981132,5.89
6.5997334,5.62
6.6730986,5.55
5.50067,5.32
6.3317943,7.3
6.187084,8.22
6.4084187,8.52
7.6278696,7.66
6.198459,6.63
6.1958838,6.2
6.292773,4.28
6.850091,5.57
7.0147243,8.4
7.5916824,5.92
5.6073833,4.77
6.994959,6.0
7.551273,6.0
7.434678,6.1
6.6691732,4.56
7.481488,7.3
5.3492894,7.7
7.3739243,7.3
7.0415735,8.42
6.3237824,6.5
7.2955647,7.3
7.153,7.3
6.3365793,7.7
7.194583,7.3
8.229049,7.3
7.5308094,7.3
7.111764,6.0
5.1254215,5.59
5.9525003,5.01
5.800575,5.47
6.615701,5.64
7.2868047,5.01
6.108129,5.45
5.6791143,4.57
8.294095,5.37
4.8204107,3.05
7.1013865,6.72
4.3643513,3.52
5.2380066,5.85
5.9703026,4.58
5.8447742,4.85
7.0954103,6.46
6.7433276,5.46
6.4633923,4.85
5.221807,4.82
7.1981864,8.05
6.810852,7.46
8.386171,7.28
7.938405,8.7
7.4769173,5.18
6.9354477,6.96
7.08915,7.55
6.9573464,5.57
7.353646,9.48
7.121509,7.4
6.6411495,9.22
6.578705,7.67
5.1551933,5.35
5.905757,5.48
6.9625297,8.92
5.7537675,5.34
6.2809434,6.39
7.5230246,6.15
7.7495155,6.95
7.5073185,8.15
7.0814614,7.48
6.2285857,6.22
7.6837234,8.17
5.7505856,5.79
6.301766,6.0
6.2001557,5.49
8.203387,5.68
7.0333576,7.52
6.8278947,6.5
6.6176867,7.04
7.679216,8.46
6.4724526,6.24
5.78659,5.05
8.666617,6.1
6.896272,8.46
7.179656,6.89
6.604108,6.77
7.231535,6.46
6.581373,6.21
6.8499146,6.68
6.8099422,6.74
6.121164,5.77
5.914269,6.78
6.0188875,7.62
6.9851418,6.26
6.925885,5.52
6.5727706,5.09
6.7824802,5.96
6.8173857,7.22
7.891856,9.36
7.1996675,7.35
6.623153,6.4
6.3524585,5.82
7.050136,9.05
7.6637363,7.59
6.4374886,5.17
8.024557,7.44
7.155773,7.64
7.606536,9.01
6.0674725,5.4
6.6307716,6.51
7.4961414,7.45
7.949071,7.89
6.0884385,7.08
6.76189,7.52
7.2397203,9.49
7.656041,8.43
7.465118,5.3
6.625329,7.11
7.347724,8.02
7.616957,7.6
6.7104278,7.08
5.1543727,5.71
6.3450284,7.1
6.2054586,5.11
5.978812,6.64
6.4797506,7.3
6.180103,5.29
5.943153,6.04
6.749099,6.82
6.928844,7.89
6.401102,5.53
6.4666924,7.43
5.503152,4.13
5.7123957,4.9
5.0883865,7.0
5.464349,6.38
4.263341,5.3
5.0385466,5.17
5.3074594,3.59
4.5992584,4.21
5.965848,4.66
6.513081,4.96
6.9750686,8.44
5.97669,6.29
9.116697,8.26
6.1095133,6.64
9.595069,9.6
5.7733293,6.0
5.611367,4.63
6.3286552,9.1
6.286733,4.3
5.2882886,6.01
8.218399,8.8
6.1806574,6.24
6.907148,6.02
5.7010775,5.7
8.006605,10.7
7.5333533,9.91
7.298955,5.55
8.79501,9.76
7.683145,7.13
6.8041887,7.99
6.9063597,7.2
6.4303093,6.71
7.366669,6.0
7.084034,6.1
7.4887843,6.78
6.507068,6.0
8.372559,7.8
6.6691537,7.74
9.936459,10.65
5.958406,5.17
5.9351497,5.6
5.876129,6.2
8.074387,6.3
6.9488797,5.78
5.48288,6.11
9.0327215,6.33
7.254882,8.8
7.8007236,8.76
7.2006717,6.34
7.4161925,7.52
7.4161477,7.28
9.326,8.72
6.1639876,4.68
8.685498,10.51
7.4564886,5.64
6.347016,7.89
5.743558,6.0
8.070766,5.96
6.061106,5.4
6.6573935,7.0
7.690364,7.72
9.254573,10.0
7.6106615,7.28
5.893848,6.48
5.875949,7.47
9.335057,10.74
7.250956,6.2
7.5260887,7.92
6.8809915,6.9
7.1656566,7.19
7.334172,7.44
5.665812,4.51
5.2978773,4.93
6.051438,7.35
7.0473146,6.2
5.64764,7.78
7.207137,7.81
6.897677,2.3
7.406663,7.33
6.74103,7.01
6.2835197,7.72
7.573018,6.91
5.652798,6.6
6.2652035,7.22
7.3283396,7.75
7.5453877,6.66
6.463634,4.21
6.1144395,5.46
7.806841,8.83
7.1034613,6.32
6.0118575,5.9
7.811,5.64
5.965048,7.65
7.508022,6.39
7.6194096,7.32
6.793437,6.85
5.89807,4.81
7.81812,8.27
6.963424,6.09
6.6382155,6.02
7.3631907,8.49
6.6490965,5.74
8.217007,6.37
6.4428935,5.7
7.1157064,5.07
5.8228817,5.61
7.2064333,8.89
7.687666,6.67
6.7750573,7.76
6.1418443,6.53
7.4550424,9.53
5.3650417,6.9
7.18888,8.03
6.611867,6.97
6.5893097,6.8
6.9078665,9.05
5.9189887,6.07
5.6821847,4.92
6.058574,6.9
5.9609194,8.4
7.352696,7.46
7.256997,6.62
5.0586147,6.4
6.931532,8.6
5.6613383,6.93
5.458231,6.64
6.9321194,5.83
7.497265,6.44
5.5502043,6.38
5.347271,4.68
5.9770923,5.44
5.943902,6.39
6.876936,4.81
6.707965,5.72
8.043802,5.99
6.6543245,7.36
6.79928,7.1
7.183794,7.77
5.530917,5.48
8.116734,8.62
6.4949293,9.15
8.46615,9.22
5.988106,6.45
4.996333,4.7
6.008938,7.22
6.6456227,8.29
6.2211943,5.0
3.896976,4.02
3.8477578,3.61
7.3527894,6.3
7.7518306,8.95
4.4918833,4.72
5.7024217,5.52
5.304796,6.97
5.7814255,6.47
5.2230315,7.82
5.491942,4.33
6.7555647,7.54
4.8288293,4.27
6.15662,6.77
5.2602615,4.68
5.2450447,4.96
5.9637566,6.3
6.153407,6.35
7.5985994,6.3
5.6803484,4.77
5.0328884,4.98
4.7683854,4.81
5.388405,6.35
5.4861913,5.46
6.2376547,6.68
6.2440677,6.25
7.750356,8.0
7.3150187,6.7
6.82853,6.62
6.5048738,6.1
8.189886,7.68
6.029971,7.12
6.5448623,7.68
4.56507,5.47
5.891342,6.02
6.642856,5.08
5.4310875,5.2
7.623976,8.0
6.090262,7.3
6.3434086,5.1
7.402115,6.62
6.029788,6.65
8.599543,8.3
7.0557904,6.37
7.2781186,6.92
6.5542846,6.42
7.7236204,7.19
6.9590883,7.76
7.7086287,6.96
5.623691,5.89
7.9261627,8.02
6.426617,5.07
6.256967,5.2
6.9238205,8.8
7.3268185,7.8
8.585108,9.95
5.9045677,7.12
8.936931,7.63
8.069081,9.0
6.682996,7.33
4.68499,4.5
6.5757394,6.12
7.7847614,6.61
9.996684,10.89
7.329139,7.76
6.3377013,8.7
9.163172,8.45
7.251098,5.25
8.582895,7.77
8.990957,8.64
6.447607,6.3
7.071119,7.68
5.807412,5.15
9.810606,9.08
6.617818,5.1
8.904409,7.44
6.6803775,7.8
8.088076,9.41
9.0475235,8.65
8.563202,8.07
9.686419,8.73
9.9678,12.0
7.996764,8.17
8.707262,7.94
7.058188,9.02
10.239716,9.65
8.940212,9.52
9.518815,8.16
5.1658773,4.1
6.737905,5.3
8.513213,7.96
5.8268456,6.2
6.989848,8.1
8.484504,8.05
7.766896,6.59
9.487109,8.43
9.084477,10.0
7.679897,8.4
6.2437353,5.94
7.5549297,7.24
9.501564,10.4
5.2197714,5.2
8.232118,6.44
8.423182,8.66
9.377629,9.0
9.859236,10.89
7.008893,8.31
7.402576,5.0
6.11732,5.96
6.2607474,5.5
5.666377,7.6
8.581602,8.3
9.136591,8.91
7.998575,7.86
7.664364,7.68
8.3801565,10.4
9.869865,10.41
5.433636,4.11
9.091377,9.4
9.323557,8.8
7.708851,6.51
9.544481,9.95
7.298907,6.11
9.292763,9.55
7.267,7.92
6.7810035,6.51
7.911518,7.28
8.567966,7.29
8.354382,9.66
7.97334,6.63
9.062328,8.7
6.3565397,6.7
6.3311563,6.99
8.633975,8.7
8.08585,8.7
7.105542,8.15
5.521144,6.88
8.262908,7.7
7.6547236,6.4
8.8287115,8.7
9.626791,7.96
6.7801676,8.3
6.540214,7.6
7.71309,7.54
9.471346,8.85
7.7951617,8.81
8.908068,8.52
7.188964,8.7
10.274896,12.0
7.584136,6.58
7.0093513,7.1
9.44644,9.02
10.129098,10.19
9.930559,10.08
8.899622,9.67
7.5719185,7.89
8.679462,9.01
6.609245,6.0
8.8937435,6.97
5.533449,6.97
9.323123,11.0
7.55453,6.94
8.560334,9.98
8.750882,10.15
8.542322,8.61
7.622261,8.33
6.431005,6.77
9.529232,8.7
6.452524,8.03
8.324169,9.14
8.640538,9.24
8.076992,7.74
6.809778,6.9
8.724053,8.25
7.385755,9.4
6.570062,7.7
7.735044,8.82
9.059501,10.0
5.0949435,4.7
8.396221,9.0
8.185674,8.22
5.193247,5.6
7.118549,7.24
9.282412,10.7
8.621325,9.64
5.1782904,6.34
6.089638,6.6
6.4027715,5.8
6.6616507,7.14
9.175735,8.7
8.854362,9.7
8.406378,8.82
6.6214733,6.24
7.4709573,6.7
6.8821054,6.35
7.5491734,7.26
6.1498876,5.0
6.8811097,7.46
8.910705,9.3
6.645729,6.36
6.312875,6.4
7.4002585,6.11
7.8850794,7.6
6.895657,6.01
7.0205817,5.3
8.922547,10.3
7.132248,5.59
5.869667,6.8
6.410863,6.59
6.314893,5.24
6.94428,8.39
8.145916,6.72
8.248356,9.41
7.630594,9.22
7.318398,5.4
6.382706,6.6
6.195383,7.68
6.0555935,6.01
7.5847173,8.17
6.141402,7.85
7.8514605,6.33
6.42526,8.34
7.2122126,5.91
6.2953377,8.15
7.2384086,9.26
7.2414165,8.3
6.5948486,5.49
7.745618,7.25
7.0080495,6.17
8.713302,7.21
6.505325,6.68
7.571403,6.4
6.4699855,7.49
8.545088,11.42
8.097281,6.37
5.587867,4.92
8.057339,6.31
6.816565,5.47
6.493445,6.57
6.3058,6.5
7.0066557,9.26
6.60102,8.05
7.616926,7.66
8.512832,8.15
7.632904,8.49
6.5325036,6.46
8.327968,11.92
6.2828746,5.92
8.093679,10.26
7.11777,8.52
6.0344152,8.03
8.358483,7.94
6.260134,6.77
7.3987827,6.8
6.4989824,6.67
7.303454,6.32
7.032256,6.61
6.8260875,6.3
6.5611753,6.19
7.374126,7.08
5.8174887,6.57
7.297718,7.43
6.8271184,6.61
6.613856,4.77
7.706503,6.86
7.5123587,6.89
6.54445,7.43
6.0331583,7.42
7.2671976,9.4
7.3047357,7.37
6.8860097,9.0
6.720304,7.02
7.7591486,7.96
7.008795,5.68
5.6335936,7.0
5.941692,7.2
6.666662,5.3
6.857138,7.08
7.199078,8.54
7.4411845,7.7
7.0569057,7.18
7.46242,11.07
8.878363,8.17
7.296875,7.62
6.8240576,7.0
6.2746553,6.24
6.9974027,6.77
6.6425633,6.74
7.651788,6.64
8.551706,8.52
7.328184,7.1
7.72593,8.77
8.047182,7.12
7.678905,6.49
6.913998,4.54
6.6596656,6.95
5.617501,6.5
7.2175183,6.91
7.1033115,6.8
8.142902,7.7
7.7301817,6.14
6.2225637,6.0
6.228082,7.32
7.1613655,5.62
7.038488,6.77
5.7626967,7.3
5.199041,5.05
5.4631796,7.27
5.0986137,5.92
7.328805,5.59
7.7010646,6.38
6.098993,5.62
5.18136,6.03
6.1822333,7.0
6.9553742,6.28
7.0778985,7.04
6.9144835,7.43
5.365735,5.77
6.8626046,6.72
6.2424264,5.64
6.3066735,6.85
5.226741,6.0
7.0317817,6.35
5.9795785,6.68
6.2727647,6.0
5.364895,5.52
7.269576,5.15
6.779365,5.24
7.029401,7.22
6.1919346,4.09
5.3335285,6.0
4.963907,6.35
4.7833514,5.02
6.1475863,6.36
7.61545,7.85
5.711164,6.03
6.8283453,5.28
5.1762285,6.33
7.4032593,4.4
6.813879,6.79
5.8966136,5.36
7.1020617,7.1
4.866183,5.66
5.1632175,6.1
6.1074452,5.26
6.8924747,7.52
6.539113,5.28
5.426173,5.49
6.4386864,5.3
5.787826,6.48
5.7832766,7.15
5.8639426,6.42
6.4119315,5.99
5.219856,6.01
5.864854,6.07
5.7153797,6.7
5.371357,4.71
7.012515,6.0
5.9976,8.0
6.3815503,5.7
6.3146043,7.14
4.7753873,5.85
5.4508677,5.1
4.9817257,6.7
7.6651354,7.18
7.299487,7.1
5.9935284,5.22
6.139525,5.4
5.5810394,3.4
6.9127502,6.1
5.3034253,5.0
5.0364933,4.3
6.0318613,5.3
7.348886,7.3
6.5502853,6.03
7.8463893,7.23
7.5669284,7.59
6.092533,5.55
5.965145,7.05
6.6911907,7.06
6.6444044,7.28
6.8097305,6.7
6.3956995,6.7
7.636104,6.7
7.118154,6.7
6.193699,6.7
5.9987974,4.87
5.634594,6.21
5.5403104,6.28
7.3063498,6.05
7.9013987,7.02
6.8527665,5.6
5.2892714,4.9
5.0403075,4.12
4.887967,3.89
5.7831607,6.33
6.465799,4.77
6.3303494,2.87
5.1176124,4.79
4.6063385,4.38
7.314807,2.7
6.372697,6.41
5.730597,4.03
6.397386,4.67
6.5934973,4.49
5.607938,5.17
6.381665,7.29
7.3528056,5.08
6.422205,7.3
7.351144,4.59
7.224352,6.94
5.3512845,5.04
3.976621,4.44
5.586895,4.12
5.7091613,5.42
4.556754,4.82
5.066545,4.55
4.551565,4.26
4.3849335,4.32
5.150443,4.95
5.4365773,6.59
4.9985304,5.3
4.233518,6.07
7.2293687,5.49
7.58979,7.41
5.6698895,5.05
6.815124,8.52
5.621825,4.85
4.791975,4.76
6.671557,5.98
7.766107,6.88
6.1621995,6.0
7.141927,7.3
6.44727,4.26
6.0228825,7.46
7.0567174,6.61
6.1643996,6.85
7.7864404,6.63
6.500627,7.15
5.7560883,6.26
6.7558603,6.73
6.833437,7.48
5.8490515,5.66
6.9729867,7.29
7.123782,7.12
5.5325365,5.98
8.2918415,8.4
7.365037,5.59
6.43355,5.91
8.012725,7.92
7.7958407,7.3
6.1861835,6.49
7.6632004,6.63
6.307365,8.4
7.324564,7.62
5.8052754,3.97
6.8977933,6.42
6.976985,6.12
7.536546,6.94
7.701049,7.82
5.629324,6.92
6.5570345,5.33
6.1373396,5.62
7.692922,8.52
3.9512205,6.2
6.2590494,6.05
5.3774323,5.17
5.996229,5.6
6.333914,5.05
5.41327,9.0
4.9350224,3.97
4.281527,4.49
6.0423403,5.7
3.9052877,6.3
5.6889615,6.4
5.073842,7.01
5.2546587,6.77
5.205618,7.08
5.0849595,5.19
4.5905504,7.1
5.250477,5.6
6.6717553,5.58
5.9960837,6.06
5.261108,5.2
7.0712814,5.39
6.339648,4.92
4.673906,2.4
7.8251595,7.2
7.438796,7.42
6.7869234,5.93
7.1299787,7.15
7.486903,7.6
6.795876,5.78
7.2578993,7.43
6.003695,6.6
7.237491,5.32
6.4637194,7.26
6.508652,6.15
6.480185,7.37
7.1982727,7.27
6.4904118,4.93
7.042859,7.7
6.695156,6.92
7.314829,8.1
7.2885613,6.15
6.6335683,8.0
6.4087806,6.1
6.2925315,8.29
6.716968,6.25
6.322813,6.0
6.185615,5.66
7.0324416,7.06
7.1360126,7.85
6.532923,6.44
7.2832665,9.0
6.09553,5.47
6.0656734,7.48
7.442269,8.46
6.435709,5.37
5.9299254,5.43
6.6369205,6.82
7.4418917,6.72
6.875663,6.5
6.526835,5.82
6.8257217,7.87
7.1449084,8.4
7.208534,6.78
6.8208604,6.09
7.0728183,7.09
7.6944647,6.57
5.6178293,5.62
7.548824,7.85
6.6822934,5.0
5.5108557,6.89
6.037067,5.52
6.6997585,5.31
6.977968,6.89
6.678994,7.4
7.6877003,8.6
5.592852,6.07
6.638369,5.96
7.01845,6.68
6.701806,7.82
5.9563227,6.18
6.750017,6.35
6.941346,8.4
6.575406,8.15
5.597987,8.4
7.49003,8.24
6.222003,5.96
7.1129575,6.12
5.74637,5.77
6.3192625,5.35
6.6696277,5.54
7.5746784,8.62
6.2829375,5.5
7.380675,6.01
7.410572,4.99
7.1511316,6.86
6.388133,9.24
7.1899056,7.8
7.2561417,6.19
6.87191,7.76
5.9235034,9.0
6.9417567,8.15
6.2625117,4.4
6.897661,5.19
6.1656575,7.72
6.8012767,6.74
7.637188,5.04
8.673575,9.37
6.177395,6.8
7.2123,7.12
7.1113358,6.17
7.413738,7.76
7.1431255,7.96
6.4182134,5.26
6.2433996,8.21
6.3437634,6.22
6.8134785,6.18
6.417581,8.23
6.7270956,5.77
7.179219,5.51
6.534308,6.84
7.409134,5.22
6.646533,6.21
6.2195606,5.37
7.0773964,6.34
6.172807,8.82
6.452985,6.39
6.6828527,6.51
6.6206703,4.99
6.593948,5.49
6.965449,5.3
6.068806,5.3
7.3102074,8.6
6.3027015,5.5
6.0893936,5.68
6.959905,8.52
7.1980996,8.28
7.9650283,7.7
6.8933907,7.64
7.008486,7.89
6.8013964,5.8
5.833931,5.19
6.287984,7.45
7.0898795,8.55
6.6753035,5.29
6.244754,5.7
6.9533987,8.14
6.6001487,6.66
6.659621,5.82
7.1446977,8.05
8.297354,8.2
7.8605466,8.7
6.537267,5.6
6.4719744,6.88
6.535791,6.52
6.0920477,6.29
6.9349074,6.6
5.9483256,5.22
6.830122,6.67
7.7668715,8.4
6.4417486,8.19
6.3199606,6.22
6.3955393,6.16
6.2822194,6.43
6.8208203,7.08
6.2944326,5.7
6.1710324,6.22
6.233298,6.02
7.2833395,7.48
6.8837576,7.8
6.973454,7.39
7.394466,7.89
6.679299,6.1
6.2294965,5.52
6.210232,6.17
6.0555944,5.21
7.786682,8.41
6.205201,5.82
7.7627535,7.59
7.440999,7.11
6.779604,8.7
7.517476,6.42
7.203482,6.7
7.4804845,7.95
7.3409643,6.99
5.72025,5.85
6.5544252,7.49
6.6806192,6.82
7.553916,7.26
7.29576,6.05
5.365702,6.57
6.261892,7.85
7.0608344,4.74
5.914009,7.01
7.1972194,8.29
7.6681776,7.25
6.9455943,7.19
6.7068205,9.13
7.260106,6.46
5.517849,7.09
7.315037,9.15
7.0319896,8.49
7.7393265,8.74
6.756293,9.7
7.5307093,9.7
5.3352137,4.02
6.5199533,7.48
8.421346,7.11
6.969768,4.86
7.4395285,7.73
6.030342,4.39
7.4646378,9.0
8.025806,5.68
8.386225,6.03
6.6156273,6.82
7.3438067,7.62
7.1580963,7.98
6.543594,4.66
7.197976,7.31
7.333912,6.82
6.490274,6.94
7.5407934,4.62
5.5149097,5.07
7.7180405,7.19
6.382186,8.96
4.860957,6.82
6.7358513,3.63
6.762473,6.68
4.4895506,4.22
6.650033,5.21
5.2332253,5.1
6.304733,6.01
6.017426,6.43
7.551173,7.64
6.354468,6.3
6.837904,6.95
3.4065213,4.93
8.053037,7.98
5.764105,6.42
6.979693,4.8
6.968403,7.4
5.279021,6.72
6.161863,6.8
5.8443985,6.19
6.337138,5.28
4.8774843,3.86
5.3515253,4.3
4.9937916,4.04
7.923979,8.06
6.5456905,5.09
6.997729,7.1
4.8048887,4.28
8.035589,9.6
6.8428316,8.65
6.3283696,8.08
5.1998243,8.07
6.5829935,6.37
7.279012,7.4
6.6123424,4.64
5.157535,5.65
8.50098,9.3
5.2448344,5.75
5.330686,5.05
6.84962,8.39
5.7971964,5.23
6.6833324,5.61
7.791434,7.1
6.7369,4.05
7.0034676,9.09
6.123359,5.36
6.671826,5.17
5.616604,6.14
6.6320744,6.55
4.267137,3.76
6.909803,7.38
7.43834,6.15
6.6489325,5.43
4.397477,5.42
4.5861406,4.66
6.5611897,6.29
6.373112,7.39
6.693578,6.15
5.0507784,5.0
6.7216554,5.85
6.275717,6.67
5.915256,6.14
6.961535,7.68
5.8367414,5.93
5.991067,6.0
5.965217,7.13
6.0133753,4.39
5.9454403,7.11
5.274502,5.08
5.0853667,4.98
5.0565963,5.43
4.798794,6.19
7.2039833,6.3
4.505035,3.91
7.366523,6.41
5.621955,6.5
6.3682094,6.37
4.591275,5.08
5.201868,4.33
5.9700475,6.04
6.228963,6.84
5.182189,4.86
5.8166556,8.22
6.0896726,5.6
5.9038005,5.47
5.611739,5.17
5.7713566,6.23
7.5078173,8.26
6.9175396,6.8
4.7770452,3.76
5.126873,3.0
8.4826355,9.22
6.3899436,5.05
5.001245,5.28
6.0971293,5.66
6.4800324,7.34
6.1537623,6.6
5.1696467,4.88
6.135828,5.71
5.372674,7.34
6.4444647,6.07
6.1011953,6.0
4.9232903,3.92
7.1242027,9.1
5.8806896,5.0
5.8685565,5.94
4.714013,7.72
4.268277,4.77
6.1145954,4.52
6.4641304,5.24
6.1045933,5.29
7.6045623,8.9
6.265884,3.9
8.261321,8.4
6.925173,5.89
5.881153,6.8
6.8774066,7.0
5.949037,6.52
7.872937,5.34
5.1991067,4.52
5.646904,6.32
6.825844,8.17
5.888611,6.42
5.770032,4.34
6.8351855,5.99
6.0135303,5.87
6.1897016,6.44
6.2685,6.69
6.829734,4.46
4.6125655,6.56
5.968676,5.51
6.1683044,5.78
5.1138825,6.04
5.776503,5.82
7.5022764,6.88
6.8115335,11.2
5.89078,6.52
5.937302,4.86
8.253499,1.22
5.906024,7.38
5.0541396,4.3
5.898764,4.43
6.2192287,8.79
6.9338045,6.77
4.984929,4.86
6.78739,7.04
6.70713,5.92
8.719384,7.62
6.4357953,8.59
7.498899,4.3
4.271882,4.39
4.13917,4.21
6.855135,5.72
7.5641985,7.01
6.0131016,3.73
6.058334,3.85
5.658246,4.91
5.29576,6.19
4.015541,3.91
4.3611507,2.92
7.653925,6.77
5.6896954,6.84
5.545739,7.67
5.8269153,8.47
5.0995073,5.14
6.227751,7.49
5.8851757,8.39
6.971766,7.68
5.669474,7.41
5.8117313,4.4
6.7197595,5.82
8.090073,6.01
6.5839105,6.96
6.529686,5.0
7.0076485,7.85
7.007077,6.11
7.094915,6.21
6.318804,5.8
6.3852367,6.52
4.739609,5.22
7.1151576,5.92
7.7425776,8.29
5.6377797,4.33
5.5821095,5.2
6.1624594,5.74
6.8874326,5.6
6.103948,5.43
6.5255876,5.89
5.8994102,6.42
5.026494,7.13
6.8503823,5.89
7.37374,6.4
6.9577866,5.85
7.3278446,8.0
6.6541467,8.15
6.8903437,5.82
6.9098577,7.77
6.894506,5.19
6.0709805,4.51
7.0448375,6.95
6.2336235,4.68
7.2090616,6.63
6.2700768,7.25
5.6105604,4.82
7.1825075,7.73
5.937355,7.07
5.88013,6.52
5.7006273,4.06
5.6641793,5.6
5.591142,4.42
6.901142,7.41
5.7135324,5.72
8.303661,8.22
7.4795256,7.19
6.6871896,4.57
7.4457483,7.96
8.127352,8.08
7.961785,7.92
7.0326147,6.86
6.2424464,5.4
7.141079,6.73
6.9559665,8.29
7.771306,7.72
7.145561,5.7
7.266552,9.27
6.3009686,9.89
5.754025,6.02
7.03882,6.44
8.16147,7.88
6.491227,4.13
6.578121,5.71
6.1975074,8.48
6.7377267,5.52
6.569758,6.77
7.316039,6.44
7.0452385,6.81
6.169951,6.21
6.9741993,6.04
6.9810266,9.29
7.670142,7.42
7.0079255,8.79
8.803187,8.25
6.3828154,6.24
7.6173525,7.89
6.5176315,6.12
7.9472494,9.04
6.5129066,6.05
7.2261243,6.81
8.072073,8.29
7.7646475,8.59
6.533996,6.92
6.672395,5.82
7.454611,7.28
7.820567,8.79
7.0154767,6.91
7.4823756,7.48
6.750048,6.42
6.5797987,6.8
6.846536,6.52
8.25933,9.55
7.933728,8.11
4.892329,5.52
7.2073627,6.78
6.6055512,6.15
5.875918,6.07
7.331257,5.02
7.447051,6.34
7.6382565,7.93
8.2182865,7.17
7.698773,6.64
6.6224623,6.5
7.283883,6.23
7.9150634,9.06
6.2225475,5.33
8.3982525,7.31
7.147965,8.24
6.4757876,7.26
8.7478,8.5
6.03836,8.52
6.2853236,8.25
7.388981,7.12
7.078639,6.36
6.9657555,5.84
6.468688,6.96
6.724447,6.27
6.7456007,5.49
7.0584917,7.15
6.9597526,7.14
7.2459455,5.09
8.014055,7.51
6.6085286,5.4
7.8789425,8.82
7.9997416,8.24
5.8400445,6.41
8.448526,9.32
7.08172,7.74
6.6403017,9.39
6.797035,6.5
6.979585,7.44
7.4652953,7.6
7.650676,8.61
7.59107,7.04
7.7143083,5.66
6.3450375,5.6
7.2243905,5.72
7.116194,7.1
7.239945,8.04
6.327888,6.54
8.126144,9.72
6.3789086,7.51
6.37393,6.19
6.4663253,6.2
7.730064,9.07
6.3854504,7.76
6.9443097,5.84
5.875834,5.82
7.1843276,8.04
8.212041,6.71
8.001836,7.07
6.905598,9.22
6.9503074,5.68
7.0054855,7.54
6.4953547,6.43
7.9238715,7.34
7.255047,6.55
7.0602784,5.81
6.6466637,5.9
6.934829,6.51
7.501788,7.45
6.782739,5.45
6.9680867,9.28
7.843579,7.77
8.478374,8.08
6.0079193,8.02
6.9903064,8.57
6.391726,6.34
6.5418544,5.66
5.8555574,5.54
7.352353,7.82
6.166205,7.19
6.977873,6.45
5.9857845,8.62
8.407749,8.1
7.5211763,7.85
7.421924,6.79
6.44762,5.28
6.6630363,6.43
7.545723,7.79
6.880685,6.49
7.133415,7.91
6.6271625,8.2
7.709743,5.68
7.237829,6.34
7.344395,6.73
6.8931217,6.41
6.8831296,6.91
6.843006,6.31
7.0778027,6.52
8.584421,8.61
6.4486547,5.4
8.349245,7.91
7.6155095,8.42
7.758403,8.02
6.5329757,5.63
6.260228,4.7
6.3487973,8.7
6.3451204,7.63
5.841457,8.72
6.637892,6.26
6.346823,6.59
6.6206765,7.7
7.302805,8.21
6.4557695,6.92
6.402609,5.07
7.8391247,6.01
5.970179,6.33
6.342821,7.4
6.818465,8.22
6.744426,5.44
7.13971,4.78
7.8192554,7.03
6.4905076,6.68
7.4012637,7.17
6.5480733,6.82
6.4839416,7.2
6.966739,6.8
6.653653,5.4
6.198827,7.96
6.579711,6.72
6.292907,5.89
6.5331,7.07
6.9538245,8.15
6.0777655,6.57
6.6403036,7.05
6.2964163,6.5
6.4404297,5.86
6.256987,7.7
6.695396,5.79
7.116801,9.3
6.2453628,6.55
8.123852,7.08
7.160195,6.81
8.108482,8.3
7.031748,7.61
5.7660685,5.91
6.8901,6.28
5.7581944,7.7
6.8065305,7.92
8.151935,8.64
5.79712,7.23
6.792574,6.29
6.5806355,6.59
6.437704,7.44
6.150137,5.18
7.425604,6.34
6.5215526,6.8
6.2052364,6.17
6.2398443,6.35
5.9466376,6.59
6.826243,6.36
6.2048173,7.96
7.0199895,6.78
7.0984335,8.64
7.257411,7.7
7.4986234,7.9
7.9103317,7.92
7.1540775,5.74
6.740548,5.77
6.6648235,5.48
5.768214,5.6
8.1786,8.4
6.3231487,6.22
6.490022,8.3
7.095899,6.99
7.20906,5.57
6.479943,7.13
7.1256824,5.82
7.164938,8.8
6.6861887,6.57
6.254573,5.86
6.7030888,6.52
5.6862836,5.11
8.124254,6.36
6.7102365,8.7
5.317188,5.28
7.0511017,7.21
6.653254,9.3
5.736312,5.73
6.4084535,6.29
6.8093233,7.0
7.022047,5.96
7.7828054,5.48
7.1958847,7.62
6.473653,7.09
7.2080364,7.67
6.2740684,8.0
5.9217615,7.74
7.1608934,7.7
5.875711,5.41
6.6788588,7.6
7.020573,7.89
6.543611,6.0
7.0925236,6.84
6.127595,7.11
5.777515,5.37
7.1097927,6.78
7.5597806,6.74
6.5056367,7.35
7.021982,7.85
6.8225255,5.4
7.6819515,7.99
6.999604,8.8
6.874506,7.4
6.3901315,7.29
8.035933,8.8
7.6776743,7.06
7.747905,8.03
6.227519,5.91
7.951551,8.07
7.5833397,8.57
7.48584,7.36
7.2269278,8.0
7.672499,7.57
8.375515,6.67
8.915304,8.06
8.1895,7.81
7.3457813,8.4
8.028415,7.62
7.670749,7.41
7.9565487,7.59
7.4855676,6.74
8.475391,8.34
8.046514,7.85
7.101138,7.13
8.273759,6.05
7.6267543,8.35
7.720133,8.08
5.4439964,5.94
5.775904,4.32
6.174368,5.51
5.73275,5.22
6.238752,4.52
6.376971,4.91
6.343282,5.6
5.6222534,5.46
5.402855,5.52
6.5645976,6.7
6.3261275,5.1
5.6757345,6.68
6.5556035,7.52
4.4448094,2.54
4.2045126,2.79
5.443591,4.84
7.3456044,8.57
8.034796,7.98
8.669659,7.82
7.519957,8.0
6.4794683,5.41
7.6772323,8.74
6.6679277,8.46
7.0818114,9.19
4.892129,4.54
5.234579,5.1
8.892451,7.5
6.117038,5.01
6.8186326,5.68
6.2961884,8.22
5.5030546,5.65
9.076599,8.8
7.619939,8.02
7.5395117,7.32
6.282878,6.66
8.413133,7.3
8.672093,8.85
7.6716585,6.98
6.432754,5.48
7.4532466,8.85
7.7333617,8.82
8.129698,8.46
8.009091,9.7
7.3657937,6.46
4.7890124,5.39
5.9423347,5.02
4.8410273,4.15
6.9541807,6.48
5.9216323,6.46
6.399505,7.74
6.3117037,6.79
5.173664,5.74
7.9518175,6.4
7.0394583,6.05
7.744685,9.0
5.0015683,4.9
5.54524,5.6
6.8890224,6.18
6.1728773,6.68
5.025234,5.19
6.50834,6.37
6.487577,7.26
7.2288175,7.36
7.2015986,9.0
7.3941126,6.08
6.92741,7.03
6.130178,7.13
7.1104865,7.42
7.0357313,7.24
6.8207865,7.26
7.580083,6.92
5.502244,4.1
5.4626675,7.3
6.926452,8.15
6.292127,5.74
7.0940604,8.4
6.799324,7.37
6.9093513,6.58
7.4039655,6.77
5.45318,6.0
4.8177085,5.55
6.7694283,7.92
6.521567,6.12
5.8176856,6.5
7.25385,7.57
4.8297844,5.49
7.158926,7.4
6.0920787,5.14
6.027047,6.19
7.4269533,5.8
6.2539053,6.15
5.567733,5.5
6.451347,5.35
6.0705986,7.26
6.699839,6.3
6.026704,6.04
5.9637775,5.61
6.6149254,6.8
7.6930265,7.28
6.4686146,6.0
6.684928,4.28
6.5222077,7.1
6.8387976,5.61
7.1933193,8.44
6.347285,5.03
5.9112678,6.21
7.5240107,6.72
6.1378727,7.14
7.1159496,7.15
6.8896246,7.22
7.2583675,6.72
6.766931,7.85
6.6901145,8.72
5.1143074,5.51
7.943081,6.42
5.6723094,5.82
7.783539,8.3
7.211239,8.57
6.7322807,8.0
7.3199563,9.51
6.495685,6.96
6.3683944,5.31
6.786424,6.1
7.2799063,9.3
7.814278,7.6
6.943692,4.54
6.441004,6.85
6.6186028,5.71
5.6428494,7.07
5.8187933,5.83
6.252649,6.66
6.682195,6.0
7.02163,8.01
7.3994865,6.01
7.823086,7.54
7.5646477,8.76
6.4370246,6.67
7.249096,6.54
7.8183293,8.06
7.082834,7.74
6.4971323,4.33
6.392677,8.0
6.36455,7.62
6.9654965,7.03
7.087747,8.1
6.872518,7.19
8.030529,6.93
6.577561,8.46
7.7532682,8.0
6.4192834,6.15
7.011469,6.19
8.489182,6.08
6.568461,8.37
7.0426607,8.64
6.392597,9.1
5.658086,5.43
7.6560607,8.6
6.1861215,5.97
8.188399,8.37
6.760496,7.0
6.1114116,5.68
7.3002853,8.42
6.3835325,7.44
7.0346184,8.9
6.497771,6.26
5.734643,5.91
6.8346405,5.16
5.1666307,5.8
8.674306,8.7
7.0097017,9.82
6.1334515,7.08
7.774547,9.36
5.5010095,7.92
7.4946556,6.98
6.2968235,8.9
6.8783927,8.2
6.674454,7.46
6.3117166,6.82
7.4471354,8.33
7.4723554,7.16
7.8382626,8.0
7.5369897,8.14
6.7826877,5.26
6.6585073,8.5
6.7619596,5.1
6.544036,8.3
7.3749485,7.35
5.3631134,6.22
6.614983,4.73
6.5412483,8.1
6.3249083,6.11
7.5989156,9.64
6.730335,8.18
6.645659,6.41
7.350124,8.11
6.723488,8.66
7.1889653,8.93
7.320435,6.94
7.0578704,6.4
7.283023,7.85
6.653421,6.09
7.312168,7.5
6.7935114,5.72
6.645633,7.51
7.0892224,6.04
8.043748,9.7
7.522874,8.23
7.0333514,6.34
7.0654078,8.7
5.8381715,6.27
7.557098,7.47
6.250043,5.49
7.2179565,5.55
6.3680816,5.97
5.5019135,5.48
6.18654,4.42
7.1314554,6.88
6.2432437,7.34
6.0077686,5.22
6.7679186,6.36
6.2451787,7.47
7.7550583,6.82
6.559979,6.18
7.137355,6.29
6.353336,7.92
6.5783534,5.96
6.682086,7.74
6.6795626,5.35
7.524166,9.7
7.768792,9.0
7.3318324,6.96
7.170355,8.4
6.920547,8.5
8.511904,7.73
6.5085125,6.59
6.8857093,6.14
6.472219,6.08
7.287022,5.84
6.738434,6.75
6.586721,6.2
7.3638425,7.43
6.558727,4.92
4.3341684,4.2
5.995337,2.05
5.2146745,4.15
6.8299575,6.1
7.473299,7.04
5.7249026,5.18
6.3329215,5.28
5.972121,5.34
7.7588205,7.26
5.475458,5.77
5.4255314,6.21
6.652546,7.28
6.7439737,5.82
6.8416257,7.77
4.2294073,5.28
5.4001336,6.34
5.5742044,5.8
4.3888335,4.0
5.892356,5.17
4.806932,5.6
4.9625516,4.79
5.362278,5.31
5.1896744,5.41
5.300365,8.1
5.144342,7.17
5.736072,4.98
5.785075,5.0
5.252141,4.93
7.507446,8.7
6.570664,6.96
7.3968825,9.0
8.115124,8.0
6.520471,8.36
4.6677594,5.8
7.405309,8.52
7.4064775,7.7
6.707777,7.12
5.9973392,7.96
6.7280426,6.74
6.7198176,7.42
7.7384243,8.7
7.308805,8.52
6.3591957,5.9
8.0756855,7.48
6.1474147,7.92
5.9798136,5.8
6.2469873,4.79
6.772766,6.6
4.989282,4.53
6.76983,6.77
7.042886,8.1
5.871259,5.35
7.425179,7.82
6.074199,5.2
5.94635,4.63
7.6733437,7.92
6.2504845,5.7
6.1469827,5.05
7.927553,6.88
6.1186485,6.17
5.9324126,5.8
7.0792933,6.34
6.3861136,5.42
5.9427843,6.05
7.6581054,7.4
6.094641,7.08
6.678249,7.44
6.6560025,5.48
4.293743,5.2
6.0040464,5.46
7.866652,8.22
8.4590225,8.7
5.309458,5.89
6.328232,7.22
7.9962964,7.48
5.463042,5.8
7.0765295,7.37
7.887618,7.89
6.3789186,4.82
7.6380415,5.52
8.317404,8.05
7.7235966,7.25
8.46836,8.4
8.054089,8.7
7.1715007,6.74
6.8056917,9.01
5.7935576,4.39
6.339521,5.82
8.114105,7.05
8.220665,7.26
7.301876,8.0
5.913794,6.39
7.7800083,7.01
5.6440244,5.0
6.621356,7.5
6.323461,5.55
5.4816933,4.59
8.425328,9.0
6.193197,7.03
8.3663435,8.52
6.410552,6.33
6.388671,6.82
6.5002513,5.0
5.710254,5.64
5.781624,5.68
6.3539753,8.85
5.963643,7.63
6.769799,6.72
5.880037,5.02
6.441561,6.22
4.83663,5.01
6.3053284,6.06
8.721581,8.92
6.0688686,5.81
6.2804203,6.64
6.5377493,6.0
5.7602377,4.79
6.5576324,4.25
5.93625,7.4
6.3300977,7.22
7.1032434,6.25
5.333459,4.39
5.9890175,6.49
4.84639,5.24
5.8088565,6.85
7.5934625,5.37
6.612512,6.94
5.2850966,6.49
5.172664,4.05
6.0421305,8.1
6.1103024,5.23
6.060776,4.49
7.022474,5.77
5.900824,6.09
7.159021,6.28
6.0431967,7.32
6.4057455,4.92
6.248995,6.03
6.091671,7.66
5.5856295,4.7
5.7086487,7.4
5.621462,5.17
5.0979247,4.94
5.9234333,5.77
6.008519,8.0
7.4556584,6.52
6.844197,8.3
6.2083,7.64
5.8567667,5.59
6.532351,5.69
4.503496,3.89
6.153744,5.71
5.459317,6.37
5.8059483,6.42
6.1205473,5.21
5.534483,5.72
5.701863,5.46
7.6208577,7.28
6.678592,5.97
5.0906453,4.44
5.79103,5.01
6.6131973,6.34
6.032865,6.7
6.8987308,5.8
5.048212,7.34
5.868982,5.7
5.366601,6.96
5.151327,4.3
5.405341,5.33
6.209072,6.11
6.186598,7.8
6.214579,7.52
7.0889997,6.45
7.9489174,5.44
6.4174967,3.96
6.190378,5.41
5.2016764,5.4
6.188644,6.07
5.825293,5.24
6.2946677,4.96
4.865785,4.43
5.478938,5.0
5.1581316,6.72
6.397343,5.25
5.604204,5.01
6.5994387,3.53
6.098383,6.01
6.8879027,6.37
7.687598,4.35
6.5366125,8.3
6.6612363,8.3
5.86428,5.4
4.9444532,5.53
6.4735575,5.59
5.9615474,6.04
6.290132,5.4
5.664922,1.52
6.187565,6.55
5.4260917,5.9
5.455208,5.57
6.365893,6.51
6.614624,5.12
6.522863,4.89
5.8701773,6.21
5.4406056,5.56
5.7838016,6.85
6.403768,8.3
5.3141236,6.34
6.042451,7.7
6.0272436,6.47
7.0804563,6.62
5.7095885,7.0
5.2397604,6.96
6.0070496,8.24
5.170184,4.66
6.794456,6.04
5.369648,2.24
7.126434,6.38
6.011705,6.4
6.8886333,5.45
5.9192734,6.86
5.453494,4.82
6.4811277,5.68
6.3173056,5.9
6.7074294,6.4
6.2000084,5.67
7.6023736,6.84
7.178413,8.3
7.0783873,6.44
7.0153685,8.09
5.9746346,4.74
5.3288975,5.37
7.8381767,8.24
5.5962706,5.59
5.554453,4.7
5.713069,5.22
6.916416,6.79
7.6217313,9.74
4.870803,7.22
5.4714694,5.76
5.233539,5.85
4.5760727,6.4
7.3002315,6.47
7.49189,8.0
8.121097,9.0
6.3112535,6.0
6.092474,7.0
6.3237977,6.89
6.525223,6.19
5.560071,4.16
6.583685,6.15
6.2208066,5.09
5.418702,6.21
7.1564393,9.37
6.848642,7.35
6.950596,7.65
6.2082305,4.49
6.2677503,9.62
7.334747,6.77
5.985697,8.54
6.804339,8.29
7.0306416,6.61
7.089072,7.15
5.1387343,5.36
6.0101395,6.14
7.3376675,4.6
5.572375,5.07
8.564655,8.04
7.574498,9.2
7.6213694,7.5
7.141342,6.7
6.544035,5.37
6.8522577,6.06
7.1452928,6.11
6.635497,7.13
6.6030116,8.05
6.878687,6.38
7.137872,6.36
6.0755997,5.38
6.734936,8.03
6.7450266,8.19
6.4991403,7.48
6.0219035,4.74
7.7439165,7.19
6.062497,8.14
7.131736,8.07
8.388091,9.96
6.298659,8.7
6.97754,7.77
5.5335317,6.09
6.955238,7.24
6.161965,6.96
6.214435,6.3
6.4749613,4.9
6.8030343,4.31
6.8698864,6.3
7.202382,6.3
6.7761564,6.3
6.84569,6.3
7.2703795,4.12
6.255652,6.07
5.495601,5.29
5.938368,4.92
6.0969977,6.0
5.4814873,4.52
5.3074985,6.0
7.0986466,5.94
6.823204,7.25
5.5553746,5.14
5.8515606,4.47
4.9995193,5.82
4.7294135,4.79
5.5125074,4.67
7.7930803,7.97
4.9219017,4.54
5.833239,4.76
6.335105,6.54
7.4019094,7.87
4.5192823,6.15
5.5298405,4.64
5.283351,7.0
5.031786,4.57
7.46207,7.54
6.914486,7.52
6.876146,5.03
7.3144917,8.1
7.53268,7.68
4.914552,4.57
4.782257,4.76
7.133653,3.3
5.30129,4.15
5.18061,5.79
4.913014,4.77
5.5317593,3.73
6.6983285,3.87
6.2544136,5.46
5.9332857,4.26
8.386921,6.8
5.9490767,4.53
4.89378,3.79
4.3964243,4.6
6.011831,5.43
7.192573,7.85
7.709136,7.96
6.0396943,5.64
5.7368336,6.53
5.0736465,4.59
5.177399,4.77
4.6733932,4.15
6.1713614,6.11
4.7694235,4.46
3.9292662,5.22
7.1832333,6.28
6.735169,5.46
5.6792507,5.68
5.025753,5.15
5.4618845,3.26
6.6063733,5.74
7.2039847,6.9
5.141439,5.0
4.88328,4.42
6.9115944,4.09
5.06843,4.67
7.52821,4.87
5.208348,4.72
6.8137813,5.07
6.836653,4.24
5.670778,6.0
7.313668,9.05
7.536088,7.68
7.4882965,10.02
5.5433197,5.3
8.657968,7.65
7.455997,8.91
7.332194,6.08
7.636898,7.2
6.703962,10.0
7.716838,7.99
7.349326,4.55
7.3111906,7.65
5.3331833,6.18
7.0612464,6.85
7.62298,7.2
7.0528264,6.5
6.899795,5.59
7.0277095,5.08
7.943034,8.29
6.4489746,6.85
7.866698,8.0
6.7291164,7.82
6.5227895,7.25
7.3861947,7.0
6.7048697,7.47
7.374881,7.57
6.845326,7.61
8.23334,9.3
7.1430845,8.37
8.3970995,8.24
7.138486,7.12
7.47543,5.22
7.8009715,8.62
7.1657505,8.6
7.1360116,7.15
8.125676,8.57
7.037939,5.97
8.046332,9.2
7.6014347,8.55
7.027636,7.47
6.813804,5.7
6.9724317,6.96
6.496204,5.04
6.9877243,7.89
8.229795,7.7
6.952884,6.7
6.0066214,7.55
7.3312025,9.1
7.146714,8.8
6.69437,8.37
6.8986797,8.15
7.7331815,8.21
7.655061,8.45
8.638709,7.9
7.009036,6.65
7.534645,8.17
7.671185,7.1
5.3855023,5.4
7.119303,8.64
7.3892198,9.6
7.9743633,8.1
7.8784437,7.5
8.899191,7.71
7.750966,9.76
6.641836,7.64
6.320517,4.68
8.566313,8.2
7.703306,6.9
6.9302497,7.3
6.7889557,6.19
8.566563,7.83
7.1453533,8.0
6.674803,5.4
5.9045687,7.43
7.8491287,6.96
6.803724,6.49
7.920953,8.02
5.6774335,8.03
5.944302,5.54
6.104248,5.98
8.831562,7.49
6.7200036,6.23
7.9487834,7.4
7.3638015,8.5
6.8712792,8.35
7.183481,8.96
7.7136965,5.94
7.6368413,7.98
8.104624,7.96
7.1276846,9.28
7.113267,6.06
7.0226545,7.01
6.8284135,7.25
6.9194884,7.38
6.8469653,8.3
7.414851,7.89
7.2628913,7.51
7.641047,6.47
6.930091,7.11
9.331469,8.55
6.055176,7.52
6.470368,7.22
5.7069373,5.67
7.01605,9.29
7.205519,7.5
7.212184,7.55
6.9075546,5.5
7.5364304,8.27
6.632079,7.87
8.281267,8.72
7.393795,6.43
7.5113215,7.66
6.9923663,7.51
7.162319,7.91
7.9418178,8.22
7.316965,8.0
6.8933573,7.12
8.509274,8.85
8.203018,7.46
7.7146063,9.5
8.073671,10.34
6.5931506,7.3
7.3600345,7.44
6.576134,7.8
6.691034,7.68
7.1103053,7.07
7.5655236,8.32
6.886185,6.36
6.497509,8.23
6.6242895,5.77
8.439466,7.8
8.055094,7.73
5.8442163,7.25
7.3174276,7.9
7.296946,7.89
6.5387344,9.09
8.121653,8.27
6.915565,6.04
6.74872,7.37
6.690314,6.7
7.9959025,10.37
7.69246,5.82
7.014684,8.52
6.752822,7.28
7.956243,8.36
8.040561,7.4
7.7431164,7.9
7.248369,8.5
7.8913426,7.39
8.714561,8.24
7.0401006,8.12
6.165851,4.59
7.8205156,7.5
6.8895392,8.93
7.1078115,8.7
7.016485,6.7
4.966651,4.72
6.87761,7.51
7.1285114,6.0
6.9597945,5.09
6.507504,5.3
7.0902915,6.3
6.997227,6.2
5.9638996,6.1
6.8455143,5.2
7.3493137,5.17
5.9345937,5.8
5.8169894,4.92
6.082891,5.6
6.8190823,7.37
7.224067,8.33
5.2075605,4.2
6.9206133,5.52
6.1253333,5.9
7.1955233,6.44
5.5513897,4.84
6.894811,5.68
5.116899,4.03
7.064922,5.6
7.0815744,8.52
7.7163963,6.74
7.1259375,5.77
5.9922447,5.0
6.226852,5.8
5.684802,5.8
6.382602,6.08
4.664769,6.23
7.03642,8.05
5.674313,4.11
6.542431,6.0
6.5906267,5.85
6.723975,5.05
6.1354084,5.3
6.563055,6.6
6.3283424,5.8
6.547342,5.39
7.7002664,8.3
5.815093,7.3
6.928787,6.5
7.1924143,6.53
4.7886925,6.52
6.6844087,5.62
5.843103,7.59
6.8728952,6.52
5.8782554,5.1
5.505129,3.83
7.070406,4.88
6.3728757,6.4
4.7979827,5.92
6.3040032,6.89
6.339415,7.44
6.1019344,5.52
6.026246,5.49
4.8383474,4.44
6.16999,6.7
6.322074,6.73
5.948766,5.77
6.130399,3.91
5.518427,5.52
6.115167,6.76
5.4200115,6.65
6.980151,7.23
6.8679166,6.79
5.697397,5.77
7.378447,7.68
6.128474,5.88
6.7431374,5.24
5.6225815,6.17
6.042253,5.5
7.7467656,7.11
5.8660603,6.31
6.278609,5.88
5.9980593,4.88
6.2524567,6.13
5.7807355,4.48
5.483079,6.09
5.2250614,5.64
6.018711,0.92
6.1307735,5.2
5.6394076,5.23
7.606489,7.96
6.476963,7.2
5.848648,7.6
6.105412,7.07
5.9194384,6.05
6.0542026,6.55
6.2898364,5.66
5.100194,7.48
5.710025,5.81
6.6545405,6.52
7.056734,8.15
7.261599,7.92
6.4569545,5.23
5.891847,5.3
5.0951214,5.04
5.156369,5.43
6.32192,6.38
5.6205015,7.24
5.930308,5.42
6.133355,6.37
6.2057176,6.84
5.0480227,7.22
5.671714,7.43
5.505142,0.77
6.6314836,7.68
6.9789987,7.68
6.63011,6.82
6.8245025,5.22
7.1515675,6.74
5.9368944,4.72
6.6723256,7.27
6.493913,5.57
7.146126,8.05
6.232115,6.83
5.142679,5.78
5.9152513,6.49
5.4744606,5.97
6.5034304,5.28
5.561734,0.83
6.498936,5.41
4.9570284,5.64
7.223082,8.4
7.6607513,8.7
6.6117034,6.52
6.661254,5.37
7.0708013,6.61
6.3499913,5.42
5.8040977,5.59
6.162695,5.79
6.2902656,5.82
6.28901,5.35
5.941827,6.86
6.6077185,5.11
6.118816,5.02
6.3659635,5.98
7.0758767,7.3
7.269884,8.05
5.622631,5.35
6.310217,6.74
7.270499,7.14
7.0124955,4.72
5.9430885,7.37
5.559949,6.4
5.610929,5.7
6.6751943,5.15
4.9238105,4.52
7.77414,5.98
6.8734875,6.66
5.9026437,5.37
7.253051,5.47
5.447934,5.44
5.601353,4.37
7.875616,6.51
5.0405564,4.28
6.2698436,6.65
6.1100945,5.35
6.190022,6.38
6.6132092,6.6
6.3230567,5.59
6.50118,5.17
6.094678,5.85
6.6236086,5.49
6.3808184,6.91
6.4876113,5.25
7.3833246,8.08
8.288265,7.1
6.4073186,7.7
6.029921,9.0
6.9491525,8.89
7.877394,7.0
5.4287376,5.39
5.74967,4.61
6.5133133,4.64
6.670263,7.0
8.224047,5.98
8.523408,6.8
6.138995,5.11
6.730704,7.27
6.14148,7.9
8.311893,7.53
6.5400643,7.17
6.811876,6.04
7.431053,7.0
6.4956884,7.17
8.276935,7.99
8.684667,10.42
6.1440597,7.05
6.277643,7.89
7.2757654,7.12
7.6628747,8.34
7.896109,9.38
6.6135454,8.28
8.761286,8.87
5.7309937,7.68
7.627599,7.7
6.877384,6.16
8.088551,7.01
7.8247027,7.88
7.141958,6.98
6.7195725,5.68
6.52643,7.46
6.7001176,6.77
6.3636055,4.58
7.84654,7.95
6.919812,8.06
7.134168,7.74
6.9256277,8.47
8.190599,7.63
8.417015,8.53
7.1398478,7.74
6.456578,4.86
7.769834,8.15
7.491413,7.3
6.6311784,6.85
7.288266,5.73
6.0662065,6.82
6.1977954,5.26
7.3059363,9.06
8.297029,6.7
8.438835,6.94
6.4080157,7.47
6.5710926,5.58
6.591059,7.24
7.2208824,7.0
7.0480256,5.4
7.306754,7.72
5.803667,5.24
6.6915274,7.8
5.941282,9.0
8.089146,7.89
6.228427,6.27
7.3191433,9.0
6.375592,4.94
7.7033377,7.01
5.978935,5.35
7.7811337,6.2
5.8300714,7.56
6.6894193,6.02
6.7766247,5.77
7.5347347,8.06
7.7636395,9.1
6.8774247,7.36
5.562234,4.66
8.704572,3.22
6.1639647,4.68
7.1374116,6.05
5.6189065,5.96
6.3409886,8.74
6.304647,8.17
4.768256,5.07
6.805874,7.12
7.1783323,9.1
7.618627,8.3
5.561405,6.05
7.8824525,6.19
8.189896,8.44
7.7829537,9.7
7.5917764,7.68
5.870834,6.69
6.3771267,6.66
9.022478,8.96
8.667902,8.64
8.619139,7.15
6.4596677,5.86
7.6994433,6.14
9.292837,9.52
7.7660027,8.4
6.224198,5.71
7.130209,6.89
6.7078385,5.5
5.588603,5.54
7.287214,7.2
7.0453367,9.24
9.702206,6.93
7.201162,6.29
6.7005515,7.28
7.0572143,7.06
6.33014,6.62
6.360916,5.5
7.4850354,7.82
6.769722,7.52
5.767088,5.52
6.116605,7.25
5.3796444,6.3
5.6253695,4.43
5.258732,4.49
6.1004558,3.88
4.8283706,4.82
3.645181,3.62
5.325431,3.95
6.6538534,4.43
4.2480955,4.72
5.118185,4.28
5.2510595,4.02
5.738386,5.17
5.791076,4.69
6.5186996,5.11
6.178987,6.19
5.1982784,6.92
5.5924215,4.99
7.2661977,9.08
7.8985524,6.75
7.9161434,9.24
5.9467993,5.17
6.851508,5.65
6.4566393,9.04
8.057789,8.85
6.6114745,6.25
7.871879,5.26
6.291648,9.39
7.628392,5.97
6.532172,7.77
5.3911934,4.91
5.7984023,6.59
7.004307,6.14
6.545749,8.89
5.4197893,6.0
6.0884485,6.11
6.7955112,8.66
6.5555453,5.41
7.541702,7.84
6.6350904,6.45
7.274738,7.77
6.2311563,6.64
8.22754,9.21
7.513288,9.42
7.2035565,7.08
7.7484326,6.87
6.711821,6.66
6.259524,5.0
8.282251,8.49
7.9238777,7.63
5.52863,7.68
4.953472,4.86
5.163182,5.21
6.3446164,5.99
6.8359423,7.29
7.0724354,7.85
5.483477,5.34
6.1996317,7.05
7.2353835,6.79
6.5166273,5.94
6.69219,5.8
4.5984325,5.63
6.4694686,5.99
7.394478,9.23
5.5404544,6.64
8.357541,7.7
5.9982805,7.31
5.115026,4.93
8.640269,8.62
7.297432,6.24
7.6128554,8.85
8.209123,7.6
7.7200418,7.7
6.787748,4.88
7.218922,9.0
5.5567355,5.24
8.154238,8.85
6.786955,8.4
8.68776,8.3
7.1962395,7.93
7.0297956,5.91
6.991545,6.68
7.212382,4.62
6.8282294,6.13
7.8346148,9.37
6.8703957,6.73
7.9104643,8.41
4.954986,5.64
6.2791095,6.82
7.6176133,5.63
7.5815935,8.17
5.7699356,5.87
6.847865,5.66
7.781351,7.68
7.701561,8.64
7.8269544,9.41
6.9836564,7.6
6.4779506,9.09
6.466425,8.54
5.593943,5.1
8.075102,7.37
7.049629,5.02
7.4860964,5.52
7.411806,6.51
7.708127,9.49
6.138917,5.17
6.6848235,5.88
7.4627285,6.03
6.4501424,6.28
6.901515,7.8
7.971587,5.19
7.0172825,6.82
7.720259,7.31
6.3984084,5.96
7.7065096,10.1
6.943582,5.59
7.220318,7.6
5.9355764,8.94
5.442952,5.38
6.0551486,6.35
6.1615357,5.09
7.151859,6.08
6.2694745,5.0
7.6109414,7.72
8.50096,9.54
7.0214157,6.15
7.179601,7.64
6.8606086,5.87
6.0568666,5.01
7.454513,8.41
7.579863,8.39
7.501612,9.31
7.271815,9.52
7.726695,4.78
5.5411887,4.87
5.54518,6.3
8.199331,9.7
7.0182476,7.16
6.7870097,6.07
5.015807,6.34
8.38088,8.2
6.3620515,6.25
6.534373,5.64
5.779569,5.7
6.450542,5.26
7.8949018,7.9
7.1297507,5.12
7.8829026,5.96
6.8387675,7.02
6.8429356,5.28
7.259337,9.0
5.6813626,4.88
5.8112574,5.45
6.6870217,10.4
7.8417726,9.42
5.254632,6.32
6.441489,7.6
4.9880986,6.74
4.6804204,6.8
5.394017,6.64
5.724764,5.05
6.9423585,5.21
6.384868,6.66
5.6740627,4.0
7.984483,7.51
9.11016,8.4
7.440096,9.3
6.9906707,5.43
7.253864,5.92
6.55114,7.74
4.8036437,7.0
6.195058,4.85
6.7610817,7.96
5.7023563,7.64
5.8977175,4.19
6.075174,5.77
6.2444935,6.92
6.2899785,6.94
7.1683054,5.83
5.278075,5.8
6.003895,6.2
5.7627144,2.05
5.7870708,7.34
6.751016,6.03
5.9201965,5.3
5.666738,5.02
5.8395085,4.88
7.042413,6.87
5.835082,5.85
5.93705,5.58
6.438203,5.85
5.9107676,5.7
6.8002076,5.77
5.926681,3.81
5.4025583,5.96
6.7456126,5.35
5.9415817,4.77
6.672664,6.37
6.13288,5.55
6.2805405,5.73
7.103031,6.56
6.6914277,6.98
5.616526,5.06
5.882741,5.0
5.893638,4.7
6.46139,6.54
7.493564,6.79
6.226617,6.7
5.6649837,8.3
6.481422,6.49
5.842695,5.72
5.809605,6.41
6.265695,5.96
5.2572403,5.96
6.657106,7.1
6.3793955,5.22
7.209442,7.7
7.01729,5.74
6.0255013,4.3
5.465543,6.01
6.2794104,5.68
5.379242,6.55
6.132733,6.66
6.4041257,5.77
5.9342203,6.39
5.940592,6.91
6.310261,5.36
6.397515,6.14
7.0306077,7.0
5.375393,4.52
6.5837784,10.05
5.968104,5.0
7.152557,7.49
5.8036637,5.7
6.0020394,5.69
6.8981338,8.0
4.1616354,3.92
5.9518633,1.6
6.6064262,6.06
5.7332454,5.17
6.246466,5.28
6.7591653,5.4
6.724348,6.34
6.0720606,5.0
6.624995,6.4
5.9571414,6.89
5.771472,1.72
6.315791,4.96
6.836955,5.07
5.5026855,4.74
6.568803,6.25
5.520957,5.41
5.762435,4.97
6.659907,7.28
6.0962462,7.3
4.6877613,4.72
5.4659696,3.75
6.0689096,5.93
6.564607,5.99
6.286976,6.64
5.4522486,6.15
5.007944,5.21
7.1699595,4.8
7.7314725,6.43
8.341377,8.83
7.6900477,6.62
6.6235743,5.34
7.494335,8.05
6.563512,5.6
7.0587616,7.82
7.8899913,6.39
6.8831077,8.19
7.254966,6.49
7.206967,6.7
7.9455996,5.81
7.064422,5.52
7.353914,9.3
7.598665,7.22
6.253437,7.38
7.5866838,7.7
6.843527,6.77
6.192139,4.84
8.506468,9.4
8.393426,8.32
8.120644,8.52
8.093672,8.96
7.030775,7.55
7.6095114,8.59
7.173704,8.25
6.8967314,4.62
8.069993,7.95
6.7046895,7.59
6.3764186,6.1
7.5285826,9.0
7.4157615,6.51
8.064015,7.64
7.270709,6.49
7.6720395,7.66
6.891063,7.55
8.036818,7.89
7.893331,8.4
7.5022426,8.51
6.7746415,6.66
6.2026577,4.62
8.574029,8.82
7.5852966,8.29
7.199263,9.0
6.314256,7.51
6.95132,6.53
7.6146235,7.08
7.197205,7.08
7.3188357,7.79
7.596706,8.76
7.7279725,9.05
6.408293,7.66
5.6728764,8.91
7.3004923,9.3
6.677824,5.3
7.2029037,5.66
7.5064106,8.19
6.917114,8.11
4.7248173,6.52
7.545146,4.43
7.7528715,5.57
7.458655,6.55
7.288481,6.61
8.887918,7.77
7.3194046,8.27
7.231603,7.43
8.5458975,6.64
8.464678,8.7
6.3749847,5.71
7.1359143,7.96
7.470012,8.92
6.4212513,6.83
5.460137,4.31
6.9438415,5.65
7.9880104,7.8
6.862049,5.46
6.9593945,5.49
5.749625,4.14
6.750616,5.24
4.9201193,4.45
7.8796344,7.36
7.9282928,7.62
6.2207837,4.66
7.379586,7.42
7.419981,9.33
6.720191,7.27
5.136665,6.22
8.273989,8.55
5.231889,4.96
8.166812,8.59
6.8259835,6.6
6.453241,7.37
5.4101887,5.05
5.356155,4.67
6.431397,5.84
6.536084,6.03
6.849804,7.09
6.0443964,5.91
5.896864,4.43
6.5204663,7.37
5.945493,5.67
7.294474,7.8
6.1114755,8.92
6.154151,5.52
6.2892346,6.77
6.329986,7.29
6.2504754,6.37
6.9842186,8.77
7.0830865,5.63
7.0362806,6.69
5.3980093,5.41
7.4300966,7.69
6.7048635,4.84
6.1122875,4.03
7.247656,7.18
6.2861323,7.02
6.2723184,6.74
5.930809,5.42
5.9803214,6.89
7.0338707,8.89
7.2186847,5.99
5.9703255,8.28
6.2582626,5.55
7.555531,7.89
6.1781187,6.67
5.882437,7.24
6.5683875,8.22
7.1323676,5.74
5.1408315,5.41
6.636675,7.14
6.5582666,5.52
7.817796,9.52
6.1177073,3.99
6.5406933,7.72
6.629066,7.64
6.348376,5.2
5.988195,5.53
6.205098,9.9
7.7094765,8.02
6.1037874,4.98
5.664595,6.21
5.6339245,4.6
5.5759068,5.89
6.296769,5.92
5.6263976,4.73
5.2278934,3.74
4.6721263,4.41
5.556323,5.09
5.774546,3.47
5.7454743,5.01
5.484919,4.87
5.702982,5.23
6.6938176,6.69
6.3175254,7.0
6.847355,6.59
6.9461455,7.0
5.701363,4.84
4.9425516,4.72
5.047017,5.68
4.919022,5.64
6.5879755,7.72
5.9233413,5.06
6.03753,5.74
7.018587,6.59
6.9198575,7.82
8.129366,8.0
7.3250203,6.8
6.6036296,6.04
6.5146246,7.51
6.1953483,6.7
7.137391,8.12
6.8393645,7.4
6.0483375,7.3
7.320909,7.54
6.396638,6.82
6.875247,7.32
6.731126,8.51
6.7061887,5.72
5.872554,6.77
6.3571634,7.85
8.083553,7.96
6.5205593,6.52
6.734078,6.15
7.2156334,7.05
6.083604,5.6
5.2329607,7.5
4.7680397,7.7
7.3700237,5.7
5.934846,5.6
5.7523394,5.43
6.6579714,5.71
5.907937,5.74
4.3425517,4.85
6.7625365,5.74
4.953608,6.14
8.317113,9.05
8.893738,8.72
8.850516,8.11
6.857287,4.22
7.6968436,8.0
5.186875,7.7
5.401915,5.64
7.2386923,3.41
9.103958,9.52
7.097861,7.46
8.095968,8.6
8.776019,7.89
7.9755573,9.49
5.8916216,5.61
8.119476,8.26
8.251391,9.4
7.9974766,7.64
8.506914,9.23
8.122744,8.28
8.411387,7.64
6.705293,7.06
8.546058,8.31
8.913983,8.96
8.419177,9.01
7.457808,7.51
7.359025,7.22
8.811106,9.72
8.3750305,7.17
6.8848815,4.92
7.8825126,8.8
5.470426,5.2
9.0232725,11.3
8.316054,8.26
6.6167274,6.52
6.71325,6.99
10.036425,6.46
6.658271,7.05
8.286592,8.16
8.703258,8.85
9.6960535,9.77
9.684664,10.7
7.611269,7.39
6.711975,7.89
7.597273,7.72
8.799717,10.2
8.813744,7.44
7.396004,9.4
8.602582,9.74
8.171297,7.45
5.5053225,5.96
5.309993,4.7
8.4423685,6.05
7.370785,6.3
7.373195,8.57
7.8322926,8.82
8.20483,10.15
8.24875,8.34
9.736263,8.22
7.3483524,6.59
7.1951046,5.0
7.8524656,7.7
7.0690894,9.76
9.478011,10.24
6.878603,6.0
8.353754,8.52
4.702551,6.13
5.3931365,3.92
9.2421665,10.0
8.939075,7.62
9.381824,10.64
9.498278,9.74
6.617338,6.12
8.426576,9.36
9.113208,9.55
5.621913,6.83
6.4078884,5.94
7.543586,8.44
7.494666,8.3
8.157043,10.54
7.9926176,8.92
7.803914,9.72
7.7921453,8.21
8.470885,10.24
8.438971,7.52
8.652369,10.0
8.166798,4.68
6.553088,8.3
7.767014,9.79
7.5423393,7.46
8.231341,5.57
8.457533,6.33
7.526904,8.68
8.497296,9.7
9.327992,9.16
7.9088254,8.09
7.959074,8.0
8.24622,6.06
9.462766,9.6
7.2735686,7.98
7.5443773,8.37
7.962152,8.6
8.758196,9.1
5.200181,8.1
6.942425,7.07
8.7289295,7.74
8.227434,8.9
8.21882,9.04
8.496334,9.0
5.9100437,6.83
7.2327743,8.05
7.953197,7.85
7.1003933,9.0
6.630841,6.01
8.310337,8.85
9.357841,9.4
5.6578536,4.28
8.197322,9.15
7.55386,9.42
8.874514,10.43
7.8444667,7.11
6.5980773,8.15
6.887723,6.82
7.278269,6.53
6.901103,6.29
6.9651775,7.09
7.224549,7.8
6.9801946,6.5
7.3908253,7.0
7.629403,7.68
7.0802183,6.7
6.8021393,5.96
7.033913,7.41
6.341277,6.59
6.670513,7.14
7.140728,6.28
7.3890576,7.96
6.2874966,7.92
6.7005715,6.86
7.0277243,7.64
7.657918,7.85
7.040724,7.32
8.980795,9.26
7.508767,7.1
7.371007,6.32
6.7099643,7.68
6.8860636,7.77
6.5565524,5.7
7.1572638,7.7
6.7504325,7.4
6.972859,7.7
6.6557984,5.55
6.4681525,5.1
8.916619,9.15
6.059544,5.3
6.067254,6.31
5.4995403,6.57
4.567002,5.42
4.3912926,6.47
5.91438,7.54
5.1358633,7.59
5.351433,6.8
5.754393,6.19
6.1560836,7.68
6.042803,6.97
6.9774117,8.3
6.9729085,5.42
7.095207,9.01
6.0630803,5.23
7.580512,8.72
9.041527,8.92
4.8810368,5.18
7.560301,8.7
5.6638556,4.52
7.558641,6.5
5.8596888,5.19
6.6735797,7.73
9.203922,8.3
6.2012568,5.85
6.7557416,5.25
6.245608,4.66
6.8988566,8.85
7.962043,8.55
5.3253546,4.74
4.9752593,5.13
7.5377655,8.46
8.303423,10.22
5.790711,5.26
7.1277304,7.89
8.236292,10.24
7.9971304,8.52
9.591804,10.7
6.464397,4.49
8.067426,8.82
7.6654487,6.3
8.018595,7.21
6.1777625,5.98
7.636099,7.54
7.082914,8.7
7.5258594,6.27
8.395798,8.3
8.352424,7.74
6.1222677,7.59
7.995265,8.12
4.954419,5.89
5.7689104,6.51
8.40991,9.26
6.7460504,8.6
8.483788,8.77
7.56238,6.84
7.456959,6.57
5.3149185,5.99
6.7161436,5.65
5.292441,4.42
4.5876985,5.25
10.484445,10.92
8.397451,6.28
6.3777313,7.22
7.2797065,6.05
6.201829,5.76
6.1146617,6.89
7.9076214,9.47
6.1381726,7.27
7.3579125,10.0
6.213669,4.85
7.9843607,9.27
6.812837,7.7
6.891496,6.06
6.0657163,5.85
5.7533236,5.14
5.8527455,5.94
7.326439,8.96
7.4978867,10.48
6.2914667,7.1
6.779959,8.02
6.6865377,6.93
6.07052,6.12
9.1609955,8.89
6.7371264,8.0
7.116392,6.3
7.1826763,8.7
6.203316,5.35
6.004412,5.21
7.7419295,8.43
6.7257366,6.31
7.948255,8.96
7.066785,8.05
6.991698,5.0
6.6342115,7.39
6.726982,5.26
7.0735197,5.96
7.623401,7.82
6.698632,5.32
7.5043726,4.78
6.40444,5.51
7.390518,6.91
5.0423326,5.66
6.6872354,4.46
5.9412513,5.22
5.940738,4.15
6.5794744,6.52
7.450826,7.82
5.09434,5.44
7.603205,7.34
6.7134676,5.57
8.829317,4.77
8.369594,9.74
7.707677,5.6
6.9868574,8.34
7.12064,7.0
6.52125,6.93
7.063722,8.68
7.832791,6.23
7.9280734,6.04
6.850921,8.14
4.452299,6.02
7.5938005,7.85
5.889196,7.03
6.7663574,6.85
7.6281824,7.46
6.050964,8.59
7.20775,7.34
7.351027,7.55
6.020515,4.08
7.267047,7.02
7.893953,8.62
7.3633842,8.2
4.6433873,4.55
7.6218343,8.15
5.6711526,6.29
8.305533,9.15
7.081587,7.4
6.9017224,6.51
5.955506,6.51
6.6935215,7.68
10.712353,10.51
6.4128857,5.96
7.6195345,8.46
5.911948,4.57
8.277225,9.14
7.178634,6.84
8.617928,9.34
7.9773436,7.33
7.9671655,9.82
7.5456266,9.01
7.305874,8.66
6.915704,5.68
7.1026363,6.46
7.217233,6.19
5.8103595,5.69
7.6331396,9.47
5.762533,7.14
6.404123,6.84
6.1234326,7.85
7.247654,6.04
7.722034,7.24
5.713091,4.96
6.701978,6.1
5.4897213,7.05
8.3093815,9.28
7.95712,7.7
6.984052,7.85
6.1046586,4.05
6.871798,8.8
7.377125,8.52
7.4461684,6.66
8.000481,8.52
5.163891,4.37
7.597938,6.33
8.655875,9.82
7.9957337,9.25
7.5291348,6.08
6.4917936,5.0
4.4093723,4.23
4.742678,5.37
5.356863,3.78
5.4891386,4.11
6.707734,5.16
6.060959,4.84
6.524288,3.6
6.199131,4.8
7.0808625,7.72
6.5446563,6.64
6.780638,6.3
8.765952,10.1
7.3564234,9.66
8.711681,8.7
6.833961,9.05
5.537336,7.0
6.4109735,8.23
5.7569304,5.04
5.0670376,4.21
7.121235,6.98
6.8263273,8.3
6.01843,9.6
8.657594,7.51
7.3975954,8.42
6.016091,4.99
5.6496496,8.0
6.1323013,5.16
6.6305356,11.0
8.9458275,9.5
7.4988995,8.18
6.574828,5.5
6.655307,7.2
6.923863,5.81
5.838457,7.18
6.970753,10.1
5.0233135,5.6
9.0395565,7.4
7.8281336,9.5
7.2261486,7.4
6.457369,7.6
5.733269,6.54
4.8698006,4.85
5.2833624,7.34
6.9886065,7.72
5.368477,5.51
6.864587,8.82
5.950312,6.5
8.676041,9.7
5.5562916,6.58
7.828455,8.98
5.8398657,7.0
5.8702035,5.09
6.9323263,9.5
6.2000227,8.77
8.873007,9.9
9.229161,9.7
5.2000403,4.07
6.101064,4.96
8.850503,9.4
5.543352,6.24
8.327233,8.6
6.254568,6.15
6.679271,7.44
6.6144004,8.14
7.583516,7.9
6.6051564,8.42
6.1845694,7.48
6.05865,6.64
6.0459533,8.98
6.583213,8.98
6.954024,7.85
5.602257,6.9
5.0608363,4.1
6.471967,6.6
5.5669565,7.2
6.5526657,6.5
6.8273335,7.0
4.362215,4.8
5.617466,6.24
6.0062613,7.1
6.461797,6.1
6.236352,7.0
6.1118107,5.9
7.2079554,7.77
6.4774776,8.0
5.971114,4.96
6.852767,5.46
6.2563853,8.22
6.061996,4.35
6.584184,7.12
5.1848016,5.2
5.656906,5.1
6.2810607,5.16
5.524044,5.37
6.15455,6.52
6.389518,7.22
6.569868,6.3
7.1218243,7.23
5.5977106,4.85
7.7333293,7.38
7.190731,7.29
5.56622,6.57
6.559126,4.06
5.9489813,4.77
6.891875,7.52
5.9626284,4.16
5.3311377,4.72
7.5215287,7.52
7.6719313,7.35
7.221975,7.89
5.547867,5.3
5.6156607,4.09
6.8510036,6.89
6.350896,7.03
6.2105722,6.05
4.931032,11.45
6.0072856,7.14
6.459672,4.04
6.6706085,6.1
7.296054,7.92
7.033859,5.72
5.625526,4.28
6.7940426,5.54
6.1296935,6.92
6.463786,5.15
5.364451,4.15
5.6563187,4.54
6.6973915,8.22
6.751129,6.68
7.225813,7.52
5.8110557,7.17
6.4928355,6.17
6.8800917,5.06
6.46078,7.48
7.043072,8.26
5.2686477,5.23
6.5071826,5.47
6.6493063,7.49
7.2871237,7.28
5.591939,4.53
5.779546,5.24
6.418643,7.37
6.6895204,7.4
5.738225,4.69
6.357206,5.94
5.5760746,5.03
5.963086,7.3
6.908967,4.49
5.6929936,7.1
6.144279,4.53
5.6580353,5.52
6.916999,5.88
5.9022374,5.7
5.487185,6.46
5.8014717,4.9
5.9846725,4.96
5.9218736,5.33
6.391969,6.19
6.9690495,9.05
5.658322,5.89
6.5048566,4.43
6.8135314,8.07
5.962186,5.32
5.1790366,4.65
6.4511986,6.03
4.87056,4.52
7.4126215,6.64
6.7730894,4.24
6.1686983,4.14
6.2184057,7.15
6.873664,4.98
5.9825654,5.3
6.517697,5.92
6.6750417,6.95
5.7332,7.2
6.376619,7.08
6.8698797,7.46
5.987409,5.54
6.6614757,6.8
6.265448,7.54
5.975338,4.64
5.2483635,4.74
5.0792437,4.13
6.3523874,6.77
6.123771,5.82
6.830425,5.12
7.030376,8.05
6.3708587,6.22
5.8982673,5.55
6.1254854,7.11
6.8286843,4.88
5.0094233,5.38
5.7203655,4.48
6.5874186,4.85
6.9678984,6.85
7.0998335,8.88
5.7695856,4.33
7.995007,7.8
6.999161,7.24
7.878763,5.78
6.850976,4.43
6.2091136,7.22
6.0605073,4.94
6.2662573,5.96
5.4115777,8.0
6.552733,7.1
5.446537,3.97
6.2735467,5.82
5.884919,5.41
6.890758,9.4
7.066812,6.99
5.9861555,5.08
7.8979034,8.0
5.0670295,5.02
4.823506,4.2
5.9308047,5.06
5.6179304,5.92
6.7644477,6.39
7.6102495,6.57
7.616025,9.29
5.4378314,5.72
6.1214223,5.82
7.0421877,6.14
6.0309825,7.7
6.0748105,4.6
6.6757,5.27
6.085085,4.72
5.7176075,5.07
7.216676,5.37
5.814279,6.44
6.0674686,6.74
5.4251757,7.14
6.597615,6.9
5.9441705,6.4
6.9941125,7.2
6.3097677,6.35
7.1313224,5.4
5.8347282,6.92
5.983528,6.0
6.78354,8.12
6.397001,6.49
6.1901507,7.29
6.0258784,4.72
5.4460874,5.7
5.6177745,5.3
5.8694825,4.39
5.2468004,4.62
6.4772096,5.89
4.8079214,3.41
4.983135,5.3
6.042561,7.1
7.523031,9.05
6.37023,5.14
6.868118,9.51
8.969025,9.0
8.339269,8.06
8.435288,9.0
6.4479313,6.59
7.9606867,8.03
8.579601,8.2
4.7962914,2.22
6.4350224,4.02
6.9929147,6.68
7.295111,7.1
6.436621,7.55
7.712103,8.74
5.320445,7.52
7.3933306,8.96
5.8809214,7.3
7.1075087,7.67
6.024947,5.03
8.207168,8.77
8.826723,9.0
6.8415823,11.15
6.564225,5.74
5.9846153,3.8
7.996483,8.09
5.968338,6.81
6.3998814,2.05
8.422981,9.0
8.517785,8.34
8.005972,7.57
7.388434,8.25
6.2620664,4.72
8.546539,9.0
6.6698465,4.52
8.514198,9.0
6.5948753,6.89
5.4144425,5.23
6.753241,6.7
4.503273,4.02
8.180454,8.26
8.3981495,9.0
5.285303,7.19
6.254584,7.7
8.864408,9.0
8.353966,8.15
8.097469,9.0
7.3670783,7.64
7.552801,4.74
7.827783,8.43
8.981452,8.96
6.154552,5.2
7.305289,4.96
7.812557,8.1
6.6656413,6.2
8.067457,5.0
6.985909,6.82
7.1714063,7.82
5.9013047,7.7
7.19062,7.48
7.6920624,8.48
5.6887913,6.82
7.2997327,8.55
6.4270883,6.82
6.4731984,7.77
7.547781,6.08
7.813164,8.42
6.4845376,4.51
5.8996887,6.96
7.2134614,7.01
8.373462,8.82
6.5450287,1.87
9.1115,9.07
6.7513013,7.52
8.563164,9.0
6.4400873,6.4
8.082533,8.39
6.1958413,8.0
7.5511084,8.6
7.4288864,7.24
6.911738,8.64
6.405399,7.46
6.028904,5.11
6.020529,6.3
7.666099,7.09
6.273817,7.6
7.170541,8.89
8.446372,9.0
5.66745,6.28
7.2769966,7.27
6.1960616,7.69
5.002292,4.34
7.505469,8.39
7.5746555,8.14
5.554539,4.27
6.156887,5.25
5.3689585,4.08
8.568485,8.6
7.5840917,9.52
6.023485,8.64
5.5278006,4.97
6.4342995,7.82
5.3865314,4.31
5.334452,6.05
6.1629505,5.9
4.994141,3.99
5.2012405,5.85
5.313589,4.14
5.19268,4.1
7.2839513,7.85
8.153383,7.57
5.557043,4.8
8.027899,7.72
6.1468377,4.62
6.468534,6.73
5.0346394,4.81
6.2578707,5.88
5.6067333,5.15
6.2028766,7.08
7.332001,9.25
8.068137,8.15
8.58078,6.87
7.177476,8.05
7.212671,9.28
7.8216715,7.41
7.169415,6.8
9.039462,8.7
8.502181,7.8
7.0235953,8.7
8.312194,7.62
8.600512,8.8
6.8205338,7.64
7.775305,8.3
9.041201,9.41
8.153674,7.64
7.3871603,9.38
7.261588,7.47
9.40044,7.19
7.1739573,8.74
8.373888,8.85
8.659492,9.72
7.784318,9.4
5.864744,8.19
8.086801,7.89
6.727345,5.37
8.426104,9.48
6.681689,6.82
6.375621,5.24
7.1432753,9.0
9.031475,9.07
7.5736628,6.2
7.4949427,6.6
9.069752,8.58
9.027248,7.1
7.134745,6.9
8.12628,8.92
7.2230463,7.2
8.464446,8.01
7.027663,6.8
7.0366306,7.1
8.919091,6.85
8.205619,6.6
7.447668,7.14
6.509897,6.95
7.7389803,6.77
8.958517,9.72
6.6013556,6.24
8.084207,6.9
6.4103603,7.82
8.004609,9.39
8.719869,9.7
7.5698977,7.73
7.4610715,7.72
6.3727717,9.52
7.7868013,7.37
7.6934924,8.1
8.188017,8.65
8.055336,9.43
8.758653,6.33
8.4845085,7.33
6.9033227,7.03
7.7301755,7.54
7.435008,7.72
6.8879375,7.09
8.392583,7.7
9.240804,9.64
7.2146063,7.62
7.5881205,6.64
7.175328,8.01
7.458385,6.92
5.038815,5.2
6.049014,5.89
6.136949,5.5
6.6063204,5.5
6.208963,5.0
7.5711565,7.6
5.217465,5.1
5.5008698,6.04
6.6582756,7.89
6.6730924,6.74
7.472434,6.92
6.5796576,5.25
5.924464,5.54
7.0855255,6.7
5.7956624,5.35
5.911869,7.23
4.1338406,6.33
5.630184,4.0
7.157708,5.16
5.7634664,7.03
6.923055,8.15
4.3862915,4.17
6.851659,5.0
6.8923497,7.62
6.0113893,4.9
6.7533336,5.4
6.257899,5.27
6.5632124,7.14
7.665984,4.59
6.2341638,5.82
6.0826116,5.15
6.416309,6.95
6.551825,6.29
7.3351364,5.58
7.828501,4.97
6.747588,5.16
5.9596386,7.23
6.5087137,4.42
7.271078,7.97
7.8834324,8.11
6.5287776,8.25
6.972455,6.79
6.5486765,5.9
6.387078,6.74
7.157632,8.08
6.2343984,7.16
6.7846484,6.8
6.030616,6.2
5.64719,6.98
6.8969097,7.4
6.205019,5.62
5.799835,8.7
6.8817253,5.42
6.5940347,5.53
6.520991,5.05
6.218381,5.84
8.098608,7.3
7.3627396,8.32
6.863581,8.11
6.9742336,5.85
7.655838,6.26
7.3487096,7.8
7.2599316,7.51
7.8230295,8.29
8.248072,7.8
8.159508,7.74
7.2871165,7.22
6.5797396,6.6
7.245715,8.18
6.04895,6.17
7.3571935,7.62
7.384781,8.4
5.1334815,5.89
6.628632,5.1
5.856837,4.45
6.2212276,7.0
6.349433,5.94
5.9318695,4.84
7.9464417,8.22
6.8181453,6.8
6.813152,6.97
6.744918,7.92
7.0698385,6.83
8.011674,6.87
7.1180487,7.8
6.6059365,5.36
7.269266,7.39
7.7926273,5.95
6.784062,7.21
8.104602,9.52
6.9978533,5.44
7.0070033,7.16
5.9838185,5.48
6.109753,5.72
5.7494473,5.3
6.766258,7.92
6.6642427,7.6
5.9546456,5.4
6.912908,6.0
7.8952584,7.97
8.443275,7.31
6.915347,5.28
5.755469,5.71
7.641598,8.2
7.8477597,6.55
8.376285,8.26
6.156953,5.12
7.4557757,5.73
7.4085116,7.67
5.561112,7.7
5.743845,7.42
7.109486,5.14
4.5931935,4.86
7.2970867,7.09
7.253746,6.56
5.853272,7.6
5.5950704,5.4
7.3082595,7.68
7.136797,7.07
5.873244,8.0
7.8494105,8.0
7.47474,8.04
6.075082,7.19
7.0407405,7.82
6.7194743,7.24
6.995412,7.77
7.2188883,7.41
6.4467087,6.8
5.324618,6.31
6.3778014,6.41
6.827744,6.36
7.804719,9.0
6.604141,7.14
7.8515778,8.08
7.032531,7.96
5.9842854,5.7
5.7670007,10.38
7.713573,7.12
6.631455,7.34
6.243595,6.36
6.0148044,7.5
5.371955,4.19
7.716064,9.06
5.98315,5.95
5.898012,5.95
6.203576,6.52
6.5977354,8.34
6.1612563,8.23
6.807452,7.24
7.041404,7.12
7.4131436,8.19
6.381699,8.22
7.487655,6.91
5.842949,6.37
6.8071103,6.25
5.9564385,4.79
6.5919676,5.43
6.034718,7.59
6.2387457,6.62
6.2798166,6.56
5.7877245,5.69
6.853885,6.5
5.8581076,7.44
5.081938,6.97
5.3773165,5.41
8.283048,8.07
7.288425,5.78
7.2194247,6.89
6.762107,8.57
6.267701,7.24
7.2424083,6.85
7.120713,7.32
7.601344,8.12
7.2883253,8.96
7.304042,6.4
6.3045516,5.05
6.834589,7.69
5.678341,4.83
5.0701857,11.38
7.4209003,8.19
5.461277,5.66
6.3264737,6.9
5.761158,5.23
7.646299,8.05
5.7950826,5.3
6.4794507,6.61
6.8033466,6.81
6.8485017,6.71
5.43897,5.13
6.1119914,5.42
7.124859,8.14
7.505554,7.96
5.9720197,5.6
6.3154354,6.4
7.604674,8.52
7.0087194,6.97
6.477108,6.26
6.023305,6.79
7.7563543,6.98
6.7172503,6.96
5.3277025,6.79
5.805849,6.3
6.4850793,5.16
6.6954436,5.48
8.06472,7.34
5.7306376,7.72
7.3385096,9.07
5.729162,5.15
6.793817,6.57
7.3773355,9.0
8.147688,8.92
6.616942,7.58
8.367975,8.57
4.6542854,6.05
5.7413235,4.0
5.8360906,7.23
7.009075,8.32
5.518889,6.98
5.011735,5.12
6.9885216,8.2
6.7967787,7.27
7.186716,7.56
6.9930806,8.51
5.394039,6.49
7.6713076,7.8
7.3061953,7.8
5.091845,4.77
3.1517656,3.74
5.951589,3.14
5.9474373,4.52
6.4236283,7.39
6.2520113,5.13
7.245105,7.17
7.0088615,6.66
6.4931636,5.0
6.20771,4.48
8.137594,7.92
9.02601,8.7
7.768773,7.64
7.5094604,4.63
4.7182846,6.38
6.8888617,8.47
8.000685,8.96
7.053032,7.52
6.368843,5.6
5.9415007,7.22
6.827789,5.97
6.667111,6.35
6.1208982,5.94
6.6832757,5.42
8.111256,8.0
7.269115,6.21
8.280953,8.15
7.4060125,8.77
6.662799,5.0
6.758625,5.68
6.8105645,8.46
9.036038,8.22
7.9350348,6.7
6.5038524,5.62
6.7522845,5.2
7.933649,7.89
6.3692164,4.1
6.12366,5.25
7.101179,8.05
6.5272684,4.38
7.371126,7.15
6.816701,6.82
7.4240665,6.58
7.100404,7.7
6.4695663,7.52
7.517343,7.2
7.250952,7.49
6.082982,5.74
6.411527,4.52
7.294193,7.55
7.6370845,7.74
6.0884476,5.77
6.0832844,6.46
6.5033784,7.28
7.1635666,7.43
7.2531524,6.79
6.4364786,6.8
6.443431,6.3
7.341052,6.56
7.9877253,6.4
6.4054594,5.64
6.969797,4.64
6.363614,6.1
5.932368,5.52
6.290778,5.96
7.001631,6.0
6.547242,6.28
6.483875,5.5
7.1717854,7.75
7.014971,7.08
6.6325707,5.79
7.282131,5.05
6.7893114,5.68
6.955152,8.05
8.316714,8.59
7.3407526,5.44
6.2574534,6.82
7.09987,6.22
7.802268,8.89
6.752295,7.85
6.275118,7.2
6.3107796,5.33
6.9285913,6.05
7.5130177,6.2
7.472753,5.96
7.0901866,7.38
6.959081,6.39
7.2108555,8.55
7.532362,7.43
6.6958637,7.09
6.691973,6.22
6.6735544,6.09
7.4481974,6.91
7.2778735,8.82
7.6383786,7.74
7.4006424,7.56
7.11929,8.35
7.256525,6.87
8.226109,7.14
7.682554,8.14
7.427316,5.13
6.6736493,7.1
7.1708393,5.6
7.5964065,6.6
7.901896,6.64
7.54731,7.19
6.535654,5.0
7.3732452,6.45
7.2980494,7.8
6.733824,5.25
7.014816,7.27
7.722222,7.98
7.4292755,6.05
6.7468476,5.32
7.753051,6.47
7.119881,5.87
6.6444907,7.33
6.802351,5.2
7.214764,8.68
7.450037,7.92
7.9951873,7.24
7.5554614,6.0
6.3371816,5.43
6.7146606,6.67
7.671305,8.13
6.827535,7.4
8.279384,7.68
6.297661,6.37
6.983902,6.0
7.7563787,6.67
7.1179667,7.72
7.264528,6.3
7.1118,6.97
6.60246,5.59
7.4876385,7.04
7.623794,7.7
7.173921,6.74
6.7539835,6.57
6.1847496,5.52
7.7700663,7.92
7.961142,6.73
6.7146335,7.93
5.96251,5.4
7.955343,8.4
7.288413,7.02
7.39353,7.92
7.339487,8.4
7.2547164,6.86
7.8735614,7.89
6.883778,7.92
6.6932306,8.8
6.450211,6.18
7.706644,6.44
7.5894356,7.13
7.524126,6.69
6.403673,4.0
7.0466666,8.41
6.10745,7.5
6.5231895,7.42
7.802042,9.38
6.664643,6.74
6.7933416,8.97
6.3487673,7.01
6.3120484,5.85
7.1713095,8.13
5.5168834,6.04
7.0860834,8.02
7.308259,9.0
7.0374184,9.32
6.8666806,8.82
6.9202776,6.03
6.02955,6.62
6.1564426,7.84
6.574907,9.1
7.475916,8.3
7.73211,7.44
7.0166335,9.15
6.6574907,7.3
7.191353,8.53
5.6349115,7.3
7.705829,6.85
7.2093463,6.87
7.744118,8.13
6.8303757,8.99
6.3772273,6.62
7.386299,6.16
7.7918644,7.47
7.2828712,6.7
7.4786615,10.28
7.299808,7.1
7.4803343,7.08
7.7060494,7.92
7.0781636,6.74
7.5973306,6.66
7.428399,8.89
6.6184063,7.0
7.515613,7.51
6.314191,7.08
5.700668,6.18
5.8095512,5.76
6.565177,5.89
7.5562897,8.15
5.7677574,5.68
7.012791,8.08
6.6101823,8.05
8.237788,9.39
7.565731,8.03
7.4108524,7.6
6.5296717,5.0
6.8463316,5.9
7.1459146,8.0
6.9535537,6.51
7.3734913,7.7
5.814397,6.71
7.53156,7.86
7.13955,6.49
6.600699,5.96
6.808269,6.11
7.139221,5.7
7.0634003,5.63
7.3993278,7.77
7.3749113,6.26
7.0035954,7.72
7.7445874,6.31
7.475686,7.06
7.508526,9.12
7.4562297,5.3
7.242181,7.85
7.467158,9.31
7.755994,8.24
6.088974,6.31
7.3924985,7.19
7.656984,7.31
6.6256757,8.11
5.5296154,5.6
5.9863014,5.28
7.0597205,7.87
6.581518,8.28
6.7790437,6.23
6.9508567,7.74
6.020644,8.6
6.821661,5.6
6.800067,8.21
7.5968275,9.3
7.511015,8.4
7.359987,8.19
7.6509576,6.42
7.5261173,7.16
7.6480174,10.49
6.2735133,7.51
6.746847,7.03
7.105765,7.76
7.4655757,9.3
7.380475,7.0
7.60062,7.76
6.4906135,6.31
7.0057273,4.9
6.6431327,7.74
6.6410103,6.89
7.8472986,9.1
5.995994,5.0
7.8485126,7.33
8.063241,7.0
7.2949753,8.23
6.1605344,6.12
7.429475,6.8
5.7848473,5.8
4.731295,3.5
5.244638,5.4
7.666059,6.43
6.9050813,5.55
7.7292976,7.3
7.66905,6.31
7.47427,7.7
7.827669,6.45
8.530326,8.4
6.311495,4.08
6.5462785,5.96
8.566751,5.23
7.8032103,6.29
7.9309707,7.11
7.196369,7.82
6.5122466,6.51
5.9810467,5.05
6.810075,4.68
6.4648814,7.0
7.71257,6.1
7.248086,6.8
5.970052,7.82
6.270431,7.7
5.4272175,4.1
7.707989,7.72
4.8780365,5.1
6.58318,4.52
7.6180706,4.96
5.442196,5.3
5.4435863,4.0
5.5793314,5.0
5.975527,5.25
5.9524283,6.1
5.914648,5.35
5.656373,6.29
5.5762887,5.52
4.9691234,5.17
6.7748575,7.44
4.389224,5.0
5.4515095,5.64
5.6294603,5.35
5.2657027,6.64
4.7849636,4.0
5.5115623,4.85
6.203049,4.98
4.6053305,5.0
7.2511806,5.26
4.9366956,5.0
5.2509236,5.0
6.5012445,4.11
6.5475802,6.26
7.511982,7.72
6.66407,6.55
6.605606,6.26
6.3271403,4.91
8.041467,8.74
7.240429,7.8
7.5508018,8.52
6.0949626,6.8
7.1444244,8.22
6.314807,6.8
7.334041,9.4
6.9617643,5.32
6.717607,5.7
8.170458,9.7
6.2423224,5.0
6.650861,6.97
6.1617765,5.54
8.283515,8.8
6.5257626,5.7
7.6729856,6.2
5.9597387,5.2
6.5765767,5.6
6.298921,5.4
6.754939,6.13
7.270719,5.39
6.4477353,8.4
6.132512,6.2
6.043861,5.53
6.8077016,5.07
7.343764,5.37
6.2886615,5.26
6.093322,6.47
5.05221,5.82
5.1244597,6.0
6.120426,7.14
7.6099906,4.84
7.517401,7.72
6.95124,7.35
5.9503016,5.38
6.2334113,6.49
6.5169272,7.64
5.3671737,4.35
5.620881,5.54
5.914391,6.77
6.105307,4.0
5.6738386,6.29
5.180319,5.56
6.665347,5.94
6.9636254,6.68
6.5656133,7.09
5.5783124,6.71
6.0695596,6.66
7.268248,7.4
5.9451714,6.01
7.2062836,6.11
5.825812,5.7
6.795106,10.39
5.646123,5.4
7.049699,10.0
8.456102,6.3
6.781488,7.51
7.15369,5.7
5.9977574,6.5
7.5389433,7.6
6.6785617,7.33
6.304265,6.48
6.5529265,5.6
6.4723644,6.34
6.3224287,5.8
6.864126,5.62
6.3939304,8.38
6.0100503,6.99
6.666108,5.57
6.5823746,6.41
6.4820127,5.43
7.4549727,8.41
6.607021,5.66
5.214402,6.23
6.5081024,7.0
6.458924,4.92
7.5415077,6.82
5.728163,6.3
4.9773006,3.51
5.266919,7.3
5.465811,7.0
8.205332,5.74
8.507014,6.22
7.120959,7.1
5.30239,5.74
6.836718,6.48
6.3197026,6.4
6.584421,5.96
6.4309497,5.92
7.3634315,6.7
7.144307,7.51
6.4484143,9.0
6.4733763,9.0
7.250128,8.7
5.88413,5.5
7.4567285,8.0
6.513188,5.89
7.103936,6.0
5.767235,6.64
5.813045,6.27
6.255103,8.74
6.719316,8.0
5.4547396,6.1
6.331598,6.5
7.9882445,8.7
6.2456307,7.22
7.879637,7.6
6.663699,6.41
6.1873183,4.8
6.6745563,7.57
6.7261314,6.7
6.542011,7.0
5.443009,5.7
4.8012943,4.8
6.0011306,5.41
6.5412426,5.7
8.363517,6.74
7.603819,7.59
6.430639,7.62
6.4666624,7.35
7.433864,8.22
6.452468,6.87
7.085301,5.41
6.3144255,5.19
6.780588,4.35
2.8638074,2.91
6.6524954,6.12
6.6519604,5.6
6.688342,5.37
6.11759,4.8
5.8838673,5.21
2.6927214,3.12
7.3108463,9.08
4.0399055,3.18
5.031968,4.9
5.8015885,4.88
4.883975,2.71
5.5485544,5.5
5.6591544,4.67
6.5408616,4.74
8.01424,6.7
5.8909993,5.02
7.8550286,4.65
6.569925,3.88
4.8380256,4.78
6.356427,5.22
3.8840103,2.76
6.6858907,6.19
7.017623,6.18
7.802503,5.84
5.400616,5.62
6.3023643,8.24
5.7979655,4.96
5.380869,6.19
6.328365,4.71
6.7986073,7.05
6.379807,4.84
6.590209,5.65
5.0412865,3.39
6.464959,8.05
3.8324816,3.12
5.7044964,5.59
4.5475464,5.74
6.772541,6.03
4.4746356,4.94
6.73393,8.38
6.5638604,6.12
6.374574,6.11
6.2866564,5.0
5.3276215,3.44
5.628671,4.3
6.27783,6.6
5.163389,3.18
5.3764615,5.59
5.8083463,5.55
3.7116349,3.68
6.349493,5.46
6.497631,5.18
6.5478444,3.4
3.9553366,3.29
3.8879642,3.48
3.7088146,3.32
5.323004,6.68
4.7714148,3.87
6.0711308,6.38
4.389079,4.68
5.3180676,5.64
5.532007,6.6
5.2956176,3.0
5.1535144,3.15
5.970322,7.25
5.9224133,5.64
3.8700366,3.96
5.4161415,5.22
4.6201525,2.54
5.5243373,8.39
4.7833676,3.85
6.8965683,6.68
5.5057817,2.87
5.4223866,2.98
5.8137836,6.02
5.472302,6.19
5.3462114,6.51
7.0308595,8.31
4.6006064,3.62
4.079074,4.24
4.4921117,4.95
5.4013042,5.17
5.8835583,4.08
5.469272,5.64
5.1459336,3.52
6.793054,3.52
6.3411574,7.09
5.9548216,4.47
7.2624884,5.68
6.381454,7.3
7.400839,6.82
5.5566635,5.64
5.3662543,3.97
5.847771,8.05
6.731868,4.34
4.814553,2.08
7.515676,7.52
5.7910647,5.0
7.125753,6.0
6.2222605,6.0
6.3153415,7.0
6.5591006,5.0
6.5527143,6.0
7.1235576,6.14
6.7511344,7.0
5.41501,4.37
6.0705147,6.0
6.943486,6.0
6.228399,5.0
6.639996,5.0
6.56032,5.0
5.8847823,5.0
6.9736657,3.98
6.1735053,7.0
7.4148855,5.0
6.9559135,7.0
6.4921513,6.61
7.1200175,8.3
7.2214656,6.4
8.407807,9.0
7.513622,7.93
7.3210583,8.62
7.0426188,7.92
6.8813863,7.01
6.903754,8.35
8.2367325,9.62
8.339987,8.43
6.5725975,5.74
6.801207,6.32
8.206389,8.37
6.507987,8.0
7.1968575,6.27
7.164771,7.12
6.866969,7.96
7.561229,8.52
6.3072634,5.9
6.943402,7.22
8.28347,8.7
6.2834964,6.82
7.1959777,7.61
9.156591,5.84
6.484654,6.64
8.137849,7.71
5.878686,4.41
7.22886,6.65
6.494636,6.87
7.1504116,7.84
6.838507,6.15
6.692069,5.29
7.9224987,6.93
7.4969172,7.4
8.207743,8.61
6.682436,9.34
6.500655,7.87
6.6899014,5.52
6.3864107,6.3
8.794785,7.0
8.692406,7.85
7.9953737,8.7
6.935622,7.0
9.121178,8.37
7.9133024,8.4
6.894184,5.54
7.2836065,7.52
6.576098,5.9
7.7627764,10.05
7.2252417,8.2
7.68123,7.94
6.55581,6.26
7.0402317,7.24
8.93273,8.06
6.9330835,6.02
7.0147495,6.6
7.7829204,7.46
6.535736,6.04
8.550441,9.3
6.8624697,9.17
8.176334,8.1
7.6006746,9.0
6.323415,5.1
6.7408977,6.03
7.5729704,9.05
8.107281,8.72
7.348882,6.16
6.8796964,9.42
6.3904643,5.95
7.6267047,6.33
7.844123,8.72
7.609377,7.33
7.630289,8.4
7.6580577,9.82
8.190273,7.9
6.5806055,7.0
6.9915104,7.31
7.657303,8.08
7.9031086,9.7
6.9353104,7.55
6.9927025,7.22
7.1348724,6.8
7.088286,6.94
7.168189,9.39
6.9686465,7.57
8.044776,9.59
6.297168,6.35
6.6123986,5.07
7.2620006,7.04
7.4097414,5.47
6.9573326,9.3
6.710379,7.19
6.9719944,5.19
6.691108,5.7
7.658228,7.26
6.7457237,6.59
7.5152597,7.95
6.6796937,6.68
7.3444996,7.12
8.525753,7.38
8.174303,8.19
5.6349826,6.07
6.29486,7.85
6.74649,5.77
7.424966,7.28
7.472041,7.07
8.00977,6.74
6.6812277,6.1
7.628695,6.7
6.75339,7.06
7.4453993,6.47
7.416088,7.33
7.5404634,7.82
7.0406375,7.3
6.9646497,5.43
7.586022,8.2
7.3171606,8.1
6.549842,5.5
6.9491367,5.4
7.9416566,5.78
6.939024,7.22
6.7787795,5.29
6.911377,6.54
6.044457,6.46
7.175525,7.55
6.6198397,6.4
8.215397,10.52
7.2722216,7.47
8.4268265,7.18
5.725124,5.4
6.5569563,6.3
7.5473847,9.52
6.8476453,7.48
6.131895,6.77
6.628096,6.36
7.1247835,7.29
8.25063,7.92
7.480557,8.52
5.4070706,4.57
6.5789,7.7
7.6199846,6.53
7.470937,7.42
8.462637,4.39
7.8151903,9.52
6.7815504,5.48
7.0830493,7.77
7.5052886,7.93
6.674685,6.44
7.5045185,7.5
7.270994,7.1
7.2446804,6.78
6.5910616,6.67
6.261268,8.48
7.512423,6.25
6.5471234,4.99
6.6971784,5.68
6.7128606,7.44
8.047803,8.74
6.713364,5.6
8.664305,9.22
6.3257203,4.9
8.1509695,7.59
5.4841146,6.51
6.3536706,5.8
7.4566674,6.66
8.057277,8.48
7.0665283,6.51
5.544265,5.61
6.717372,7.69
7.2731156,6.19
6.919077,7.3
5.739172,6.7
7.3009243,8.3
5.581481,6.17
7.3872232,8.64
7.757284,7.85
7.087595,6.55
6.195023,6.82
7.199235,7.43
6.369731,6.0
7.08103,6.34
7.839243,7.66
6.3416514,6.29
7.0813327,5.27
8.036337,6.8
6.57973,6.46
7.169056,8.07
7.540417,7.3
6.0252275,6.67
7.4718,7.44
7.5382957,7.01
6.6266274,5.1
7.5655556,7.32
6.6907396,6.4
7.4416285,8.89
7.997353,9.3
7.541628,8.36
8.512347,7.8
8.591928,9.52
6.90963,7.44
6.0673137,5.28
7.1066084,7.52
7.3598804,5.76
8.250289,8.7
6.2606454,8.17
6.627775,6.59
7.0154934,5.7
7.5556483,8.17
7.172101,6.21
6.732419,6.54
7.2921567,6.57
6.774795,5.36
7.8132915,5.73
5.624778,5.17
7.0254264,7.03
7.163584,7.64
6.973821,7.28
7.0220265,7.52
7.127489,8.05
6.5185833,7.34
6.263761,7.0
8.738527,9.52
7.467169,8.04
6.58702,7.66
6.591772,7.0
8.470613,8.22
7.1794224,6.75
7.83121,7.89
7.254994,4.73
6.926557,6.66
8.073421,6.74
6.9054446,8.74
8.637672,8.52
7.473604,6.68
7.55647,7.0
7.9695396,7.24
6.6476564,6.13
6.560704,6.89
7.103239,4.95
6.125701,7.82
6.531918,7.99
4.934797,7.16
5.613959,7.72
7.7324114,7.83
6.236639,7.03
4.8074317,5.11
5.830051,7.56
6.674687,5.53
6.873946,6.3
7.7663465,7.8
5.7894416,3.09
4.679176,4.52
6.6874166,5.73
5.692259,5.1
6.3007035,6.74
5.8993483,6.17
7.6763983,7.89
5.9677515,5.08
6.821,8.66
7.0189977,6.2
5.6497235,6.04
5.398436,7.57
3.9973934,3.64
6.7509212,4.56
6.7982306,8.12
6.58832,7.05
6.0381756,6.7
5.719534,3.51
6.6089463,5.99
5.8378706,7.11
6.502624,6.8
6.916151,7.02
6.4793043,6.09
5.7594104,5.53
7.222945,6.76
5.972044,6.14
4.9118767,4.71
4.579876,5.64
6.182485,6.74
6.586367,7.82
5.9501777,8.26
6.6074486,6.11
5.848826,7.15
6.041809,5.58
6.6545343,7.56
5.8003526,4.96
6.9010634,8.11
5.168746,5.06
6.5953975,6.76
6.130209,7.92
6.561197,7.13
6.3212423,6.23
5.740053,4.25
5.318137,5.93
7.471034,7.03
5.506317,5.6
6.17264,7.21
5.5384016,7.04
6.608786,7.15
6.655676,6.08
5.7552814,7.18
5.605136,4.88
6.804927,5.53
6.073322,8.25
7.0200996,6.33
7.899763,6.2
6.2529736,4.3
6.2397523,6.66
6.6394377,7.85
6.240502,6.38
7.577483,7.32
5.8851933,5.48
5.6833925,5.65
5.6089864,7.2
6.5937243,6.48
6.597185,7.68
6.226438,6.27
6.3300085,5.61
6.7939286,7.6
6.8133545,6.96
5.968506,6.7
6.4133325,7.9
6.5347753,7.3
7.1295085,7.55
6.470076,6.06
6.7235565,6.29
5.99671,6.65
5.616873,7.52
6.960697,6.5
5.899321,5.56
5.4547634,6.07
6.4001527,6.15
5.975251,7.21
6.8995295,7.91
6.770924,7.08
6.8053837,3.12
6.7316713,8.0
5.9815383,5.43
6.521733,6.95
6.6495824,6.5
6.900501,7.38
7.0474606,7.8
6.1946673,5.59
6.4135947,7.47
6.432025,6.62
5.974868,5.92
5.7951517,5.46
5.798576,4.82
5.399176,7.72
6.4955964,6.08
6.224014,5.12
6.250063,7.48
7.563702,8.89
5.9059887,5.85
6.822615,7.47
5.3704066,7.03
5.8375897,6.05
6.923169,6.71
6.464583,3.7
5.8697243,6.03
5.656326,4.25
7.22482,7.82
6.42943,6.05
5.5964212,5.7
6.3355994,6.49
6.140584,7.11
6.778225,6.42
6.3656845,8.51
5.95409,6.43
6.0366898,5.19
6.0588193,6.05
6.774496,8.04
5.9703903,6.28
5.765872,4.42
6.8169904,4.68
6.2550106,6.12
6.2357383,8.31
6.719498,6.13
5.494711,6.34
6.754927,7.62
5.6037674,5.23
5.7833657,3.28
6.6564794,7.17
6.7358394,7.09
5.7537923,6.82
7.0946918,7.68
6.8541417,7.12
6.7165866,7.05
6.5059223,5.41
5.728138,5.15
6.066393,6.26
6.514269,7.12
7.3446093,7.14
5.133857,5.42
6.0690265,5.27
5.206235,7.13
5.9206715,6.11
6.1345987,6.62
6.2278967,6.4
5.3106756,5.04
7.3969107,6.57
5.8171597,6.42
6.8025613,7.39
5.487607,5.39
5.024869,7.52
5.0984864,5.4
5.4404726,5.27
4.3344555,3.9
5.854945,5.6
5.8947225,7.15
5.483674,3.04
6.6200423,5.18
6.527282,6.6
5.9076114,4.56
6.4899955,6.14
5.800235,7.08
6.3696103,6.85
5.368166,7.0
6.4934444,5.85
5.724534,5.68
7.460948,5.47
5.5702133,8.16
5.398381,5.41
5.7774734,6.09
6.6787605,6.96
6.342674,7.17
5.449127,6.73
5.96471,5.03
5.202547,4.54
5.9929476,8.17
6.043544,6.04
7.4302115,7.15
6.139492,6.71
5.5637255,7.41
6.16495,6.04
5.9156084,6.16
5.7160635,5.26
4.027031,3.56
5.2779045,8.22
5.0681496,5.71
6.2899904,9.96
7.003926,5.86
5.382345,5.33
7.0619683,8.54
7.7935557,8.3
6.29839,6.57
6.2755313,5.01
7.983923,8.19
6.2937465,7.23
6.896773,5.7
6.3442454,8.12
4.3310575,4.2
5.822402,5.68
5.9196672,5.7
4.537781,5.3
6.8521805,7.72
7.379751,7.74
8.299614,3.98
7.2431493,7.38
5.0107255,5.82
6.598318,6.7
6.611597,6.85
6.546041,4.77
6.6561837,6.41
6.0922403,5.24
7.392218,7.33
6.375928,4.91
6.031797,7.8
6.428915,6.85
6.8610506,6.66
5.4993706,5.26
5.0732365,5.19
6.012794,6.24
6.9493194,7.8
7.474378,4.33
6.5041375,8.0
6.0410542,5.41
6.311447,7.2
6.543821,6.68
5.9623303,5.55
6.3656225,7.12
6.9841657,9.7
5.236003,4.77
5.9469585,6.65
6.6716127,9.14
6.4723716,6.8
4.8109665,5.3
6.508155,6.2
7.0602126,7.17
7.3152905,5.3
4.8588877,5.7
7.1599035,5.17
5.591058,5.31
5.110843,6.7
6.9431257,5.2
6.709267,5.82
7.003108,8.72
6.45745,6.05
4.9973655,6.09
6.898354,7.2
6.880414,8.43
6.702159,6.57
6.633617,6.25
6.0706964,6.2
5.54331,4.66
6.3638253,8.08
7.600579,6.44
7.190211,5.9
5.675531,5.8
7.364636,7.1
7.0839486,6.3
6.4079576,2.44
6.1821766,6.8
6.4546256,4.96
7.190033,7.26
6.448349,6.76
5.4573193,6.85
6.09805,5.7
7.603406,7.55
6.1125903,4.65
6.307683,6.32
5.89305,5.7
6.720881,7.36
6.850674,7.1
5.5585184,7.7
6.375818,5.55
6.9108953,6.4
6.0808277,9.22
6.6700892,7.7
6.2266636,7.46
6.2015142,7.33
6.6230416,6.51
6.37096,6.08
7.9907293,4.92
6.858115,6.1
6.3839045,6.63
6.929746,6.45
6.6472993,6.69
7.037118,7.8
6.1586323,5.66
6.544871,7.64
6.5187407,5.95
7.590577,7.66
6.5119576,7.35
8.754655,8.59
6.2101393,5.6
5.2156596,4.17
5.870799,6.07
5.6836514,4.74
5.989737,8.35
5.813858,5.6
4.7350674,4.35
6.4426875,4.87
5.6992106,5.52
4.4712944,4.07
4.6276503,5.33
5.5025167,5.29
4.8324695,4.97
4.7959213,5.81
5.249136,5.91
5.5515256,4.59
5.1860237,5.07
5.93842,5.46
6.967144,5.49
5.76483,4.14
6.0293245,6.6
6.5363817,7.44
6.715883,6.92
7.2814445,5.0
6.329437,5.84
5.4865165,4.17
6.474219,6.2
5.575022,5.52
6.1458287,6.08
7.3251104,8.47
5.8649,4.44
6.378003,5.34
4.960845,5.16
5.6622543,5.37
7.4552665,6.29
7.244252,6.49
5.765711,4.9
5.2678056,5.2
7.750742,7.05
4.7512846,4.33
6.5543303,5.85
4.9516935,4.64
5.4492474,4.43
6.3574424,6.22
7.5181437,5.51
5.118126,6.44
5.742916,6.0
5.876474,6.21
5.9191346,5.44
4.871954,5.77
6.9824677,7.55
7.3736367,6.85
7.0853577,7.64
5.4557962,4.42
4.2379513,5.01
6.356446,6.88
5.1965413,6.15
5.0283055,6.89
6.222669,8.48
6.873658,4.64
7.5496907,7.52
6.245493,7.76
7.6116195,8.32
7.5770173,7.53
8.524828,7.49
6.8956146,8.22
7.5311255,8.52
7.345972,7.01
6.3929033,6.37
5.902118,4.4
8.018039,8.26
6.777291,7.09
7.4529614,9.12
5.4165177,4.52
6.9691596,6.25
7.4706235,8.25
6.991542,7.68
6.716531,4.85
5.6359787,3.32
7.248921,7.61
7.09466,5.47
7.6433654,8.03
7.1932406,6.1
6.793782,8.05
5.438901,4.38
7.076089,3.92
7.592972,8.07
6.2392273,7.7
6.088317,4.91
6.720815,5.35
7.113988,4.8
5.634037,7.74
6.4947696,3.91
6.4823236,7.15
7.1880746,7.43
6.2355924,6.97
6.915448,5.42
5.9265876,6.1
7.879784,8.05
6.605178,7.6
6.34325,5.0
5.823606,4.03
7.34137,3.52
6.4960017,7.38
5.099608,6.34
7.0562277,5.51
7.8975163,6.66
5.3233914,4.87
5.210978,4.81
7.657527,7.22
7.0024576,6.66
6.6296163,5.7
5.633755,5.3
7.0579615,7.0
6.1101155,6.75
6.892829,6.21
7.310475,7.69
7.9714823,8.3
5.967173,5.14
6.2407703,7.96
6.5929637,6.84
6.1877146,5.2
7.866876,6.7
6.908987,5.56
5.29326,4.52
7.656642,5.92
6.426787,9.3
5.5841856,4.24
7.110807,6.26
8.0941725,6.92
6.5623393,6.28
5.8164062,6.3
7.9353228,6.46
8.288658,7.82
4.7912035,3.53
6.878545,7.57
7.619885,7.55
7.2762923,7.13
6.9934006,6.68
5.027663,6.3
5.17987,4.55
7.0261216,7.4
7.380461,5.89
7.2370234,6.8
4.9639173,4.49
5.573615,4.05
6.2332854,5.15
5.272756,3.15
7.284128,8.15
6.894518,6.2
6.9689145,7.4
6.9803634,7.38
7.5808268,8.4
7.9458256,6.92
6.50384,4.6
6.5672626,6.0
6.1326203,5.28
7.4392147,6.88
6.6194887,6.56
6.56723,5.7
5.819592,6.39
7.243973,7.28
7.372502,6.34
6.984773,2.46
6.4851823,6.32
5.890965,5.41
7.0817885,7.96
6.878176,5.31
4.7209535,2.41
5.519932,4.23
6.775613,6.26
8.1441555,8.27
7.428843,7.15
6.3087115,5.24
6.738876,4.78
7.9441466,5.6
8.079173,8.46
7.398502,6.52
6.0262775,4.64
5.632344,4.05
6.7623935,6.4
6.0127378,7.85
5.37485,3.99
5.7096334,5.28
6.84065,7.22
5.953927,5.92
7.403161,5.7
5.9742756,6.7
6.7950435,7.4
7.5653133,7.99
5.3925686,4.89
5.05532,5.35
4.0484676,2.92
7.272382,6.16
6.9826,4.28
7.175294,6.5
7.2038627,6.49
7.936851,7.77
6.736807,6.82
7.7104235,7.41
7.935252,7.4
8.038713,8.26
7.4853783,8.57
7.0214114,7.46
6.726471,8.3
9.318347,10.15
8.472415,9.7
7.4836564,6.9
7.258715,6.6
8.863046,8.4
7.3976884,7.1
8.05432,6.55
6.9417796,7.59
6.266646,6.32
6.1561217,7.36
7.6396065,7.92
7.470369,8.52
7.7439823,6.82
8.482061,6.89
7.3225646,8.12
7.8817115,8.59
7.42823,7.2
6.6170287,6.46
6.551306,6.2
6.2969494,6.34
6.498672,5.9
7.207612,7.29
7.000007,6.04
7.401882,7.3
6.2788863,5.21
6.5527797,8.3
6.854986,7.48
7.053592,7.33
7.082874,4.85
7.955159,7.54
8.32015,7.77
8.13078,6.96
5.922153,7.77
8.227641,8.0
8.424694,6.74
8.40769,8.42
7.1851797,7.74
5.3929963,4.59
7.348048,8.05
7.801082,7.68
7.2377834,6.23
5.597691,5.67
7.731823,7.25
5.916734,7.42
8.258673,6.39
8.319815,7.55
7.308297,7.46
7.5122943,7.25
5.5802546,4.89
5.554142,7.49
6.445328,7.7
4.8418207,6.16
7.6002035,6.24
5.259726,4.47
5.452044,4.84
6.1685047,5.61
5.097576,4.97
8.842731,8.52
7.020613,7.17
8.846213,8.1
6.5489416,5.42
6.961826,6.63
7.873579,7.64
7.53305,6.71
9.258384,9.0
6.562318,6.7
6.459218,5.1
5.850506,5.52
6.6537957,5.9
5.968204,5.19
5.057149,5.2
7.9649143,9.4
5.91571,4.38
7.359669,7.64
5.38445,5.84
5.9944944,5.68
5.0374465,5.0
7.8820853,9.97
5.142669,6.6
6.643133,6.5
7.681241,7.09
4.260322,4.3
6.0707326,6.55
6.417454,6.0
8.764986,9.0
8.850446,9.0
6.2844944,5.83
6.0390596,5.0
6.820372,6.47
6.796847,7.6
6.345512,5.7
7.6650877,6.3
7.2857676,7.26
8.886936,9.0
6.7278814,7.13
6.2806835,5.19
8.943084,9.0
7.585041,9.31
5.5754356,6.7
6.7110777,5.15
6.7494054,5.0
6.646666,6.05
6.484478,5.9
7.0681763,6.1
7.740079,10.15
5.532785,6.8
6.8497524,7.46
6.399785,6.02
4.3018675,4.48
6.189793,8.7
5.8844805,9.7
7.371698,4.74
5.6851454,11.7
8.169787,8.07
8.039801,4.41
7.138642,6.0
8.557467,4.38
5.7711434,5.72
6.3664417,4.92
5.67437,4.37
5.309436,5.89
5.797149,6.37
6.158342,6.99
4.7824035,4.32
5.855157,5.19
6.1728616,4.4
6.592412,5.89
6.5343018,4.28
6.2056055,6.05
6.790098,6.92
6.961458,7.64
6.150392,4.26
7.0621715,8.66
6.8312726,8.32
7.333987,9.22
6.919219,7.48
7.4049845,9.0
7.0910053,7.38
6.2970195,7.68
6.8261604,7.38
6.4918084,8.05
6.627012,7.92
7.726781,7.45
6.141419,6.01
5.6142435,7.37
6.8217525,7.57
7.652857,8.89
8.095247,8.4
6.6303725,6.19
7.3761163,7.24
7.7721233,8.04
7.039094,7.99
7.1262417,7.01
6.3702664,5.0
6.9441624,9.05
8.170651,7.96
7.4881372,7.55
6.8712997,8.14
7.5936975,7.48
8.207939,10.0
7.1341214,8.15
7.2746387,6.28
6.4843736,6.64
7.2673707,6.55
7.0869603,7.74
6.1000385,6.0
6.910953,7.31
8.394711,10.0
6.4424562,7.64
6.256777,8.38
7.3157997,7.74
7.529009,7.99
5.7390747,5.85
7.237634,9.49
5.1481295,5.31
6.8227296,7.74
6.6290627,8.22
6.5965543,7.59
4.9484525,5.35
6.7713714,4.92
6.575359,7.27
5.226098,7.7
5.482852,5.28
5.7498894,4.74
5.5431595,4.71
6.617804,7.09
6.0473313,5.0
5.3727546,6.54
6.1747127,6.62
7.0352674,5.1
6.94313,7.19
8.115089,7.15
6.482917,7.12
8.07884,7.4
7.2629957,5.89
7.839733,7.06
7.311887,9.05
7.0328846,9.0
7.200625,6.96
7.520087,8.65
7.04054,7.98
7.2928123,5.49
5.847088,6.03
7.5424,7.3
8.0465975,8.28
7.6614385,7.67
7.485743,6.74
7.0229774,8.82
6.9809976,5.06
6.7691092,7.02
6.6369414,6.6
9.183339,8.84
5.6066813,6.5
7.196192,6.24
7.2579737,8.57
7.3118854,7.07
7.8234553,7.3
7.8051524,7.63
8.134519,8.94
7.6174126,6.24
6.623909,6.62
7.7518015,7.22
6.6334906,6.17
7.751825,8.1
5.9230404,7.0
7.100327,6.89
7.0321484,5.71
6.411531,6.86
7.2260294,8.54
7.0289607,8.92
7.7931337,8.32
7.4032736,6.9
7.2039976,6.21
7.203264,7.15
8.095585,8.7
7.021455,7.1
7.96222,7.89
7.354,7.17
7.068997,7.23
7.2007723,5.7
7.1811776,7.4
6.6890326,5.66
7.536296,8.15
7.190692,7.07
6.965678,6.33
5.8707623,6.34
6.3092346,3.0
8.841841,7.9
6.6122637,6.0
6.708805,5.31
7.4582586,5.19
8.052298,6.75
7.7944994,7.76
7.1367607,4.6
6.085773,5.96
6.8183017,7.36
5.82919,4.51
5.572608,5.09
5.6598263,7.19
7.00095,6.33
7.177228,7.77
7.099369,7.57
6.576365,6.44
7.5094295,6.1
6.382066,5.52
6.185228,6.59
6.6681046,6.5
7.756241,8.0
5.9284143,4.74
8.886524,7.5
7.046461,6.8
5.5475583,5.3
8.16622,9.96
6.576379,5.92
7.1102467,7.7
8.1524105,8.34
7.099894,7.96
5.6349697,6.62
7.59527,6.51
6.5298634,7.15
6.790213,5.0
5.9994373,7.72
7.144977,7.17
8.885805,9.43
7.691895,7.25
6.83445,8.3
7.1858873,5.85
6.0556874,6.5
9.135495,7.61
6.7391486,7.72
6.801035,4.42
6.035411,5.58
7.947137,5.84
6.988668,6.12
6.754969,4.99
6.653939,6.38
5.786478,6.52
6.982195,6.52
5.9872847,4.0
4.3385983,3.64
4.7835426,3.66
6.151134,5.0
6.4390254,5.62
5.790981,5.86
5.9991684,6.65
5.570474,6.0
8.177262,7.02
5.318931,5.92
6.5842805,5.0
8.005716,7.8
6.071018,4.49
6.559517,7.73
6.338478,6.87
6.1031327,6.2
6.6175337,6.31
7.0699716,7.2
7.1905093,7.58
6.663376,7.9
6.488055,7.96
7.0889106,7.2
6.6299167,7.7
6.253598,5.92
6.068212,6.95
6.4074297,7.19
7.611753,7.52
8.090004,8.29
6.366981,7.19
6.8870835,7.1
6.902674,7.78
6.2124333,7.8
7.8759336,7.82
5.868906,6.34
7.262904,7.57
6.8800607,7.15
6.4083447,4.05
5.388419,7.17
6.4428344,5.16
6.533339,7.02
6.606228,6.16
8.261792,7.88
6.69554,8.39
6.5308433,6.3
7.3143215,8.6
6.4649396,5.57
7.20306,7.06
7.0057316,6.23
6.9007435,5.2
6.5581346,7.13
7.147715,6.66
6.4089985,7.05
6.9533243,7.92
7.354534,7.85
7.348183,8.39
7.4808183,7.42
8.063955,5.33
6.2683706,6.57
7.2029157,7.0
6.7613707,7.92
6.4308434,5.65
7.4717574,6.32
6.8245926,7.5
6.1378555,6.44
6.765948,7.32
6.3829885,6.24
7.2406225,5.27
6.9412065,7.3
6.977883,7.4
6.0536103,5.1
6.94134,6.14
7.127248,7.8
6.888114,6.7
8.998552,8.09
6.2694316,6.4
7.701586,7.14
6.7260957,5.11
6.8643055,6.11
6.7702293,5.23
7.6269703,7.02
8.305294,7.77
6.8396215,5.57
7.742154,6.0
6.703759,7.19
6.978471,5.31
5.1766453,5.5
6.1482954,5.92
6.9907246,8.1
8.853068,7.89
5.743308,5.5
7.1994734,6.32
7.52661,6.0
5.7275777,7.0
6.930937,7.0
7.3814716,7.22
7.23119,5.77
6.91322,7.5
6.417071,5.89
6.256067,6.42
7.462498,7.05
7.092212,4.15
7.33861,7.91
7.055278,8.89
5.2362337,6.0
6.5389695,6.32
6.721572,5.53
5.1707907,9.15
6.62528,6.0
7.1214824,7.54
7.558719,7.73
8.129906,7.12
6.360414,6.21
6.787491,8.4
6.7357764,8.0
7.4038925,6.07
7.15358,8.74
4.118248,4.3
7.335986,6.82
6.7359333,6.05
5.9070826,6.3
5.6805763,6.59
6.879633,6.86
6.73245,6.25
8.365618,7.6
5.8421645,9.37
6.654602,7.06
8.065567,8.01
7.1817517,5.6
8.204012,8.64
6.690039,10.52
6.0635743,7.6
7.129261,6.52
6.969619,6.03
6.451932,6.32
6.663104,6.0
6.3174505,6.21
7.957324,7.93
6.9121175,6.1
6.408608,8.0
6.127487,5.59
6.317951,6.28
5.3540096,4.51
6.1962347,8.3
5.321062,4.34
8.26496,8.43
6.698719,7.08
6.666664,6.21
7.1088843,5.9
6.448193,5.5
7.737292,8.64
6.8291426,5.73
7.3217797,7.3
6.887865,7.3
6.697363,7.03
6.557617,6.45
7.6644516,5.68
5.717867,8.0
7.4018116,5.6
7.400029,7.59
6.2480817,7.01
6.495147,6.77
6.4821115,7.05
6.0458574,5.58
6.9523582,5.29
7.1455116,7.96
7.439621,6.09
5.609087,6.85
6.742891,7.3
6.8739614,8.7
6.7005606,7.08
7.0103106,6.9
6.8000946,8.34
7.045633,6.89
6.743247,6.43
7.2739725,5.8
5.4111156,4.0
6.68717,6.38
6.4192133,6.74
6.350331,5.7
6.177055,7.06
7.6541066,7.52
6.5503592,6.44
6.347383,4.57
6.515729,7.68
5.947647,4.14
7.083061,6.0
6.7417817,5.22
7.382864,6.85
8.2793455,7.52
7.7861114,8.89
6.721777,6.1
6.7177873,3.93
7.641253,5.44
6.541833,7.4
6.1729875,6.71
5.6821575,6.67
6.7231145,8.29
6.9353666,5.7
7.0793076,5.4
6.5254316,6.24
7.5761795,6.79
7.302361,5.62
7.6188564,6.73
5.9236045,5.49
6.2370987,7.04
6.9173517,5.39
6.365031,5.59
6.810237,8.6
6.5846834,8.92
6.5496063,6.3
7.1493697,6.77
5.693311,6.29
6.2708755,6.77
6.49414,6.63
5.715478,5.7
7.846812,8.15
6.7718587,6.96
7.2380004,7.54
6.8539157,7.62
7.0933747,5.89
5.814223,5.54
6.4241905,6.02
6.666048,7.8
6.5313787,5.52
7.3597946,8.15
7.389273,7.8
6.7993035,5.15
6.861203,7.82
6.37558,5.88
6.1920695,7.7
6.783897,8.96
6.1083612,5.3
7.026947,8.89
7.8502717,8.05
5.2115164,6.6
6.311298,4.19
7.7527814,5.79
5.471345,6.72
5.284436,6.66
7.4423637,8.03
6.6810966,7.0
7.059069,5.76
6.963677,7.13
6.090436,5.51
7.2116976,7.64
6.253321,8.17
7.612898,5.77
6.2911754,5.85
6.6260076,7.13
5.8709526,5.49
7.0447965,5.4
7.263519,7.55
6.7479105,5.29
6.9691415,6.4
6.8191695,8.3
6.315177,8.19
7.9422345,8.22
7.0050826,8.3
5.7693353,6.11
6.416966,7.2
6.82353,8.22
7.577113,8.4
6.366842,5.91
6.4250875,7.05
6.549658,7.0
6.57692,7.38
6.759535,6.57
7.0116296,6.37
7.351415,7.64
6.6727276,7.77
6.5101767,6.38
6.7196684,5.47
7.493205,8.22
6.193182,5.08
7.537366,5.55
7.8498588,7.33
6.288256,6.13
6.2270203,5.38
7.2522197,8.77
6.4594984,5.8
6.0782514,6.4
4.3242598,5.2
6.7742734,7.0
5.868471,6.2
6.0846944,5.7
5.600143,5.0
5.574204,5.2
6.754804,5.3
4.7855015,6.0
6.097912,5.8
6.2393794,5.8
6.9014797,7.17
8.0240965,8.62
6.8078585,5.06
7.71286,7.74
6.4105515,6.67
7.4416294,7.16
7.2505894,8.3
6.6661015,7.7
8.308188,9.28
8.085822,8.85
7.8815336,9.3
7.4467373,7.75
7.5843687,8.42
7.708165,7.4
7.052713,6.48
7.422961,7.3
7.665497,8.85
8.003311,6.96
7.141275,7.46
7.190731,7.44
7.223277,9.3
6.898632,7.7
6.96876,7.86
8.347103,8.12
9.641355,9.06
6.9886885,7.4
7.951627,8.66
7.454107,6.4
7.6916704,7.74
8.669369,9.0
7.168259,7.14
7.9512424,8.54
6.9413958,4.82
7.5719924,8.51
9.124882,8.15
7.4325337,8.72
8.233257,8.52
7.3751993,7.42
6.8169727,6.22
6.7081394,6.96
8.552915,9.03
7.417039,6.34
5.8681407,4.26
8.371693,8.3
7.765691,6.14
8.170134,7.57
8.002393,8.19
6.674055,7.96
5.7133546,4.73
7.9423637,7.74
7.7130933,7.92
7.7426124,8.7
8.081469,8.52
7.611612,7.42
6.0574665,5.6
6.779872,5.0
7.209025,8.01
7.314384,8.37
7.225743,7.07
7.3860483,8.0
7.399527,8.77
7.4217052,7.8
6.5260277,7.05
7.019353,5.35
8.168541,8.3
6.846275,7.34
8.024515,7.74
6.039637,4.0
5.554076,5.74
7.7879434,9.06
6.2383366,6.79
6.9526095,7.48
6.8916535,8.36
5.166666,3.74
7.0437145,7.48
7.3460827,9.22
5.9127445,5.19
6.476698,6.52
6.339433,5.85
8.303365,6.85
6.867231,6.85
6.4135427,7.68
6.879159,5.35
7.007643,8.04
5.9076843,5.5
5.692239,5.69
6.1682334,5.6
6.716967,6.0
7.3073654,7.43
7.048333,7.8
6.033853,5.54
5.7680864,5.3
6.2872987,5.2
4.825609,3.48
6.897189,6.64
7.290004,6.43
6.4564953,5.19
7.556368,6.32
6.278904,5.59
5.112817,3.64
5.114892,5.3
7.03017,5.67
9.276031,8.4
7.055621,7.84
5.3388724,5.0
6.3021255,6.33
7.7197084,8.71
7.70033,7.54
6.695408,6.77
4.196019,4.2
7.024058,7.44
7.3291917,6.6
6.1463847,7.12
7.092904,7.31
7.2043853,7.32
7.693279,8.66
7.881234,6.73
8.209122,8.41
7.2914777,6.48
7.340202,8.96
7.2844357,6.86
7.689163,8.24
7.4701457,7.21
6.932818,3.7
7.481386,8.03
6.5653405,6.1
8.371077,8.82
6.073189,6.14
7.548286,7.05
6.419295,6.68
7.6738286,8.32
7.013458,6.07
7.9182234,6.34
7.2566752,5.47
7.2814684,8.33
5.8960443,5.0
7.0227714,5.8
7.0988708,7.38
7.183718,6.63
7.4204555,9.05
5.261773,4.7
6.2996745,5.8
6.704726,6.83
7.513873,7.09
8.390333,8.82
6.994827,8.0
7.626283,8.12
7.295654,9.0
6.7676034,5.01
8.0376625,8.01
6.3987927,6.1
7.730031,8.22
8.03141,6.33
7.105105,7.97
6.4132547,5.9
6.841905,8.7
7.4608703,5.66
7.7383323,7.51
6.2351427,7.01
6.9014854,8.19
7.1893187,5.27
7.1592107,5.51
6.594908,5.41
7.3482275,7.91
6.7854605,8.64
7.5466514,7.91
6.8964696,6.99
8.294984,7.3
6.7893724,7.0
6.269652,6.49
7.542513,7.91
7.076049,6.85
7.188277,7.69
6.4381866,6.57
6.279114,8.1
6.3625565,5.12
5.2700024,5.3
7.733973,8.38
6.1124907,5.47
6.88203,3.39
6.3569984,6.4
6.989436,7.54
7.440923,7.59
7.0963793,6.97
6.54415,7.7
7.495,6.18
6.7720985,7.84
6.9334335,8.14
7.293494,6.1
6.8958225,7.03
6.583496,6.17
7.6324053,5.56
7.981434,7.3
7.2448564,8.15
6.6483297,6.08
7.2618213,7.79
5.953355,6.11
7.1270146,5.85
7.211239,7.01
7.4395037,5.63
7.072371,8.64
6.6833887,5.92
8.141095,8.27
7.102606,7.31
7.562035,7.31
7.133731,5.12
7.9752574,5.27
6.7776685,7.92
5.9990973,6.85
7.157778,6.15
7.70738,8.3
6.8334084,7.59
7.1991777,8.4
7.8368235,5.66
8.036741,8.15
7.3072677,9.1
6.791463,8.04
7.533333,8.3
7.7063775,7.8
7.3356104,6.38
6.398438,6.37
7.8974686,8.3
6.921151,6.26
7.5455446,7.11
7.5905886,5.31
7.0693,6.59
7.947788,8.28
6.591717,7.92
8.746487,8.46
7.2598314,6.96
8.262996,9.41
7.2048545,6.82
7.5930405,8.24
7.3230677,7.01
7.6136336,8.19
7.6802897,8.25
8.478777,9.92
7.4397535,7.77
7.720371,7.17
7.755594,8.0
4.663756,4.49
4.3916616,5.0
7.8491044,5.89
5.3381376,5.79
7.2264824,5.32
6.001463,6.1
9.101118,9.3
5.0937376,5.8
6.518846,6.4
6.526986,5.9
5.4789696,6.62
7.148687,5.6
7.144822,7.1
5.8788433,5.26
6.36911,5.66
7.257471,7.7
5.008339,5.6
6.0416093,7.08
7.307596,7.68
5.728653,5.6
7.769548,5.18
6.777775,6.38
6.413963,8.05
6.588872,6.82
5.2031145,5.66
5.417354,6.0
6.319314,6.15
6.111545,5.3
6.2196283,5.9
6.613946,6.98
7.1294613,8.24
6.436264,6.2
8.234742,7.77
7.5685153,7.85
8.010003,6.24
6.614774,5.05
7.7311125,4.11
7.964801,7.68
6.8784013,5.3
6.5892053,7.21
7.638651,5.49
7.764355,7.02
6.611959,8.0
7.322433,5.15
8.124538,5.3
6.6141477,4.76
5.659044,6.15
7.2894187,7.1
6.419735,5.05
8.547394,6.73
7.499295,8.21
6.699657,7.15
7.224267,7.32
4.967011,6.15
7.84856,7.33
7.305873,6.22
8.2716675,6.55
8.685505,7.23
7.7909913,8.36
6.9556503,5.57
5.30975,3.92
6.095469,6.3
6.6459937,8.02
6.105463,8.52
7.0855837,7.59
7.99491,8.46
8.544922,7.09
6.9437904,6.67
6.1190205,6.31
7.3385377,6.3
6.7026753,7.41
7.9977264,8.02
7.8164196,7.21
7.5478983,6.47
7.2943764,5.8
7.1300883,7.52
6.892658,6.61
7.8573704,7.7
6.935741,6.92
9.484163,7.54
8.041763,7.8
6.4517646,5.09
8.129871,6.95
6.374712,5.72
6.2895994,7.55
6.765075,5.74
7.883492,7.22
7.7374654,7.77
5.56011,5.8
6.757228,7.74
7.3322434,10.0
9.254274,9.11
6.286479,6.41
8.188462,9.52
8.5293,8.3
8.342391,8.52
7.7199764,6.64
7.628657,8.39
7.0345383,6.8
7.1541495,8.22
8.355957,7.03
6.4597874,6.66
7.762411,9.7
7.307114,8.03
8.629526,10.26
7.2242427,6.99
7.842262,8.24
8.612724,8.52
8.026131,9.4
7.250612,8.46
7.394518,7.39
7.2252007,7.11
8.015002,9.0
8.195575,8.96
8.348103,9.05
8.170436,7.9
8.369957,7.28
8.325235,8.7
8.534423,8.11
8.489907,8.52
7.2125664,8.03
7.8644514,9.0
8.472817,8.15
6.626805,6.42
7.0488157,7.43
7.2740808,8.7
8.999633,9.18
8.1798525,11.11
7.1380324,10.3
8.181546,8.7
7.6723137,7.3
7.4404,5.79
6.4068713,7.05
8.008846,9.3
8.413977,7.55
8.253534,5.29
8.641669,9.22
7.45257,8.0
7.397881,8.7
7.6159296,7.96
8.757855,9.3
9.18142,8.52
8.665552,9.0
7.221485,9.3
9.183471,8.91
6.594361,5.97
8.167268,8.22
7.259437,8.29
7.605874,8.23
9.301123,9.19
8.655782,9.0
8.05519,7.49
6.7914486,7.19
7.0921044,7.68
7.6388283,7.35
7.4019346,8.3
8.167265,8.38
8.020065,8.4
8.795084,9.3
6.8767476,5.36
6.822779,7.24
6.8929124,6.13
7.7519503,8.28
9.259851,9.15
8.019099,6.43
7.6335487,8.4
7.4486537,7.82
6.619708,6.77
6.963372,7.12
8.533511,8.23
7.375124,5.64
7.066888,7.21
7.789953,7.96
7.183065,8.66
7.31885,8.4
9.148281,7.96
6.4502606,6.06
7.177854,7.42
7.394719,7.92
8.660562,8.7
7.5172234,7.77
9.474045,9.46
8.402661,8.85
7.199407,9.15
7.3734865,4.6
7.4667263,6.88
9.239254,8.67
8.672427,9.7
7.4205985,5.81
6.9958277,8.13
9.167804,9.14
7.3006473,7.19
7.706834,7.74
7.4361024,8.22
7.720355,8.16
9.265326,9.42
8.422431,8.66
8.538482,8.7
7.595551,8.41
9.174063,9.42
6.9928503,6.78
7.451907,7.82
7.8858366,8.54
6.9383984,7.09
6.7457824,5.07
6.100256,5.62
8.142234,6.72
8.193185,9.6
8.262327,9.0
7.1965857,5.43
7.0674343,5.92
9.313826,8.53
8.161917,10.26
6.9961643,5.81
9.096278,9.07
8.127132,8.3
8.196498,9.35
6.7162294,7.12
6.7515626,6.67
8.243666,8.59
7.7780952,8.46
7.6990285,8.39
7.11544,4.77
6.2298627,6.19
6.8197694,7.28
7.487186,6.21
7.0878696,6.05
9.102524,9.3
6.9123945,3.57
6.668353,5.59
6.88743,7.81
6.139967,7.0
6.66267,7.24
5.674401,3.49
6.190552,5.3
6.5942693,7.14
6.363701,5.07
6.642587,7.15
7.3895645,6.81
7.335787,6.68
8.179048,8.1
7.185031,6.89
7.959428,8.59
8.431444,8.3
7.482357,7.17
7.1609254,6.44
6.174161,4.29
6.5519986,5.85
6.5775995,3.52
6.7703943,6.65
7.390308,7.46
7.077359,7.2
7.4903255,8.3
8.977116,7.07
8.302385,8.33
7.2865787,8.04
7.373539,4.73
8.205933,7.3
6.5996013,6.4
6.6802654,6.45
7.4867077,7.6
7.370838,5.58
6.281418,6.43
6.4982677,6.16
7.6224422,5.42
7.825067,8.81
7.6598125,8.42
7.090734,7.25
8.447149,8.77
7.2164764,7.17
7.7802787,8.24
8.067371,8.64
6.779628,4.61
6.5355053,8.18
7.6149993,7.11
6.6949415,7.01
5.6740656,5.89
5.636544,5.44
8.096871,7.07
7.559545,7.48
6.0113883,9.85
7.2362366,5.72
5.111547,3.78
7.1349373,7.28
8.037301,7.54
8.163269,8.05
6.795875,6.46
7.2121964,5.13
6.1720967,7.92
7.8547325,8.77
6.5025544,6.89
5.71682,3.82
6.3968253,6.54
6.9450893,5.6
8.079446,7.92
7.1211443,7.03
8.153459,7.49
6.3743463,6.85
6.4583287,8.59
6.3297186,6.92
6.691392,7.77
6.480773,6.6
6.1389723,7.01
8.71496,9.21
6.3523703,3.46
7.7401433,8.35
7.325611,6.2
6.5262794,7.84
7.3100696,6.87
6.538411,6.96
6.826088,6.64
8.044411,7.82
5.068884,5.15
9.127068,9.0
4.5417433,6.05
6.53204,7.28
5.4775414,6.22
7.3221226,6.36
6.5088463,7.72
6.3250337,6.67
6.791644,4.9
6.009397,6.48
6.279173,5.93
8.383361,8.82
7.2490506,8.66
6.4879527,6.85
6.2883186,6.47
5.5109525,3.56
6.082327,6.11
7.3673224,9.54
7.523719,7.7
7.0757833,9.0
6.004343,6.86
7.0833135,6.32
7.9421463,8.0
8.013352,8.0
5.0153093,8.88
6.461972,8.28
7.511111,8.52
7.9166913,8.38
5.9700904,6.44
6.8348155,7.4
6.7157993,7.03
5.4143524,7.6
7.091613,7.08
7.2377234,6.55
6.5539575,7.11
7.251335,8.4
6.3425937,6.36
7.0983543,7.19
7.3493466,7.64
6.9475493,7.7
5.4239025,6.81
9.036814,8.39
7.0061755,8.19
7.557795,10.0
6.844623,7.2
7.693068,7.92
8.45996,9.82
7.9392147,7.69
7.502086,8.63
7.7293043,8.57
7.672818,8.82
8.047639,9.89
7.3722887,6.81
8.926498,8.95
5.1683555,4.79
7.873825,8.67
7.9047756,7.61
5.0980935,4.35
8.650742,8.54
6.9253707,7.19
7.704617,6.11
8.44121,8.8
8.301023,8.97
8.282991,9.52
7.7919416,7.51
8.598518,10.0
7.028621,3.85
8.208651,8.15
8.788776,8.85
7.7859864,7.82
7.586076,7.68
8.093892,6.85
4.8311467,6.48
7.411778,8.7
7.8019667,7.96
7.599576,3.67
8.331692,8.96
8.067522,7.25
6.9785457,9.52
7.1856546,6.7
8.016489,7.89
7.3152485,7.51
7.8956866,6.8
6.625009,7.92
6.43643,5.41
6.6868815,7.19
8.290479,7.54
8.481564,9.15
7.6373243,7.39
7.152689,7.04
8.017161,8.74
7.0603704,7.85
6.471484,5.35
7.4051714,6.86
6.3721485,6.34
7.07282,8.82
8.017746,7.68
7.5321784,6.81
7.3739624,7.85
7.8270044,8.77
7.3784246,7.7
7.621731,7.1
8.059696,8.7
6.605227,5.26
8.341765,8.7
7.2645993,7.74
7.9915314,7.6
7.9689894,7.74
5.440465,4.68
7.740773,6.63
7.425138,6.62
7.3200455,6.76
7.805988,7.4
8.48727,7.91
8.786655,8.8
7.895158,6.34
8.240991,8.72
6.7686386,6.11
7.6111417,7.92
7.5525646,7.07
6.831615,7.68
7.6272125,6.7
7.438847,6.39
8.917608,8.92
7.631399,6.92
8.938614,8.7
6.8080196,4.96
7.4105353,6.34
5.5161676,5.32
7.691714,6.68
8.882333,8.96
7.42974,8.82
7.2022033,6.26
7.300514,7.39
8.125591,8.0
8.355746,9.0
7.9666796,7.39
8.063849,7.7
6.884158,6.6
6.691901,6.61
6.2042146,6.42
7.9378805,7.82
8.429249,7.27
7.321257,8.07
6.318777,8.59
6.61925,6.44
7.8160124,8.66
7.7932324,8.17
6.3538632,6.72
8.121548,8.0
5.701543,5.94
6.550531,7.96
7.04692,6.56
6.8123226,7.58
7.576583,7.17
7.424988,8.37
7.190634,7.95
6.680581,7.96
7.23361,8.68
7.2238584,5.57
8.060873,7.96
7.739746,6.03
7.3586993,8.08
7.247477,6.65
6.6567645,7.87
6.459228,7.01
7.424601,7.72
6.7595625,6.83
6.4346642,5.9
7.2833858,8.44
7.6911316,8.1
7.362973,7.22
6.9236727,6.97
7.308422,7.42
6.3288164,6.03
6.4491515,8.07
7.9400916,8.94
7.089563,7.52
5.2967525,7.92
7.2682815,6.63
7.1948357,7.4
6.4987288,7.93
6.8753324,5.46
8.145585,8.22
7.78273,7.26
7.7879224,7.37
7.5188456,5.95
6.8226676,8.76
7.954155,5.83
6.297758,7.21
7.819889,7.27
7.05408,7.16
7.504934,6.76
7.3019657,6.08
7.6502337,7.98
7.441037,7.78
7.053679,7.28
6.7786593,6.64
7.5911803,7.63
5.2038903,8.3
6.177044,5.14
7.3985915,8.05
7.2438273,8.22
6.4668574,9.49
6.648174,8.03
6.7396097,9.42
8.377916,8.92
6.0237617,5.85
7.1690373,6.82
6.7513366,5.05
7.3318806,6.75
7.5859,8.96
7.3210244,9.07
7.0157404,7.59
6.4501014,7.82
7.46935,7.54
7.2585196,8.85
7.349768,7.4
5.219503,4.49
6.44601,7.92
5.8690567,5.23
7.345752,6.52
7.0332904,7.0
8.124739,6.63
7.827831,6.37
7.180047,7.49
7.306764,7.13
7.7744226,6.36
7.2119637,5.19
7.077473,8.05
7.466915,6.28
8.904049,6.57
8.159718,4.9
6.1604133,5.13
5.9553065,7.12
6.0656214,5.66
8.035695,6.77
5.831999,5.08
5.7221217,5.38
7.0855865,7.8
7.1362433,6.54
6.5554657,6.7
6.6260095,4.53
5.562487,5.0
6.092447,4.05
7.0633144,6.83
7.16939,7.85
6.86499,9.3
8.128839,6.71
6.460021,6.85
6.586359,6.09
7.2014413,8.14
7.2572646,5.8
7.8409877,6.4
6.167128,4.91
7.010514,5.33
6.5042615,8.2
7.356001,8.0
6.860727,8.46
6.5733104,6.05
6.397472,5.57
6.3413525,7.92
5.6427917,7.18
6.3385725,6.74
7.224807,7.84
5.572492,6.54
6.6363297,5.24
5.860165,5.47
4.73049,4.97
5.172881,6.04
5.633803,6.05
4.731918,5.3
4.9858236,4.81
5.7032595,4.36
5.2472167,5.25
4.931821,5.14
4.978166,5.62
5.8016853,4.64
5.339471,6.6
5.149553,7.0
5.727466,5.1
4.9558034,5.82
6.0476108,4.7
6.8303733,7.7
7.153493,4.89
5.597923,4.82
6.3352213,5.89
4.6696978,5.57
4.8187237,5.41
5.773322,5.96
5.6792784,5.82
5.6737185,5.05
5.4247565,4.8
5.9182754,5.4
5.092029,5.54
6.144724,4.8
5.308651,5.22
4.4069977,6.05
5.55625,5.16
7.344146,3.16
4.4399257,4.92
4.8448825,4.9
7.3331604,5.09
5.1207685,5.0
5.9370947,6.28
5.436413,4.25
5.6756086,7.05
5.255237,5.01
5.2826366,7.0
5.46651,5.3
5.2230515,4.34
5.329015,5.73
7.0965247,5.07
5.8897395,5.4
5.0522823,4.52
5.179833,5.14
5.2776337,5.8
5.9153495,5.21
5.2711434,5.06
5.29033,4.52
5.8844304,4.61
4.6854854,4.64
5.4027834,5.96
4.6924825,5.1
6.263104,5.82
5.264348,5.36
5.625143,4.27
6.509942,4.52
5.636733,5.0
5.530775,5.42
5.7061334,5.25
6.196086,5.31
5.8754992,5.36
5.383423,5.3
5.739411,5.8
5.1756916,5.22
4.688197,5.77
4.8449006,5.44
5.168667,6.46
5.3201127,4.27
6.1505513,6.7
5.0045824,5.08
4.991091,5.31
5.5764837,5.55
6.3130093,4.22
6.474396,4.77
5.129389,4.71
5.417022,6.71
5.231243,5.0
5.998027,4.85
6.7332196,7.0
4.8645844,5.76
5.447503,5.32
5.326948,4.6
5.8847713,5.96
4.940321,4.66
5.994526,5.34
6.5194445,7.4
6.058191,6.7
5.329139,5.9
6.166782,7.06
6.431612,5.22
5.4619923,6.46
6.249238,5.55
5.6387305,5.26
6.1749883,5.3
6.0863066,5.19
6.3669586,6.12
6.1049013,5.57
7.1019435,8.46
5.99379,6.7
6.23448,6.42
5.515638,5.68
6.0653415,5.63
6.0236235,6.16
5.029632,5.21
5.1654186,5.26
4.688822,5.31
4.2864933,3.98
4.661146,6.05
5.4734116,7.06
4.8141365,6.3
7.4282517,8.04
5.828164,9.1
7.3327546,6.62
6.525223,6.7
7.4581213,7.41
6.5988703,7.2
6.078723,5.3
6.6519437,6.21
4.796563,5.2
5.770228,4.41
4.6729937,6.0
6.673455,3.54
5.3041816,4.91
5.453332,3.52
6.1859493,5.25
6.2788916,4.93
6.311696,5.4
5.1359186,5.23
5.6228466,3.75
5.220289,4.96
5.342787,5.22
4.3876486,4.1
5.6490054,4.23
5.582739,4.32
4.4534435,4.21
4.5768166,6.85
6.0656533,5.68
6.323428,5.63
5.8166738,4.07
6.0277376,2.94
5.9914327,6.15
6.277562,4.94
5.260998,5.08
6.8679647,6.42
5.6624064,4.65
5.052696,4.45
5.39271,6.1
4.6927266,5.53
5.4758997,4.61
5.1616073,4.97
5.52201,5.1
5.5169373,4.53
4.545516,4.4
5.228829,5.96
5.961266,4.7
5.708892,4.07
6.9118114,5.36
6.031085,5.56
6.0317864,4.4
5.9222054,4.0
4.745908,3.63
6.327627,5.96
4.869004,4.35
5.664531,5.43
5.557529,5.27
8.316402,6.62
8.149674,8.51
7.982973,8.3
5.9361477,6.68
7.226183,6.0
6.652777,6.71
7.9188786,6.14
6.4904165,7.48
9.243183,9.08
8.057049,8.53
6.846122,6.34
7.8852477,4.12
8.492325,8.55
6.383178,4.85
6.182387,6.68
9.493296,8.42
7.0287538,8.6
6.994167,9.15
7.7891483,8.49
6.3432727,5.85
6.251267,6.0
6.690281,6.66
7.6409464,7.7
7.8547864,7.72
5.596995,7.59
7.91517,8.48
8.264661,8.63
5.669753,5.0
7.689308,8.25
6.287202,5.36
8.206955,9.1
8.707878,8.05
7.808612,10.0
8.267416,7.48
8.887999,6.39
8.32673,9.11
6.9653444,6.63
6.1706653,5.65
6.733779,7.55
6.5434976,5.76
8.18469,10.54
6.4957213,5.41
5.6802816,7.7
8.258328,8.89
7.13512,6.96
6.8526692,8.4
5.6602616,5.4
6.6182513,5.8
8.222627,9.52
7.4405065,8.06
6.5328727,9.11
5.9596844,7.18
7.0473547,6.7
6.557149,5.67
6.9339743,6.55
7.315513,5.5
7.4763207,9.49
7.7537107,8.97
7.2913594,6.09
7.499747,7.77
7.6369524,8.3
8.457966,9.49
6.862489,7.0
6.494239,6.88
6.8199697,7.34
8.020135,5.32
8.302331,8.62
6.662676,6.9
6.8837104,6.81
6.8466377,5.7
6.9176555,6.14
6.6519966,5.7
8.375313,9.06
6.9024987,4.89
6.4650755,6.42
7.8913126,8.64
6.9360094,6.89
6.4981513,5.06
6.1476417,6.19
6.245922,5.9
7.341336,5.9
6.7817125,5.67
7.069446,7.0
6.2082314,5.57
7.4363723,7.4
7.9023733,8.9
6.3510723,6.7
5.8370123,7.3
6.6009507,7.72
7.7004747,5.9
5.7192144,8.47
6.5315933,7.96
6.467018,5.19
6.1374125,7.0
6.840965,6.59
6.1578374,6.81
6.4922285,7.92
5.293482,4.28
6.7074695,8.21
6.4238763,4.64
6.28089,4.15
6.8134212,4.92
6.1152873,6.26
6.035837,5.25
7.776597,6.53
6.9234548,5.92
6.188626,6.89
9.071606,8.73
8.074037,6.29
7.5162106,8.1
9.002352,9.66
6.8891473,7.37
7.0208054,5.0
6.2228494,6.42
6.335051,6.85
6.7295113,8.3
8.328458,8.3
7.9804916,7.21
8.733077,9.64
9.350309,9.64
7.678794,7.07
7.752356,10.0
6.6278934,8.4
5.3921876,5.74
8.407023,6.86
8.304037,6.02
6.464728,5.77
6.8378243,7.45
7.2976737,7.22
7.7460685,7.02
7.202447,6.4
8.030892,10.26
7.249958,5.79
8.245701,8.3
7.18583,5.9
7.9949884,8.46
6.189083,6.23
7.368986,5.12
8.140358,7.72
8.155569,8.21
8.916723,8.84
7.4367137,10.26
7.789199,7.49
4.7182965,5.17
8.599594,7.39
7.52024,6.7
8.158777,7.36
7.2488093,7.74
7.352447,6.57
7.0468135,5.96
8.420231,6.7
6.973386,8.43
7.6940384,6.46
7.50527,7.0
7.319088,7.14
6.049898,4.86
6.037031,7.5
7.40518,7.22
7.813207,10.4
8.209082,9.22
7.314534,5.47
6.751575,6.16
6.822861,7.42
7.933436,5.74
7.645977,6.72
7.4077673,6.31
5.5840263,5.04
9.243376,9.7
6.6996646,6.65
6.5749283,6.44
7.476418,8.52
8.093945,11.12
6.6429296,6.86
7.2181616,6.28
7.5877438,6.96
7.7753634,7.11
6.9345727,8.0
6.76551,8.36
7.264143,7.48
6.893914,7.27
4.510661,4.9
7.2239885,7.96
6.768645,6.41
7.9057064,8.41
6.340776,6.31
7.358375,7.8
8.54294,8.98
5.7299433,5.8
7.8595915,7.15
8.441997,9.77
7.5867767,7.49
7.9295917,9.46
6.2988377,6.01
9.072363,8.69
7.2150435,7.1
7.1183143,8.0
7.5462213,7.07
6.8466597,5.7
7.0346103,8.4
5.440208,4.23
7.811521,6.1
6.9481306,8.77
6.9733315,7.89
5.9993186,5.95
7.422208,6.32
6.798321,6.4
7.331174,8.05
8.364305,10.26
6.785777,9.15
7.639865,7.17
7.7937584,6.16
6.6055503,8.0
7.970869,7.67
6.3857555,5.94
7.8339605,6.55
8.256719,7.35
7.3571057,7.26
6.603024,6.05
7.8408704,6.16
9.285997,8.61
7.621085,9.0
7.0500546,6.85
6.709633,8.15
7.3438663,6.35
8.042426,7.96
7.8227053,7.89
7.331991,5.47
6.6358533,6.0
8.60994,9.1
8.187091,8.7
8.085252,7.57
7.408211,7.85
7.555856,5.6
6.401366,5.36
7.7843695,7.8
5.854506,4.24
6.5055094,5.92
7.6526117,6.67
8.252292,7.15
8.57432,7.44
6.041485,6.59
6.1047187,5.62
9.22307,9.12
6.805629,7.52
7.3206205,5.95
6.119105,6.55
6.8674,6.48
7.4618006,8.4
6.7051673,7.29
6.566244,8.96
7.0303407,8.89
6.9260173,6.52
7.410793,6.4
7.503479,7.98
6.4786577,8.54
7.855692,7.29
7.53003,10.26
6.8716145,6.0
7.68463,7.96
8.730995,8.22
6.5733232,5.0
7.7720404,7.76
6.8377943,5.47
6.7842546,6.68
8.604698,6.85
6.703419,8.7
6.413774,7.41
5.499503,5.38
7.6440167,7.64
8.069214,8.1
8.08956,8.96
8.526273,11.05
8.8112545,8.15
6.3404555,6.78
9.109516,9.05
5.411375,5.48
6.85903,9.05
6.975742,5.54
6.405612,7.7
6.8001294,8.26
9.352226,8.51
8.061667,7.51
9.641722,9.19
7.359809,7.48
7.223716,8.15
7.200339,7.14
7.193808,5.02
6.822591,7.25
9.161552,9.77
7.535027,6.57
7.3491454,7.89
7.430205,7.56
6.7048283,7.28
7.2450867,8.68
7.8373175,6.68
6.156309,8.4
6.712677,6.86
7.178827,8.52
6.738996,8.55
7.746858,8.66
5.7048883,5.4
7.343937,6.21
6.3185215,7.0
7.7217517,7.29
7.258785,7.21
6.758682,7.68
6.640789,6.85
7.2655096,6.66
6.723161,7.7
7.7780704,8.3
7.073716,6.49
6.918427,7.52
7.075873,13.8
6.4399824,6.1
6.594106,6.7
6.471453,6.92
8.11423,9.0
6.196939,6.7
7.750153,8.15
7.086774,7.8
7.4369526,8.02
7.358373,8.86
6.45537,6.23
6.1259356,5.44
5.5941415,5.2
8.154927,7.57
6.9001665,4.38
5.6573725,5.1
7.8821044,8.7
6.8166337,7.33
7.585451,7.67
6.8624434,6.64
6.223172,6.87
7.3232226,5.99
6.554799,6.27
6.8108735,7.15
6.9543533,7.13
8.109468,8.7
6.663606,8.15
6.5633507,6.8
8.495728,8.72
7.515231,6.43
6.782455,6.99
6.608374,7.67
7.591853,7.74
6.9547415,6.1
7.083249,5.64
6.0816593,5.96
7.262245,7.26
6.4790497,7.06
8.024442,8.4
7.3248115,7.19
7.2635674,6.48
7.882926,8.18
6.549083,8.6
7.2103763,8.85
7.317542,7.48
7.6401467,6.77
6.110357,8.4
6.925956,6.22
7.2539263,6.3
7.551843,8.3
6.6915255,6.61
7.775502,6.12
7.4805136,7.37
6.1484785,6.4
6.61826,9.0
7.2649803,6.59
6.8771853,7.53
6.663986,6.2
6.6034584,7.54
6.6209593,6.5
6.6801095,5.5
7.313281,8.0
4.7028947,4.13
5.307302,3.1
6.5196686,5.24
5.027069,5.73
5.5402026,4.1
6.5821056,6.11
7.9009614,8.54
6.2452073,4.96
5.7850065,6.46
7.276772,7.24
6.00479,6.49
7.254018,7.85
7.9621615,8.2
7.7081194,4.23
5.8379707,5.11
5.6756763,5.72
8.336928,9.66
6.8570013,5.96
7.877148,6.94
5.158653,4.55
6.798007,4.17
4.679653,5.28
6.714087,4.3
5.946658,5.16
7.1736746,5.66
5.7126274,5.03
8.709372,9.89
6.917513,5.22
7.9283447,6.79
5.792022,5.6
5.2751317,5.34
7.983944,7.22
7.6597366,5.91
6.5034018,5.72
7.489777,7.67
8.917662,8.03
6.411159,8.0
7.055726,7.09
8.275145,7.32
7.23325,7.15
7.0526295,7.09
6.5066857,6.56
6.730747,6.65
7.804563,7.46
7.9325805,7.34
7.7753277,6.18
6.6640954,8.4
7.0426493,6.39
6.309784,7.1
6.601777,6.5
7.3511505,5.51
6.5471134,4.53
6.6293426,5.45
7.587928,7.57
6.6768107,6.86
6.172886,5.48
5.490649,5.62
6.223082,7.32
5.9808455,5.43
7.5959315,6.93
6.6017,6.08
7.0755005,6.14
5.812622,6.19
6.8775663,7.96
5.9181957,5.9
7.3433504,7.17
6.801597,7.37
7.8595743,6.48
7.3517814,7.96
7.436606,7.82
7.398565,6.17
7.63594,6.4
7.2245884,7.46
7.9740453,8.04
7.552336,6.63
7.5025043,7.8
7.8152165,6.48
6.1167397,6.87
7.0362964,6.8
8.099723,8.7
6.6898923,6.31
7.010116,6.51
7.4231076,6.31
5.6024094,4.98
7.1953883,7.4
7.4642344,7.51
6.8805275,6.09
6.810225,6.92
5.650431,4.41
5.6894293,5.55
6.894122,6.15
5.4510956,4.21
4.0680428,4.35
5.217623,4.62
5.108054,5.24
4.4708166,4.52
6.0487127,5.74
4.232318,5.03
6.031729,5.54
5.6542425,4.02
6.8568172,7.01
6.7019353,6.3
7.025581,7.82
5.8284307,5.82
7.2080803,6.2
6.6441865,7.42
7.0128613,6.55
6.822445,6.3
6.299922,6.7
7.156685,6.3
6.0937986,5.51
6.502644,7.19
7.069001,8.15
7.207395,6.8
8.252621,6.8
6.569643,5.1
6.8810463,8.04
6.955402,5.49
6.922413,5.36
6.8913865,6.6
5.7543726,4.96
6.8014894,5.2
6.3594537,5.96
7.0552216,4.58
6.5237575,6.64
6.790049,5.0
7.4977317,5.0
5.9088845,7.15
6.2768693,5.9
7.128654,7.28
6.4301157,7.21
7.7879686,6.74
5.816294,3.07
4.851827,6.48
6.7488027,7.5
7.078417,5.96
6.7475386,4.74
7.5456676,6.3
6.323831,6.57
7.2533703,7.51
6.4256988,7.7
6.3084526,7.59
6.4023814,6.09
6.9248605,6.04
5.9554996,5.54
7.601639,6.86
7.423664,6.9
6.1198916,7.0
6.5289364,7.35
6.906255,7.6
7.3741093,8.1
6.871646,6.5
6.534766,7.1
7.8872375,7.57
7.126683,6.77
7.0499573,7.08
6.7823358,7.28
6.80629,5.86
6.2085905,7.01
6.6446705,7.17
5.576317,6.05
7.720665,8.0
5.584394,6.07
7.079176,6.0
7.5887833,7.96
5.670375,8.3
6.6995177,7.6
6.637409,4.66
5.9221153,4.51
8.685105,7.14
5.80294,6.68
5.6259446,4.6
7.6895976,6.6
5.762837,7.48
6.6952734,6.01
6.346997,8.1
5.941356,3.6
6.8291016,7.52
6.0974073,5.66
6.060771,7.35
5.881869,7.85
5.770216,5.59
6.675028,7.4
7.4739656,7.85
6.231244,6.52
7.645686,8.0
5.442382,5.89
6.363158,5.78
6.674536,7.3
5.950576,7.41
6.207655,4.24
6.848135,6.75
6.316215,6.22
7.2285523,6.97
6.7891836,5.5
6.4903636,5.19
6.3177867,7.35
4.6265936,4.07
7.4218516,5.82
7.558657,7.49
7.2723155,8.02
7.370398,7.82
7.5231414,8.85
6.248564,6.21
6.0038385,6.52
7.7383347,6.52
7.6264896,7.3
6.043968,5.17
4.784086,3.92
7.1335354,8.09
6.9536257,6.89
9.747056,9.89
5.40993,5.09
9.238787,8.57
6.441095,6.54
6.916403,5.41
8.081042,9.0
6.8174973,6.34
5.7951365,6.43
7.2367473,6.05
6.0739717,6.3
7.463952,7.72
7.2029624,8.13
7.175581,8.37
6.794438,6.49
4.8296094,4.2
5.663593,5.2
6.9558887,8.05
4.440737,5.41
4.8797545,5.65
6.9752064,7.28
5.5103226,5.2
6.895735,6.91
5.3979907,5.54
6.9662337,7.66
5.322751,4.45
6.724654,6.7
6.53069,5.0
6.087646,4.6
7.2457767,8.28
7.0242214,6.76
7.7417397,7.53
6.829909,6.55
6.325795,5.92
5.355491,4.55
6.441184,4.86
5.417857,5.95
5.778884,5.74
7.261248,8.25
6.828737,8.74
6.350751,8.89
5.900122,5.55
6.7736773,6.85
5.5954027,4.55
6.842442,8.64
6.479781,8.43
6.886785,6.5
6.7976303,7.4
6.217825,5.6
5.114859,6.0
5.807321,5.8
6.570944,5.8
5.703827,5.1
5.906417,5.8
6.1923604,7.6
5.4793873,6.4
6.989452,6.04
7.232602,7.32
7.0743318,5.82
7.2430363,7.08
6.9159226,5.7
7.278353,7.06
8.005119,7.41
7.3507457,7.23
7.373908,5.89
7.424115,7.54
7.801985,7.02
6.652964,7.52
6.200939,6.57
6.681633,5.22
7.3675895,6.75
7.7539024,4.66
7.996291,7.61
6.6446095,8.0
6.444823,8.7
7.424751,4.77
6.972032,6.37
5.049807,6.33
5.043844,4.6
5.0059743,4.45
6.130464,6.25
4.5404863,4.35
5.528634,4.35
5.8987637,5.85
5.532337,7.4
6.3864136,7.11
5.822379,4.35
4.061699,3.59
5.244297,6.6
5.425646,3.36
5.497968,6.51
5.703039,6.33
5.2069855,7.01
6.7249207,6.8
6.441726,7.22
5.6193447,5.64
4.93591,5.88
6.2236934,4.22
5.713786,5.73
6.0908055,5.98
7.231977,5.91
4.788592,5.77
6.8428874,5.43
5.9560213,6.19
6.3109274,5.24
5.9111166,5.52
8.050901,8.0
6.43855,6.88
5.6547303,4.98
6.4218106,5.98
5.877692,7.54
7.3441634,6.48
7.357867,5.15
6.0745792,4.81
7.632855,7.96
7.728341,7.59
6.7283893,7.23
8.547842,7.22
8.165076,7.51
6.0498347,5.41
6.152787,6.56
6.8229566,6.34
7.089658,4.53
8.800012,8.23
6.537292,6.36
5.287233,4.73
6.699228,5.24
6.4024653,5.85
6.977728,5.97
6.3154,6.04
6.651358,6.34
6.6429243,7.3
5.8755774,4.8
5.4510503,3.62
6.4012275,5.22
6.1613812,6.15
5.5140224,6.82
6.030118,7.59
5.621635,5.9
6.8185625,6.46
6.6060066,4.85
6.1480646,4.46
6.2737465,6.3
6.745771,7.09
7.33008,4.88
5.979215,2.64
5.6226044,2.0
5.956938,5.8
6.528046,6.7
5.8072605,8.2
6.1637936,7.1
6.242453,7.7
6.082567,5.05
5.5362954,5.55
5.7251062,6.55
6.0529737,5.54
7.322104,5.4
6.857177,5.0
6.3190503,5.74
5.7296996,5.6
5.8836765,3.05
5.958727,2.05
5.143983,4.15
6.155645,8.4
4.4088545,6.1
6.9843664,5.2
6.0399327,7.54
6.6091795,5.4
5.903753,5.3
7.2464495,6.38
6.898607,6.0
7.4023,4.71
5.968678,5.41
5.301057,4.97
5.3234606,4.71
4.680201,5.02
4.084891,4.29
4.938454,5.42
5.498101,4.76
4.672947,5.18
7.0447345,7.85
5.929134,3.85
6.6071806,4.43
6.0105376,6.37
5.8762107,5.48
5.7485423,6.77
6.3359723,4.03
5.913574,4.82
5.315602,4.89
7.8099294,6.61
5.7084055,7.92
7.5458364,7.97
6.6563883,8.2
6.7932005,7.15
6.1625013,8.08
7.1388273,7.3
6.603291,7.17
7.1425056,6.53
7.6638618,7.56
6.241759,5.33
7.4573174,5.73
8.627215,8.62
7.601843,7.25
6.957765,7.15
8.298829,8.3
5.846496,5.86
7.234464,6.15
7.797224,8.7
8.115516,8.3
6.997998,6.23
7.44823,6.65
7.8114724,6.73
6.1225605,5.24
6.450104,7.41
5.8758364,5.13
7.581144,8.05
5.5103636,5.6
7.0631447,6.3
6.204562,6.78
7.303745,9.15
6.8388968,5.09
8.40303,7.82
7.152552,8.52
7.3357368,8.0
5.5424995,6.22
6.5093904,6.04
8.418198,7.97
5.933149,5.96
7.0135684,7.09
7.2936997,8.19
8.349273,8.62
5.8632007,5.21
7.211711,7.33
7.8376513,7.97
7.9971933,8.23
7.395573,7.8
6.0801945,5.15
6.8798213,5.52
6.3249974,8.4
7.799717,8.41
8.025324,8.39
8.006994,8.22
7.9445214,8.52
7.867896,7.52
7.172202,7.15
8.195415,4.8
6.438993,6.69
6.9491186,4.95
8.172406,7.16
7.4796114,7.99
7.16303,7.74
8.249087,6.52
5.310632,6.86
7.949906,7.22
7.4118032,6.06
8.087522,8.43
7.7654347,7.52
5.968173,6.02
6.6945896,7.96
7.8069396,6.22
5.8382406,4.0
6.514812,5.0
7.3489122,5.98
7.588546,7.92
5.6158667,5.19
7.5671787,6.92
7.475962,8.0
6.0283666,7.74
7.761579,6.36
7.4567575,6.6
6.9813204,5.04
6.756624,7.62
7.358397,7.46
6.661636,8.12
7.2934136,7.85
7.2205014,8.03
7.9714985,8.05
6.962494,7.97
7.0859017,5.82
6.667451,7.06
8.504079,7.96
5.256591,5.85
8.025798,7.69
6.3910074,5.6
8.020647,9.22
8.63881,8.92
7.18152,5.6
6.606707,6.73
8.131479,7.55
6.483411,7.4
6.3506083,6.03
6.650073,7.82
7.3435283,6.46
7.434806,6.43
6.3253965,7.72
7.5876093,8.42
7.3672404,6.34
7.0688753,6.18
7.356177,7.89
7.1508927,8.24
6.600519,7.33
7.3796983,7.7
5.8666573,4.64
6.9898353,7.62
6.344224,5.05
6.603083,4.64
5.148327,5.47
5.378873,4.31
6.4547997,4.36
5.865991,4.29
6.597587,8.29
5.7879333,6.65
5.284326,3.53
5.911249,5.9
6.203018,1.47
6.4729095,4.71
6.541715,3.59
5.238406,4.73
5.985469,6.13
6.639281,7.36
6.7962103,6.3
5.973864,8.1
4.947411,4.37
5.7639318,5.48
5.403583,6.4
5.2552433,6.12
5.8051963,7.9
5.792561,7.17
5.952481,6.18
4.74,4.31
4.4378633,4.22
4.9511957,5.14
5.601179,3.94
4.7987404,4.71
6.441202,7.54
5.5820513,4.27
7.3291035,7.9
7.0523615,8.17
7.346963,8.0
7.336603,6.95
4.945058,3.95
5.9603376,7.46
6.3918476,8.0
7.224346,6.47
7.458744,7.74
7.031293,7.6
6.142201,6.33
6.217766,7.21
7.1000767,8.4
6.311237,6.69
5.085133,6.62
6.1753235,6.64
7.528032,5.3
6.834456,5.83
6.866192,7.29
7.364247,6.2
6.066261,6.68
6.6217136,6.32
5.4526267,6.8
7.467543,7.64
7.0845957,7.44
7.279512,7.15
6.749819,7.19
6.114507,7.4
7.173964,7.21
7.9744835,8.1
6.8462377,5.9
6.6962743,7.36
6.7560635,7.37
7.6765366,7.46
7.6399565,7.33
6.7737017,7.47
6.6907363,6.49
6.465577,6.24
6.6879783,8.4
6.8443813,7.36
7.5893764,8.7
7.1312113,7.02
7.242996,7.01
6.918229,7.19
7.834518,7.42
6.084329,5.92
6.5763264,6.74
6.3046565,7.05
7.5948935,6.96
6.4339676,7.77
7.1723056,7.66
4.5007157,3.2
4.08697,4.88
4.2266254,4.64
5.676481,5.02
4.4437556,4.62
7.2517676,5.16
5.9163766,7.01
5.245199,5.26
5.616551,5.5
6.9173117,8.35
6.6632223,8.14
6.2565413,7.2
9.029493,8.05
6.428819,7.9
8.278598,6.92
6.231126,8.05
5.949357,7.2
7.146163,7.2
6.5459237,1.9
6.829157,6.44
7.1254473,7.62
6.501522,5.34
6.3999577,5.74
5.976324,5.8
7.2048054,8.48
6.361491,7.42
6.536415,7.1
5.469379,5.4
5.9594245,2.1
7.1350093,7.89
7.955552,9.1
6.823638,5.64
7.1377306,8.05
6.6737943,7.31
7.0180826,7.79
7.6588655,6.17
8.409124,9.0
7.0208087,9.05
7.5324793,6.49
7.209834,8.0
7.6894035,9.0
6.0523124,5.77
6.925969,8.5
7.724131,9.7
7.171383,7.94
6.5910077,5.04
6.316008,6.16
7.228334,7.51
4.779888,5.1
6.8260765,5.72
7.767653,7.49
6.2268796,5.47
7.28938,8.43
6.6518364,9.05
6.5637355,6.92
6.9858704,7.74
6.7365637,7.32
6.3002496,6.0
8.017021,9.0
6.553568,6.92
6.8011894,9.22
7.1593194,8.52
6.324331,6.92
5.8238063,6.59
6.0886774,5.72
6.8956203,7.9
6.1743493,8.52
7.410387,6.59
7.145892,7.92
7.323948,8.26
7.080965,7.24
8.209825,9.09
7.2298956,7.13
6.948555,6.12
7.1041794,8.35
6.5916657,6.47
8.1748085,7.21
6.7458878,8.26
7.381978,7.55
7.70896,8.13
8.825211,7.31
6.7748947,6.92
7.811754,7.5
7.2804413,5.87
6.799011,7.42
6.54984,7.44
6.9922376,7.18
5.1734295,5.4
7.012162,5.81
7.622343,7.22
7.613583,7.98
8.520832,8.22
8.439111,7.6
6.904813,6.86
7.0146503,8.0
7.1946406,8.05
6.6698976,6.07
6.9301186,6.38
6.621638,6.79
6.682163,7.51
6.8392544,7.96
7.53492,8.52
6.1466503,5.53
6.232197,6.3
7.0580883,9.0
6.8524876,7.4
8.730249,8.1
7.7962713,7.38
9.217602,10.32
6.5622053,7.8
6.11988,6.85
5.3925905,5.9
6.6257477,6.96
5.6871834,7.77
6.293224,7.8
5.7474422,5.9
6.946809,5.12
6.351646,6.57
6.573164,5.19
5.8893075,5.85
4.694543,4.52
5.525532,5.74
6.2578173,6.06
6.7698884,4.6
5.31613,6.42
7.064814,5.0
6.4559865,7.28
5.972406,6.33
6.6572485,6.67
6.907722,8.15
6.137082,7.46
5.785871,6.32
6.9559283,5.0
6.167641,5.01
5.389078,5.89
5.4743376,5.21
8.139325,6.9
5.525884,5.7
6.424844,7.85
6.1550417,7.44
6.8008766,6.03
6.895962,6.52
6.843244,6.92
6.7153926,5.0
7.5236235,7.82
7.1164007,6.12
7.2604337,7.04
6.719291,7.37
7.2225037,10.1
9.063878,8.3
7.7216,7.01
7.0584555,4.51
6.9787064,6.04
6.361293,5.51
4.603544,4.57
7.2893286,6.01
4.610982,5.14
6.822226,5.24
7.02755,4.88
7.400376,6.64
7.0048866,6.59
8.545183,8.74
8.281416,9.28
7.2310953,6.8
6.2607193,6.44
5.760536,6.07
5.66132,5.47
7.041858,5.32
6.761791,6.52
7.029016,6.2
6.864767,7.57
6.5269303,5.68
6.4960666,4.91
7.0612497,6.04
7.590449,8.32
6.5104465,4.81
6.8648386,7.51
5.9913344,6.47
7.302962,9.22
6.445313,7.48
6.5979323,5.08
6.5936756,5.28
7.268335,6.37
6.78125,4.23
6.0584817,4.95
6.9739127,4.07
7.1270432,6.1
6.384493,5.62
6.768745,5.49
4.965401,6.72
6.5311356,6.77
5.417714,6.0
5.565233,6.05
5.666257,5.26
5.1846724,4.91
6.3301105,6.14
8.06094,6.6
6.1320267,5.77
6.713295,5.47
5.7226768,5.64
6.2818313,5.84
6.5162935,5.51
5.4819126,5.35
6.196303,5.42
6.5271807,5.24
5.930691,6.07
6.556472,6.83
7.2132664,7.15
6.255884,5.43
5.3846016,5.54
5.932026,5.79
7.3583493,8.23
5.7742352,5.81
6.3664904,7.52
6.3097315,8.47
6.0333605,7.0
5.988318,6.68
5.455278,5.97
5.6435795,4.98
6.48812,4.82
5.8732033,6.04
5.773841,5.25
6.56784,6.45
5.973998,5.53
6.708048,8.35
6.0493526,5.83
5.1561627,5.1
5.839042,5.54
6.137978,6.46
6.877216,6.28
5.774803,5.15
5.9613705,7.04
5.4603744,5.75
5.6746054,5.39
4.9498158,5.17
5.516329,6.5
7.245574,5.09
5.897459,5.82
7.445565,6.66
5.792116,5.13
6.712604,5.51
5.6211624,6.28
6.8485217,6.88
6.3119354,6.26
6.5031295,5.97
6.455658,6.13
5.741812,7.6
6.526364,6.12
5.970653,5.55
5.8891196,5.41
4.6011825,4.92
4.4522467,5.27
4.7272673,5.43
5.166047,6.07
5.01297,4.96
5.0960035,4.92
5.9179783,5.59
7.4658427,4.36
6.5242405,5.48
5.818033,4.86
6.049258,8.33
5.2724485,4.92
4.6639247,6.15
6.6400957,6.57
5.0289187,4.36
6.426091,7.54
5.387093,6.15
5.1815968,5.3
4.6987724,4.02
6.690369,8.92
4.926282,4.22
5.8391166,3.67
3.6087513,4.23
6.0988536,6.04
6.5370345,6.35
6.0178566,6.35
6.65031,5.73
5.9867983,4.28
6.125549,6.34
6.5415983,6.93
6.2414074,7.65
7.0855246,6.46
6.7575536,7.92
6.3692145,6.97
5.5712624,4.1
6.5411277,4.93
6.775525,4.94
6.1519213,5.85
5.6740584,6.46
5.8142967,4.85
7.58134,4.1
7.468189,4.2
6.402371,5.3
6.8395205,4.41
6.074856,5.9
5.862476,4.78
6.9164033,8.82
8.466875,8.28
6.847006,4.96
6.3859477,5.48
3.9858162,4.05
5.8353357,6.41
6.401597,3.34
5.932734,7.8
7.2918606,6.85
5.793895,6.93
6.0188856,7.4
7.6273417,7.15
8.597661,9.52
8.24877,8.7
5.4656897,5.1
5.932864,8.22
6.35234,7.11
7.914341,6.46
5.3181896,4.8
8.258552,8.6
5.5334926,7.0
6.1909623,6.52
6.73955,4.89
7.9542403,8.28
7.998046,7.77
6.1539493,8.59
6.351413,7.46
6.513054,7.74
6.540495,7.54
7.368105,5.52
5.779367,8.3
7.1073065,9.3
4.8683167,5.05
6.7139664,7.4
5.8313584,8.31
7.776044,5.3
6.086239,6.54
7.404688,7.4
7.109824,5.25
6.3252687,6.7
7.436989,9.49
8.14118,8.4
7.5248137,7.04
7.7119427,7.09
7.1005,6.4
5.7299347,5.32
6.9141355,6.01
5.205547,6.1
8.03183,6.68
4.473812,3.97
8.453349,8.39
5.3590007,8.09
6.2185493,5.86
7.1181016,6.63
6.892094,4.7
6.024559,4.61
6.572236,6.49
7.7878294,8.34
5.2873106,8.2
6.81734,6.34
5.5487967,5.29
8.173293,7.62
7.3175764,6.8
5.697688,4.54
6.354255,9.0
7.402594,6.84
8.026561,9.0
5.358873,7.64
6.965888,7.8
7.9368515,9.27
6.9749875,7.7
7.8761406,9.0
7.5344014,8.48
7.582259,8.7
6.729522,5.41
5.865545,5.15
5.106799,7.31
3.7573175,3.78
4.1364493,3.8
3.900893,4.74
6.1663194,6.89
5.2273116,4.86
5.719622,5.9
5.9505525,6.0
6.652545,6.96
6.187617,5.82
5.1666937,4.98
6.573778,6.39
6.0608287,5.81
8.558065,6.56
6.6523604,4.57
6.8692584,6.38
6.8926783,6.0
6.38338,5.41
6.8106995,7.55
6.8074436,5.52
8.526195,8.54
6.481991,5.17
8.377028,8.4
6.659149,6.94
6.4827256,7.49
6.5107455,6.84
8.6901455,8.6
6.8287334,7.16
5.336117,5.96
7.3354845,5.82
7.293474,8.0
6.857889,8.3
7.0903664,5.24
7.1188693,6.34
8.53859,7.17
7.2158613,7.1
6.86363,6.57
7.020185,6.22
6.641629,7.89
7.499907,7.08
7.0906477,5.37
7.323457,6.22
7.541693,7.43
7.1314073,6.12
7.2267323,8.52
6.8264165,8.7
6.941899,8.1
6.533559,6.63
7.1442437,7.38
6.017803,6.0
6.869726,7.6
6.4885364,6.7
7.3462725,6.74
6.539848,5.68
6.288216,4.74
7.5653048,5.44
6.3591795,6.19
6.5158343,6.95
6.9078445,7.57
6.582451,7.44
6.8360305,6.8
6.367831,7.3
7.6026945,7.7
7.2710743,7.02
7.718435,9.52
7.429532,9.05
6.8349113,6.19
7.0284014,7.28
6.438014,6.77
7.341835,7.16
6.206782,7.1
6.777752,6.95
5.989627,5.82
7.52713,6.15
6.592975,6.72
5.91842,7.05
7.028851,7.1
7.188528,7.49
6.496688,6.52
6.89228,7.54
6.151505,7.15
7.17251,5.5
6.7751346,6.12
6.907218,6.64
6.842905,6.13
6.411108,6.1
6.7870026,7.38
6.184584,4.4
5.5769053,5.37
5.3663716,4.14
5.9888372,5.89
6.7146444,8.46
5.6270385,5.1
6.957083,7.55
7.0111275,7.34
6.659367,8.92
6.6890907,7.92
6.466949,8.52
6.811271,7.49
6.7112284,6.49
5.8529735,5.5
6.206391,6.26
6.372322,8.43
6.706518,7.48
5.8627853,6.88
5.908065,3.07
6.223054,5.82
6.2766423,7.25
6.495648,6.96
5.6911187,6.19
6.9842505,8.0
6.594817,5.39
7.137583,8.7
6.625299,9.28
5.9856772,6.39
5.7229767,4.66
6.7718515,7.66
7.006458,5.89
5.941347,4.81
7.0343237,6.1
5.6850877,8.26
6.928836,7.64
7.656799,7.09
5.844671,4.44
6.9940114,9.02
6.9513507,7.47
5.29683,4.28
6.1727476,8.05
5.8083396,2.71
6.345822,7.8
7.154163,7.74
5.8063154,7.49
6.3977933,9.2
7.0050955,8.15
6.024577,6.68
6.1924343,7.8
6.2412467,4.86
6.404451,8.28
6.9121947,6.01
6.129667,5.15
5.314639,4.82
5.720798,5.31
5.9898424,5.57
6.56379,6.83
7.1556573,7.59
6.569771,5.27
6.6458,5.69
6.976417,7.8
7.471323,5.9
6.649833,6.6
6.433649,7.7
6.7715845,4.74
4.982428,6.25
5.467041,5.4
6.6880665,6.3
6.9174953,7.35
8.000385,5.54
7.574918,7.05
8.085022,7.45
7.200161,8.15
6.5924354,8.0
4.7350235,6.23
7.661642,7.01
7.1639996,7.52
6.998233,5.9
7.21541,7.89
6.613832,7.09
6.8692503,5.0
6.514846,6.5
6.648939,6.3
8.544249,5.05
5.999017,5.9
6.3198237,7.7
8.106623,8.47
7.9942236,8.0
7.5176034,6.91
5.1023397,6.48
5.992112,6.34
7.6917067,7.77
7.015738,7.32
7.1100225,6.77
7.029637,6.46
6.124251,5.8
5.3869286,5.7
5.88395,6.3
7.7901673,6.18
7.668996,8.04
5.7311544,5.3
6.097195,7.24
6.5199475,6.3
7.328253,9.0
7.5370092,7.43
7.0310664,6.89
7.5176716,8.11
6.211056,5.19
7.5671577,5.72
6.2637343,4.82
4.7883725,4.24
5.211013,5.87
6.8890986,8.1
6.85627,5.71
6.3923197,7.7
5.4898653,7.31
6.468872,7.46
5.9855223,4.77
6.7361503,7.48
7.062165,7.44
7.607368,8.1
6.220258,6.35
6.917742,5.38
6.1893535,6.79
7.098433,8.7
6.1774945,5.85
7.525704,8.16
6.885738,7.29
7.7352886,6.67
7.2139506,7.22
8.0090065,8.09
7.4282007,8.14
7.3600817,6.6
7.501389,7.61
7.467886,7.45
6.4125853,6.9
7.622231,8.02
6.9102936,6.11
7.346416,7.49
7.3231254,7.08
7.415465,6.6
6.855985,8.42
6.9262605,7.42
7.1786156,7.92
8.143145,6.68
7.1251707,6.4
7.8828316,8.27
7.679246,6.39
7.078118,7.79
7.161883,8.04
6.751567,5.53
6.4460373,6.19
7.7686296,9.07
8.843348,7.62
6.9423995,8.37
6.723533,7.12
6.0928745,6.1
6.339282,6.07
6.220751,5.13
8.329472,9.0
5.633747,5.13
7.2266283,7.36
5.292927,8.52
6.9711657,8.19
6.939644,6.09
7.1062064,7.13
7.3861513,8.15
7.4117756,4.16
7.8692026,7.62
7.071893,6.22
7.452506,6.57
7.3949213,8.35
7.0646567,7.88
6.8248315,6.04
6.622814,8.11
7.885724,8.03
7.0895605,7.03
7.8714495,8.15
6.749346,6.52
5.418817,7.08
7.0571523,7.26
7.6405315,9.09
5.8159966,7.13
6.054554,7.06
7.6202917,7.25
7.163375,7.91
5.1837955,5.59
7.563975,9.1
7.6304417,7.41
7.7053876,9.0
7.837645,7.51
7.072424,7.07
6.4139867,5.04
7.2542667,7.07
7.313134,7.46
5.3307514,6.3
6.254171,7.28
7.051138,6.0
6.636656,6.4
6.1917925,7.73
7.0547967,6.34
7.4307456,6.83
7.736567,7.19
5.9258556,8.11
7.2712193,7.31
8.330923,9.13
7.9391165,7.15
7.65013,7.36
7.7619658,7.68
7.4399066,7.39
7.046757,6.84
6.7165723,7.57
6.2249317,7.23
6.2521324,4.9
7.616512,7.31
7.217799,7.85
5.0327234,7.97
7.2981544,6.45
7.0128546,7.28
8.268876,8.54
8.30627,8.09
7.056061,9.27
6.6522636,6.19
7.340339,7.19
7.989303,7.33
6.767036,7.16
6.501191,4.26
6.1620774,6.74
6.889925,8.14
6.014256,6.1
7.199392,7.52
8.854759,8.68
6.969454,6.3
7.455286,6.07
7.5837917,8.09
7.285905,8.03
6.7089806,4.96
7.8166776,8.1
7.9274015,7.3
7.5673842,7.0
7.421385,7.15
7.60003,8.12
7.5394588,8.11
8.062349,7.37
7.8198967,8.04
5.974926,5.03
7.4744067,8.27
5.8045273,5.1
6.992505,8.7
6.9762406,6.44
5.2744865,4.1
5.877944,5.77
6.3620014,4.36
5.3375435,6.34
6.2268305,8.99
6.243586,8.82
5.958286,8.17
5.660776,7.81
6.666592,7.37
7.0336595,5.22
6.055784,6.12
7.4078474,6.12
7.8472433,6.26
7.185374,7.87
7.6612873,6.73
6.4177637,6.1
6.7896295,7.0
6.136068,5.64
6.9431524,8.59
6.705479,7.05
8.064883,5.3
6.9817896,7.96
6.582637,7.6
6.668687,7.85
5.7842507,4.99
7.6315193,7.35
7.4896317,6.23
6.0968695,7.24
6.435864,7.03
7.998869,6.0
6.706267,7.3
6.4253454,7.26
5.4750056,4.36
6.666704,6.06
5.816285,6.19
7.425798,5.18
5.9143505,6.56
7.1956964,5.2
6.017605,5.8
7.54935,6.82
7.350439,6.77
6.551406,7.31
5.735651,5.2
5.86019,4.3
6.2037354,6.3
6.912063,6.39
7.195054,8.0
6.6631866,7.0
7.0004554,6.16
7.042679,6.47
6.1613574,6.13
7.5202312,6.26
6.291318,5.0
6.205512,5.85
5.7369113,5.44
7.373929,7.55
7.2560644,6.19
8.427447,4.9
6.2009606,5.19
8.59536,5.4
6.893587,5.92
5.861111,5.1
7.147879,6.6
8.887194,9.15
5.249132,5.28
4.9287033,2.04
6.2657375,5.16
7.0612974,6.35
8.068781,8.7
6.4788013,6.55
6.657452,7.19
7.280678,4.38
5.4206367,6.1
7.325146,5.1
6.4007096,5.9
5.7255635,3.9
6.052597,5.38
7.899649,5.3
7.1689725,5.82
6.846125,6.82
6.336823,5.8
6.7044845,5.95
6.9037824,7.76
6.1380863,6.7
7.2244673,7.3
6.3153605,8.05
6.4251285,5.4
6.533994,5.89
5.9281116,5.9
7.2773767,8.52
7.3400483,7.85
7.036939,6.26
6.319117,5.0
6.460847,5.62
6.676493,6.37
5.630709,7.77
6.1839204,6.5
5.457299,5.47
6.5020204,5.8
6.1563296,5.28
6.0371776,8.14
6.51651,5.77
5.947443,4.0
5.509317,5.0
5.67052,4.32
5.485626,6.7
7.0250425,5.8
6.9606347,6.54
4.815287,3.9
5.2342076,5.1
7.0807385,7.37
5.9717894,7.01
6.455216,5.66
5.1751723,4.46
5.2661567,6.24
4.921575,5.89
6.1176844,5.08
5.5818853,4.82
5.873517,7.1
7.335764,7.28
5.327304,5.31
6.8974905,4.82
6.4445148,5.0
6.2816186,5.11
6.708949,8.0
6.4782376,5.88
3.9383261,4.14
5.6450596,5.03
6.286851,6.39
7.4362307,6.03
4.692794,6.11
4.3381243,3.7
9.0173235,8.96
9.490874,8.96
9.318761,8.96
8.977022,6.65
7.860398,8.96
8.719539,8.26
8.201244,7.44
6.9864306,6.07
8.081276,7.44
8.630157,8.96
6.509196,6.31
4.737736,5.7
5.4458027,5.9
6.5276756,7.49
6.668346,6.04
6.2507544,7.96
5.229321,7.4
5.8217664,5.52
5.565985,5.77
6.1958737,4.58
5.6608415,4.96
6.1048856,8.85
6.9387126,7.7
5.389064,5.75
6.4198866,4.56
5.283403,6.8
7.0023236,9.07
5.7962823,6.08
5.9951553,6.63
7.158814,6.47
6.124454,4.67
6.488438,6.76
6.728947,7.38
6.888443,8.1
6.8066525,3.3
6.5027666,8.0
5.7451787,4.6
4.827625,5.32
5.073817,6.54
6.5835066,5.64
5.4768567,4.95
6.257816,6.49
6.705342,7.55
6.674011,7.0
7.1787076,5.48
7.042581,5.96
6.491218,3.9
5.6676645,4.0
6.0252786,4.8
6.881024,7.15
5.3921843,5.4
6.9587355,7.32
5.696339,4.84
6.6323714,6.21
8.135324,7.0
6.6110287,7.11
5.05962,6.1
5.3498497,5.47
6.173095,5.87
6.5736647,6.22
7.0293655,7.39
7.6698036,9.06
6.819549,6.01
6.3846874,6.3
6.8325124,5.55
7.3530035,7.45
7.229672,8.22
6.921967,5.35
4.4974766,3.91
8.06931,6.54
6.9746423,5.6
7.972139,6.85
6.8490367,6.19
7.0099287,6.96
6.0303645,6.54
6.4357243,4.3
6.5231276,5.88
6.9249177,8.1
6.8127265,5.16
7.760904,6.94
7.2337637,8.15
6.490844,5.19
6.767195,6.59
8.164478,8.52
6.601171,7.0
7.7164726,5.77
6.705344,6.94
5.941598,7.17
6.9809756,7.37
7.6361575,6.64
5.2694216,4.63
4.094834,4.15
5.774445,7.15
4.5869985,4.12
6.6625075,6.51
6.2147627,5.26
6.4931455,7.85
6.20133,6.65
5.478654,5.36
6.1417265,4.7
6.989281,6.7
6.6626296,4.6
5.967114,5.26
5.823271,6.31
5.524113,7.8
6.202348,7.52
8.122042,8.92
6.2417445,6.24
6.949125,5.9
6.4572706,6.62
6.2639914,7.8
4.7087827,4.17
7.9156766,5.94
5.7666917,6.2
7.2933884,6.0
6.997127,5.94
6.548353,6.85
5.8087234,5.05
7.028395,6.71
8.061724,9.3
5.1803637,5.07
7.831319,8.29
6.8307805,5.54
6.8732142,5.43
6.2381167,6.01
6.0857015,6.44
6.967233,5.51
7.1624494,4.43
7.454356,7.96
6.6125083,4.55
6.1113176,6.4
5.700534,6.85
6.7650447,8.1
5.6250505,4.92
7.834773,6.4
4.741993,4.92
8.970021,9.15
7.4214973,6.58
6.4018354,7.11
9.698515,9.4
9.558391,8.8
4.969561,6.96
6.274229,8.43
7.0117226,7.7
6.354152,6.76
7.335854,5.83
4.8046737,3.97
5.477794,6.51
7.756763,6.69
4.5496993,3.75
5.9693727,6.3
6.6240153,7.43
4.998245,2.75
5.094907,5.51
9.653507,7.82
6.529178,6.94
7.2826185,8.47
8.899626,9.19
8.083264,6.77
6.33186,6.06
7.0172276,9.0
6.2140307,6.33
4.464865,5.18
5.4338493,5.06
5.7667184,5.89
6.918597,6.11
7.5013385,7.92
6.5028863,4.46
6.9285383,3.0
5.713371,8.26
4.620512,5.38
8.575026,7.72
7.5144267,10.7
4.9095306,4.82
5.6481457,5.22
7.0667944,7.21
4.720838,4.1
6.1391463,5.57
6.8752995,7.33
7.202989,8.82
5.184505,5.34
4.3955736,3.2
5.2842565,5.27
7.2385917,5.47
6.9103656,6.96
7.776042,6.51
8.54954,9.15
6.7259965,9.0
8.395402,10.4
5.7584186,7.71
7.122557,7.47
6.394229,7.01
5.5860267,3.62
8.086317,9.05
7.056958,8.55
7.0327053,7.62
5.3986073,5.78
6.9198995,8.15
4.2771654,5.02
7.071728,8.22
6.576479,8.7
6.8410025,5.75
6.1675143,3.53
5.6373563,3.46
6.6483307,8.05
5.589677,6.66
7.824188,8.05
6.415554,6.35
7.831663,5.3
7.108949,5.15
7.448088,8.85
7.2685595,9.0
7.3529177,8.14
7.9239945,9.0
7.4824743,7.89
6.674238,6.68
7.846054,8.22
6.4448786,6.29
8.740505,9.52
4.8448663,3.49
7.938763,9.47
9.93067,8.7
5.5706563,6.0
4.003038,5.64
4.528715,4.89
5.793142,4.8
7.9699955,7.55
7.8553686,8.59
6.9353786,7.82
6.6290436,6.18
6.9338737,6.65
8.11951,8.14
6.10611,4.84
5.3164625,6.0
5.609456,5.03
5.7348375,5.85
6.6876583,6.87
6.33216,6.88
6.226772,9.17
6.8467116,9.6
6.394729,6.64
5.52715,4.67
5.3638496,3.63
5.3406525,4.72
5.4380164,5.12
5.8807697,4.64
5.396013,4.96
6.078107,5.7
3.9103427,2.89
4.9946837,4.88
5.10594,4.62
3.9253144,4.25
5.647329,4.24
4.7337537,4.72
4.993469,5.89
6.425517,5.92
7.6295185,5.97
6.077347,7.94
5.428227,5.23
6.002062,8.49
6.4353642,4.97
5.82796,5.05
5.4250994,4.85
4.264082,5.37
4.8595467,4.74
5.693751,5.02
5.4137096,0.48
4.8258963,5.17
5.2665386,5.24
5.748392,6.78
4.5677238,4.74
5.5391674,4.44
4.887052,5.4
5.0070634,4.69
4.257017,4.77
5.102261,4.49
5.736371,5.22
6.200063,0.22
5.0968237,5.72
5.1878014,4.72
7.431118,5.62
4.2942486,4.62
5.445231,3.9
5.6850758,5.57
5.748975,6.15
6.270627,1.82
4.538074,4.54
4.690727,4.7
4.3290277,3.05
6.510549,4.99
4.122718,6.2
4.861347,4.96
4.5808244,3.8
5.7059774,4.43
3.8055193,4.78
5.1926384,5.6
4.840834,3.76
4.4273257,4.96
4.9580383,4.8
5.446965,4.06
5.115404,4.92
4.502199,5.68
6.691909,5.64
5.048065,4.52
4.308129,4.54
4.230138,5.1
5.315328,5.01
5.574075,6.37
4.5374813,5.52
6.141013,5.24
5.1475167,5.41
6.289194,6.0
4.2902536,4.85
5.1048646,7.3
5.175269,5.26
5.9158444,3.6
5.0156465,4.46
4.805911,4.22
4.9531736,4.92
4.5685678,6.22
6.0831904,3.62
5.3066463,4.42
5.161742,5.9
5.1504245,5.08
5.424408,5.34
5.403759,4.31
5.7607403,6.74
5.5569563,5.16
4.49082,5.55
4.980277,4.92
5.9390764,5.59
5.4141226,5.3
5.347375,5.27
4.446945,5.85
4.8386984,4.77
4.9680114,4.25
4.918816,4.04
5.6465974,5.72
4.7742605,6.25
5.0665064,5.27
4.640505,4.06
5.935578,7.42
5.392065,5.15
5.074431,6.21
4.566839,4.83
5.888263,4.08
5.592434,5.82
5.6491175,4.46
5.0747833,4.0
6.6808543,6.92
6.3205504,5.52
5.6640687,5.24
5.4942455,4.52
5.0888505,5.14
5.916168,5.22
4.6457143,4.02
4.7851105,5.03
6.506159,4.3
6.0900936,4.18
5.036522,5.54
6.175332,4.12
5.846634,5.47
5.139334,6.03
5.2535143,4.37
5.090162,5.82
5.212628,5.96
5.1270666,5.4
4.6835947,4.85
5.7606096,5.0
4.724805,6.34
5.638478,4.4
6.0880823,5.94
5.7825966,6.05
6.264173,5.05
5.689984,6.1
5.1397595,4.59
4.996866,4.96
7.124691,7.63
4.6845098,5.21
6.339302,7.97
6.6726503,6.52
6.3868036,5.4
6.5356054,7.59
6.2055216,6.15
6.5765886,7.16
7.458074,7.1
5.578687,5.1
5.6357737,5.3
6.891885,6.4
5.498151,6.1
6.8980885,5.72
5.69925,3.96
7.2663503,8.04
6.9347606,8.17
6.2063828,5.52
5.497339,8.57
4.7068477,5.72
5.2035837,6.0
4.433094,4.17
5.975554,8.92
3.974486,4.3
5.094777,5.7
6.277595,4.89
4.3493304,5.3
7.595148,6.6
6.373141,4.74
8.259879,6.51
7.8297815,7.44
7.6506014,8.48
5.5504866,7.19
5.5293746,6.4
6.6675615,8.56
5.3837223,6.48
5.674576,5.24
5.648286,5.02
5.6414547,7.4
4.64985,2.32
6.857399,8.05
5.638868,6.17
5.1749926,5.12
5.3868856,6.54
3.8574054,3.98
7.630597,7.15
6.6277027,7.77
6.4101048,6.81
5.100255,5.49
6.9950323,5.82
4.7033567,6.0
6.3749647,7.39
4.8162117,5.1
6.212367,5.39
7.0048265,6.37
5.0178723,4.6
5.2004905,5.43
6.1092424,5.66
5.989553,5.36
6.3729653,5.96
6.078593,4.46
6.849479,6.07
7.3247414,5.15
6.1214194,7.19
4.632683,3.3
5.5038877,5.92
4.761587,4.92
5.4903,5.15
5.0804524,5.7
4.807404,4.85
5.0334153,4.44
5.400468,5.84
5.4852676,4.3
5.1397943,3.9
5.7863646,5.3
5.052311,4.75
5.019409,4.64
4.6559095,4.69
4.555349,4.44
5.3817186,4.67
4.60133,5.33
5.39373,5.17
5.7741404,5.37
4.7006288,5.3
5.191808,5.43
7.3607206,6.0
7.8062944,5.01
5.025049,6.35
5.3680277,4.79
5.4593477,5.54
5.328067,5.02
5.002987,5.0
7.7525997,4.71
6.6974816,4.74
5.6790075,4.64
5.180726,6.0
5.318553,5.51
4.187207,3.91
5.0904107,5.01
5.0027184,4.03
5.773096,5.31
5.431829,5.1
4.908481,4.59
5.5923343,5.88
4.6716614,5.14
5.6778865,6.1
4.770993,4.93
6.632673,4.7
5.579525,6.09
5.20037,4.38
6.4227285,4.89
5.3451056,6.16
5.0840726,7.64
4.7251186,4.72
5.199878,5.46
6.8153887,5.4
6.1758738,4.37
4.579259,4.69
5.2350044,4.49
6.44665,6.57
5.4436297,5.39
6.337442,4.64
6.499146,5.28
5.3294063,4.63
5.199097,4.49
6.45009,6.05
4.808488,5.55
5.769495,4.59
5.0389156,5.92
5.8397255,4.74
6.186869,5.97
4.5996866,4.94
5.318059,5.26
5.4141593,5.1
5.2068844,3.95
6.421393,6.4
5.716131,5.3
5.686583,4.64
5.3411016,4.99
4.684359,4.82
5.2410865,4.57
5.6312027,5.83
5.295849,6.5
6.907485,5.21
5.0594397,5.0
5.40885,6.4
5.052506,4.29
4.949357,5.55
4.8852386,4.92
5.458508,5.6
4.94543,4.71
5.438751,6.82
4.9227424,4.96
4.9468937,5.55
5.311457,5.74
5.7806683,4.72
5.461446,5.0
5.195911,5.61
4.8531027,6.22
7.0474205,5.3
4.8928485,4.5
6.6975446,5.3
6.556346,5.52
5.5471725,5.33
4.6653795,5.8
5.2889385,4.82
5.3266835,5.0
5.9493732,4.55
6.0858493,5.19
5.2437224,7.24
4.9445596,4.46
4.153644,4.64
4.4858522,4.55
5.43007,6.6
4.85988,5.4
5.7738333,5.77
5.322258,4.52
5.760504,6.4
4.822545,5.66
5.873347,7.62
5.7900624,5.0
4.6464095,4.92
6.098637,4.37
6.640466,5.03
4.9840384,4.85
4.947572,5.4
4.510131,5.82
4.5977006,4.73
5.6176496,5.32
5.552803,4.7
5.077299,4.34
5.151151,5.8
4.930501,5.28
5.5059648,5.0
5.984555,4.92
4.6613865,5.54
4.563182,4.92
6.100465,6.11
4.3563004,4.43
6.35308,6.96
5.547373,5.51
4.985004,6.89
5.741667,4.52
5.1098094,4.97
5.3230824,5.65
4.4532743,5.08
5.489282,4.78
5.105294,4.96
5.5698385,5.6
5.792159,5.28
5.8693156,4.57
5.0850105,5.68
5.0595417,4.77
5.2495832,5.05
5.3923635,5.64
4.614034,4.68
6.071269,5.6
5.8124475,5.27
5.165548,6.05
5.0808697,8.52
5.825713,6.0
5.3692636,6.29
5.3099847,4.6
5.0778985,5.41
6.896878,4.93
6.226408,6.7
5.5045953,4.0
6.15487,5.7
4.889218,5.52
4.7773485,7.96
6.5553975,4.87
5.536785,6.27
5.8262415,5.06
5.2020698,6.52
5.6792555,4.92
4.669372,5.33
4.2799387,5.22
5.119836,5.54
5.011321,6.52
5.102929,4.0
5.164303,4.12
6.007781,5.62
5.7807627,5.3
6.4748993,5.57
5.708089,4.79
5.182107,4.12
6.5725074,6.24
6.897985,5.85
5.0792203,5.43
5.078311,6.81
5.6079907,5.19
5.8784,6.4
5.0661635,7.46
5.198755,5.18
4.5118856,4.64
5.719446,6.05
4.657709,5.13
6.282569,5.22
6.169617,5.27
6.1653624,5.14
6.191543,4.8
5.612825,5.15
5.2399373,5.08
6.2478266,5.42
5.500357,5.89
5.5420766,4.74
4.4969816,4.89
5.3384233,4.96
4.389689,4.8
6.7971087,4.89
6.631563,5.3
5.7857847,5.03
5.6857386,5.3
5.0613465,5.57
6.1046195,6.35
5.113653,4.4
4.8321853,5.6
6.1222034,5.52
6.496322,6.85
4.907028,5.21
5.708995,5.47
7.6050463,5.25
5.1788096,4.71
4.7449613,4.96
7.20785,5.08
6.051999,7.26
5.339671,4.4
6.019324,2.96
5.7207947,4.98
5.981559,4.92
6.453352,5.89
7.247181,6.0
6.418773,7.44
6.43853,7.48
7.6853485,5.77
6.004638,6.32
5.23553,4.22
7.0996313,5.64
5.880336,5.82
5.281363,4.0
7.9121523,4.3
5.8387976,4.74
6.062921,6.22
6.5711865,5.82
3.836158,3.15
6.178319,6.44
5.794379,6.24
7.3398294,8.7
5.4828186,3.7
5.581608,8.0
7.304578,7.82
5.9894953,5.85
7.121102,6.89
7.7049584,8.0
7.340971,6.77
6.880992,8.09
6.734093,6.3
6.8419514,8.0
6.001955,4.42
5.180267,5.55
4.1839027,4.63
6.6677237,7.09
5.6782546,5.68
6.5408688,6.8
6.1187797,5.35
6.250167,7.05
6.2531805,5.23
6.3584237,7.55
5.998978,5.59
5.618396,5.43
5.6313953,5.01
5.528277,5.57
4.2819786,7.89
6.0139933,5.89
6.752458,6.64
5.545265,4.25
4.9064684,5.96
5.3392773,5.89
5.5563164,5.39
5.9676523,5.57
5.0292096,6.02
4.5792933,6.18
5.869219,4.87
6.542175,5.31
4.4980373,4.33
4.5612173,4.28
7.0743213,4.81
5.1929636,3.59
4.939772,4.46
4.1856933,5.34
4.2757473,2.44
5.495329,5.16
5.604006,4.99
5.473629,5.89
3.9543443,4.13
6.641118,3.5
3.5069196,1.87
4.8154893,5.37
3.8720388,4.4
4.2539997,5.11
5.844132,5.14
5.634758,6.37
3.9570732,4.35
4.1033907,6.92
5.5423613,6.74
6.127905,5.14
5.6591787,5.35
7.9031563,8.48
6.581594,5.44
7.460978,7.3
5.087538,6.68
5.8169136,7.19
8.05917,8.0
6.6263733,6.47
6.736337,6.44
6.6056867,6.89
6.3854923,3.61
6.49152,6.9
6.7292895,6.89
5.962771,5.69
5.914323,5.26
5.329113,6.17
6.102531,4.39
5.8246455,8.0
6.331103,5.43
4.8045363,5.55
5.7542477,4.19
7.1720634,7.8
6.878966,6.09
5.5884104,4.59
5.693899,6.12
6.936736,7.46
4.9972763,5.28
4.7987585,5.55
6.519198,6.16
6.9546456,5.08
4.651472,7.3
6.2645626,5.96
4.913093,3.57
4.1984196,4.63
6.519843,6.0
4.4119816,3.8
6.2506366,7.26
6.9139457,5.68
6.2070045,6.98
5.9485397,6.82
6.2731576,7.57
5.9703608,6.94
6.083452,7.7
6.238247,7.1
6.408644,7.17
5.459514,5.97
6.007351,6.35
5.522746,4.64
6.4657235,6.8
6.637776,7.47
6.1490145,5.27
6.3029327,6.3
5.9271717,7.59
6.231548,4.07
5.6945806,4.15
6.791398,5.82
4.685177,3.77
4.910203,4.69
7.0020075,7.3
7.223336,7.3
5.5471187,6.11
6.752718,7.91
7.0010104,8.3
6.156553,5.42
7.6326632,8.74
7.867017,6.55
6.951812,8.52
7.279324,8.02
6.920716,7.68
7.924164,8.05
5.392175,5.37
7.596363,6.26
6.914312,6.33
7.4049616,8.43
6.4497056,6.89
6.7696137,6.21
4.8346562,6.08
6.81166,6.98
6.541307,7.02
7.4607453,7.42
8.594833,7.82
8.336957,7.59
6.3194265,7.31
8.00308,9.0
6.862364,5.54
6.2747836,6.68
5.764604,6.0
5.4549184,5.0
7.95933,6.27
6.79944,8.96
7.5248117,7.0
5.376109,2.97
4.368106,3.8
5.6423783,5.14
5.263348,3.78
6.311332,6.89
6.01922,6.31
6.0937066,7.96
6.019951,8.52
7.0597806,6.74
6.3690004,6.74
5.400489,7.46
6.1176667,7.77
5.0244083,7.3
6.405069,6.47
6.4999905,7.64
7.247366,7.68
5.479202,7.59
5.500602,7.29
5.052247,8.22
6.39853,6.17
5.2761602,6.06
6.7638893,7.82
7.589844,8.72
7.5552588,7.55
6.799424,6.42
6.0184965,4.91
4.9121265,6.96
6.632161,8.05
6.3573003,6.52
5.770196,5.3
5.7987075,5.14
5.9473047,5.42
5.9113293,4.42
6.266985,7.82
6.5365567,5.92
5.3302383,5.23
4.752324,5.01
6.047591,8.66
5.554769,5.64
6.040537,5.04
6.258723,4.28
6.6262665,6.02
5.1750913,6.19
6.32809,5.43
6.594516,4.06
4.32631,4.7
6.1941524,6.51
5.7671566,4.85
6.5894766,8.4
4.456608,4.0
5.810643,7.02
5.8601193,6.0
6.9889135,8.74
7.6593223,7.08
8.213625,7.49
7.2723503,7.21
6.655113,7.13
7.498993,6.25
4.7786093,5.32
7.28241,7.05
5.185072,4.82
6.9573603,7.48
7.9478836,6.62
7.524092,7.16
6.990433,7.09
6.640196,8.1
8.336661,8.1
7.043373,8.08
6.5736995,6.0
6.3440475,6.49
6.9741373,2.03
6.086672,6.16
6.157743,6.52
7.158093,7.49
7.641162,6.92
6.3792324,7.33
7.4184155,4.84
6.568071,6.37
7.938775,7.23
8.581765,5.1
7.5009694,6.03
6.800319,7.37
6.387377,5.01
8.085987,9.68
7.1441536,6.03
6.1381044,5.9
6.6492076,7.3
7.0487537,8.0
7.3827305,6.79
7.213806,6.85
6.6598454,6.99
8.464379,7.22
6.7617965,6.96
7.339132,6.21
7.7693896,6.7
7.8173656,7.4
6.4739175,5.8
6.6529307,7.36
6.7684817,6.59
7.370695,6.0
6.9585023,6.82
6.148858,7.74
6.8880014,5.28
7.200959,8.8
5.7220097,5.82
6.534754,6.1
6.5065236,6.72
7.729413,7.85
7.1034756,7.03
5.639501,5.81
8.374371,7.74
7.3225236,6.52
6.527204,6.49
7.091846,6.28
7.325489,7.3
7.766863,6.7
7.4509535,5.57
7.11551,6.92
5.9710417,6.9
7.1883526,6.04
6.883151,9.3
5.340604,5.96
7.5826125,6.88
7.202399,5.56
5.5220714,4.88
5.578851,4.52
5.333269,5.28
7.309933,7.6
6.9701414,5.55
7.8589926,13.3
6.631058,4.59
4.969655,3.31
5.053752,4.55
5.4354525,4.05
6.5424213,6.4
6.140236,5.72
6.6304274,8.34
6.8292384,7.6
5.5521054,6.34
5.248555,6.25
7.124798,8.26
6.8248687,6.2
5.469681,5.15
5.379427,4.77
6.343501,5.4
6.0712194,6.22
5.649495,7.4
4.6102295,4.0
8.357956,8.8
6.197702,5.25
5.718945,4.92
6.799465,7.7
5.71352,4.85
4.63919,5.19
6.8258286,6.77
5.3732214,7.24
4.893715,6.77
5.308658,6.6
5.6945724,6.02
6.5114675,6.0
5.541836,5.48
6.8588495,6.16
5.759615,5.18
4.6881447,6.85
5.9918222,6.0
6.3404264,5.57
5.7683845,6.44
5.3592467,7.22
5.288845,6.15
4.454873,6.48
5.2068424,5.23
4.8382974,7.52
4.9429865,4.46
6.6546226,6.56
4.5530324,5.47
4.827733,5.55
5.4405985,7.38
6.5540314,6.0
7.060147,6.51
6.4343443,6.8
6.922513,6.37
7.163658,5.35
6.7757688,5.55
7.092703,7.49
6.280348,5.42
5.5670285,5.55
6.524664,5.71
5.548314,7.15
6.852271,5.7
5.9785094,5.31
5.658358,6.62
4.839683,5.2
5.449589,6.16
6.1598043,6.26
6.062414,4.94
6.3904605,4.51
7.0428743,7.21
5.521473,6.72
6.0884604,7.54
5.458663,8.92
6.372155,5.92
6.0152197,6.1
5.6492968,6.4
6.2614903,7.3
7.0329785,5.35
6.622138,8.02
5.765874,4.89
7.32215,7.52
5.25884,5.6
7.0129304,7.55
6.866274,7.12
7.367475,7.92
6.5556626,6.4
6.2048316,4.55
4.9112325,6.42
5.709103,5.5
6.2785425,7.24
7.4552493,7.72
6.10174,6.1
6.1817703,8.3
6.2640038,7.92
7.231087,7.59
7.3914537,8.06
6.42997,6.4
8.352865,6.9
7.361771,5.73
6.4681873,7.3
6.5373,6.44
6.2497005,6.96
5.4709234,4.7
4.473333,4.7
5.9775414,6.3
6.4587436,6.0
6.371834,7.3
6.7357426,6.15
7.0620475,7.0
6.290175,7.4
5.747003,5.44
5.987632,5.25
6.960681,8.52
5.8370156,5.29
5.820684,6.08
5.961503,6.64
6.277227,8.44
6.325559,7.17
7.317569,8.11
7.112433,8.21
6.87868,6.62
7.4925566,6.79
7.8929076,5.3
4.890993,4.95
7.5846334,7.39
7.4920964,7.06
7.4773293,8.3
7.1023736,7.56
4.933462,6.51
7.821558,8.06
7.2495227,7.32
8.001169,7.24
6.32435,4.04
6.096611,6.46
8.069165,8.05
8.036752,6.91
7.5302796,8.33
7.290885,6.54
7.099395,4.5
7.012703,6.56
7.300874,7.02
7.533825,7.02
6.5830975,6.03
6.9134073,3.07
8.431088,7.42
7.8831625,6.94
7.4038,7.43
7.4991055,8.19
7.6940303,6.75
7.4279695,6.55
7.604105,7.82
5.1805525,4.31
7.3483887,7.01
8.333097,8.22
7.431927,8.01
7.0338116,5.77
7.6210284,6.76
7.255611,7.71
6.8068614,4.67
7.142184,8.15
7.6964507,8.2
6.643898,6.34
8.285184,8.19
7.319191,6.64
8.132727,7.55
7.8515973,7.6
6.6721077,4.76
7.5380845,7.59
7.2243156,7.4
7.1717534,6.06
7.339681,8.89
7.327799,6.92
7.172071,7.22
7.5799255,7.09
7.514882,7.12
7.0908575,6.79
7.0424957,7.49
6.586991,8.08
6.298823,5.7
5.903783,6.14
7.753746,8.03
7.313773,8.0
7.26164,7.27
7.2373843,6.32
7.1359386,7.33
6.525302,6.81
7.5682735,8.14
8.239484,8.38
7.674051,7.23
7.406997,6.63
7.580636,5.68
7.5678806,7.43
7.119761,6.71
6.107961,5.91
7.365176,7.27
8.136663,8.11
7.724723,5.88
5.2725105,4.76
6.985744,7.48
7.749392,8.3
7.2032547,8.15
7.291574,7.8
7.0642295,7.33
6.805467,6.46
5.8907976,4.07
7.7310944,8.26
7.3397546,6.38
7.580058,6.36
6.4128675,6.76
6.2670884,5.8
7.4634366,6.96
6.649716,7.07
8.395059,7.07
7.7209835,7.34
6.450474,7.89
6.9961085,7.12
7.393817,5.81
7.4679723,7.46
5.9999075,5.13
7.207751,7.58
7.568696,6.87
5.1080713,7.49
7.1805463,6.74
7.515208,5.6
8.07665,7.35
6.570488,5.56
7.2202215,7.46
7.450589,8.92
5.939185,6.08
6.3543034,4.82
5.5927124,5.18
6.4811172,6.2
5.4336853,4.43
7.1560082,5.83
7.862629,7.3
5.940579,4.68
8.254318,7.29
7.046851,6.87
8.095432,7.57
7.926815,7.24
5.627397,7.08
5.8082743,5.52
6.1654634,8.12
6.2796946,7.24
7.4484715,6.5
8.36459,8.52
7.2789493,6.88
6.731184,7.75
7.1308117,7.36
6.9515567,5.23
7.395694,8.05
7.585665,7.2
6.9659486,6.82
6.7005672,6.56
7.236722,7.14
7.8457766,7.52
5.6621757,6.47
7.865222,7.62
7.220494,6.04
5.4408407,5.37
7.744083,8.51
5.6337624,6.25
6.868614,5.06
5.855238,6.17
7.1960483,8.62
6.951517,6.59
7.353289,7.4
7.717736,7.27
7.0612245,7.14
6.6393943,7.0
6.9570923,8.21
7.1256742,6.35
7.2418575,7.2
8.040312,9.15
7.2140903,8.11
7.609187,7.77
6.694491,7.57
6.8954,6.06
7.7846293,8.32
5.1331577,5.52
8.895432,8.67
7.0011787,9.74
6.609834,8.52
6.877322,8.52
7.0773525,5.55
7.601289,7.3
6.284335,8.27
6.04469,7.96
7.0277343,6.2
4.4923153,3.8
6.247988,5.89
6.9815745,7.3
5.8715353,5.34
4.741765,3.65
5.83041,5.35
5.201908,5.82
5.6291714,5.52
5.1213837,2.29
5.0459714,6.14
5.484157,6.68
5.068076,5.05
5.303517,4.27
4.7881246,4.3
4.9249387,4.44
5.591497,5.38
4.788806,5.38
4.6434793,4.62
4.9681582,4.89
4.7134676,4.4
4.8766336,5.6
5.454649,6.59
6.3702683,6.96
4.6503067,5.07
5.2151194,5.04
4.6965957,4.8
5.0914016,4.27
4.9958925,5.68
5.183322,3.75
5.307309,4.92
5.954284,5.52
4.614216,5.2
5.161402,5.03
5.460934,4.72
5.3476725,4.64
5.489937,5.16
5.7313995,4.55
4.662195,5.89
5.3830266,4.8
5.0977516,5.19
5.151206,4.92
5.122584,4.7
4.9775057,5.52
5.5668187,4.46
5.422982,5.52
4.978096,4.89
4.0834355,5.23
4.9649343,4.7
5.977356,7.04
4.3999104,5.06
5.865721,4.13
7.2229548,5.2
6.1224113,6.15
6.702745,6.37
6.551706,5.44
6.8342614,5.27
6.713918,7.6
5.3195434,7.52
4.9293733,5.66
6.740581,6.6
5.84754,5.6
8.743769,8.22
6.4019446,8.4
6.4243956,6.6
6.4440656,5.14
7.924373,8.0
6.8698745,7.86
6.1300707,7.43
6.584624,6.66
6.9475636,6.4
6.69934,5.36
6.6470923,5.5
6.6749926,5.5
6.1723137,5.8
5.725698,5.79
7.09095,6.94
6.0833364,8.15
7.423342,6.36
6.893216,5.33
7.0285106,6.35
4.7905493,4.67
6.922084,4.46
5.395987,4.69
6.4263234,6.54
6.1447825,5.22
5.619581,5.64
5.8624725,4.51
8.682375,8.72
6.3909364,8.25
5.219574,3.84
8.156109,8.08
5.9083686,6.2
7.8749127,7.3
5.9580026,6.0
6.607121,5.47
6.642853,7.26
7.0869584,7.52
7.3919635,6.48
5.992327,7.11
6.5142384,6.74
8.168387,8.29
6.0891976,8.1
7.752792,8.3
7.7871876,8.1
6.84989,5.74
8.296282,8.46
6.205555,6.33
5.5084944,7.22
5.884482,6.43
7.061625,7.12
7.550042,6.3
6.455094,7.37
6.2718577,7.03
7.6641374,9.7
9.761398,7.52
9.234717,8.84
9.166803,9.2
5.716977,5.49
8.81563,8.37
6.095694,8.36
7.6559515,7.89
6.174305,4.27
5.9743876,8.55
5.9732094,7.3
6.425789,5.8
7.1896763,7.07
6.189377,8.62
5.3139167,4.55
7.178569,7.21
7.5873704,7.39
7.376169,6.05
7.329443,5.8
6.547897,7.19
6.8138447,5.96
7.2281227,6.68
7.170013,7.6
9.0548115,6.79
6.417932,5.66
7.784476,9.3
6.110902,5.3
8.097145,7.89
6.6375184,7.02
6.6307144,6.2
7.1783514,7.95
6.3111253,6.66
8.200405,8.09
6.8435087,6.35
6.9917336,7.2
6.2111654,5.13
7.0708656,6.14
6.125528,6.24
8.311794,8.17
6.1309566,6.63
7.7630777,8.97
6.7125187,7.51
6.992534,7.52
7.9648976,8.68
6.4230227,6.08
8.875511,8.44
7.8172574,7.92
7.162492,7.2
6.4735284,5.26
6.270511,9.24
7.3501554,6.7
5.813101,7.25
7.0769897,5.01
6.5558167,6.14
6.993163,5.58
7.694972,5.26
6.5676703,7.3
7.748354,7.72
6.7602587,6.18
7.1898193,6.19
6.124706,6.3
7.176825,8.52
7.2316628,7.18
7.2859445,6.82
7.207672,7.88
7.493397,6.09
8.030392,7.57
6.4417486,6.14
7.1368456,7.76
6.834907,7.6
6.1964636,5.68
9.580578,9.49
6.561438,7.38
6.1816897,5.89
7.852125,6.28
5.042242,4.3
7.0030313,6.87
6.332495,6.55
7.223796,6.71
7.2860365,6.85
6.3634434,6.13
6.2932086,8.49
7.42949,7.23
8.16284,7.34
7.1439033,7.35
6.8704743,8.0
8.220993,7.77
6.28522,5.9
6.93789,7.62
6.89533,6.0
6.382904,6.47
7.945693,7.84
7.1103086,5.03
7.292493,8.21
7.4817166,7.05
8.007376,7.66
7.158958,6.93
6.831704,6.23
6.973726,6.92
6.872891,7.8
7.1672053,5.48
6.474425,6.4
7.2356687,6.72
6.856893,4.66
7.0745,5.51
6.4452853,7.16
5.7249885,6.82
6.03209,4.19
6.396871,5.21
7.0298896,8.1
5.415644,3.5
5.453538,6.69
7.467483,6.67
7.228777,6.31
4.9924793,4.51
6.482835,5.42
6.542586,5.38
5.1627693,4.77
6.2197895,5.35
5.4096766,5.84
5.117098,3.74
5.142902,5.02
4.9788923,4.74
7.125154,8.4
5.853161,6.14
7.0244083,5.18
7.313896,7.54
6.8216405,8.14
6.625357,6.76
5.6776857,5.57
4.8101277,6.79
6.090768,5.78
6.548848,5.46
5.733722,7.46
7.911535,6.63
5.501566,5.03
7.1871448,8.0
5.4738216,6.29
7.2106705,6.63
7.6151805,8.62
6.259304,5.28
8.125775,5.92
6.2185974,6.62
4.9651437,5.15
6.679042,6.41
6.093546,5.18
7.08182,7.82
5.6788535,6.14
7.066542,6.7
7.3132186,6.4
7.202772,5.9
6.9012976,9.85
7.3081775,6.03
7.2038417,8.2
7.789094,8.82
7.601886,6.53
7.1635666,8.4
5.763512,5.0
6.260991,6.62
7.4264145,6.93
7.698623,7.15
6.493839,4.46
7.6608453,7.0
8.583258,9.7
6.660639,6.41
7.7087765,5.35
7.8551273,7.29
6.64487,7.3
7.9345303,7.89
6.5173235,4.7
8.692716,9.22
7.1459136,6.4
7.4495707,8.0
7.2400064,6.43
6.0370493,7.11
6.492729,5.27
7.527373,6.7
6.719882,6.27
7.5960894,4.51
5.91023,7.8
6.943572,7.57
8.243502,6.2
6.928794,5.52
7.505688,6.8
7.279894,7.08
7.3625474,6.51
6.9214454,6.07
6.3131313,6.85
6.1658773,6.27
7.9612045,6.61
7.310935,8.15
6.7608356,6.7
6.757194,5.57
6.6067834,9.15
8.302993,6.92
7.3849883,5.82
6.844345,5.77
7.4567733,7.18
7.357695,9.0
7.1637716,6.3
8.0612955,7.15
5.8634453,5.46
6.7497377,10.0
6.665716,7.92
6.909745,7.21
6.5352135,6.33
7.99861,7.55
7.106976,8.28
7.044855,7.66
7.1986294,7.91
7.37939,7.3
6.4517436,6.4
6.348304,6.9
5.664478,6.66
7.8158245,8.7
6.4872274,7.95
7.0254006,7.63
6.3715844,7.72
6.7938843,4.7
8.185361,8.52
6.5033455,7.74
7.299118,8.62
7.571505,6.18
7.1546373,5.47
6.984721,8.11
7.4955893,9.0
7.782976,7.96
5.903431,6.17
6.391793,7.1
6.8392735,6.89
4.759247,5.6
7.4852757,6.54
7.0377345,6.41
5.7728705,7.01
6.021855,5.41
6.4821296,5.89
5.809257,6.84
5.9376836,4.89
6.5769644,6.18
6.058836,5.48
5.6167455,5.4
6.0801525,6.92
5.332834,6.07
5.94167,5.03
6.1367054,8.82
6.1442165,3.54
4.8179607,6.37
8.744197,8.8
7.6934404,5.14
7.906545,8.3
5.534758,5.9
7.449612,4.59
8.336456,8.06
6.630345,6.0
7.579713,7.62
6.8338666,8.59
7.016816,9.0
4.803272,5.28
5.44322,4.91
7.6701593,5.46
7.035304,8.72
7.9369855,8.25
7.1063395,8.42
7.6911845,7.65
6.832127,5.1
6.9749775,8.51
8.147101,8.28
6.594751,5.7
6.987104,6.34
6.6423464,7.3
6.005373,5.4
6.715934,8.7
7.639073,8.52
7.0580945,7.77
6.8361907,7.63
7.025919,8.69
6.7570286,7.1
6.1321955,5.18
7.5802784,7.37
6.444023,6.82
6.7576175,8.18
4.8451304,6.6
7.467821,7.31
7.213213,7.8
8.450316,7.79
6.8923125,7.61
7.9007325,7.66
7.474556,7.12
7.413809,8.51
6.979911,8.48
7.766317,7.46
8.310459,7.76
7.213173,7.38
7.5089073,7.66
6.32586,5.59
6.997338,8.22
6.2817845,7.07
6.9833612,6.4
6.946488,7.77
7.0352592,6.75
7.148759,7.32
8.297711,7.4
7.7482324,8.15
8.230413,8.44
7.455435,5.27
7.778372,5.96
8.498045,8.12
7.094673,7.8
8.456062,8.41
6.5183034,5.43
7.3011203,6.4
7.3635874,6.74
6.848503,7.7
8.690134,9.0
7.7235537,8.36
5.1010256,5.0
6.9147234,7.38
7.2023315,6.37
7.3089547,6.85
7.387852,6.96
7.567494,6.9
7.9309974,6.92
7.364802,7.61
8.2199,9.7
6.9551754,8.28
7.316906,7.25
7.933215,8.4
6.695969,6.61
8.125733,7.87
6.1334653,6.96
6.7362733,5.52
7.7764006,7.45
8.459951,8.17
5.1965337,5.46
6.938262,5.96
7.424523,7.09
7.561005,8.08
7.327326,6.13
8.05431,8.4
7.3349614,8.52
5.7862983,4.75
6.0854797,6.2
6.9263144,7.71
6.018795,4.5
7.67731,8.29
7.574592,7.35
6.768616,6.6
7.083577,8.47
7.340154,6.62
7.4522624,9.1
8.365009,7.38
7.684784,7.41
6.9846067,8.15
7.079416,6.68
7.1833982,5.22
7.3661947,7.79
8.209727,6.34
7.9332805,8.36
6.0303707,6.82
7.632545,8.7
8.466368,8.3
6.434102,6.66
6.8022385,5.46
5.312763,5.42
4.5889387,3.94
4.649264,5.18
3.940017,4.42
6.2895784,5.74
6.797225,4.24
6.561929,4.12
6.010255,3.49
6.8558106,6.28
6.215994,6.39
6.6445355,6.04
6.565985,5.51
6.399741,7.18
6.6562414,7.17
5.6190767,4.21
7.519547,7.53
5.7567883,5.01
7.0223336,7.96
6.5879283,5.32
6.731015,7.05
5.731708,6.07
6.8201165,6.43
6.5307727,5.13
6.7028894,7.2
6.358551,5.27
7.302099,6.03
6.9141407,8.62
7.152332,6.82
6.754348,5.65
6.546417,6.94
5.9571967,5.82
5.8647456,5.17
6.540657,6.89
5.367136,4.62
6.2334704,5.54
6.3008432,8.19
6.9757204,5.21
5.5919023,5.74
5.327054,5.32
6.2619133,8.77
6.361283,5.47
5.1464615,4.19
6.4500785,5.53
5.789815,7.32
6.9215665,6.52
6.0918436,6.07
5.2440853,5.33
5.528368,5.25
8.289049,7.15
7.0696344,8.14
7.110467,7.51
5.9042153,3.67
6.060694,5.41
5.819163,6.26
6.11167,7.51
6.3643165,5.33
7.1614685,8.74
7.6283484,6.3
6.592866,7.46
7.474937,7.7
7.023963,8.62
6.2933183,7.7
7.1421204,8.7
7.400915,8.7
7.950839,6.74
6.717618,5.52
5.5480213,5.46
6.067158,7.37
6.468694,7.82
6.4090967,6.1
5.92721,5.2
7.9342155,8.52
6.530863,6.07
7.501144,8.7
6.1845875,5.92
6.906769,4.43
6.1908855,5.07
6.1054664,3.04
6.4225817,7.43
6.9572415,6.14
6.5700645,6.81
6.9234977,7.6
6.888796,6.82
6.4022202,6.36
7.2487407,5.24
5.617777,5.96
5.1166573,3.25
6.4475703,4.51
4.771206,6.69
5.5822253,6.22
6.5994654,5.58
5.5876894,6.45
6.443208,6.07
5.7645693,5.96
6.3564878,8.05
6.2923026,7.1
6.881169,5.74
6.856941,6.54
5.8409257,6.27
5.3671656,7.01
7.330726,6.51
7.538285,7.49
6.493676,7.46
6.4539356,5.08
7.5388427,8.17
6.744376,7.54
6.1747074,5.74
6.550679,8.09
5.381009,6.66
6.958089,8.52
5.927596,6.71
6.180322,6.64
6.412051,7.12
6.403273,7.79
6.041239,6.22
7.397115,7.06
6.881704,8.36
6.939253,6.26
6.544789,4.85
6.442926,5.24
5.8077207,6.25
6.600055,8.1
4.479476,6.66
7.652728,7.09
5.747031,4.18
6.4904246,9.0
6.600643,8.1
6.436601,8.4
5.137273,7.01
6.2524347,8.52
5.96565,7.0
6.5054255,7.0
7.1437497,8.0
7.742101,5.41
6.6796846,6.48
9.55616,8.61
7.8441515,8.89
6.9746404,6.55
8.396306,7.64
8.527188,8.12
4.9065437,5.03
7.0592837,7.21
7.30475,5.06
5.247074,3.38
5.295912,4.27
7.1981554,6.43
6.2356052,5.66
8.428434,7.9
7.127864,8.15
6.8094196,5.52
7.8808374,8.3
6.957393,7.11
8.711465,8.36
7.571198,8.17
9.055566,7.96
8.053135,8.46
8.013399,8.0
7.357378,6.49
8.063271,5.62
6.1484013,5.84
6.941616,9.7
6.7862644,7.68
6.102854,5.82
5.6840925,5.6
7.1731715,7.56
6.5035906,6.24
7.1937213,6.84
5.5997787,5.7
7.7076397,5.66
6.912885,5.52
7.999045,8.25
7.375843,6.49
8.391988,8.19
6.3804984,6.19
6.1872015,6.2
8.7873955,8.92
7.1120014,6.2
5.2638507,5.3
6.0919538,5.62
6.4403253,5.65
6.542251,6.28
8.690425,8.89
6.800783,5.25
8.535589,9.0
8.5667095,8.1
7.9480863,6.42
6.332615,5.19
6.3968296,6.82
7.467277,7.25
7.4501643,5.57
7.81324,7.83
6.253791,5.44
8.956352,8.8
6.880708,6.33
7.7238984,8.42
5.2525263,4.52
5.94553,5.44
9.333673,8.68
8.609667,8.23
6.866059,7.07
7.0344768,6.85
6.3491015,7.41
7.693438,8.4
8.458088,8.55
7.3792887,6.19
5.9274554,5.5
5.7940145,6.0
7.1564355,7.64
6.61254,6.1
5.787566,6.16
7.5378237,7.2
7.521491,8.1
6.8546615,7.77
5.6369004,6.4
6.8628616,5.0
6.5258904,7.01
6.633351,6.78
7.236974,5.27
6.704715,4.75
7.071064,7.4
6.8304696,8.01
6.732654,5.0
4.651683,4.89
4.3948326,4.25
6.100881,6.0
6.9499135,6.32
6.4727707,6.0
6.7869945,7.9
5.8391986,6.2
6.4261174,8.37
7.9250216,7.89
7.5306177,6.74
8.52356,8.82
7.736638,8.82
7.3637276,8.2
5.941053,6.8
5.6077814,6.3
7.8340116,8.44
5.750319,6.0
7.401528,6.27
7.351538,6.67
5.69524,6.1
5.7845726,5.66
7.965914,7.6
7.986614,6.28
7.5738053,8.41
7.0966425,4.75
8.141835,8.96
7.1378517,6.31
7.710997,5.22
6.2615314,6.35
5.2924404,5.09
6.0350537,5.83
5.1824217,4.54
7.9691634,7.54
8.914213,9.0
9.302383,8.92
7.1968713,6.84
6.6528864,8.6
7.8545876,9.29
6.7333746,5.28
6.401445,5.9
8.03249,9.19
8.165134,8.33
6.895832,6.9
7.7450757,10.96
8.308072,7.89
7.1017213,6.81
7.2452407,7.0
9.554484,8.16
8.102325,8.8
7.0438,9.17
8.609995,10.41
7.5408363,7.27
7.393818,4.88
5.9530177,6.0
5.4138317,9.52
6.4921546,7.2
6.24037,7.54
6.679231,5.32
6.6719666,6.87
7.229334,7.54
6.208554,5.73
5.5672846,6.87
6.9735427,6.55
6.009473,7.99
6.673444,5.49
7.004475,6.66
5.9114437,4.92
6.2290583,5.63
6.324533,7.05
7.8831644,5.86
6.5092235,8.72
6.521072,5.82
6.361638,5.1
7.4427257,6.19
6.3166842,6.3
6.017113,6.66
6.6287837,6.92
7.1145577,7.15
6.547036,6.95
6.6193857,6.29
6.449899,6.14
6.0312595,6.64
7.3608418,6.9
6.7608304,6.68
6.280377,6.92
6.300933,7.0
6.3278437,7.56
6.18254,6.72
7.538366,7.22
6.6264505,6.59
6.8483844,5.95
5.860688,6.29
7.102175,6.4
5.430603,5.24
5.567464,5.65
6.40595,6.53
6.4065485,6.8
5.73741,6.54
7.057656,5.67
7.5895753,7.19
6.699601,5.52
6.5103774,6.38
6.3017545,5.4
6.2419696,6.05
6.961155,6.4
5.9023314,6.59
4.472783,5.6
6.1803923,5.59
6.3537297,6.85
6.0318832,7.37
6.1225295,6.97
7.1767697,5.85
6.1492496,7.32
6.5683823,7.96
7.015751,5.66
7.2226486,7.7
7.1704645,6.38
6.5102515,6.79
6.188056,6.39
6.037005,5.7
5.9198713,6.55
6.446875,5.92
7.0153904,7.36
6.5021915,6.8
6.398962,6.7
5.7719145,6.0
5.755878,6.2
5.9449434,6.37
5.3679447,4.3
7.1112657,7.89
7.374025,6.07
7.3394337,8.25
7.2525167,7.08
7.4451027,8.15
7.218696,6.39
6.347715,6.3
6.6072454,6.1
4.76081,4.4
6.0719,5.49
7.2319684,5.02
7.4430075,5.4
7.3657117,6.41
6.872424,5.74
6.0173135,7.1
7.405201,7.2
6.8640246,8.0
6.699683,7.24
4.897897,5.15
6.252874,5.1
6.810162,5.39
4.4707627,4.5
7.428053,5.7
6.5363317,5.8
6.3814983,6.6
6.330496,5.1
5.905348,5.8
7.174504,7.68
6.797084,5.6
4.45769,4.37
7.3682976,6.84
6.018041,5.73
5.586404,5.5
7.314014,5.8
6.8175015,7.7
5.559682,5.15
5.3298635,4.96
7.7419143,5.28
6.3647823,7.92
6.273989,5.89
7.887351,8.48
5.7598104,3.71
5.129629,6.29
6.6808186,7.33
6.816381,6.2
6.255667,7.82
4.5940495,4.53
7.043097,8.2
7.5239596,6.89
6.2234,7.17
6.065804,4.89
6.2412305,8.14
7.9387903,7.61
6.2311325,6.64
6.4377894,5.2
6.62762,5.52
7.4182405,3.12
5.293429,5.0
5.9533153,5.49
6.2643237,9.48
4.5734057,4.5
5.7635202,5.72
7.20749,8.22
5.909963,4.64
6.9027996,7.05
6.561828,7.2
5.2649374,4.8
5.464019,5.76
6.247081,8.7
6.736113,7.26
6.012678,4.8
6.918619,4.6
6.471489,7.41
6.834086,6.06
6.233594,7.36
6.9186797,5.55
7.9060926,8.77
6.324096,5.6
6.632789,8.8
7.0618596,8.0
7.4727716,5.85
7.0997677,6.52
5.8307714,5.3
6.238014,4.77
5.8792915,4.64
6.42055,6.76
6.5218897,6.5
6.816574,10.62
6.952644,10.59
8.12543,8.4
5.4990964,5.02
8.124064,8.22
8.344543,8.47
7.0084233,4.75
5.792063,5.89
8.881851,9.47
7.983179,8.22
5.0163717,6.25
8.170439,8.59
8.36619,7.16
6.0883393,5.27
8.796444,9.46
8.454356,9.19
8.316,8.62
8.747967,8.4
6.5694337,9.33
6.241051,8.85
6.8756404,8.07
6.7594194,6.84
6.472799,8.05
6.5350795,7.54
7.4915814,7.44
6.2695436,5.44
7.333311,7.42
5.6881013,6.3
5.6659374,5.07
6.425078,7.11
6.750993,7.6
6.981882,6.37
6.1998835,5.41
7.1648946,7.66
6.409219,7.51
7.2131476,7.48
6.6448936,5.42
6.744553,6.9
7.2983556,7.68
6.799879,7.52
5.1558576,6.81
5.4804926,6.14
7.0741496,7.29
6.6999726,6.74
6.980873,7.55
4.610283,3.72
5.875209,5.62
4.5867577,4.85
4.421098,3.26
4.60153,5.46
5.8101296,6.89
7.8850336,6.2
5.224891,4.78
5.1832643,5.86
5.060004,4.75
6.2859087,4.65
4.351799,4.18
5.67401,5.34
7.0107555,7.0
4.852372,5.33
4.9038115,5.2
5.9592085,5.54
4.828822,4.82
7.266634,8.33
5.4134455,5.17
5.2555294,5.07
6.1863832,4.93
6.990344,5.56
4.3031836,4.65
4.7590814,5.02
6.36663,4.83
6.3304367,5.18
7.151635,4.49
5.873187,4.64
6.104824,4.91
7.466055,7.89
6.3503094,8.47
7.384155,6.68
7.207136,5.06
6.5648727,5.85
6.5597115,7.36
7.267606,7.55
7.1530833,7.28
8.026209,6.85
6.1037226,7.47
7.456641,10.24
7.35071,8.6
7.6707907,6.41
7.3104715,8.82
6.5105534,8.77
7.178417,7.05
7.8258963,6.0
6.465389,7.0
6.4149976,6.9
6.0585384,6.15
6.3158193,4.35
6.7365417,5.02
6.722967,7.14
7.006261,6.72
6.73505,6.2
5.3888206,5.78
5.6534944,5.52
5.789752,5.5
6.6468253,6.39
7.5184817,6.64
7.970614,8.4
7.270279,5.81
6.3483434,7.85
6.5273724,6.37
6.401558,6.64
6.743396,7.85
5.7959795,5.9
6.276605,5.79
5.944228,5.62
6.52403,6.05
5.7690625,6.23
6.3364983,5.4
4.953616,5.2
6.410874,6.3
6.5173783,5.98
6.9526515,7.19
5.9992847,5.92
6.473154,5.8
6.4455347,5.3
6.568059,6.24
3.0202422,2.42
6.541955,8.3
4.388448,5.51
6.4879403,7.0
4.8713465,2.52
7.143866,8.05
6.4303193,6.85
6.090764,7.17
6.906109,6.74
6.4776797,7.54
6.6476836,7.3
5.160218,4.17
5.9784455,6.33
6.744716,6.92
6.2210975,7.01
6.149864,10.4
6.3906794,4.85
7.034306,7.05
5.5380282,6.46
5.5616646,5.0
5.048484,5.13
6.4772553,6.68
5.663287,6.1
5.3472195,5.64
5.163816,5.8
7.7013826,7.68
7.06576,5.51
5.9703255,6.1
6.8215456,6.26
5.748356,8.3
6.289821,6.9
6.7226553,6.57
7.675033,7.51
6.735019,8.7
7.597308,6.6
6.5974164,6.27
6.7189374,5.67
6.2963953,6.7
7.3192277,7.96
7.4013476,7.35
6.199368,6.88
8.426114,8.7
7.7816997,7.59
7.570855,7.91
7.4421535,7.6
7.1320543,6.02
7.654276,6.63
6.939065,6.64
7.062729,6.26
6.012829,6.32
7.0724792,8.03
7.886525,5.47
5.5049014,6.4
7.116745,6.43
7.988341,8.0
7.7507124,8.1
7.457729,6.63
5.8518343,6.72
7.8364944,8.82
8.024974,7.03
7.359475,7.24
8.007023,5.91
8.051643,8.4
8.08902,6.37
7.5241637,7.39
8.977216,8.33
7.966538,8.0
7.691577,8.4
5.4708343,8.05
6.454272,6.6
7.2306123,7.41
6.8336325,6.11
7.147526,8.4
6.5950494,6.58
6.8516283,8.15
6.890776,7.66
6.668211,6.78
5.558445,6.0
6.911469,7.04
7.3185563,7.08
6.372055,7.3
6.3898425,6.15
5.860415,5.17
5.2668123,5.22
4.7228417,5.7
4.48866,2.6
6.314097,6.05
7.0499854,5.8
7.4852533,7.38
6.9142423,8.4
7.9781904,8.44
7.1659393,6.77
7.8528767,8.04
6.582646,5.64
5.908568,6.2
7.3589272,7.89
6.8208613,6.08
6.7066174,7.12
6.6503825,6.6
7.028029,10.0
7.6461267,7.06
7.0356774,6.15
7.6083717,7.24
6.4106016,6.68
6.7537403,6.64
7.0022144,8.15
6.196072,5.8
6.9171677,6.5
6.358095,6.8
7.166271,6.72
7.476037,5.51
7.47146,8.89
9.291329,9.17
8.805181,8.55
7.014878,7.85
7.2554564,9.19
7.5330915,7.8
6.2036366,5.85
6.1117897,5.35
5.3394012,6.43
5.771179,5.05
6.2329063,6.35
5.7524905,6.03
5.336014,5.82
7.124948,6.21
6.7723203,6.66
6.461831,7.17
7.2467484,7.26
5.1847315,9.21
6.7287345,6.85
4.762821,4.55
4.790025,4.85
7.111808,7.58
5.907835,6.4
7.209396,8.13
5.008971,10.15
6.9057307,7.24
3.87513,5.9
7.5442247,6.42
5.262965,9.39
5.81363,6.64
6.6410832,4.37
5.2332783,6.34
6.5764027,7.52
6.6779327,7.16
5.371262,9.0
6.0366554,6.44
6.6950083,6.89
6.952785,7.33
4.633345,5.0
5.2799544,4.85
6.241487,7.24
7.7957273,4.35
4.359791,4.52
7.919776,7.04
7.2093506,9.0
6.6069865,7.59
6.3452783,5.96
6.443187,6.07
5.5820346,4.3
5.3815746,7.14
6.322443,5.44
6.417211,6.49
5.0230246,4.84
6.23789,6.9
7.14194,6.06
5.5980864,7.25
5.3110294,5.34
5.249799,5.57
5.4883885,4.85
5.879936,6.3
7.3080635,6.24
6.8927703,5.14
7.2881227,5.77
6.5671463,5.76
6.618113,5.52
6.736714,6.57
6.297642,5.57
4.591539,3.66
5.991629,4.28
7.6075654,7.88
7.056531,7.82
6.790452,7.92
7.848733,7.52
8.324301,7.92
7.1535654,9.0
7.5592957,8.24
6.581864,7.3
7.948448,7.55
6.8972077,5.5
7.1589656,7.6
8.287118,8.28
7.059339,6.77
7.487808,7.89
7.226633,7.69
6.627558,7.85
7.183483,7.07
7.0645523,9.0
7.7028265,8.32
6.841682,5.14
6.629717,5.97
8.300189,8.42
6.756834,6.98
7.811058,7.96
7.4867287,7.3
7.260121,8.55
7.238449,8.33
8.004829,7.82
6.5043,5.21
6.8030286,7.16
7.4976997,7.14
6.402427,7.21
6.6235156,6.39
7.6169443,7.5
8.5776005,8.49
7.826345,7.74
8.514214,8.85
7.561385,7.54
7.7808685,7.11
8.3089695,8.82
7.728669,8.1
7.6317105,7.05
7.115141,6.68
5.7188435,5.95
7.147242,6.3
6.802556,6.05
6.87352,6.84
5.8601947,5.22
5.6143103,5.82
8.219492,8.92
6.457104,6.52
5.917365,4.49
8.253108,8.52
6.499824,7.72
7.7186546,6.86
5.968331,5.17
6.393062,7.1
8.484633,6.06
7.3751583,5.96
7.1117115,5.77
6.5406923,7.66
9.058328,9.05
6.0458155,7.19
6.7694397,7.01
7.0051255,6.01
6.0350513,6.09
6.424947,8.52
6.5417995,6.3
6.1651497,6.1
6.012409,5.09
7.393975,5.56
4.9324584,5.8
5.1869745,5.22
5.489045,6.64
4.950401,5.03
7.703151,6.17
6.3386183,7.05
4.721214,3.95
4.7877073,6.04
5.7198834,5.19
4.4988556,5.29
4.752078,6.4
7.5450897,7.2
7.248351,7.62
7.8052073,6.6
6.5034633,8.89
6.273903,5.82
6.0667605,7.74
5.928651,7.97
6.7608275,5.39
6.4975348,7.3
5.668985,5.71
6.5543346,7.74
5.9155397,5.7
6.7772937,7.52
7.063787,6.8
7.4902415,8.24
7.1278806,5.68
7.2098007,8.26
6.2987375,5.1
6.3066564,5.41
6.055083,5.67
5.592803,0.53
5.7904572,4.98
6.583032,8.0
7.410603,5.69
6.2508397,5.1
5.5766973,5.92
7.281652,8.21
6.679281,7.33
6.850608,7.92
6.1077685,5.87
6.8714533,7.45
6.2448835,5.7
6.6455355,8.64
6.412675,8.44
5.8774,5.64
6.457254,5.22
6.67708,6.5
6.7577543,8.47
5.773603,5.3
6.1485214,5.77
6.6183295,5.9
6.550069,6.52
7.5613427,5.92
5.0663643,5.02
6.2246337,5.09
6.3947334,8.0
6.9361267,6.26
7.1485376,8.3
7.0985765,5.7
7.1414304,7.47
6.389453,6.43
6.6535697,5.87
6.4942093,6.08
6.6864257,8.09
6.847039,6.18
5.984831,7.43
7.125829,7.11
6.4080257,6.29
6.6514425,5.46
6.2495623,5.72
6.8043356,4.24
6.1829104,6.25
6.5332384,7.66
7.3734803,8.38
7.044504,7.13
7.5399327,9.96
7.4025297,8.0
6.520865,6.6
7.47831,8.05
7.6045036,6.74
7.885623,8.52
5.937511,7.66
6.9681015,8.52
8.186617,8.4
5.84915,9.15
6.982216,7.03
7.707992,7.92
7.558148,8.0
7.92632,8.21
7.6406384,8.59
6.691939,7.68
6.876666,7.7
7.6329517,8.52
8.092742,8.7
7.7441998,8.7
7.9881477,8.4
6.716259,5.21
7.277917,8.7
7.2742767,8.77
6.8046784,6.38
7.6754456,8.55
7.633008,8.7
6.239135,4.74
6.1234303,6.72
7.0219226,6.84
8.174378,8.15
8.112829,8.4
6.773473,7.74
7.07114,7.59
6.2689495,6.28
6.9168406,6.25
6.383916,6.11
6.932853,7.13
7.3371015,6.31
6.7121625,5.74
7.1034627,7.36
6.562701,5.77
6.9783044,7.46
6.995252,7.43
6.505369,6.52
6.3979135,7.21
6.6015787,7.24
7.348234,5.05
6.1899757,5.42
6.366142,7.32
6.3397207,5.7
6.753665,6.0
5.9380317,6.35
7.1481,7.24
7.40772,7.33
5.5409627,4.8
6.0118017,7.0
6.0672507,4.46
6.0319395,5.85
6.7414484,7.29
6.569508,7.14
6.7413106,5.68
6.0195208,5.24
6.6100855,7.17
6.376853,6.05
6.7510805,7.14
6.106384,6.17
6.530694,6.52
6.6777716,7.7
5.740695,5.37
5.1515245,5.67
5.438651,5.37
6.41343,5.33
6.0824623,6.85
8.064238,8.54
7.937375,7.99
7.206949,8.62
7.751521,7.97
8.0763235,8.29
8.432518,8.85
8.369329,6.91
7.8531685,7.43
7.9177766,8.59
8.00239,8.64
5.609756,6.71
5.421239,6.95
5.537755,6.88
6.827196,6.2
6.491541,5.82
6.223654,7.44
7.1528025,6.62
5.406626,9.21
6.2668,5.55
5.8384714,6.35
6.870942,8.4
5.955425,6.21
6.191551,4.41
7.022685,7.52
7.4361005,6.52
6.6096206,5.68
7.5448484,5.8
7.332266,6.88
6.451893,5.69
7.7430444,7.34
6.486681,5.74
7.495312,6.33
6.859114,5.89
6.418692,5.54
6.399336,5.46
5.805826,5.61
6.774563,7.25
6.0629997,5.89
6.949161,6.91
7.374819,7.52
6.4654474,6.96
7.045186,7.57
6.376405,6.57
6.602661,6.63
8.07802,9.49
5.9356933,6.98
7.3536615,6.4
6.8534174,6.0
6.025741,5.28
5.8886976,6.39
6.4676538,6.41
5.6981735,5.8
6.693658,6.98
7.2071176,6.55
7.7272367,6.3
6.305807,2.4
6.7231965,7.41
6.8138046,6.71
6.740919,8.31
6.504695,4.0
7.2254915,8.07
6.1900907,4.66
7.6719675,8.4
6.729452,7.19
7.2072186,5.81
6.5694623,7.35
6.2438097,4.98
7.0700083,7.06
6.9614744,7.21
6.395829,6.63
7.789731,9.27
6.0525384,5.12
7.5524354,8.85
6.3351817,5.16
7.440689,6.58
7.7020216,7.92
6.098731,6.04
6.0445757,9.22
7.2878103,6.5
5.242677,4.6
7.4077244,8.49
6.8478365,7.0
4.934287,5.1
6.4878325,6.19
6.2233677,6.64
7.064926,6.35
7.2776957,8.3
7.23577,8.05
6.9192753,8.29
8.046667,6.99
7.143297,6.69
6.122379,6.31
7.438222,9.57
6.9494214,7.7
6.9905124,8.7
6.684309,5.7
6.9592395,6.3
7.5036087,7.24
5.9388647,6.21
6.678745,6.92
7.10896,5.89
6.2831974,7.22
7.510523,7.32
7.0620584,5.8
7.621099,7.65
6.5177855,5.03
5.9838285,5.22
6.9855814,5.09
6.6416817,6.3
7.9959598,7.99
6.7366543,6.18
6.974094,6.51
7.029631,7.43
6.791825,8.15
6.819737,7.08
6.7246065,5.67
6.859164,6.7
7.9298244,9.99
6.5095577,5.59
6.8903728,6.86
7.689334,7.92
7.4185796,8.52
6.206236,6.3
8.16503,9.3
6.237559,6.77
6.9814014,7.96
6.5377307,7.49
6.622069,7.89
5.1572084,6.0
6.403431,6.85
7.708935,8.3
5.979292,8.7
7.3569856,7.09
7.1534085,6.84
7.581852,6.8
8.363914,7.77
7.4253087,5.42
7.8867645,9.24
6.196498,5.14
6.6845975,7.12
7.2577457,6.28
7.0188994,7.46
6.744388,6.14
6.4982295,6.19
7.1710033,5.92
6.1419168,6.49
6.80573,6.96
6.1830177,5.8
5.9639163,7.07
7.9351482,7.8
6.856002,6.38
7.1992006,8.43
6.4616327,6.91
6.7476163,7.82
7.819785,7.44
5.2289352,4.23
7.098151,5.39
7.04273,6.64
8.073522,9.58
7.4156637,9.3
6.3847847,5.01
6.389079,5.89
5.917451,6.41
7.024451,8.4
7.299845,5.24
6.6945977,7.77
6.5118246,8.11
7.077187,7.6
6.346745,6.05
6.878916,6.19
7.9073477,6.26
7.3925877,7.72
6.3698583,6.37
6.6258225,5.53
6.9752197,5.1
7.918421,8.98
7.240874,9.64
6.879177,9.0
7.6740985,6.71
7.699532,7.52
7.1787825,8.7
5.4059305,5.28
6.498137,5.54
7.19814,6.59
7.044096,5.92
6.722473,8.57
6.4067674,8.26
8.368957,9.54
5.639669,6.28
6.7431703,6.56
6.244504,6.14
6.9149513,6.54
7.321561,4.83
8.175303,6.63
6.861149,7.96
6.732007,7.82
5.6438246,5.7
6.539177,6.16
7.4494934,9.37
7.676948,8.25
6.5473456,6.78
6.953178,6.15
7.189087,9.1
6.791889,7.92
6.2886615,6.94
6.8327727,6.51
7.842148,8.22
6.722384,6.89
5.5773535,6.03
8.041173,7.42
6.831559,6.43
6.506012,7.09
6.5390487,6.94
6.0104127,4.52
7.214425,6.25
7.9070196,5.57
6.5974393,6.7
6.9448876,6.8
7.4185,7.74
6.474271,8.49
7.251806,7.51
6.444139,6.26
6.1931305,5.26
8.368267,8.52
5.824182,6.92
7.4715533,7.17
7.8661876,5.62
7.0192585,7.24
7.6743083,8.05
6.310238,7.3
7.8397036,8.22
6.558233,6.09
7.2446423,7.25
6.9483156,8.33
6.5083485,5.69
6.0321054,6.38
6.6182528,6.33
6.802925,6.56
6.6184745,5.76
6.1213217,5.03
6.9556603,8.22
7.2083235,7.4
6.61252,6.3
8.262018,8.74
6.4401946,6.2
6.759055,6.6
5.6199384,6.9
6.503029,5.4
6.2389765,7.0
6.2150884,5.84
6.041601,5.2
4.515911,4.08
4.561508,6.6
5.7617154,5.6
6.4815807,6.41
6.8938546,5.9
5.1473036,5.0
6.6587596,5.46
6.8171916,6.6
6.248251,7.66
7.279429,7.2
5.9427176,5.45
8.005864,7.87
7.8967776,8.06
8.294397,8.27
5.1930943,5.42
4.7371235,4.72
6.898725,6.95
6.6710553,5.12
6.160239,7.85
5.395816,4.99
6.348568,4.79
6.2204485,5.17
7.2540517,7.55
4.9573503,5.5
4.907675,5.0
5.2005486,4.61
5.1199245,5.81
5.401346,5.34
5.6241646,4.62
5.5042496,5.27
5.5983844,6.36
4.5666313,5.21
5.560876,3.59
6.9738607,6.07
5.1692724,3.74
6.2737494,7.17
5.54208,6.36
4.9787297,4.34
6.775567,7.7
5.2710056,6.0
5.0572886,5.7
6.002114,8.2
6.386761,5.8
6.214571,7.9
5.7579627,5.82
6.3312664,6.6
6.3023615,5.9
5.8283596,6.7
6.2444563,7.08
6.66677,6.4
6.0823064,6.4
7.21064,5.56
5.84463,4.4
5.965963,6.1
7.5326834,8.2
6.7485123,7.36
5.850754,5.6
7.551108,6.7
6.7024903,6.0
5.757124,4.43
5.8750033,2.17
5.4834776,5.97
5.1880093,5.03
4.944594,5.43
6.26552,4.0
7.084381,6.0
8.447433,8.66
8.106083,8.92
8.106871,9.04
7.3836837,8.48
6.7958374,9.15
5.924417,5.3
8.559923,8.56
7.201756,8.7
7.7836256,7.69
6.153965,8.35
6.769891,8.22
6.557961,6.45
7.327282,5.96
8.216569,7.07
9.169148,7.41
8.941441,8.54
7.680355,8.08
6.6858697,5.92
8.329996,7.32
8.458043,7.82
8.230246,8.95
8.74398,8.44
5.943298,6.5
6.131696,5.85
8.8393,9.83
5.1292496,4.74
8.141801,8.92
8.147065,7.51
8.20034,6.72
8.4634495,8.8
7.387612,7.04
7.187004,6.33
9.241086,6.0
6.107986,5.8
8.742348,8.28
7.0993633,7.41
7.5982237,4.0
7.755609,8.69
8.23215,8.74
6.2562943,8.0
8.940142,7.78
8.597544,7.85
7.3009434,5.92
6.8314815,5.5
8.786905,9.22
8.701341,8.8
8.462608,8.97
8.689521,7.41
9.302231,9.4
9.642329,9.05
6.864565,8.41
8.645508,9.05
7.99427,6.65
6.7678657,6.93
9.109673,9.15
9.840489,9.09
7.5082283,8.17
8.838221,6.79
8.089238,8.01
9.059589,10.84
9.48123,10.25
9.609025,9.3
8.078513,9.14
8.814593,8.6
6.2273884,4.93
7.7770414,8.24
9.604584,6.14
8.513966,7.17
8.126887,6.45
7.403626,9.52
8.420116,7.39
9.344329,8.19
7.7094574,6.84
6.3585696,4.43
9.453529,8.06
6.9266524,8.7
8.410125,7.04
5.7406645,5.31
7.605958,7.49
8.243232,9.22
6.5994244,5.18
8.475899,8.09
7.8908854,8.7
6.6509356,7.75
7.813074,8.32
8.972661,7.87
8.160762,7.6
6.6530766,8.27
8.550199,8.45
8.636808,8.35
5.7061257,5.2
7.0896974,9.05
8.261157,6.35
6.69611,7.95
9.360245,6.0
8.01326,9.07
5.0067854,4.43
5.3050327,5.52
6.4900455,5.97
4.4520454,5.23
6.226586,6.79
6.4455857,5.32
6.091628,5.92
5.8529215,7.64
6.1765966,5.3
6.452911,8.2
6.725699,5.27
6.4021482,5.94
6.174513,6.89
5.767329,7.6
6.5079823,6.72
5.642805,7.15
5.830093,6.34
8.132114,9.15
6.0331907,7.64
8.100142,8.15
5.4657784,5.92
6.4570446,6.11
5.631455,7.3
8.213144,8.15
5.3355227,7.54
5.599098,5.72
5.197347,4.72
6.4986134,7.24
5.9899535,4.48
5.9002094,6.44
8.656223,8.17
6.578127,7.3
6.296809,6.99
5.255473,7.46
6.5582404,5.36
7.255737,8.57
5.760865,5.24
6.5529785,5.54
6.9676576,6.2
4.998831,5.82
6.995333,3.83
5.602422,4.49
5.861309,6.7
6.135625,6.2
5.9317408,6.37
4.7750263,4.7
7.0726976,6.64
6.8623157,5.8
5.5099654,6.5
5.8251166,5.4
6.3627324,6.15
7.0152836,5.82
5.494094,5.4
7.3503103,6.34
6.093559,3.41
6.752565,6.43
6.8088017,6.56
7.811838,6.47
6.030051,6.15
7.0837145,5.4
5.1509686,5.17
5.1517305,2.36
6.1660914,5.27
6.8154936,4.48
5.6719384,6.37
6.1766014,6.14
4.706373,2.47
6.286529,4.62
6.2281756,6.07
6.1798077,4.23
4.237946,3.85
6.171583,4.83
6.9925423,6.1
7.610162,7.19
7.246434,5.52
5.9300065,5.0
7.5366693,6.74
6.367706,6.28
6.2122087,4.63
5.6964207,6.8
5.068166,9.92
7.140983,8.48
6.721896,5.12
6.8781185,7.84
6.992647,8.38
5.882393,4.48
5.6584525,4.69
6.453477,6.07
5.6578836,7.74
6.5430546,5.32
6.5993524,5.22
6.0588126,6.04
5.338169,7.25
7.274397,5.72
6.265341,7.6
6.9669533,5.94
4.7793617,5.14
7.4515224,6.34
5.449409,5.7
5.68042,6.0
6.288603,7.0
5.3104606,5.42
6.4304266,6.0
5.624583,6.08
6.5871644,6.92
5.1390185,5.3
6.1501064,6.7
5.7116475,6.0
5.81785,6.24
6.192342,10.27
6.5963874,7.14
6.029613,5.02
6.0468693,6.82
5.8558955,3.13
5.969503,4.8
5.4109244,5.37
7.6055746,8.62
6.370883,5.43
6.756475,6.7
6.8188415,8.52
7.358245,5.49
7.255101,5.94
7.073554,7.7
7.2170057,6.56
7.0761704,8.15
6.8663335,8.7
6.827663,6.78
6.7012258,7.22
7.260737,8.4
7.574497,8.82
6.551534,6.03
7.3364472,7.68
6.4918737,6.74
5.939304,6.61
6.5618553,5.54
7.0380588,5.61
6.440121,6.39
6.5115566,6.8
7.81586,8.77
6.6913495,6.89
6.93378,6.64
7.3352733,7.7
7.132066,7.51
6.8357253,8.22
5.6698008,5.21
5.407185,5.03
8.294804,9.21
7.275764,8.0
8.440309,9.7
6.654494,6.41
6.2124085,7.5
5.2605777,4.25
7.6523423,5.44
5.921025,6.2
6.5545354,6.5
4.7500124,5.4
7.120622,6.66
6.0549364,7.5
7.4874244,5.3
6.855709,7.2
5.8315835,5.77
5.081321,5.66
6.804117,5.43
5.9904003,7.0
6.779045,5.8
5.566738,5.6
6.825873,5.6
5.3134685,6.3
6.7007475,4.89
5.731202,5.6
4.2259245,6.06
6.95495,6.68
6.286401,6.02
7.549236,8.52
4.955946,3.92
6.528717,8.44
6.569706,6.19
6.3230405,6.32
5.905528,5.7
6.330659,7.22
6.509755,8.09
5.9622536,7.53
5.840413,5.0
6.062038,5.38
6.086941,5.89
5.918098,7.11
4.675189,5.89
4.049799,4.18
5.584378,6.13
5.792994,6.55
6.3196206,6.57
5.062764,4.73
4.6038857,4.68
4.683318,4.63
6.920563,4.14
6.188262,4.66
5.270981,4.32
6.0597525,5.51
5.9811645,5.89
5.886918,4.6
4.7842197,10.89
6.4430833,11.47
6.5283103,7.39
7.1287923,7.23
6.6463947,7.85
4.824755,4.95
4.0319834,4.19
4.907859,4.47
6.301578,3.97
5.0726366,4.52
6.768214,4.13
4.589445,5.31
4.903524,4.33
4.9861755,4.18
4.8513184,4.14
4.584916,4.41
4.107031,4.37
4.3084984,4.39
4.590172,4.18
5.3968353,4.4
3.8366382,4.27
4.764551,4.95
3.8286493,3.97
3.7253425,4.57
5.154103,6.31
4.494685,4.23
4.5578175,4.59
6.0248184,5.5
6.594492,5.2
6.178991,6.2
6.474824,7.0
6.4139314,6.0
5.7207556,5.4
6.3028145,5.8
7.979976,6.9
7.0813413,7.89
6.954632,5.29
6.441078,6.15
7.2117004,9.0
5.1782837,5.86
5.570718,5.08
5.8631353,5.19
6.296826,4.6
7.2073274,6.86
7.4444246,7.03
6.030264,8.01
6.9317193,5.41
7.6873913,8.22
6.654774,6.94
6.935053,7.89
6.8749633,6.82
7.050727,7.41
7.535611,7.96
6.503093,6.33
5.6277456,5.28
6.0415015,5.8
6.4213643,6.44
7.9152107,7.84
6.404105,9.59
7.672368,7.21
8.070421,9.4
7.4470477,4.52
8.638576,9.4
7.8566475,8.06
6.8819084,7.36
6.0288205,6.82
6.791423,8.3
7.639603,7.3
6.752938,4.91
6.185353,7.28
6.207763,5.07
7.258405,6.84
6.828001,7.86
6.520369,5.6
7.589512,7.82
8.384987,8.68
6.9372625,7.5
8.8233795,8.1
7.727843,5.92
7.515873,7.52
6.9897804,6.85
6.6395893,7.03
7.049947,7.95
6.0615616,8.07
7.8789086,8.31
6.7800674,7.85
6.993224,7.4
6.8721657,6.24
6.578831,5.2
8.776201,8.18
6.435794,8.58
7.1328206,8.51
8.344604,8.6
7.146276,7.61
6.8860173,6.4
6.5276737,7.9
6.897596,7.4
6.3013515,7.14
7.544556,8.11
7.3745675,6.6
6.3161707,6.46
7.1155357,8.06
6.1161537,7.84
7.810253,8.9
6.9526734,6.1
6.21996,4.62
8.146071,5.7
5.9695144,6.2
4.7622633,4.8
5.459291,5.6
6.1861887,6.3
5.0008364,5.5
6.360621,6.38
7.541419,6.52
6.1677923,5.62
7.5774364,6.8
7.260464,5.65
5.399748,7.31
7.246989,7.37
7.2894554,7.15
6.394559,6.85
6.8877525,7.57
7.61212,7.46
5.884935,2.6
4.727646,4.31
7.1140985,6.74
7.105152,6.59
7.5983105,7.05
7.4117527,6.41
7.5628605,5.71
6.2680855,7.3
5.67553,4.63
5.3971562,6.2
6.9647083,5.5
5.801303,7.2
4.875858,4.5
7.270408,7.18
6.4418974,4.0
6.184915,6.19
6.899983,6.29
6.42965,7.62
6.155497,7.3
6.3164935,5.74
6.3748236,6.15
6.591887,6.64
6.2525444,6.8
6.248495,6.28
6.753293,9.17
5.453291,6.44
7.2500844,5.08
6.512503,6.0
7.1940455,5.0
6.0846357,6.4
7.235826,6.0
6.6536636,7.46
4.8047,7.01
6.4050903,5.28
6.6994333,5.48
5.652798,5.6
5.376907,5.42
5.401477,2.97
5.274109,3.17
7.7546263,7.8
6.362031,7.6
5.96122,5.48
6.8675947,8.46
5.1156526,5.12
5.354829,6.15
7.5024176,7.8
6.5588894,10.42
7.790258,7.28
4.608676,6.0
5.7420487,7.82
6.904345,9.3
5.620046,5.1
5.9321995,4.58
5.5563974,6.12
5.0761223,4.25
4.667266,5.65
5.2121115,6.88
6.8147984,7.58
5.6090536,4.53
3.88042,3.91
5.4010468,5.27
5.415161,6.34
4.777536,5.45
7.140458,7.3
5.3625,5.1
4.9176273,5.1
5.2259674,5.9
6.5423293,6.35
6.2542543,5.14
5.823028,6.6
7.00577,4.68
4.7268124,4.8
5.6210084,6.09
6.048552,9.39
6.64309,5.4
5.5509863,5.68
6.311425,6.72
5.837966,6.91
5.3922105,7.47
5.7479105,4.83
5.8715587,6.02
5.5685034,4.42
5.9723506,5.6
7.3525534,6.77
6.617221,6.8
6.4867344,7.6
7.444105,6.06
6.3042865,7.17
7.898138,6.85
6.027306,4.57
6.703556,6.94
8.3743105,7.77
5.2902102,4.1
5.364024,4.77
8.293954,7.28
5.407741,6.33
5.130002,4.26
6.057559,4.84
6.845972,7.14
5.5422544,7.08
5.8345222,4.88
7.203728,4.77
6.118308,6.42
5.331423,4.68
6.1286287,6.35
6.9819345,7.2
6.745827,6.48
6.403451,7.92
5.6031365,7.01
5.5247984,3.84
6.447768,5.01
5.186053,5.17
7.1013737,5.68
7.9956403,7.0
5.56472,4.42
6.9541683,4.74
5.844372,6.45
6.3958316,7.4
5.281226,5.9
6.235211,6.3
5.4529524,6.2
5.8415437,5.5
6.623778,7.7
6.529427,7.1
6.117873,6.03
7.145558,7.2
5.849703,5.3
6.435398,5.93
5.9641294,6.4
6.6055903,7.5
6.1704044,5.6
6.0167155,6.0
5.8222227,4.43
7.0129704,5.8
4.830492,7.1
5.383976,4.63
4.775984,6.3
6.3742104,6.5
5.8170457,5.28
6.8050528,5.4
5.9761295,6.6
6.4177012,7.6
6.391649,7.21
5.9682345,4.89
5.869232,7.1
6.788821,6.19
6.731005,6.3
5.954444,5.8
6.4402423,7.7
6.209047,5.2
5.610221,5.1
7.3371935,7.6
7.6417847,8.1
6.2637215,7.09
5.3382483,4.6
7.209582,8.3
6.737745,6.45
6.6747694,6.5
5.614433,6.7
5.303261,6.3
5.143093,5.3
9.304489,8.52
6.0755954,5.6
6.0901356,6.2
9.022698,8.7
5.48427,5.43
7.8132353,7.92
5.7458572,5.5
6.5585184,6.2
7.4557543,5.6
5.7121305,6.24
6.2626896,5.74
6.7504544,7.49
6.9617763,5.8
8.3425865,7.74
7.2053037,6.5
9.279814,8.0
6.95456,9.0
5.586217,5.48
6.2543592,6.6
9.024733,8.92
8.366656,5.93
8.377136,8.7
8.042191,8.1
6.490266,6.4
5.8291388,7.0
8.626493,8.22
6.2572284,6.9
6.2890725,6.4
8.359025,9.89
6.122729,6.51
6.871189,7.59
7.3974447,7.4
7.01568,7.8
6.4411163,7.59
4.5989246,4.49
4.181737,3.57
7.028095,7.44
6.216709,7.39
7.698474,5.96
6.9653296,6.05
6.386408,8.0
5.9570894,7.8
6.803009,5.68
6.3748727,5.49
6.035386,7.1
7.0599613,7.77
7.3439703,6.09
6.9529023,7.96
7.120004,7.85
8.1001625,7.17
6.895856,6.23
6.6250925,5.5
5.6559687,7.22
8.306354,8.7
8.374627,9.58
5.852943,5.6
8.566272,7.64
8.073847,9.0
8.029631,9.0
7.07113,8.0
8.118053,8.3
8.298076,8.7
7.54718,7.96
6.249921,5.7
7.6506214,8.7
4.210443,4.2
8.358405,8.4
8.393628,7.49
5.349814,6.1
8.364281,8.4
6.565334,5.2
8.558708,8.3
6.9912305,5.7
7.441102,7.7
8.085788,8.1
6.4744334,6.34
7.7273483,9.0
6.347419,7.71
5.7580366,7.41
6.30673,6.34
4.559737,4.5
8.066116,8.4
8.288214,8.7
8.899711,8.4
7.600772,8.7
4.5286746,4.4
7.9944587,8.3
7.4945407,6.4
8.4431095,9.0
7.8436065,5.46
7.8785233,5.1
7.472351,5.21
7.5578165,7.62
8.434314,7.23
7.239192,7.12
8.027317,6.37
7.137103,6.83
7.3547664,7.48
7.6304445,6.25
8.977347,7.48
7.4344506,5.63
7.9406433,6.34
8.2129135,7.28
6.28716,5.74
7.4464784,6.71
7.5273876,5.84
8.265739,7.09
7.7224417,6.69
8.170435,7.0
6.5172024,6.85
7.868332,8.02
7.051409,5.74
7.0009985,5.57
4.946294,4.93
7.564892,7.74
6.680737,6.14
6.6549554,6.28
6.85492,5.64
7.7408953,7.89
8.186291,6.67
6.6232386,6.16
6.8637934,4.79
5.0183187,5.0
5.7411957,5.83
7.9358034,7.09
4.7280927,4.98
6.4571366,6.57
6.374018,6.6
8.293518,9.12
6.585516,5.4
6.460482,6.29
7.260422,6.43
6.6726117,7.03
7.463808,6.68
7.3219824,7.04
8.083039,7.05
8.384803,9.4
8.098027,7.57
6.1908545,5.86
6.5595236,6.99
7.3658886,6.95
7.4489455,6.55
6.2512417,7.44
6.9808083,7.31
7.367096,6.0
7.9300246,8.89
7.3415213,6.62
7.262782,7.52
5.589264,5.36
7.2593813,7.37
8.301932,9.17
7.5383277,7.5
6.646215,6.1
6.3626447,5.79
6.660767,5.49
7.0688004,5.83
7.03257,8.15
6.741567,7.3
7.745244,8.4
6.6490855,6.67
6.450327,6.98
7.873259,9.0
6.664429,5.14
6.927598,7.11
7.351389,7.89
6.9691153,5.83
7.512094,7.92
6.7328134,7.15
7.432126,6.77
6.6040764,6.35
7.1344595,8.26
8.007893,8.57
6.9839816,7.0
7.883003,7.81
8.119417,7.38
7.6492023,8.57
5.9979153,6.71
8.131304,7.98
5.8600197,6.41
7.4093184,5.68
7.3021855,7.26
8.38549,7.37
7.7055707,7.76
7.4147673,8.4
6.730953,8.7
7.3858914,7.07
7.101954,7.51
8.386935,7.85
7.742359,8.22
7.8327208,7.69
6.0788455,6.98
8.50556,8.97
7.94932,7.89
6.883282,6.49
6.7793846,6.56
7.539458,7.82
7.438855,6.28
8.273667,7.42
6.9635034,5.0
6.235248,6.97
7.3718143,7.74
7.261644,6.39
7.5471406,7.85
4.7494926,5.35
6.8459415,6.47
5.8124914,7.52
7.6036243,7.18
8.92474,6.05
7.870904,8.68
8.809061,9.05
7.4028215,4.92
5.2641807,7.32
6.3631344,6.3
7.322674,7.39
7.359151,6.09
7.6355085,8.17
7.0773163,6.12
7.1391172,7.47
7.313705,7.46
6.8494334,9.15
7.0280676,6.55
7.671233,6.01
7.1108184,6.37
7.9432898,8.0
8.369792,7.54
8.704163,8.3
7.10623,5.75
6.4469323,6.41
7.4567018,8.22
8.042346,7.85
8.052189,7.95
6.8276978,6.71
4.8170714,5.71
6.3918405,6.0
5.243211,8.0
5.9969883,6.3
6.462058,5.82
6.035743,6.92
5.729361,5.29
6.3793883,5.72
6.9633884,8.11
6.8724666,6.57
6.92671,7.48
6.4450912,6.6
5.93727,5.54
6.5748286,6.67
6.41199,5.08
7.253461,7.3
6.620652,6.88
6.138695,7.74
6.9992766,5.8
6.7736144,6.31
7.690814,9.48
7.424927,7.33
6.305123,5.8
7.473036,6.67
6.9305654,7.7
7.4185534,6.52
5.888195,5.66
7.1231823,6.33
5.3915753,4.85
5.56957,5.23
6.9407535,6.68
6.1345353,5.18
8.479596,8.51
6.22209,7.08
7.1808634,7.89
8.110283,6.42
7.6710043,7.68
7.244299,6.26
7.868173,8.93
8.28111,8.82
8.07392,8.47
7.505888,7.75
7.4872108,4.99
7.7575617,8.1
6.6872883,6.47
6.6813545,5.66
6.219457,5.32
7.486897,7.0
8.1322155,7.0
7.399243,8.57
7.476935,6.42
7.6785846,8.18
7.203712,7.14
7.2424693,8.4
7.303506,5.93
7.6303196,7.92
7.8465257,8.3
5.690946,6.7
7.277755,8.7
7.0848503,8.3
7.5063148,7.55
6.708615,7.22
7.5357714,8.36
7.571282,7.42
7.5569267,8.1
6.8718157,7.03
6.1808896,5.6
7.158985,6.0
6.0586343,5.4
6.61658,0.14
8.630895,7.81
6.9528418,5.75
7.5037975,7.22
7.6678333,6.33
6.824543,5.53
6.7973957,7.9
7.4609227,6.66
7.529708,7.89
7.063992,7.5
7.252906,5.35
7.485681,8.41
6.0333476,2.78
5.5824094,3.68
5.128999,5.07
7.498887,5.7
6.3377643,6.1
5.1022606,6.07
7.4069877,8.52
6.463897,9.0
7.749674,6.72
7.1403184,6.99
7.1768317,6.83
6.964721,6.47
5.7863555,6.6
6.3520465,6.5
6.0272274,4.92
6.1435413,5.3
7.1704416,4.92
6.4220247,8.0
5.7461042,4.7
7.363508,6.74
7.3359137,5.96
7.5572844,8.56
7.771472,8.17
6.9740305,6.3
7.1598663,8.52
5.88216,6.35
6.4934926,6.18
7.1422586,7.46
6.6396933,5.56
6.566517,7.0
8.050005,6.62
6.3981757,7.01
6.2239203,6.25
5.9851975,5.7
8.507507,8.46
8.397401,7.07
6.2985597,6.41
6.049159,4.67
6.375643,6.34
6.439668,7.7
6.4055805,5.09
5.420646,5.44
6.7085257,6.63
7.076729,7.31
6.5390925,7.19
6.0991755,6.19
7.835169,8.25
6.8674703,7.06
4.89036,4.32
6.457457,7.39
5.0248494,5.27
8.4984865,8.82
6.8492503,7.0
6.117202,5.32
6.808949,7.72
6.6848373,6.75
7.550215,7.44
6.3039813,5.04
7.7326403,8.32
6.65212,8.38
7.0753236,8.09
5.9931846,5.3
8.094667,7.46
6.488564,7.12
7.205416,8.72
6.567042,5.72
5.4990487,6.0
7.630027,8.15
7.28069,10.4
6.610815,5.5
6.0990863,6.14
8.592521,7.85
6.9662857,6.3
8.355283,8.62
6.6989202,8.3
7.28712,6.0
5.8941913,5.8
7.356369,8.15
7.362767,9.0
7.0968065,8.48
5.9900846,5.8
7.64714,8.18
7.729235,7.3
6.580933,5.89
7.3800797,6.05
7.646591,6.36
7.8872147,7.38
7.4891887,7.37
8.020646,8.38
5.3643017,6.0
5.355568,5.52
6.5802083,7.6
6.469946,6.63
8.080352,6.25
7.756487,7.51
7.7613583,8.21
6.02489,7.85
7.330656,4.6
6.177557,7.21
8.346905,7.8
6.705884,7.64
7.7374,8.42
6.6979113,4.79
5.9895134,6.62
6.116296,6.07
7.1003065,8.26
6.6199965,6.94
7.671414,8.74
7.256227,6.68
6.7847753,7.49
6.005384,6.18
6.9857974,7.15
7.041853,8.2
6.865101,5.3
6.3194304,6.21
6.419437,6.15
4.8316836,4.7
5.5648403,6.54
6.1096487,7.38
6.2544966,6.6
5.6911907,3.08
6.24628,7.1
4.396352,4.92
6.339538,4.22
6.781979,5.79
5.378208,5.21
6.538331,5.17
4.6856823,5.69
5.654209,5.49
6.0444155,5.6
4.998575,5.96
6.326448,4.74
4.802193,3.79
6.8462753,4.89
5.8518243,5.96
5.47899,6.76
6.8456745,5.41
5.7238026,5.29
6.7582145,5.9
6.0818834,6.3
6.5385923,5.67
7.2540355,6.09
5.7521176,5.87
5.917723,5.68
6.101489,5.42
6.037421,6.89
5.8793035,6.05
6.99232,5.2
6.047981,6.08
6.6662526,6.8
6.461055,5.24
6.787684,7.57
7.1264334,7.59
6.7234573,6.39
5.5227885,5.1
6.0147734,6.04
7.0823727,6.58
6.0239635,7.0
6.216806,7.28
7.2683525,7.85
6.7364926,6.24
6.275333,4.84
5.4631543,5.46
6.4937716,6.79
4.8537188,4.76
7.0936904,7.27
6.3678546,6.7
6.332402,7.3
5.6874247,6.52
5.976129,6.6
5.5350204,6.2
5.396915,6.68
6.56344,7.62
6.832634,6.89
7.037154,7.39
5.498906,5.57
6.7548847,5.78
6.404862,6.08
5.591562,4.62
6.8497405,7.16
6.004676,5.79
7.282177,6.78
5.4548903,5.23
6.45445,7.85
5.3097234,5.25
5.942874,5.68
6.755322,8.0
6.5355754,5.51
6.0113482,7.15
6.641527,4.29
7.650742,7.62
7.1270676,8.52
5.9709835,5.63
6.8372335,6.21
7.746466,9.7
4.315216,4.7
6.4366508,5.69
6.728355,9.07
5.907358,6.26
7.2280636,6.47
8.0265875,7.54
5.9447985,5.89
6.4051,6.0
6.38516,7.24
5.344713,5.5
7.1326356,4.69
5.8897014,6.91
6.063156,4.92
6.134779,6.17
6.162714,6.29
6.5853586,8.68
6.327429,5.91
6.0518737,7.48
6.6667075,7.08
6.4937596,5.58
6.4702086,5.23
6.290416,5.31
5.1606402,6.05
5.6213512,4.96
6.1902843,7.34
6.6004105,5.88
6.708953,6.25
6.5301995,5.94
6.295618,4.96
6.527594,7.11
6.494858,6.52
6.6628437,7.22
6.011473,6.72
6.567396,5.7
6.0274754,7.16
6.316444,4.97
5.891245,6.34
6.674516,7.52
6.9735274,8.77
5.768907,5.69
5.732918,5.77
6.9145565,5.62
7.0690846,7.39
7.11649,5.54
7.220635,6.33
6.282739,6.41
6.698918,8.22
6.5512457,6.66
5.188744,4.66
6.441945,6.74
6.774682,5.56
5.3754535,5.41
6.337462,7.23
6.4958925,5.6
6.7537045,7.4
6.6931367,7.08
7.587672,7.08
6.570876,7.64
6.381788,6.72
7.821415,5.41
6.561474,7.2
6.962259,6.0
5.308024,7.4
6.3640165,5.59
5.8093905,6.03
5.9813037,4.99
6.1010237,6.96
5.9613695,6.11
6.85443,7.72
6.6338263,6.42
5.968903,6.05
5.379881,5.46
6.404969,5.54
6.023123,4.9
6.97398,8.0
6.615911,6.07
5.7697206,7.15
6.1043773,5.44
6.2685466,6.32
6.4570804,7.7
7.989944,7.47
6.5711603,5.82
5.6469917,6.69
7.0121136,8.05
5.567031,5.0
6.6655655,5.42
6.6416354,6.9
6.393682,7.28
5.787261,5.59
6.2866545,6.59
7.458769,8.15
5.9888945,5.46
6.2691913,6.68
5.8450565,5.55
7.5520325,7.11
6.0905557,6.53
6.2295074,5.85
6.1266007,6.74
5.3372326,6.41
5.454142,5.14
6.3698063,8.96
6.966461,7.6
6.747775,6.17
5.986061,5.43
6.9349236,6.85
6.838922,6.61
6.435524,6.3
6.0366917,5.04
6.4906306,6.53
5.5667562,5.36
6.4560275,7.02
6.3159733,6.43
6.2484894,4.96
6.0171547,6.05
6.278217,5.89
6.847312,7.52
6.7914457,6.23
6.7432923,6.59
5.613571,7.92
6.3394413,5.59
6.6204233,9.0
6.302748,5.27
7.3622723,7.17
6.16188,4.93
6.1259203,5.06
5.393969,4.49
6.7083397,9.0
5.445097,5.3
6.5957875,5.82
6.788698,6.17
6.079409,5.54
9.102456,8.05
5.1843157,6.52
7.6158047,7.7
5.9170446,6.02
6.049102,7.06
8.415086,8.43
6.329005,6.62
7.6748753,7.64
8.7849455,8.07
7.894122,7.6
6.1194525,6.74
8.247767,7.65
5.973137,8.1
7.8824034,7.84
7.3329115,7.67
5.5123706,6.3
6.735165,4.11
8.877419,10.42
9.181684,11.52
6.1005974,2.15
9.367901,11.52
10.053527,10.0
5.728918,7.67
6.709725,7.3
5.6780925,5.72
10.007432,10.3
5.6437097,0.15
5.9510746,5.0
6.0944185,0.7
5.6652923,10.4
6.1549206,5.08
6.173974,6.1
5.8603864,7.15
7.0809345,7.16
9.24705,10.52
6.783174,7.54
5.5020256,5.26
6.4308267,7.57
6.1369123,8.0
6.340319,5.59
6.4948564,0.85
8.698874,8.55
8.297732,8.54
6.9075184,6.35
7.7453156,9.22
6.801498,7.26
7.2516856,7.44
7.4198413,6.6
7.763097,7.77
6.8399525,5.3
7.33784,9.4
6.490251,5.77
7.9893894,7.2
6.823256,7.47
9.089925,10.3
6.213197,5.63
8.218868,7.51
7.3188233,7.0
7.134865,5.77
6.6166043,8.35
6.5568223,6.71
6.1529336,7.33
9.209842,10.3
7.2017603,7.38
7.4541025,8.15
7.6915627,7.38
6.6762953,7.52
6.958832,6.3
7.188827,8.15
6.272322,7.96
6.439546,6.34
7.364037,8.25
9.368218,10.3
7.3100157,10.3
6.1637206,5.9
6.7808003,6.38
7.8627014,6.24
6.529492,5.81
8.772094,9.3
8.4790535,7.4
7.4614105,6.68
5.8904366,7.6
8.844366,10.3
7.6673584,9.3
6.2459183,6.59
10.418943,10.3
8.10406,9.1
5.888967,5.35
8.397245,8.66
8.739374,7.02
7.175486,8.05
8.443251,10.3
7.645156,11.0
7.266827,6.6
6.9298773,6.64
9.422989,9.3
8.6081915,8.59
7.2529364,9.19
5.899557,5.66
6.8935647,7.14
5.641637,6.96
9.480949,10.3
7.0708303,7.89
6.574351,6.12
5.9138117,4.77
7.8577356,6.8
7.653996,5.9
8.907781,8.55
7.1091413,6.18
7.388172,9.4
6.8786874,8.52
6.722165,6.8
4.9792013,5.06
4.616477,4.82
8.318903,6.7
6.779995,5.95
7.4197335,6.4
5.454213,6.1
6.414029,5.99
8.111763,9.0
9.797739,10.3
5.817196,7.0
5.6279464,8.7
6.9948416,7.51
6.032596,5.46
5.7232556,5.96
7.170801,4.1
7.3390317,9.37
5.828946,3.57
6.333253,5.34
7.1753607,6.48
5.2438116,5.07
4.565853,4.7
5.100936,4.44
7.1356425,6.64
6.7895975,9.06
5.9057984,8.4
6.4003057,7.58
6.546125,6.78
5.992414,5.0
6.873246,5.72
6.5794187,6.18
6.4679956,5.12
6.50799,5.89
6.692974,8.42
6.438511,8.12
6.1929264,8.12
6.4163585,6.72
5.6325865,5.57
7.670682,6.75
6.1260242,7.11
6.052473,6.28
6.7594843,6.42
5.056943,5.85
5.909894,4.81
6.6082544,6.07
7.1456704,7.89
6.483571,8.05
6.169282,5.36
5.029913,5.06
6.3978324,5.12
5.370945,5.24
5.0131335,4.25
6.360328,5.18
6.8620048,4.99
5.966449,5.49
6.6481395,5.56
5.386995,5.32
4.8329744,5.47
6.980319,7.28
5.3756337,5.06
5.9926534,5.8
6.393367,5.76
7.4108815,8.92
5.527755,5.36
5.893712,5.81
5.861755,5.26
6.3194494,7.08
4.82154,5.62
7.0930157,6.13
7.5982027,8.85
6.7203646,6.77
5.9745317,4.29
7.5043817,6.84
7.849554,9.3
5.501273,5.31
6.572574,6.43
6.790244,5.89
6.5234,7.1
5.9778085,5.27
8.175873,5.96
6.2393365,5.46
5.121584,5.7
4.364255,5.76
4.754247,5.71
5.967153,3.89
6.204514,5.8
6.4230075,5.18
5.229127,5.49
6.287526,5.46
5.951666,4.74
6.042328,5.97
5.6964307,4.88
4.7734933,5.04
5.944591,5.67
5.5644817,5.22
6.1863637,5.96
5.323759,6.66
5.732606,5.19
5.9197016,5.61
6.23063,6.96
6.0843678,5.33
5.260928,5.51
7.2403703,5.88
5.593403,5.53
5.3438945,5.69
6.938724,7.51
6.401922,6.65
6.5299864,5.2
5.098759,5.82
5.5470695,4.39
5.8066187,5.97
4.7068405,5.81
7.4137955,4.71
5.7138114,4.32
4.8166356,4.8
4.2651515,2.3
6.1686077,4.96
6.289825,5.9
5.7937384,4.28
5.50161,5.1
6.08131,4.92
4.390888,5.25
7.3894525,8.96
7.937001,4.72
7.9458294,3.93
6.58704,6.6
6.9439354,5.8
6.245117,6.0
6.4539957,5.2
7.589908,5.4
7.1643,7.1
7.372427,5.1
5.9173503,7.49
6.204437,6.47
6.6736946,6.37
6.3192706,6.39
6.234252,5.4
6.148344,6.92
5.968888,6.57
6.6737137,6.27
7.1147532,7.01
6.4057674,5.37
6.345443,6.68
5.911579,5.52
6.554219,3.14
5.706186,4.92
6.2379313,7.77
6.21963,6.6
7.3603516,7.64
5.231389,5.72
7.6203785,8.37
6.812854,7.7
6.2069497,7.12
4.55507,5.24
6.6164584,9.4
4.2560186,4.17
7.6833234,6.4
6.470989,6.8
8.16321,5.24
7.108112,6.7
6.4406857,7.8
6.891084,7.32
7.261966,8.1
6.6166286,6.32
5.852483,6.52
6.3651247,4.56
5.365638,4.66
5.709308,5.3
5.932809,6.7
6.4428134,6.01
6.587428,8.28
6.9095645,7.6
5.995611,4.89
7.340307,7.24
6.397175,6.85
8.951898,8.49
8.13564,7.1
8.0289545,5.11
7.643959,8.17
7.8693495,9.3
6.728611,7.67
6.89264,7.07
7.7026205,5.4
7.7830553,5.7
7.326679,6.09
7.6120453,7.89
6.8344364,7.2
6.775812,6.5
7.599921,7.96
7.963868,8.57
7.5943494,7.28
6.5770993,6.68
8.750247,8.99
7.0948796,6.56
7.7434144,8.39
7.3480215,6.61
6.5760503,8.17
7.263446,7.06
8.915182,9.0
6.7793565,6.4
9.129776,7.81
8.464509,8.59
7.853817,6.7
7.561002,6.9
8.401192,8.15
7.848016,6.8
8.408279,8.68
8.78643,8.74
7.7264395,7.41
7.526783,6.14
8.562012,8.63
8.376306,9.16
8.730953,6.81
6.6432786,5.26
7.7746806,6.37
9.380513,7.74
7.6263633,7.6
7.804821,8.7
6.56182,8.14
8.894523,7.41
9.053527,9.96
8.264991,7.9
8.710858,8.46
6.781028,8.94
7.6264157,8.48
6.6665287,7.01
6.6712346,6.74
7.384304,7.88
8.290837,8.22
6.5880055,5.67
7.42784,7.34
7.5279317,6.42
6.9458046,6.96
8.360037,9.4
7.694107,8.17
9.059218,8.96
8.244355,8.36
6.727505,4.92
9.126554,9.67
7.7362947,8.02
7.398032,8.12
8.958558,8.62
7.0895042,9.44
7.4073977,6.35
7.469989,6.72
7.943984,6.18
6.511219,7.43
8.48613,7.06
7.440987,6.94
7.846373,8.96
8.329352,8.7
6.726642,8.1
8.582964,8.8
7.0577445,6.84
7.7265096,9.67
7.37505,7.67
9.449023,8.44
7.228631,5.8
6.7954125,6.49
6.614643,5.92
8.623468,8.68
7.4625835,6.62
6.500716,7.0
7.0393515,6.6
8.808874,6.37
7.2316766,8.7
8.233387,10.55
9.327135,10.57
6.3947906,7.29
6.111243,5.82
7.790541,6.72
7.6286573,9.2
7.8122797,8.33
7.5253305,7.51
7.0695896,7.48
7.4977527,7.64
5.1995616,6.02
8.162731,7.05
8.606039,6.9
7.2627187,6.75
8.142364,8.8
8.441273,8.05
7.535737,7.35
7.4434834,8.7
8.82309,9.0
6.464195,7.41
5.4260592,6.6
7.8183813,8.66
7.4794655,8.92
6.667975,7.43
7.1182623,9.0
7.1772957,6.02
6.3687696,8.1
7.5215178,5.69
8.097987,8.41
9.143117,9.8
6.7093067,5.68
8.940259,8.9
8.945171,8.22
7.457335,6.99
6.264375,6.59
7.6601443,6.19
7.7251205,6.23
6.630701,7.35
6.2826076,5.17
6.7856374,7.66
8.239409,9.31
7.8891845,8.52
8.078855,8.3
7.849888,7.44
7.2401514,7.8
8.253029,6.35
7.744977,7.35
7.465251,8.22
4.843684,4.69
5.076579,4.62
7.1483307,5.63
7.1759677,4.82
6.355139,6.65
6.9557667,6.62
6.1387224,8.03
6.9690156,5.25
6.187877,7.55
6.7413945,7.17
6.3893757,7.85
5.7347627,6.0
6.7752576,5.52
6.085117,6.82
7.300844,7.68
6.5548635,5.16
6.1552486,4.89
7.3752317,7.7
7.1608324,7.44
6.3686204,5.19
5.233123,5.09
5.3239827,5.8
5.761329,4.17
5.8036904,7.44
6.8908744,6.96
4.8382225,5.74
6.747871,4.05
5.513358,6.3
6.5815783,8.7
6.606342,7.48
5.6570034,5.5
7.347795,6.55
5.1574483,6.65
7.0085526,5.34
6.7679834,7.13
7.112888,7.89
5.227272,5.59
6.435871,5.59
6.958776,6.16
8.846413,7.23
7.477115,6.67
5.18764,6.19
7.6456184,6.96
6.955386,5.27
5.938414,6.6
6.655512,6.06
7.610643,6.64
5.662416,6.26
6.640828,6.54
6.33964,6.43
5.794903,6.14
7.5474195,7.3
6.94342,6.68
5.874819,6.4
6.3442345,7.0
6.08114,7.45
6.2298484,7.24
7.3186417,6.34
6.7164283,7.9
6.029548,5.82
7.056832,6.92
6.077188,7.0
5.9004154,6.01
6.2806125,7.1
5.8757777,5.73
6.7061205,7.32
6.474794,7.66
4.529887,4.29
7.5336695,8.18
7.0547895,7.7
6.960322,7.72
6.212573,5.36
7.9290614,8.36
6.249703,5.24
6.9692783,5.05
7.048147,6.64
8.068489,5.36
6.983883,6.96
7.1628065,7.82
6.5208216,5.7
7.3483524,7.96
7.1345773,5.03
6.141437,5.8
6.5813813,6.19
6.43499,7.33
6.6325264,6.4
6.182859,5.64
7.2238626,7.4
7.0133357,7.4
7.24372,7.06
7.1823816,7.6
7.337959,4.29
6.2567306,6.77
6.810061,5.53
7.367372,7.22
6.807866,7.6
7.4985666,7.9
6.4177094,5.79
7.196969,5.48
7.178374,7.9
6.8510833,6.4
4.8707933,4.55
5.3886237,4.27
4.9585176,5.44
4.2115445,4.87
5.6536546,3.19
7.6064587,5.71
7.2373085,7.16
7.971323,7.43
7.0590243,5.72
6.357336,4.76
6.653688,4.75
6.334881,4.64
4.4505568,4.64
6.202051,5.48
6.165662,5.8
5.0614934,4.65
5.3187323,6.37
5.9972024,3.96
5.870888,6.33
5.1787167,4.83
6.560177,6.77
4.979298,5.54
5.617415,3.59
5.485903,4.67
6.5010185,8.74
4.836752,3.85
5.4123063,7.14
5.4606447,4.31
5.661976,6.59
5.7459245,5.04
5.807112,5.26
6.1942697,4.0
4.6782136,3.52
4.3861856,5.24
5.100897,4.11
5.0821934,4.77
5.587264,5.26
6.2415233,6.5
5.7205577,4.81
5.788033,4.31
4.623043,4.7
6.469236,7.17
5.9179173,5.33
6.467415,6.23
4.78354,4.24
4.728856,4.47
6.388646,6.3
6.0147705,3.0
5.273426,4.57
5.947266,7.37
5.307112,4.75
4.6553984,4.66
5.391182,4.74
6.3081927,6.44
5.945198,7.0
4.307621,2.28
7.408187,5.97
5.6837482,7.28
5.1735687,4.34
4.5459437,4.24
5.0181184,4.41
7.5492706,8.01
5.4865127,5.7
6.403365,5.09
6.590391,7.4
6.618635,5.82
6.798343,5.31
5.221975,4.91
4.796093,4.85
7.2542987,5.77
6.1292663,6.28
5.4426327,5.92
6.190136,6.4
6.0946846,4.39
5.1311207,4.3
6.184595,7.59
5.962059,7.0
4.8653035,5.74
5.2887564,5.74
5.1095695,4.85
5.592241,7.92
4.080059,5.2
5.407896,6.7
5.3074512,5.18
6.0719085,7.92
5.22567,4.74
4.1529884,6.3
5.0282817,5.43
5.447654,4.59
5.19115,4.82
4.7929945,2.3
5.2729607,4.22
6.4745903,8.0
5.088976,6.22
6.267012,5.51
5.4476185,6.4
5.4476366,4.02
5.2604156,5.46
5.5176487,7.12
4.869553,4.54
5.546201,6.82
6.1607127,6.89
5.06981,6.23
7.8888817,6.13
7.03519,5.6
7.160545,7.27
5.1646743,4.6
6.504371,5.4
5.8636813,5.8
6.61893,5.4
6.2184377,5.8
7.218335,6.07
7.1224375,8.06
6.525543,6.75
7.1612635,5.78
6.822041,7.05
6.1785116,5.4
6.630749,5.42
6.508185,5.6
5.39554,5.45
8.301163,8.01
8.609417,7.66
8.732629,8.89
5.4139376,6.3
6.7736993,7.13
6.352142,7.08
8.292401,8.03
7.087113,7.11
7.245721,6.75
5.228769,7.8
6.728577,5.5
7.4076014,7.01
7.436187,7.12
4.9943547,5.32
7.349596,6.4
7.4879117,8.15
5.925662,5.7
5.699704,6.49
8.180901,8.46
5.947692,4.73
7.870294,8.96
8.368887,8.02
8.075777,5.51
8.262642,8.19
8.117469,7.7
6.3639016,7.38
8.549621,9.1
6.413474,7.3
5.932962,5.37
5.872507,8.1
5.63151,5.4
8.167169,7.57
6.724374,6.54
8.713925,7.24
7.4589486,5.57
5.641236,6.61
6.8567157,6.71
5.8491716,7.04
6.6655703,6.42
8.717213,7.59
7.876325,7.89
8.716506,7.43
6.9351816,6.8
7.7444477,7.55
8.335172,7.66
8.607791,8.36
6.15658,7.89
6.2849936,6.1
6.874424,7.54
6.375974,6.3
7.8238664,4.66
6.988289,6.77
7.987603,8.64
5.3542857,6.6
7.6306677,8.06
5.133357,6.4
3.9166882,5.05
4.7465763,5.92
4.9171576,7.01
4.6415844,3.92
5.2661066,6.01
5.530988,6.17
5.4674397,3.11
5.77539,5.05
4.9475727,6.29
4.6018877,3.72
5.2404428,4.28
5.07964,4.43
4.979659,6.05
6.226644,6.83
4.8452435,4.11
5.17926,5.75
5.4579935,5.59
5.267495,4.12
5.8286853,4.97
4.053609,6.15
4.8105345,4.98
5.032259,4.37
6.8471465,6.1
5.5265346,7.24
5.5042915,6.44
7.4835863,7.51
6.2078314,5.69
5.811422,5.68
6.0355897,7.39
7.2376328,7.7
7.971629,8.11
7.1892896,7.05
7.743708,7.01
5.734884,6.97
7.7815776,7.4
7.5036416,6.36
6.393794,7.86
8.003235,7.66
7.4288025,7.72
5.8316073,5.55
4.425667,7.92
6.4868107,8.44
6.056694,8.1
6.9251122,7.7
7.4997973,7.7
6.714824,5.53
7.3494196,8.7
7.847732,7.54
7.9334607,6.81
9.214725,9.42
6.3547564,6.84
8.086697,8.98
7.3110785,7.49
8.520668,8.7
8.111792,6.74
8.456482,6.28
8.15732,8.4
9.01696,9.52
6.127123,6.9
8.4893875,4.66
8.3112135,8.52
9.129686,9.33
8.6053295,7.31
8.402586,7.92
6.635348,5.0
8.881669,9.24
5.949969,5.9
8.753157,7.71
8.542862,8.4
9.066992,8.05
6.6624494,6.61
6.8618026,6.19
6.8748684,5.62
6.1899004,6.85
8.078057,7.31
7.6431875,7.85
7.4821897,7.72
8.568706,9.24
7.970001,6.07
8.544485,10.3
6.681672,6.32
8.520365,8.83
9.247803,9.22
7.317086,7.49
8.552044,6.83
7.095516,7.27
7.4876933,7.46
7.664594,7.46
6.376352,5.9
7.3091125,5.62
8.412229,8.13
7.130019,6.82
8.4568205,9.15
8.868105,9.4
7.575981,7.12
8.318726,7.86
8.398857,8.52
8.298534,8.52
7.736393,8.43
6.8338366,6.62
9.284299,8.52
6.9381375,5.0
7.3713284,6.16
6.2107625,7.04
7.902861,8.33
6.629497,6.92
8.7349615,6.88
8.071448,8.48
9.019768,8.79
9.167508,10.22
8.732194,8.32
8.64851,8.76
8.677775,9.0
7.159582,7.07
8.305931,8.4
7.311162,6.19
9.018468,10.1
7.0925784,6.44
8.093891,7.51
7.452511,6.62
9.068163,8.6
7.184749,7.19
5.357805,4.82
5.0811067,5.47
6.08298,5.6
6.276717,5.2
6.8889856,5.48
7.129086,7.08
5.5414896,3.54
6.8169317,7.64
5.127936,5.7
6.1363397,6.49
6.2275085,6.68
6.725833,6.57
5.7769012,3.4
5.4409018,5.47
6.890671,6.42
6.3731112,5.52
5.4888105,4.85
6.390353,7.4
6.699323,5.4
7.630203,8.85
4.1943455,4.88
7.161072,7.44
6.8562164,6.3
5.584844,6.3
5.69946,6.3
6.3211346,6.0
6.2904496,7.68
6.4252048,7.0
5.3445888,4.89
5.601911,5.52
6.927691,6.0
6.092308,7.38
6.625003,9.6
6.885822,9.34
5.915157,6.18
6.4596643,8.13
5.2237396,6.5
4.3917522,6.6
7.3009753,7.7
6.310269,5.28
5.3978305,4.88
6.06698,5.38
6.6324196,4.25
5.4649725,6.68
5.267431,4.57
4.688226,5.42
5.002219,6.4
6.101831,5.39
5.100435,7.77
4.6761646,6.52
6.071938,6.02
6.025064,4.99
6.4013314,5.24
5.66685,5.44
4.972768,4.0
6.1824803,5.52
5.775099,4.51
6.098058,7.32
6.2380686,6.12
5.6864786,4.56
6.161579,6.89
6.5389223,5.76
6.0268364,5.1
4.7469335,4.54
7.640319,7.92
6.9686995,6.0
5.7641206,6.9
6.3979454,7.9
6.3118296,7.1
7.1520085,8.5
7.649939,6.2
7.258545,6.11
5.964509,5.01
6.929529,6.36
7.8547926,7.3
6.7591743,6.1
7.4515686,5.64
6.7171507,7.99
6.3949347,7.3
6.560759,5.24
6.514378,5.0
5.9674497,8.04
6.6680484,5.91
7.381842,7.89
5.9385343,6.09
6.18104,7.36
5.3414435,5.42
7.471475,8.01
4.153781,4.1
7.128094,7.72
5.5171285,5.77
3.9549406,4.01
3.1319537,2.6
4.0673847,4.09
5.8140497,4.14
5.313817,3.38
7.8315034,7.62
7.2620187,8.4
6.3783445,7.27
7.773893,7.62
5.372489,6.01
7.4654894,6.8
7.641288,6.75
7.116979,7.35
6.885194,6.9
7.6382513,8.46
8.110722,9.0
5.8474574,6.72
7.034902,6.03
7.354054,7.8
8.017374,8.49
6.9139566,6.24
7.0657916,7.55
7.7953577,7.01
8.272414,8.85
7.512387,6.52
7.2707253,5.49
7.300365,7.13
7.456201,6.5
7.856827,7.74
6.7923203,8.43
7.560436,8.38
7.600512,7.39
7.5346537,6.24
7.6200776,6.52
6.639723,8.07
7.7208714,7.77
7.4511714,7.8
6.5875926,6.82
7.356584,7.98
6.564779,7.49
7.335637,7.72
6.9077897,5.88
7.586508,8.05
6.663669,5.6
7.569034,7.32
8.133775,7.89
7.3830304,9.0
7.122138,6.84
7.0451045,6.54
7.6755238,9.0
7.7132382,8.24
7.528222,8.64
7.391635,6.49
8.119688,6.76
6.984825,7.14
7.490138,7.68
7.3514504,8.15
7.5792146,8.3
8.58486,5.92
7.3662624,7.92
6.926669,6.33
7.716909,7.62
6.8552036,7.03
7.3443313,8.52
8.579396,7.24
7.758032,6.96
6.933293,7.7
7.2924147,6.08
6.8954153,7.49
6.0499825,5.96
6.9283996,6.68
7.290416,8.15
6.9433627,11.28
7.0162582,6.51
6.4729924,5.48
7.9331255,7.08
6.869357,6.43
6.216711,5.77
5.9283667,6.7
6.100924,6.2
5.8294964,6.4
5.809813,6.9
6.513438,6.0
5.8991995,5.5
6.127772,5.7
6.525352,5.3
6.080046,6.3
6.6079245,6.9
6.3795333,6.52
5.608445,6.0
6.762146,7.1
6.1247535,6.0
6.199358,6.7
7.1464925,6.59
6.544177,5.5
7.135916,6.9
6.1881256,6.0
6.2790585,5.8
6.573145,6.55
7.7113276,8.0
8.264068,8.38
6.917864,5.9
8.212105,8.38
6.342342,7.0
8.169815,8.09
8.559859,8.6
8.003585,8.48
7.2371554,7.82
8.312544,7.74
8.430621,8.59
4.985598,5.8
6.6315355,5.8
8.372408,9.22
7.888596,7.8
8.242376,7.96
8.258354,8.54
8.234846,8.77
6.0202475,5.77
7.0955076,5.29
6.1630445,5.95
8.2270775,7.77
8.438573,7.52
8.269379,7.77
6.621781,6.31
6.8281093,6.13
8.032616,7.03
6.780292,9.17
6.2398977,8.04
5.950628,6.5
6.405325,5.55
8.722227,8.47
5.961276,7.7
6.4229407,5.84
5.316613,5.07
7.915686,6.99
7.0770655,7.59
4.234829,5.07
5.6508274,5.05
6.4710627,6.76
5.7180333,7.02
7.183475,6.3
6.70663,6.37
6.7815,6.58
6.9755173,8.15
5.966501,7.68
7.16233,8.3
7.1799536,7.89
7.041764,6.51
5.8174963,5.84
7.710754,6.89
6.4425354,5.46
5.9376826,6.85
6.458082,7.96
6.5738935,5.69
7.66481,9.08
6.4652667,6.8
7.0256085,5.82
6.342976,6.89
7.1090164,7.29
8.018712,7.7
7.3130283,8.7
8.055827,8.28
8.447819,8.16
5.628044,4.34
7.53852,8.7
9.148727,8.72
7.604169,8.0
8.973259,7.31
6.131517,6.3
6.4861627,4.96
7.835688,8.7
5.9851346,6.0
7.0764327,7.1
8.74448,9.3
7.274876,8.7
7.044063,7.7
6.9772105,8.1
4.524211,4.12
7.613329,8.0
8.4088,9.52
7.4613957,6.9
5.1559353,3.7
7.8015337,8.35
6.494765,8.4
8.155406,6.22
5.3028145,4.54
5.413888,4.64
5.497304,4.19
7.8760653,8.52
6.0843325,8.0
6.5493865,5.02
5.8974123,5.73
7.734474,8.7
7.476771,4.89
6.4690495,7.66
5.536229,8.0
6.4814806,5.92
6.7476764,7.68
6.601391,6.35
7.19623,6.94
6.285678,6.85
7.7549467,8.0
8.291849,8.0
8.161922,8.0
8.150795,8.0
6.963064,5.11
6.669046,6.1
6.390729,6.66
7.023204,5.85
6.20031,8.3
6.349123,5.39
6.5967274,5.8
5.684345,5.73
6.12504,6.38
6.2195377,5.95
5.9987645,5.97
6.463493,5.88
8.023968,7.59
6.7965565,5.64
7.6318107,5.79
5.978693,6.16
6.155976,6.08
7.258257,7.59
7.2721615,6.44
6.126806,6.13
5.5817456,5.93
6.005646,5.3
7.60567,7.96
6.7979403,5.33
7.2106247,7.19
7.3452573,6.26
7.759136,5.6
7.3144135,8.08
5.016183,4.64
7.319457,6.07
6.4521093,5.1
7.241193,5.47
5.142984,5.5
7.214652,7.17
7.1366644,7.15
7.534448,5.69
6.4305005,6.75
7.4795575,6.41
8.307409,7.22
5.886406,7.8
6.504733,6.81
6.694612,6.96
7.927462,7.11
6.912512,6.47
8.24603,8.3
6.7240787,6.22
7.1744814,6.0
7.2220516,7.96
7.713147,9.0
8.02586,8.85
7.9948573,8.05
7.8609543,9.16
8.284512,8.46
7.4793973,8.68
6.37831,8.03
4.918043,4.54
5.5679407,5.15
5.900688,4.48
5.4318023,4.89
5.496487,6.64
5.225897,7.17
5.6153636,8.51
5.0621853,4.53
4.816572,7.72
5.9629807,7.31
5.297659,7.22
6.5121975,6.8
6.1510973,7.07
6.9141183,5.42
5.9261928,5.66
6.80305,6.27
6.203707,7.44
5.8386455,6.85
5.7219477,6.92
6.850804,8.96
5.8114643,6.52
6.1563754,7.48
7.093071,9.03
5.7222543,7.85
5.9969716,5.39
4.8519998,5.2
5.5877967,6.46
5.7904935,4.97
6.7612104,4.92
6.9670563,7.8
6.0015745,5.36
5.4444838,6.08
7.4986134,7.01
4.826951,5.66
6.7878118,7.7
6.162847,5.54
5.167943,4.77
6.95621,6.92
7.7840614,9.0
5.222139,7.11
5.5257454,4.92
9.327967,10.0
5.5822783,4.96
5.2157717,5.77
5.921961,6.43
7.550225,6.28
8.852347,10.0
8.172445,7.72
6.724566,8.82
6.64097,8.3
5.5705037,5.99
7.1977596,8.1
6.492507,5.94
7.0941534,6.74
6.4471183,7.6
7.8296595,6.74
6.1783547,5.21
8.19692,8.37
6.55942,6.52
6.7100496,7.6
6.6398983,5.2
7.7681837,7.6
6.6307673,6.47
7.5415745,8.7
5.674946,8.78
6.715061,6.22
6.7897925,6.57
7.9668064,6.96
6.0832148,6.46
7.319179,7.17
4.7384624,4.9
7.507683,7.54
4.7140493,6.68
6.219645,5.6
7.7462673,8.89
7.7845316,7.25
6.9341445,9.4
6.3835564,8.17
7.109615,5.29
7.4381003,8.1
7.714083,8.3
6.5600896,5.8
6.997185,8.1
6.6301804,6.06
7.4351597,7.96
6.8825574,7.7
5.5737886,6.3
5.8193684,7.09
7.649486,8.52
6.259174,7.48
6.8790364,9.29
7.9060454,7.96
6.477563,5.6
7.3972826,8.15
6.1595163,7.85
7.449031,7.55
7.635967,8.52
7.4709067,9.25
7.300741,7.79
8.773428,9.1
6.029193,8.55
7.491029,5.73
6.9795694,7.33
8.345669,8.48
7.2192917,6.38
6.306981,7.72
5.759602,7.52
6.8391733,5.9
6.2078776,7.09
6.297546,5.39
7.6866913,6.4
6.6074724,5.4
6.6110744,6.0
7.6776066,8.34
7.6479177,7.89
6.374001,6.8
6.7258544,8.3
5.5614963,4.8
4.915479,8.28
5.934197,4.94
6.0257673,6.28
5.9455733,5.02
6.236278,6.95
4.7602673,2.85
5.83242,5.77
5.383953,5.94
5.2252994,3.15
5.027237,5.0
6.1502733,7.15
7.019098,7.79
6.7280536,6.5
7.255963,8.72
6.7896023,7.78
6.5243206,7.64
6.110236,6.35
6.867314,8.54
6.4651384,4.41
5.2399764,4.17
4.8997793,4.07
5.3605647,5.52
5.4870415,5.37
7.8083014,8.77
6.763126,5.35
6.4315743,4.22
6.324418,4.36
6.079893,7.49
6.3333893,4.49
5.8057475,4.1
6.2599974,4.57
4.864547,4.46
4.9269886,5.37
5.2549944,4.74
5.1271596,4.6
7.538116,8.15
5.8292065,4.3
6.5204525,4.94
4.418739,4.27
5.9055214,4.59
5.939988,4.31
7.282572,4.6
5.929644,4.25
5.843221,4.65
6.6726956,6.15
7.837542,8.85
6.37366,4.35
5.7396703,4.74
6.7803283,8.32
6.0393806,4.84
5.328419,3.8
5.514276,4.66
6.4661226,5.94
6.619924,7.7
6.1885457,5.94
6.6196947,5.29
6.5212154,5.33
6.692155,6.54
7.152923,8.62
6.693931,6.82
6.7566724,6.43
5.3439646,5.47
5.3653374,4.96
7.4649515,6.45
7.021747,6.41
7.140099,6.04
5.5158033,4.99
6.2806473,5.36
7.102639,4.68
6.059146,6.77
5.6384115,5.81
6.386032,6.07
5.371202,6.1
6.984393,5.73
6.6235123,6.29
4.6959963,6.02
7.682489,7.18
7.3327394,4.88
5.1726995,5.19
5.164747,5.32
5.0217404,4.03
6.4248,6.7
6.8892555,6.77
6.4682574,7.59
7.373131,5.6
6.2328053,5.19
6.732634,5.72
6.9047365,6.89
7.132501,5.28
4.6889668,5.73
6.7735324,4.82
5.8649426,6.9
7.201738,7.75
6.9678354,8.35
5.8012085,6.02
6.0527806,6.16
7.06328,6.05
5.481409,5.58
5.877609,5.79
6.0717764,5.51
4.6078563,4.29
7.0142326,9.3
6.0289207,4.48
5.306986,5.78
5.519129,6.05
4.6591024,6.16
5.741618,6.68
6.5416894,4.68
8.260193,7.06
4.541512,4.52
4.4756308,4.74
6.0147905,4.0
5.884547,4.0
7.350254,7.29
7.8402786,6.98
5.6683726,8.02
5.1054244,5.4
5.177559,6.02
5.4210367,6.81
5.405661,4.56
7.3388743,5.84
5.6547728,6.7
5.418479,3.73
5.959029,7.23
5.587121,7.37
6.7392287,8.52
8.282093,6.18
6.0881023,3.2
6.227522,4.37
5.2276654,6.74
6.8348956,6.53
7.1392345,6.85
6.5516925,9.3
5.047559,4.11
5.334089,6.04
4.6254325,5.07
5.5727253,6.24
4.8890834,3.64
7.190256,6.68
4.480275,3.0
5.646353,4.36
5.2944083,5.74
5.732852,6.7
5.740796,7.12
5.135241,3.0
6.67068,5.77
7.8809295,8.4
4.852954,4.69
5.9823947,4.55
5.1853065,2.92
6.3199997,5.51
6.7839856,6.55
5.8501983,6.16
7.2770643,6.45
5.25093,5.66
5.4353747,6.61
8.216287,6.24
7.423725,7.38
5.0526066,4.69
5.4513607,7.16
6.028347,5.8
5.935525,7.01
5.1690397,5.28
5.5038033,5.72
5.525888,4.42
6.6667213,4.2
5.264522,5.11
5.4812555,3.94
5.705859,4.01
7.1106663,3.29
7.715779,8.35
4.9108205,6.24
7.1228848,5.39
5.8370724,6.85
6.825162,6.35
6.2164364,5.92
6.574153,6.99
5.486618,5.28
6.826792,6.92
6.684334,6.85
6.5607677,6.09
6.3532457,5.58
6.7678337,6.66
5.9500537,6.52
5.890371,9.22
6.4264555,4.85
6.4401155,5.89
7.0161014,5.12
3.7053316,4.55
3.888136,3.65
5.6665497,4.67
5.2307773,3.82
4.2037444,5.64
5.229841,5.04
5.642462,2.19
4.31649,3.76
4.1950006,4.85
4.3405123,4.9
4.1413765,3.46
5.0903544,4.86
6.11203,4.69
4.483326,3.76
3.8133895,5.05
5.738752,5.05
4.27709,4.99
6.7715864,6.1
5.5589437,5.6
5.9786844,5.3
6.606728,6.64
6.170033,6.1
6.3852363,5.2
6.3678894,5.9
6.6635165,4.52
7.801349,7.3
7.3747406,5.4
7.362135,6.3
6.9296417,7.35
7.588605,5.68
5.9611807,5.44
6.3903785,4.84
7.3621593,7.46
7.923202,8.3
7.7557435,6.4
8.175585,7.54
6.326029,7.8
6.4367,5.77
8.002359,7.28
6.9762287,6.1
6.0576615,6.92
6.1667266,5.22
5.47206,5.08
6.9143405,7.4
6.1261683,7.19
5.9125104,5.66
6.101866,5.7
7.801731,6.15
8.913153,7.72
7.288823,7.09
5.3688345,5.46
6.7710757,6.0
5.462587,5.4
7.0264516,7.52
6.20509,5.75
6.631551,4.9
7.0485334,6.66
6.709678,5.38
6.9515996,5.76
6.7617316,7.77
4.905029,4.7
6.589904,8.3
8.932194,9.0
7.94395,7.15
7.331251,7.1
6.6495523,6.4
6.586002,8.4
6.57859,5.6
6.4501286,6.83
8.051081,8.13
9.25713,7.72
7.512114,8.0
9.282355,9.48
7.171153,7.64
6.8087363,7.72
8.019179,9.0
8.239339,9.59
7.8586564,9.03
6.4989967,5.5
6.955202,5.54
6.909055,6.24
7.2689342,7.84
6.176536,6.25
6.8323517,6.89
5.2778907,5.4
7.2567863,5.8
7.6820517,6.61
6.659428,5.12
5.8736715,5.37
6.417349,6.71
7.5802727,7.54
7.0646224,6.31
6.885696,5.22
7.040854,8.0
7.5813932,7.96
6.300726,6.23
7.3340707,5.61
6.7192335,6.83
6.8202715,9.18
7.434801,7.35
7.290311,6.15
7.057876,6.45
6.5365734,8.17
7.8076944,7.71
4.9147105,4.3
7.744813,9.33
6.6801953,7.5
6.884941,7.43
6.8919325,7.41
6.3204913,5.4
6.7492676,4.12
7.131882,6.91
7.8558645,6.57
6.4694586,5.57
7.254838,6.8
6.6014824,7.6
7.334265,8.22
6.708048,8.05
7.526584,6.85
6.858598,7.26
6.352681,6.22
7.4884305,8.3
6.5668697,5.66
6.7472253,8.4
7.831809,7.6
7.8574114,7.12
6.7478895,6.01
7.3900075,8.11
7.5314813,7.4
6.0061064,7.21
5.5674157,4.9
7.0258155,6.02
6.8166523,8.05
7.389538,8.3
7.1096163,7.24
6.7131643,8.15
6.4675007,7.28
6.6974387,5.77
7.8874826,7.82
4.7834597,5.1
6.2394123,6.34
6.7196493,7.8
8.189455,9.0
7.904086,8.0
7.1828537,5.03
6.2587337,6.59
7.466458,6.11
5.3046675,4.92
5.7983127,4.39
6.3295608,4.32
5.4359107,5.39
5.1369386,4.47
6.2169485,4.41
5.578859,3.97
7.9541893,6.0
7.2095194,8.0
7.2436776,8.0
6.310508,7.0
7.9439473,6.0
7.511484,8.0
7.345288,7.0
7.892719,6.0
7.3704233,8.0
8.870267,8.0
6.921814,8.0
8.25665,6.0
5.881574,8.36
5.696093,5.07
6.346334,4.71
6.630306,6.32
6.689525,6.0
5.7022133,5.4
6.3840756,5.07
6.128428,5.7
5.6427784,5.92
5.4443808,4.05
5.4668345,3.28
4.8318334,4.5
5.547303,5.46
5.987536,7.44
4.759829,6.79
7.0045023,5.0
7.071473,8.0
6.7465863,7.0
5.636704,5.82
6.9832788,6.0
6.81288,6.0
7.4453616,7.0
7.338259,7.0
7.1754656,7.38
6.038987,6.0
6.44387,6.22
6.390416,6.0
6.7740326,7.0
6.6690106,7.0
6.8024096,8.0
5.7839475,5.77
6.618415,6.0
6.881722,2.08
5.872722,4.85
5.578648,6.6
5.5553803,4.0
5.158742,5.66
5.9210587,6.1
7.650964,7.74
5.486306,4.61
6.1200094,7.14
7.0744886,7.0
6.2531214,6.57
6.622818,5.3
7.2355695,7.37
5.4975443,4.88
7.0913687,7.54
5.579362,6.02
4.838905,4.77
6.6139135,6.33
7.6262083,7.28
6.865635,5.09
6.544885,6.64
7.349281,9.95
7.1455684,7.6
5.7254605,7.85
6.0813875,6.19
5.679446,5.11
5.067858,4.87
5.076286,4.0
4.905493,4.92
5.4766417,4.35
5.532488,4.87
5.389541,5.65
4.818139,3.72
4.7688284,4.06
6.822491,6.25
5.2636914,10.82
4.6023903,2.75
6.966173,6.55
7.4291644,7.6
6.7484565,3.73
7.153196,6.34
5.95254,2.29
7.7459717,8.35
6.2331896,5.1
5.641278,6.1
5.114449,5.24
7.004505,6.17
6.442819,6.66
7.2967644,6.04
6.7306886,6.96
5.92332,4.96
6.272044,6.68
7.027978,6.92
5.97246,6.05
7.341357,6.96
7.617159,6.87
6.072878,6.33
6.6112595,5.41
6.827677,7.14
6.5785284,6.89
6.2362995,6.06
6.7255645,6.12
6.5243516,7.55
6.422988,7.13
6.333568,8.3
6.8811817,6.53
6.331788,5.38
6.961563,5.42
6.478544,6.84
6.4772577,5.92
7.52849,6.28
5.8948083,6.08
6.756734,5.82
7.4309173,8.42
6.898868,7.74
6.875959,6.37
6.766697,7.66
7.0360436,7.74
7.2938123,8.33
6.725707,5.0
6.799291,7.47
6.9259186,6.3
7.248539,8.09
6.849191,8.1
6.2018547,7.96
7.328678,7.21
6.073886,8.22
6.1289463,7.4
6.4045134,6.9
6.399443,7.15
6.175552,7.52
6.7397847,6.72
7.388788,7.3
6.4425592,7.92
6.431949,5.77
6.9686027,8.9
7.333515,8.06
6.630063,7.36
5.6503086,6.03
6.47388,5.0
6.534634,7.25
6.255717,5.73
7.1190677,6.92
6.78163,6.35
5.741247,7.02
6.420273,6.26
7.2367034,9.05
7.3733683,7.28
7.454129,6.9
8.500552,8.22
6.6753945,6.88
6.3377986,8.33
6.364964,6.79
6.5150127,6.24
7.3082705,8.85
6.2912197,6.92
6.5286403,5.69
5.82642,5.42
7.2015543,9.1
6.392484,6.37
7.2823634,8.15
6.8767343,7.41
6.3392897,6.2
7.1988664,6.73
6.559829,5.05
6.770892,5.7
6.8408427,6.13
6.0670085,5.06
5.455932,6.1
7.027782,6.05
6.854187,7.82
6.3945007,7.3
7.065921,8.14
6.797256,6.48
6.269243,5.0
6.591941,8.52
7.1652956,7.72
6.569721,5.0
6.1358624,6.52
6.3559284,7.55
6.2194266,6.46
6.847352,6.66
6.805357,6.59
7.3027735,5.74
5.9371915,6.63
8.122105,9.0
6.1973023,5.47
6.6839113,7.05
6.6681223,5.3
7.7366495,8.1
7.3661547,6.66
6.6710515,5.98
6.110505,9.1
7.2472057,7.36
6.533588,5.87
7.6721406,8.85
5.499959,4.31
5.8632407,4.43
5.1530175,4.8
6.404249,5.01
5.0990543,4.17
6.222116,7.22
5.6382704,6.77
5.661215,5.18
5.1702228,4.47
4.649849,4.3
6.360772,4.85
5.1203194,4.28
6.1275897,4.52
5.702913,4.14
5.5760264,5.27
4.7579203,5.32
5.0728483,4.08
6.6910567,7.52
9.107727,9.66
6.4151235,7.13
5.946085,4.91
6.7133536,8.05
6.5643525,6.49
8.183892,7.12
8.018152,7.18
6.84827,5.49
5.4584093,5.7
6.7179737,9.0
7.5217834,7.57
7.3754673,8.4
7.2249646,6.05
7.3245096,5.15
7.3708563,7.6
6.085188,6.9
6.3409824,6.25
9.067283,7.11
7.9177284,5.99
6.0766087,5.46
7.364191,4.08
6.836573,8.3
5.8264427,4.75
5.18136,3.47
5.9662647,6.31
4.393445,4.14
5.164691,3.7
5.073381,4.92
5.391246,4.36
4.3848753,4.46
4.9097323,3.28
5.0932617,3.94
3.6367042,4.02
5.5238323,4.24
5.7512593,5.11
5.6833086,6.92
4.928551,4.32
5.5933437,4.72
5.4325714,4.41
5.718444,4.85
5.856863,5.18
4.798655,6.12
5.1516542,4.96
4.99839,5.15
5.1698165,5.64
5.1599407,5.05
5.2407017,4.16
6.2881904,4.14
5.210434,6.7
4.442949,4.41
4.9609265,4.92
5.198243,4.38
4.881878,5.48
5.611622,4.89
5.0835433,6.04
4.6550875,5.02
5.2763004,5.42
6.318303,4.74
4.3921843,4.55
5.470275,5.14
5.823697,4.86
5.925745,5.95
4.97663,4.42
6.2409835,8.91
4.853589,4.44
4.922945,4.15
4.171651,4.7
4.791929,6.35
5.709095,4.88
5.3013086,6.27
5.8362255,6.08
5.072317,6.01
5.052928,5.59
4.43338,4.81
5.7822895,5.59
5.512815,6.11
5.8517103,8.0
7.044854,7.36
6.552119,5.09
6.698187,6.82
8.2529335,7.3
6.496324,7.72
6.0623574,5.85
7.431435,7.8
6.651659,6.19
7.366237,7.52
6.120334,4.22
6.967225,7.64
6.8670225,5.49
6.2688584,5.57
8.979687,7.21
7.451701,6.51
4.81935,4.52
7.359576,7.28
7.00496,7.27
6.3794537,6.37
7.745195,6.44
7.0943604,6.59
6.910352,7.82
6.8631988,5.57
7.0903573,7.33
6.221518,6.05
6.980346,6.86
4.350934,6.52
7.107829,6.6
7.4778066,7.72
6.2545843,6.16
6.6669197,6.37
6.187184,5.44
6.836553,8.47
7.905282,9.15
7.4800677,7.69
7.301145,6.89
6.435433,6.48
4.9731994,4.29
5.7461615,5.8
6.03434,7.05
7.3795185,6.28
7.5838423,7.42
6.860099,5.12
7.0518937,5.5
6.4730353,6.12
5.8786626,6.47
7.6393185,8.44
8.489205,7.42
5.5625153,4.83
6.4329,6.63
8.417729,8.54
6.7225356,8.7
6.834715,7.1
6.9567738,6.14
6.5419455,6.47
7.0125265,6.7
7.324215,7.25
8.096235,7.49
7.3950963,6.49
6.5887327,5.38
6.9436173,6.16
7.231326,7.38
6.7286544,7.17
7.851498,7.61
7.603529,5.11
8.232613,8.96
5.5649776,5.25
6.8031654,5.15
7.511607,6.21
6.1366425,5.74
7.2731514,3.87
5.092097,5.03
6.1353917,6.05
8.267048,7.21
5.198556,5.4
7.154564,7.85
8.142799,7.13
6.649646,6.47
6.0244265,4.0
7.002302,6.71
6.1134157,7.46
5.4467907,5.27
6.5283155,6.17
7.4098277,7.92
7.7766423,8.21
6.746603,4.82
6.50983,7.15
6.0650644,6.35
6.980507,6.74
7.080164,6.4
7.6308002,8.21
7.967277,7.52
6.712941,7.28
6.3068557,7.52
6.6979465,6.66
6.6523256,6.61
5.713528,4.95
6.7193,4.34
6.44139,6.24
5.9243946,5.73
6.18798,6.98
5.6362686,5.77
7.472577,5.85
7.8898587,7.27
5.7381787,5.74
6.3097034,4.72
7.6266546,6.32
4.76278,4.99
6.4706583,7.4
6.031188,6.4
6.311651,6.74
5.105153,4.7
7.2672315,8.52
7.314623,5.96
6.32522,7.51
8.287945,7.49
4.6261253,3.51
7.0562334,7.6
5.692079,5.67
7.0667295,6.96
7.4062448,6.16
6.9496183,6.49
6.1711226,7.23
7.051638,5.85
5.4637494,4.0
7.408395,6.41
6.1996875,5.23
7.0203304,4.92
8.062277,8.62
6.3133326,6.13
7.4968405,6.98
6.555975,5.3
8.238491,8.96
7.8122377,7.32
5.2018175,5.68
8.261648,7.92
8.142946,7.88
7.602722,8.22
6.4043493,7.59
6.344199,5.68
7.492283,6.9
5.1893377,4.89
6.3892016,6.27
7.440568,8.1
6.9549475,7.82
7.6864314,8.57
7.7868004,7.07
5.997342,5.76
5.6714854,4.81
6.769761,7.22
7.857107,7.11
7.9820256,7.94
6.700281,4.65
6.2062244,5.23
6.922915,6.38
6.694411,7.56
8.301438,8.1
8.568665,8.7
7.030844,6.73
4.892479,2.85
7.8503804,6.69
6.514815,3.43
5.262087,5.8
7.1252947,6.38
8.237742,8.59
7.8065796,7.96
8.111947,8.4
5.6972733,7.25
5.2439537,4.32
6.859664,6.4
5.9722047,5.96
6.277238,7.96
5.430548,4.74
8.150222,7.77
7.150473,8.16
5.146668,5.57
6.9670377,5.48
7.325447,8.02
6.127961,8.22
5.389905,4.94
5.9780054,5.08
8.419508,7.54
7.1491203,8.17
7.7907352,7.55
6.7165375,5.3
6.868586,5.72
7.995588,7.02
5.4521756,5.29
6.9052362,6.95
7.639152,7.06
6.867523,7.1
6.487912,6.48
8.17336,8.64
7.660892,8.14
6.8525033,4.65
5.921569,4.69
6.7005115,5.28
6.6564407,5.1
6.2583313,6.43
6.021184,6.09
6.3335257,3.66
5.994088,6.06
5.1376133,6.97
7.7116957,7.58
6.186636,6.31
5.4366493,4.0
7.755835,8.02
7.2800126,6.47
8.224531,8.11
7.9320545,7.72
7.5346394,6.74
6.491593,5.28
5.753303,5.1
7.816555,7.3
6.390515,6.89
6.569568,6.77
7.0337367,6.57
8.064608,7.43
4.7904,5.28
8.334339,8.51
6.7168293,8.0
8.054121,7.64
6.908025,7.31
6.408573,7.6
6.4045973,5.4
6.207824,6.02
6.283509,5.97
5.9339523,5.89
6.2894855,5.4
5.837163,6.1
6.4684873,7.19
5.8513713,4.77
5.560315,5.55
6.6025825,6.57
6.4183316,6.17
6.796529,6.61
6.530486,7.28
7.1713758,7.51
6.269763,6.42
7.1871276,6.9
6.8139052,6.0
5.832626,6.59
6.597012,6.98
7.3974986,6.14
6.1649404,7.24
5.8869243,5.96
6.0375905,6.64
6.112729,5.65
6.4941554,7.31
6.459926,7.19
6.7057223,7.05
7.4469824,7.8
5.9864216,6.92
7.5621333,5.82
6.4783025,7.31
7.1419444,6.74
6.3193064,4.87
6.3801703,6.92
6.507631,6.95
6.4609027,5.64
6.1759624,7.01
6.4180493,6.94
5.2517877,6.61
6.405722,6.74
6.7647085,6.96
6.550897,6.33
6.251796,7.4
7.0293975,6.93
6.6226563,6.46
6.5198226,6.88
6.4930344,7.02
6.9170213,6.66
5.961483,6.17
6.0583158,5.79
7.04883,6.24
6.430351,7.64
6.209662,6.7
6.201294,6.39
6.9525905,6.6
6.9056253,5.77
6.1218767,5.56
6.774711,6.58
5.8970337,5.89
6.543052,7.02
6.362687,6.76
6.49843,6.66
6.9349546,7.26
6.660195,6.89
6.4303417,6.33
5.984915,5.88
6.712436,6.74
6.7638383,6.44
6.452561,6.24
6.5471807,5.68
6.3035502,6.45
6.9519315,6.99
6.595846,6.55
6.5927706,8.0
6.1008406,6.33
6.6021895,6.76
6.3302116,5.55
6.572345,6.13
6.5157537,6.41
6.104637,5.62
6.3234835,6.41
6.6420336,6.91
6.8623257,6.54
6.9481454,7.4
6.9870267,6.21
6.247853,4.81
6.8149557,6.17
7.7312965,8.0
6.186125,6.67
5.7667055,6.27
7.051156,8.36
7.1408963,6.76
6.4050355,6.01
6.054958,5.62
6.6049237,6.63
5.153826,6.43
6.7469764,9.91
5.2251077,4.59
6.165691,4.85
6.2449956,5.97
6.5671396,5.83
6.599961,7.96
5.729521,7.52
5.5729322,5.14
6.152023,6.7
7.123693,11.4
4.682327,7.02
6.24496,6.76
5.725953,6.6
4.4816294,3.19
6.471713,4.89
6.1447,6.46
5.373521,6.64
7.1875916,5.96
7.001971,6.01
5.9402666,3.77
6.233434,7.52
6.777339,6.43
5.020581,5.46
5.1288786,4.7
5.5201526,5.89
5.1535873,4.96
5.1264935,4.64
5.1116023,5.89
5.320302,4.15
3.9080615,4.18
6.9944253,4.56
5.4169707,5.0
5.879361,3.91
5.2336383,5.26
6.3674955,5.45
6.17426,5.32
5.8302803,6.76
5.966794,6.08
6.640608,5.7
5.3153925,5.24
5.89785,5.7
6.360882,5.85
7.499568,8.28
5.5724654,5.24
6.122209,5.94
5.9958344,6.22
6.5873213,6.28
5.374173,5.51
7.5700865,6.14
7.891995,8.23
6.446009,5.27
8.268025,8.47
5.7551565,6.41
7.1809287,6.32
7.7679687,6.78
5.7074475,6.34
5.103175,3.89
5.696776,6.39
5.710376,5.84
6.171761,6.49
7.6921153,7.12
7.5186663,8.22
6.292434,6.17
5.8505926,6.95
6.7570276,7.26
7.389973,8.19
5.9487233,5.07
5.8679986,7.64
5.911587,5.21
7.2809567,9.02
5.828596,5.13
7.2430787,6.52
7.225918,7.0
6.508096,5.52
6.314716,5.52
7.0016394,6.0
5.896797,5.52
5.776408,6.0
6.125949,5.52
6.3169637,5.52
5.5624504,6.0
6.802875,5.52
5.5373325,5.52
7.0111685,7.0
6.235508,5.52
5.1836567,3.18
6.7704906,4.56
5.754583,4.74
6.167053,5.42
5.2112656,6.04
5.3683953,4.87
6.8571434,5.63
6.1789126,4.96
6.588022,7.9
6.5914116,6.17
6.1127815,6.32
6.2124343,7.89
5.3096805,6.4
6.2876477,7.92
6.0980744,8.56
7.43699,8.74
6.41231,8.0
5.073105,4.69
5.822419,5.13
6.5935817,6.0
5.951891,8.43
6.901299,6.92
6.344632,8.25
6.214133,2.73
7.866905,7.55
6.705589,7.8
6.595669,7.21
5.857487,6.2
7.604308,5.7
6.415708,5.2
6.6869693,6.66
5.5296645,5.8
6.35357,6.16
6.956418,7.74
7.212898,7.01
7.1798773,5.88
6.111011,5.8
5.3133574,5.5
6.645482,5.3
6.1514955,5.9
6.0823355,5.2
6.5539284,5.6
6.786318,5.62
6.8806944,6.44
6.720314,5.3
6.7071776,5.7
7.226823,6.69
6.8162923,5.74
7.590256,5.3
7.980259,9.52
7.0527377,8.4
7.3540106,7.72
7.2849455,6.66
7.2487226,5.37
5.9300003,7.2
7.5194936,9.7
6.3836074,6.14
5.4031224,4.7
7.3515997,5.8
6.314185,6.9
5.5310597,5.7
7.0539255,8.0
7.2496157,7.92
7.0640726,7.44
5.862879,4.7
5.261984,8.77
6.1194105,5.5
6.545182,5.9
5.9237957,6.89
7.8275237,7.98
7.1484995,6.6
8.249534,4.99
7.8641787,4.6
7.067924,7.1
6.7332,6.21
6.13877,5.12
6.7180014,6.19
8.384233,6.59
7.273487,5.74
7.0483932,5.72
5.4517956,5.12
6.442299,5.32
4.479965,2.85
5.107067,6.3
5.7960687,5.77
7.0938163,8.22
4.843293,4.71
6.614941,5.62
5.3355865,5.16
5.6785393,5.36
3.5868614,3.22
4.0395956,2.3
5.1639256,2.85
4.0065107,4.02
5.331704,4.77
6.581892,8.15
5.6499805,6.49
7.753297,7.79
6.905024,8.4
7.3058696,7.63
6.8808484,6.96
8.697476,7.91
6.3069425,5.13
7.1648912,5.88
6.4601665,9.0
8.339944,8.21
6.4896193,7.85
6.916295,7.59
8.518771,8.85
7.0792704,8.4
5.6365633,5.3
6.1494017,5.64
5.230538,4.41
6.224902,5.85
6.412495,7.31
6.737644,5.42
7.201086,9.24
7.653404,7.7
5.085261,9.7
7.4319897,7.34
6.3694553,5.64
5.8042483,5.29
6.090178,5.68
6.664707,4.72
5.4169188,7.54
6.1252656,6.9
4.6383724,7.54
6.2282825,6.94
4.0805955,4.4
5.9520016,7.42
5.4365335,5.33
4.9140406,3.72
6.70543,7.93
6.9563317,4.52
6.1144195,7.06
7.430776,7.68
7.4804006,6.92
6.7063494,9.55
7.1824236,7.24
6.6842294,8.17
7.8303833,7.68
8.961429,9.2
5.1491594,5.35
7.190744,6.21
6.8183155,4.6
5.953193,7.05
5.857344,5.36
9.634224,9.28
8.579632,8.4
6.351335,5.62
6.581959,5.36
8.906082,9.64
5.210645,6.92
8.226016,9.43
6.1049633,6.05
7.134142,7.6
7.9868155,7.4
8.236974,9.3
9.3012085,10.0
8.268255,6.38
5.5870147,5.74
8.85629,8.77
5.5646243,5.08
6.557731,7.42
7.827201,9.15
8.816521,9.0
6.241018,5.77
5.8494077,5.28
6.9332333,8.8
5.0491333,2.29
4.5943346,7.3
6.7271223,8.22
8.498971,9.89
5.197774,5.64
7.410704,7.48
7.212429,6.39
8.847603,9.68
6.680628,6.05
8.57353,7.09
8.412074,7.82
9.097223,9.91
6.9990983,7.6
6.655769,6.85
5.40421,9.6
6.544344,5.0
6.941737,5.83
9.611431,9.1
5.346856,5.82
7.421372,7.54
5.6274576,6.22
7.4351187,7.27
8.4852295,8.4
8.174151,8.4
8.433125,7.77
4.986393,4.6
6.224087,5.38
7.569274,8.92
5.6838517,4.8
9.162764,10.0
7.047017,6.7
8.002312,9.35
8.574451,7.55
6.090452,4.72
5.929548,5.81
6.090288,5.77
8.318171,5.91
8.485226,8.52
6.2011514,5.35
5.1941686,6.03
8.836803,9.96
5.118827,5.25
9.296507,9.72
5.4940886,6.3
4.9095764,5.0
5.749254,4.54
5.4718037,5.38
7.144739,6.7
6.2609205,8.3
4.4151382,6.0
5.825729,7.49
6.221541,6.41
5.6860137,6.05
6.1998043,6.62
6.172002,5.68
5.9851556,4.49
5.5193806,4.57
5.186895,6.15
4.096461,4.77
6.8100214,4.57
7.180963,6.98
5.491869,5.64
7.195464,6.18
5.9022384,6.17
6.678132,6.04
8.0105,9.35
6.5611053,9.14
5.0363107,4.37
5.2845917,5.08
8.116353,8.04
6.008575,5.92
7.8616123,5.94
7.491266,7.68
7.3505983,7.57
8.225988,7.94
7.2178054,8.66
6.6715846,8.3
7.0400376,8.08
5.931635,6.42
7.6381254,8.4
8.092488,5.97
7.8900695,6.76
6.8047366,6.18
8.40412,7.85
7.819371,7.73
6.614474,8.05
6.402799,8.51
8.265115,8.6
7.4711943,7.44
8.056636,5.85
7.7277484,8.19
7.118033,6.68
7.7873607,8.92
7.936866,7.17
6.6905856,6.94
7.595447,8.59
8.425442,7.71
8.079585,7.52
7.8891034,7.62
5.290205,7.46
6.4599285,6.13
8.215668,8.43
7.688695,7.52
7.559453,8.38
7.500966,7.49
8.007526,8.41
8.913291,7.29
7.1299424,7.19
7.558728,8.4
7.8527656,9.22
7.7718124,7.83
8.216929,8.55
7.556407,7.23
8.841423,8.85
8.256032,8.11
8.126095,6.13
8.562693,8.57
7.380148,9.05
7.9518228,8.11
7.5577283,7.44
6.471661,5.64
7.9031763,8.11
7.077344,7.58
7.801234,9.22
7.8966217,8.4
6.95596,5.5
6.8211436,8.4
7.0528274,8.33
8.92785,7.81
8.402831,9.15
8.017029,8.01
7.2214513,7.46
8.541565,8.99
6.5314393,6.6
7.988498,7.57
7.822406,7.16
8.535812,8.43
7.8160257,6.26
8.153396,7.38
6.3374896,8.89
6.474363,7.92
7.006225,6.06
7.847054,6.25
8.357536,8.44
9.035448,8.47
7.5371594,8.92
7.7693315,6.02
7.7094727,8.0
7.630112,8.4
7.761518,7.96
7.083273,6.51
7.3556757,5.6
7.4698815,6.98
7.777952,6.51
6.9901567,5.28
6.1872277,5.96
6.4111304,6.2
6.7638903,7.33
6.5719204,7.33
6.0672665,5.7
7.1915216,7.89
7.5454817,7.03
6.6460295,6.12
5.3852444,5.89
6.1519265,4.95
5.654356,5.11
6.468432,5.12
5.695303,6.9
5.318173,5.5
5.42263,4.71
5.3853197,5.3
6.4855394,6.89
6.72038,5.7
5.974401,6.52
6.844316,7.59
5.4593124,7.3
6.7352934,6.23
6.2342386,6.43
7.6822977,5.8
7.6122665,6.21
6.4805274,6.73
6.2027717,6.55
5.485612,6.11
6.469707,6.45
6.3250656,6.44
7.042846,7.4
6.6148777,7.37
5.974291,5.23
6.558311,6.97
6.243287,7.85
6.2158484,5.0
6.6516614,7.28
6.5421305,5.21
7.092143,6.84
6.442747,7.14
6.40276,7.52
7.084198,7.59
6.812735,9.4
6.5935984,6.41
6.678105,6.64
7.307973,8.15
7.0455365,6.89
6.532386,6.08
7.3722334,7.34
6.4379992,5.46
6.752508,7.13
6.3762536,7.44
7.200842,7.19
6.7851224,5.39
6.5180254,6.44
6.428745,7.09
6.399642,5.89
6.2902946,6.75
6.280247,6.49
6.4075904,6.59
5.1541677,5.0
8.214997,8.74
6.9558816,8.0
7.4832754,5.93
7.1107535,7.62
6.482975,7.64
6.94995,6.25
7.0626836,6.06
5.5338306,7.36
5.58399,6.03
6.6154356,7.48
6.7815523,5.7
6.716391,7.46
6.421991,6.61
6.398799,5.9
5.8756495,6.19
5.3673186,4.69
6.136848,5.19
8.026292,9.0
6.352622,6.21
6.78629,8.52
7.4779563,5.78
6.8101034,5.8
5.5622582,5.76
7.948208,6.6
6.269809,5.05
7.054522,7.7
6.543886,5.99
6.0700655,6.1
6.728006,7.32
6.9600067,7.64
7.1604953,5.68
7.250258,6.56
6.649954,6.54
6.7614684,6.18
8.235019,8.09
5.9879074,5.93
6.8365197,5.73
5.721203,5.1
6.3907943,8.05
6.714557,6.17
7.0818505,6.78
6.847883,8.1
7.1962585,7.26
6.7283096,6.13
6.9284225,7.4
6.9189277,5.02
6.8504686,7.64
7.2088003,7.17
6.5315676,5.77
6.4234533,8.3
6.424805,5.0
6.4438763,6.16
6.547097,5.42
6.9309072,7.68
6.0493345,5.75
5.9104843,6.16
7.1060467,7.85
7.0259247,9.15
6.709285,6.74
6.90263,6.36
6.8003364,6.64
5.8509736,8.0
6.598888,6.1
7.2909017,6.8
6.3105726,5.53
7.302473,7.07
6.9509172,6.79
6.6021442,6.67
7.9341288,8.24
6.269751,6.0
6.957504,6.88
6.41409,5.37
6.4087167,5.56
5.7275643,5.15
6.722543,5.32
5.3892016,5.55
6.5558963,5.5
6.1341662,6.2
6.2241335,5.6
6.273878,6.15
6.8574142,6.63
6.8336544,5.82
7.3291507,9.3
7.5189977,7.52
7.1510863,6.48
5.631123,5.0
7.4374456,7.89
6.8019123,5.91
7.1734858,6.28
5.8900113,5.47
6.6779633,5.06
8.450652,8.49
7.056389,6.51
6.940419,8.7
6.2808075,6.23
5.766483,4.52
4.7360063,5.51
4.7755694,4.9
6.430263,3.44
5.7231956,3.66
6.4164433,5.26
6.452907,7.67
7.36169,6.88
7.0085173,5.69
7.14937,6.5
7.7397156,8.26
8.57635,8.57
7.0572367,7.21
6.361096,6.37
5.724336,3.92
5.8021164,5.21
6.1046877,5.95
6.5436144,6.91
7.1050353,7.55
4.440566,3.47
8.694167,8.47
6.8480434,7.42
5.373684,5.64
8.698665,8.52
6.0363135,7.54
7.02957,7.51
8.220442,7.91
7.9064236,8.96
7.959136,8.38
8.661415,7.33
7.435895,7.96
6.3751893,7.57
7.7389846,8.36
7.197259,7.12
6.675793,7.73
6.683638,7.59
6.7537875,6.63
7.6245656,8.46
6.6577926,6.67
8.134771,8.2
6.4950547,7.68
6.5452766,6.76
7.0704737,6.86
6.9695916,6.32
7.3035264,7.38
7.420414,7.04
6.751312,6.02
7.752633,6.95
5.9407845,7.68
7.039368,7.0
6.230884,6.29
6.807563,7.01
7.455275,6.28
6.650111,7.21
7.576388,7.64
6.7502127,7.68
6.945601,6.47
7.1538258,7.73
7.5835667,7.56
7.768081,7.02
5.451365,5.66
7.029259,8.0
6.92154,7.1
8.290634,9.3
7.3140683,8.13
5.518394,8.37
7.1340356,7.51
7.269419,6.84
7.353412,8.0
7.8359723,9.0
7.249336,7.35
6.8424954,7.0
8.255242,9.22
8.125051,8.05
6.2733583,8.09
6.470323,5.76
7.6197443,5.81
6.6962457,7.33
6.8656316,4.0
7.0343018,5.92
8.2571125,6.84
6.993323,6.62
8.444401,7.72
7.383941,8.15
7.148816,7.14
5.2862024,4.62
5.784354,7.0
8.437753,7.57
7.3802657,5.82
7.9912,10.0
5.3073635,3.81
6.7616744,7.4
6.1591926,5.38
8.003796,7.46
8.308464,9.39
7.2555685,8.57
6.3981824,6.18
7.852774,8.15
7.297325,9.11
7.7285337,7.05
8.0300045,9.0
7.633381,9.0
7.102172,6.72
5.3113008,6.66
8.351673,9.0
6.8203907,8.1
8.53919,8.52
7.74876,8.0
7.688739,8.77
5.8740897,5.42
6.233431,6.15
5.3159413,4.19
7.3211308,7.55
5.3267593,5.7
7.3098783,9.19
6.5010743,4.24
7.8610897,6.66
7.429322,6.97
8.142904,8.05
6.93417,7.08
7.121286,6.6
7.4903507,8.0
7.0386014,6.32
8.194103,7.57
6.1883383,6.74
7.059583,8.78
6.4355116,6.22
7.0128384,7.3
8.070996,8.77
5.9791937,6.79
6.365422,4.74
6.3564544,5.54
6.416875,6.46
7.3674893,5.54
6.2376866,5.47
8.549302,9.0
8.025189,9.0
5.942882,4.51
6.8541822,8.4
7.528081,7.56
7.911194,9.0
7.245536,7.19
7.686658,7.06
6.840561,6.73
8.296773,7.74
7.972043,9.0
7.082527,8.24
6.4136457,5.52
7.4700656,6.85
7.474453,8.7
7.3407345,5.68
6.1344786,5.57
6.0221224,7.0
6.3027897,4.74
6.647088,6.13
6.3837886,6.2
6.5879197,8.0
7.132257,5.46
6.936168,6.26
5.4489846,4.54
7.202349,6.4
7.733157,8.46
7.087931,6.62
7.232696,7.51
7.980514,8.7
7.1080437,6.86
6.8325114,7.85
6.561987,6.3
6.9060216,8.54
7.4732876,8.0
7.671192,8.19
6.4474926,6.44
5.6406326,4.45
7.3636456,7.36
6.7842813,6.0
7.2684083,6.39
7.6656246,6.03
7.4845114,8.3
6.7809463,7.29
7.387997,8.15
7.5009756,7.44
6.074699,5.37
6.8037567,6.0
6.592296,5.6
7.16458,8.06
6.8658643,6.92
7.3688326,8.0
6.6373296,6.07
7.2600284,8.1
6.674547,7.46
5.863945,7.39
7.9493327,6.41
7.0519886,7.89
6.841858,6.87
6.2808876,5.6
4.899721,4.7
7.141388,7.3
6.674466,4.77
5.8327928,5.74
6.790139,6.97
6.929789,6.74
7.039618,7.55
7.0163126,7.3
6.4257903,5.92
7.4281797,5.83
6.4242764,6.0
6.8114595,6.42
7.008129,6.15
6.2554417,6.4
5.453865,7.01
6.8620625,7.3
6.821592,6.52
7.071429,7.3
7.076601,7.3
4.54148,4.27
7.6445765,8.82
6.8373795,4.45
5.274578,6.74
6.254715,6.08
6.4576073,5.73
5.5548115,4.84
6.4567285,7.22
6.6209564,6.77
5.783283,4.17
5.629135,5.8
5.6678696,5.31
5.1556864,5.59
5.713077,5.16
5.3583317,4.64
5.463164,5.57
5.546326,6.6
5.905148,4.42
4.9834237,4.9
5.671361,6.12
6.5619907,5.88
5.3838053,5.15
6.8137207,4.14
5.8383503,5.96
6.3864255,6.39
6.310873,6.55
7.339375,6.68
5.7803087,4.66
3.6656592,4.01
5.3546476,5.92
6.893069,6.81
5.5776005,5.4
6.983102,6.41
4.1918383,3.66
6.5328407,6.82
4.746622,4.68
6.8564525,6.89
7.251205,6.97
7.3559456,5.85
7.489209,5.4
7.387084,8.7
6.9302278,7.86
7.9886327,7.04
7.798671,5.12
7.760534,5.49
8.12897,7.66
7.7078433,9.3
8.546366,9.21
6.0246835,3.61
7.3842506,7.49
7.4232564,6.72
7.406254,7.23
7.9022923,7.68
7.625398,8.29
7.325382,8.11
8.547705,8.27
8.161346,7.62
7.9473777,7.97
7.834484,6.86
7.501958,7.8
7.378148,5.6
6.8756976,6.66
6.033333,6.4
9.002023,9.57
7.611777,8.28
6.818262,5.93
6.5247355,6.1
9.256854,6.75
8.738179,9.41
8.397239,8.05
7.565535,7.03
9.02845,6.69
6.73543,5.44
6.8561172,7.11
8.808741,8.49
8.472358,8.14
7.8880963,5.28
8.03988,7.85
6.6903257,6.13
7.9765444,7.82
5.098189,5.96
7.044126,7.52
6.8436675,7.74
6.471551,4.52
6.2866874,6.3
7.6321516,5.27
8.019615,7.81
8.822925,9.89
6.492939,6.13
6.192544,4.6
8.950981,8.49
7.4958405,6.03
6.7965884,5.92
7.6346593,8.38
5.0644903,4.5
7.8016605,8.59
7.413955,8.0
7.5026855,9.11
4.717681,4.1
7.384443,5.71
7.651586,7.14
8.261307,7.57
8.818327,8.96
7.4230046,7.16
7.6425457,8.05
8.247152,8.72
7.775087,7.72
8.033239,7.64
5.9589067,6.8
8.282554,7.55
7.571949,8.21
8.695025,8.06
8.390484,7.21
8.480804,6.46
8.095067,8.7
7.5221896,7.77
7.989491,8.36
8.459038,6.19
7.9105325,9.52
7.796058,7.11
7.7703266,9.8
5.7619753,6.34
5.957181,5.07
7.9426384,8.59
8.16776,8.68
7.104721,6.85
8.332596,8.77
6.889627,7.72
8.006731,7.66
8.040248,6.61
7.575318,8.27
6.8401647,7.8
7.346993,6.65
7.3273516,8.21
6.925246,5.06
8.485729,5.85
8.881148,8.89
7.7084875,7.28
6.9291334,6.74
8.663887,8.32
6.2930884,5.14
7.1588984,5.34
6.158276,5.74
7.2917967,7.2
7.198718,7.6
6.927512,7.4
6.738183,7.6
6.045943,5.3
5.6801586,7.89
7.002015,7.7
6.608274,7.1
5.1634135,5.64
5.8532715,4.08
6.7832875,3.54
5.8160434,6.25
4.648629,4.0
4.4138947,4.96
4.9268017,6.07
5.5854273,6.42
5.4451494,5.47
5.333828,6.22
5.3790455,4.71
4.8013506,5.74
5.4271207,4.28
6.091152,5.48
5.866013,4.77
6.1870375,5.63
6.7061696,6.05
6.271965,5.82
5.6824775,4.89
6.0438433,7.14
7.053606,6.85
7.345856,6.61
8.04893,6.56
7.3254004,7.92
6.198958,5.55
6.8465223,7.7
5.252992,5.9
6.297617,7.4
5.2652764,5.24
7.002277,6.55
6.9998546,5.26
7.595984,7.1
7.747432,5.92
7.34499,6.9
6.6995635,6.13
6.3256435,7.98
7.284131,7.25
7.458774,5.31
7.3276315,8.7
7.0824876,6.68
6.6399813,6.62
4.302101,6.3
4.6431484,7.77
5.00485,4.35
5.6411495,6.1
4.484127,5.7
5.5390897,5.15
6.6909537,6.34
7.2541456,9.72
6.739281,8.37
7.448455,6.82
7.957263,8.46
7.1923647,7.85
6.3618526,5.33
7.3631325,9.15
6.692246,6.27
7.725815,8.52
6.793695,8.0
8.044357,8.34
6.577363,5.55
6.6852875,7.27
5.4049573,4.52
5.7428737,6.15
6.728404,6.59
6.5830555,7.22
5.9047337,5.65
6.0907016,6.76
5.4227266,4.98
6.9175344,6.05
6.0989866,6.81
6.576533,7.16
5.021313,5.29
6.554327,6.09
6.2408905,6.15
6.4287095,4.19
6.964304,6.54
6.6487684,6.04
5.4309545,4.43
5.169466,4.67
4.524781,4.22
6.18545,4.29
6.0344224,4.3
4.887434,4.14
5.033179,4.2
4.8794746,3.96
6.1745825,8.0
6.584159,5.88
4.7018747,7.19
5.9175315,7.8
5.7279506,6.04
6.679619,7.31
6.9089527,7.36
6.3304014,8.0
6.0425444,7.8
6.7483096,6.54
6.6646852,5.7
7.8305373,8.05
7.1217504,7.52
6.5428495,5.34
6.827377,6.24
7.058254,8.74
6.581271,7.32
7.5652933,6.45
7.5520034,7.48
5.272569,5.68
5.9052596,6.05
7.3732696,5.63
8.494712,8.09
6.417335,5.85
7.6391816,7.1
7.337998,6.0
7.650036,6.11
5.363774,5.28
7.2770505,8.3
5.3799243,5.5
5.7966385,3.4
5.8348384,5.37
6.439772,7.1
6.077966,6.51
5.445739,5.59
5.619983,5.14
6.5668316,6.46
6.321414,6.1
6.1405616,6.72
7.575473,6.71
6.061118,6.5
5.601195,6.92
6.118464,5.71
6.850271,9.0
5.7103806,5.0
6.9299793,6.41
5.6566553,5.5
7.6296186,8.15
6.5335836,6.95
6.2502613,6.82
5.360713,6.12
5.5420666,5.77
5.640409,4.29
5.2963924,4.58
5.699689,5.74
7.1315784,5.34
7.1660757,7.09
5.284373,5.18
6.0887046,6.82
6.619063,5.74
7.314869,6.85
5.9795895,6.74
7.381074,7.1
7.4946313,8.26
6.6134567,9.3
7.0097847,5.72
6.741925,5.8
6.8981304,6.6
7.789254,8.28
7.151374,8.39
5.6785192,5.13
6.8205223,7.8
6.5567455,6.49
7.5822864,9.01
6.0509415,4.51
5.43209,4.69
8.08649,5.93
6.4567275,6.3
7.515717,9.89
6.937555,7.23
7.106633,6.96
6.1676717,5.47
6.2996936,7.64
6.780075,4.62
6.3213344,6.54
8.019052,8.7
7.8908596,9.0
7.618291,9.0
6.300068,7.92
8.1052,8.7
6.610612,4.51
6.636983,5.6
6.411907,7.62
6.462839,5.91
6.3246746,6.62
7.7113457,6.68
5.8590584,6.3
7.095916,7.7
8.403743,7.8
7.3199453,6.32
7.706193,6.75
6.3542066,6.2
6.319825,8.0
7.2315974,5.96
6.562072,8.6
7.279231,8.7
6.8089366,6.93
5.398213,5.24
5.5202255,5.67
7.4919195,8.82
5.4626236,5.64
4.875881,4.88
6.607867,5.77
5.6249847,4.33
6.7210455,6.18
3.008306,2.8
2.9553773,2.39
4.274102,3.48
5.9870243,7.05
7.306274,8.15
6.260879,7.1
6.0970783,2.1
6.9300876,7.21
5.620601,6.66
5.8674674,7.54
6.6981764,6.72
6.1418667,4.3
5.6056514,5.34
6.314939,5.89
6.8794813,6.7
6.173539,5.1
7.4839554,7.7
6.8680696,7.41
7.055237,8.05
6.8661513,6.77
7.0532,7.09
6.865393,6.44
6.4914155,6.85
7.128366,5.47
7.4848638,7.16
7.261062,6.6
7.469803,6.0
6.978421,6.8
5.6667295,6.27
5.2591014,3.96
4.068421,3.66
5.7212477,5.3
4.7068024,5.52
5.962049,6.62
5.884046,4.26
5.422517,4.7
6.8248477,4.82
5.191819,2.98
4.5641394,4.3
6.3071923,7.57
5.1318874,4.22
6.486348,4.85
4.6826034,5.85
6.989855,5.14
6.6275735,8.0
4.6155853,5.68
4.5357695,6.3
5.2850375,4.61
7.2093973,8.05
6.3170447,6.49
7.1423645,6.05
7.467544,6.72
6.7268476,6.44
5.679588,6.39
5.4828,5.05
5.4561434,6.7
6.4746447,6.53
4.7942653,6.32
6.4151034,4.11
5.6776485,5.2
5.4560323,4.42
5.658515,6.89
5.492055,8.74
5.504556,5.62
5.2276726,4.47
5.222747,6.22
5.554167,6.01
5.6035433,6.61
5.4674788,4.79
5.420033,5.82
5.6791253,5.57
7.5287285,8.1
5.714963,6.2
6.1176248,6.7
7.233577,8.52
6.6357718,6.24
7.326072,9.39
7.331377,9.3
8.0646715,5.62
6.5996475,6.8
7.8063965,9.24
5.4711595,5.11
5.2773705,7.31
5.6124854,5.0
6.325257,5.05
5.608071,6.46
5.794403,4.09
6.072917,4.89
5.2570143,5.2
7.6029124,5.24
6.270013,6.7
7.7489805,8.05
6.4592333,7.85
5.2407722,6.2
7.37813,5.62
5.935144,8.92
7.4398685,6.0
6.1651497,5.72
6.5196195,6.7
5.5463753,5.6
6.9453416,6.68
5.7438383,6.07
7.4787383,7.12
6.411499,7.0
8.132954,9.7
6.259378,5.9
6.932158,8.02
6.5938783,7.93
5.4099607,4.59
7.265227,6.26
6.9034276,7.38
7.3744626,7.28
6.1551485,6.0
5.794408,6.0
6.7085814,6.2
6.091072,6.89
7.46457,5.06
5.236352,8.0
7.625258,7.35
7.2723503,5.05
4.6327276,4.66
5.0860868,4.6
4.821929,4.96
5.325849,4.96
5.7548556,5.0
4.5284786,4.4
6.66328,7.7
6.0237103,7.16
6.810445,7.55
5.133236,3.96
6.4589925,4.24
6.3715186,5.19
5.009053,3.81
5.8597035,7.39
7.3059,8.64
7.4929733,8.2
6.796844,7.1
6.3738117,5.8
5.451852,6.4
6.1526475,6.36
5.8049736,6.92
5.377946,4.82
6.417928,5.18
6.9598236,5.7
7.560684,7.72
6.2653084,5.99
6.1061635,6.06
6.5658555,5.42
6.414589,6.37
6.331021,6.91
5.6776986,6.02
7.091488,7.8
6.6712866,7.05
7.367337,8.38
7.04989,6.23
7.011766,8.25
6.819452,6.11
7.172118,6.62
6.6953464,6.0
6.4626684,7.24
7.1889663,7.48
6.4508576,6.99
6.3861294,6.69
6.7361336,7.15
6.789094,5.32
7.2535143,7.46
7.209079,7.92
6.1552596,5.96
6.458113,7.29
7.572588,6.59
7.1406,7.74
7.155051,7.11
5.9831614,5.77
6.8864737,7.49
6.956292,6.83
7.0122933,8.7
5.9275312,7.3
7.0799756,6.83
6.4044094,5.93
6.2379026,7.39
6.9321804,6.89
7.179705,6.0
6.038771,6.78
7.7069254,8.22
7.1800203,6.63
6.1554766,6.42
7.064921,7.05
6.3333206,5.64
7.0278893,7.34
7.643405,8.7
6.0614095,6.48
6.8903255,6.76
6.8892555,7.68
8.011528,8.25
8.767842,8.7
8.566336,8.17
5.367003,4.39
4.8703675,5.62
5.5733595,6.05
4.773729,5.03
4.996605,5.25
7.074032,6.79
6.8569827,6.48
7.592614,9.15
4.8651786,4.9
7.5066967,6.52
6.22108,4.9
5.985258,5.64
7.709288,5.91
6.770117,5.46
7.993037,8.7
7.637866,8.21
7.5363393,8.08
5.7344637,5.42
9.431347,8.7
6.1490183,7.44
5.69483,6.05
8.226841,8.14
6.503722,7.45
5.744549,7.74
8.760101,8.7
4.856268,5.46
6.5641003,6.27
8.083899,5.3
4.5736914,4.86
5.710156,6.14
6.0311217,8.52
7.9339504,8.0
7.6003585,6.71
8.429964,8.3
5.1189075,5.47
6.624931,7.19
6.675826,6.8
5.414663,5.68
7.0491753,7.96
7.5299497,8.7
5.510155,4.34
6.5916357,5.89
6.5039988,6.59
4.0586495,5.3
5.571086,4.6
5.0551305,4.42
4.7038755,4.3
6.698788,6.3
4.9809513,5.4
5.644699,6.2
5.692186,4.1
6.6612134,7.1
6.9603624,7.06
6.646344,5.4
6.9468412,6.9
6.6824765,7.15
6.900104,6.29
4.769824,4.79
4.190686,5.21
7.2429185,7.82
7.9881325,7.52
6.868338,5.8
6.5995817,7.21
6.856799,7.6
7.2097683,8.15
7.4117107,7.85
4.9785724,5.77
7.5287786,9.1
7.0030894,7.85
6.5098143,9.15
5.9809723,6.46
7.150105,9.4
6.1562138,4.77
6.6077356,8.18
5.386134,3.7
5.9826035,4.4
7.0533657,8.37
6.2249856,4.9
6.6475167,4.9
5.9022694,4.98
6.123906,8.17
4.1154714,5.36
4.589719,4.67
6.1199427,5.85
7.2887254,8.19
5.516877,5.44
5.7742147,4.56
6.922849,7.96
5.4969754,7.68
5.8686724,6.72
5.4130745,5.96
6.4557815,4.19
5.393292,4.68
5.0569553,3.79
5.9499803,5.41
6.7227287,7.16
7.952903,8.35
7.903185,8.62
7.666155,8.55
7.131061,7.28
7.178226,6.7
5.9398394,7.51
6.279552,6.0
7.053768,6.89
6.9818654,6.85
6.121742,6.71
6.368069,6.21
7.7090955,7.69
6.3786535,6.22
7.525508,8.38
7.714775,7.31
7.6486025,8.68
8.108818,6.15
5.297943,5.2
7.0158257,6.4
7.8819065,8.26
7.172976,5.54
5.0591364,5.54
4.76136,6.44
7.370353,5.34
6.352691,7.05
5.949586,5.01
6.884377,6.16
5.9611635,7.4
4.886031,3.99
8.27225,6.57
5.4421654,5.47
4.794527,4.7
5.6822953,5.11
5.8407874,6.02
6.0037675,6.27
6.042672,6.6
4.8864865,5.25
5.323612,5.13
5.040975,6.31
7.533349,6.34
7.4746265,10.57
7.445667,6.4
6.7682467,5.1
7.232549,7.94
8.030265,10.15
6.64509,7.36
7.1633472,6.32
6.8228674,6.63
7.002771,8.54
6.7740827,8.39
7.032472,4.92
6.5494924,6.45
7.5802245,6.35
6.6980987,6.8
7.1569095,8.36
7.1014485,7.77
6.4994226,6.22
5.4579225,5.6
5.404397,5.47
5.186123,4.27
6.4499006,6.11
4.978202,5.34
5.4968343,5.47
6.2725873,6.14
5.247797,4.79
5.8090925,5.95
6.644566,5.64
6.346456,6.55
6.4834585,8.22
8.101857,8.7
5.3938107,5.71
5.809443,7.22
5.828627,4.76
6.787099,5.62
6.38386,7.66
6.7457495,6.57
7.8756742,7.54
7.9786186,4.57
5.2485456,5.17
6.5618224,5.31
6.8146243,8.1
6.2033925,7.27
6.299641,7.92
6.368697,7.54
6.231365,6.91
6.5986495,7.6
5.776825,5.85
5.744859,5.38
7.280931,8.7
6.119375,7.16
5.517913,4.29
5.814993,5.56
4.112678,4.24
5.643502,4.82
6.375287,4.47
5.378968,5.05
5.3804917,4.25
6.8887663,6.72
5.612679,4.4
6.0692883,3.87
6.0677924,5.5
6.697051,7.4
6.7865114,6.48
5.604784,6.82
6.3000617,6.66
6.4356203,8.11
6.3837967,6.32
7.8145895,7.26
7.8764925,7.34
5.9118004,5.72
7.5636163,7.22
7.7244267,7.06
8.540695,7.66
7.016609,6.2
7.8650756,8.11
6.582474,6.72
4.577072,4.13
4.3377995,5.06
7.5914035,5.6
7.0978556,5.85
6.1723895,5.76
6.1201787,5.12
7.311055,5.36
4.979801,5.8
4.8499928,5.46
5.5789986,5.11
7.176465,6.14
5.5541,3.85
6.0619493,3.9
6.863292,8.22
6.2981787,6.41
5.673486,6.0
6.1648817,6.23
6.40867,6.38
6.684669,6.69
5.048643,8.59
7.671002,6.02
7.559204,7.49
7.759646,9.77
7.800563,6.7
7.6186814,8.0
6.878299,6.67
8.260265,8.4
7.7009206,7.21
8.318291,9.09
7.802269,6.8
7.815643,6.42
7.4329977,7.24
8.519219,8.3
7.268899,6.54
7.3717103,9.0
8.511274,8.89
8.816878,8.22
6.661466,7.06
7.3658495,8.74
7.47686,8.1
9.095294,9.3
8.3095875,7.7
8.995319,8.21
8.449449,7.08
7.0113993,5.92
5.6211925,7.26
6.2589865,4.72
5.5928016,6.94
5.3352323,4.1
7.7135453,8.52
4.5563536,5.49
6.0467787,5.8
7.427234,6.96
5.616126,5.3
4.6900177,4.87
4.9749613,5.0
6.9840784,8.3
7.0641947,8.05
5.9841676,6.53
7.5168166,6.64
7.1950645,8.3
6.539393,6.16
7.1295443,6.88
5.049045,8.4
6.8290157,6.96
6.6707835,6.71
4.3997173,5.1
6.8168216,7.2
6.616819,7.39
5.9803133,5.18
5.0618834,4.05
6.4725347,6.07
5.312919,4.57
5.5474725,4.31
4.932579,4.85
6.352087,7.34
5.801763,5.8
7.570815,7.89
8.734717,7.82
6.401598,7.74
9.974985,8.44
6.415384,5.42
7.4550247,8.52
7.4324613,8.0
6.4177723,8.0
5.152808,3.79
6.109673,7.02
8.08069,8.55
8.324493,9.0
7.027559,8.26
7.2719398,7.92
7.1203866,5.02
6.0075426,9.0
6.074638,6.24
7.216469,5.97
7.286508,6.41
6.36987,5.57
6.935935,6.99
6.014367,5.57
6.4091606,6.11
6.475339,6.28
6.638275,6.48
6.6459117,7.32
7.1093125,6.99
6.240192,5.27
6.082904,5.16
6.4031405,5.18
5.7609377,3.38
7.232305,9.17
7.4841614,7.92
6.2166386,6.48
5.5234137,3.75
6.357839,7.35
8.195404,8.44
6.7109585,6.82
7.6159973,7.85
5.1590576,7.64
5.2988796,5.2
5.6847715,6.74
6.869698,7.7
6.86964,7.82
8.282617,6.02
7.007102,6.92
6.8694806,5.47
6.8398933,6.48
6.9794917,5.39
6.8694773,6.68
6.869658,4.87
6.8694253,7.6
6.550585,7.0
6.4471483,6.48
6.3576093,6.48
7.139035,7.04
6.1866894,8.25
6.869702,5.77
6.869613,7.92
6.5562315,7.0
6.5307446,7.02
7.243313,7.91
3.8823974,4.28
6.822264,6.55
5.1547775,5.23
5.6955357,8.57
6.209588,5.8
5.761685,5.0
6.6420193,7.22
5.145321,4.46
5.563343,5.92
5.982552,5.28
6.3623104,5.8
6.9181437,5.65
6.533996,6.14
6.906723,7.77
6.4686728,6.51
7.0034957,7.59
7.809869,6.99
6.5955873,6.85
7.1500354,7.52
4.7478247,4.66
6.9619613,5.36
6.9019165,7.96
4.930561,6.64
5.319761,3.22
6.708807,7.64
6.8740945,4.7
5.549265,5.74
6.894429,6.5
7.2746086,7.47
7.0654407,7.0
7.1748247,5.68
7.5597653,6.44
6.47658,3.86
7.015598,6.2
7.3427863,7.74
6.468786,4.29
7.0818844,6.06
6.898358,6.17
6.319359,5.91
4.480929,5.05
5.642561,4.85
7.4184194,7.15
4.8999543,5.04
5.1470523,5.21
5.8051963,5.25
5.682999,3.1
6.567383,4.21
6.019332,3.68
5.584942,5.04
7.2997284,7.4
6.140371,5.7
6.9644704,8.64
6.6989436,5.44
5.9041057,5.27
4.2543983,3.07
4.8472643,4.92
6.139121,5.15
5.062875,4.39
5.2816114,4.35
5.272743,5.94
6.8654037,3.25
5.7209306,4.54
4.7766123,5.68
6.974853,5.76
6.25698,7.12
6.2170687,5.71
6.6018276,6.69
6.011719,5.41
6.4804654,7.74
6.1483903,5.02
5.913967,6.5
6.0226254,5.38
7.6161337,7.85
7.0265636,6.66
6.1375637,6.07
5.9499536,6.43
6.3027167,5.45
6.3332167,5.62
6.114498,7.13
6.3051057,5.02
6.208141,4.63
5.9942555,5.15
6.2077703,5.12
6.707575,8.0
6.764931,6.19
6.755988,8.0
5.861373,5.4
5.3815155,4.13
4.874523,3.17
5.6960382,4.36
6.1133776,4.09
5.633555,7.89
4.7923326,4.96
6.665236,6.42
6.2301435,4.21
6.286148,7.54
4.697092,6.38
6.363247,6.74
7.282927,7.25
5.748751,6.26
5.817487,7.66
6.0604415,6.67
4.9168572,4.46
5.8709707,5.32
5.5300713,6.96
4.401629,4.53
5.774424,7.03
7.0640616,7.96
4.345766,3.9
6.2683687,6.72
5.718733,6.12
5.8113866,6.34
5.378316,4.75
6.3781166,7.47
5.555409,5.11
6.7275934,9.11
6.0666447,6.81
5.576198,5.96
6.0631537,6.85
6.328149,6.91
6.0918703,6.34
6.521655,5.77
6.890106,7.42
5.112445,7.55
5.600399,7.3
6.653079,8.11
6.472117,7.0
5.90093,7.34
6.829313,6.81
6.365808,6.84
6.9143834,6.28
8.870752,8.09
6.8470445,7.17
6.2258077,5.43
7.938051,8.7
8.493414,9.49
6.4112263,7.7
5.566399,6.59
6.260068,5.97
6.402976,5.08
6.5906534,6.86
7.3032565,8.1
7.4106936,8.52
6.8917003,6.56
8.021096,8.01
8.487731,8.0
7.7639384,8.7
6.5398035,7.1
7.353611,7.41
7.379131,5.44
6.5154705,7.42
6.159681,5.77
6.905824,7.42
6.440962,7.72
6.600278,6.24
6.604263,7.92
8.073765,8.15
6.4974327,7.8
8.314086,9.36
5.9701414,6.79
7.1723404,6.33
6.547566,8.7
5.7698436,7.92
6.970898,7.5
7.3509703,8.3
6.649348,7.33
7.8246446,8.52
6.2769685,7.92
6.3506117,5.77
6.3636956,7.6
6.9757223,7.3
4.753916,5.06
5.0198584,5.05
5.101894,4.72
5.0252714,5.34
6.6588936,5.6
5.432614,5.7
6.975473,7.6
6.7822423,7.03
6.457011,5.64
6.169854,5.3
6.705537,5.77
4.400167,5.23
6.0707283,5.3
5.9895515,5.34
5.958269,6.76
6.9557014,6.72
4.396152,6.05
4.909567,5.79
6.623922,6.95
5.9863706,7.11
6.6077647,7.84
6.4332175,6.12
7.065899,7.92
6.7925487,7.6
7.3590493,6.82
6.9843535,5.97
8.092935,8.26
6.510166,6.74
8.718336,8.48
6.6443887,7.35
6.657403,6.85
6.3190227,6.16
7.4489574,7.3
6.257471,4.8
6.053677,4.91
8.057127,6.97
5.6306224,6.62
7.156892,7.7
5.8180184,6.45
7.376089,7.1
7.2118044,7.82
8.240757,8.12
4.7362046,3.57
5.2861285,4.52
7.068321,8.96
6.144304,5.93
6.976157,6.46
5.345364,6.2
7.161957,7.14
6.852713,5.91
6.5637484,6.16
7.64561,7.0
6.1448717,6.43
7.152552,7.37
8.004772,7.36
7.2707033,6.94
6.0891542,6.01
6.987807,5.9
7.5175147,6.0
6.3571086,5.63
6.8054338,6.84
8.059657,8.1
7.041051,6.11
6.5531287,6.57
7.2439213,5.29
6.8310523,7.51
8.143927,7.95
5.6681433,4.1
7.7461658,7.8
5.9845595,7.37
6.3498454,6.07
7.283837,8.09
6.824066,5.4
6.173036,6.0
6.374579,6.25
6.8057714,6.1
7.3550577,5.9
7.2353663,5.4
7.000764,5.94
6.149472,6.7
6.1585493,4.1
5.931164,5.5
6.250442,5.12
7.219999,6.01
6.8165746,6.08
6.3020887,7.6
6.7148952,6.4
6.329625,6.8
6.3235173,7.7
7.102027,6.33
7.073727,6.7
6.751019,7.3
5.8317018,5.2
6.7787094,5.7
3.941393,4.66
5.428123,5.07
4.994286,6.5
6.641968,7.0
5.456356,4.52
7.9886446,7.0
6.0170336,4.3
5.140661,7.0
6.062311,6.0
6.315313,6.0
5.028446,5.41
5.4082766,7.0
5.3206143,5.12
4.7550645,6.7
6.296977,6.0
4.481223,4.49
5.031024,4.2
5.6344,5.52
6.684143,9.05
6.0979643,6.89
8.822235,9.32
6.1121273,7.52
6.4232497,6.74
4.729954,3.84
